{
"type": "FeatureCollection",
"name": "Aipysurus_apraefrontalis_ESU_coastal",
"crs": { "type": "name", "properties": { "name": "urn:ogc:def:crs:OGC:1.3:CRS84" } },
"features": [
{ "type": "Feature", "properties": { "species": "Aipysurus apraefrontalis ESU coastal", "EOO_km2": 127889.34589783859, "AOO_km2": 127824.0 }, "geometry": { "type": "MultiPolygon", "coordinates": [ [ [ [ 114.265551912993914, -21.642996756343418 ], [ 114.268815079521346, -21.639875760256491 ], [ 114.272091772507054, -21.636767044689361 ], [ 114.275387243627236, -21.633667094946187 ], [ 114.278695169916574, -21.630586854435993 ], [ 114.282022932262663, -21.627510112802728 ], [ 114.28536773471555, -21.62443049624294 ], [ 114.288734433026832, -21.621345967024755 ], [ 114.292116093483273, -21.618271753826793 ], [ 114.295513823004157, -21.615212437262624 ], [ 114.298932602001045, -21.612154884937151 ], [ 114.302359254615368, -21.609140121746218 ], [ 114.305805556601911, -21.606132860624037 ], [ 114.309266046265193, -21.603139855628775 ], [ 114.3127485679871, -21.600144488952811 ], [ 114.316246851485644, -21.597157706703811 ], [ 114.319765463459021, -21.594176026862218 ], [ 114.3233014312314, -21.591197347279024 ], [ 114.326856557399012, -21.5882218037912 ], [ 114.330432719114015, -21.585249294762036 ], [ 114.334026925531077, -21.582278027760328 ], [ 114.337643780011277, -21.5793041381161 ], [ 114.34127672786542, -21.576338885885079 ], [ 114.344933871656266, -21.573365532196672 ], [ 114.348608920241119, -21.570395045865819 ], [ 114.35230325997594, -21.567427643848994 ], [ 114.356031950308804, -21.564420206754587 ], [ 114.359780115127833, -21.561411394951229 ], [ 114.36355317625754, -21.558393159078111 ], [ 114.367343339017779, -21.555380823339885 ], [ 114.371148798477378, -21.552382931358682 ], [ 114.374971112222269, -21.549397785696527 ], [ 114.378814087940569, -21.54640618477411 ], [ 114.382678868378505, -21.543408158238254 ], [ 114.386566549773789, -21.540403612881573 ], [ 114.390475126754239, -21.537391071436907 ], [ 114.394408136517711, -21.534366712509875 ], [ 114.3983589468004, -21.531341898029289 ], [ 114.402333220408636, -21.528303853241407 ], [ 114.406331826302761, -21.52525247935047 ], [ 114.410347951527015, -21.522199384198235 ], [ 114.414389790314743, -21.519127915344438 ], [ 114.418448990834406, -21.516053702529593 ], [ 114.42253117128088, -21.512964248449133 ], [ 114.426636860150609, -21.509859500295519 ], [ 114.430759213989191, -21.506751043181961 ], [ 114.434914906524241, -21.503601178934293 ], [ 114.439097006125621, -21.500428615347158 ], [ 114.443300638784621, -21.497240557984782 ], [ 114.447519750530091, -21.494049402227176 ], [ 114.451744685508814, -21.490874823512829 ], [ 114.455990596560795, -21.487682177975977 ], [ 114.460250805352871, -21.484483599969803 ], [ 114.464530923954072, -21.481266960818246 ], [ 114.468828504743797, -21.47803629315063 ], [ 114.473140849978861, -21.474795871986885 ], [ 114.477471503501974, -21.471537162515073 ], [ 114.481815665567296, -21.468268606322589 ], [ 114.486176826151492, -21.464981883691596 ], [ 114.490548021572465, -21.461689088694133 ], [ 114.494936884157013, -21.458374600101475 ], [ 114.499338479245552, -21.455046353582354 ], [ 114.503749739634031, -21.451708744549055 ], [ 114.508174222577722, -21.448353639755947 ], [ 114.512606670545878, -21.444989472604789 ], [ 114.517050584651244, -21.441608328894219 ], [ 114.521500615546842, -21.438218581946323 ], [ 114.525973487621727, -21.434788797484302 ], [ 114.530453996104484, -21.431344797027226 ], [ 114.534937355871435, -21.42789429707587 ], [ 114.539408786625927, -21.42446110111565 ], [ 114.543885864025526, -21.421012906992964 ], [ 114.548362784305226, -21.417558276321305 ], [ 114.552845002693516, -21.414085860114962 ], [ 114.557324844246509, -21.410607834854897 ], [ 114.561805916254997, -21.40711676994168 ], [ 114.566282265872871, -21.403621153807165 ], [ 114.570757504333045, -21.400113688462604 ], [ 114.575222127753392, -21.396610167584846 ], [ 114.579684865622824, -21.393092695982812 ], [ 114.584137914385153, -21.389573321472522 ], [ 114.588583338133532, -21.38604845175627 ], [ 114.593018244637591, -21.382519432156318 ], [ 114.597443085226161, -21.378986396547344 ], [ 114.60185491000712, -21.375450548953708 ], [ 114.606255760903764, -21.371908702712542 ], [ 114.610638028610765, -21.368372471930122 ], [ 114.615008409714846, -21.364828268853998 ], [ 114.619357769753378, -21.361291184964756 ], [ 114.623710056477762, -21.357722359045404 ], [ 114.628046744996851, -21.354149662474875 ], [ 114.632342937457196, -21.350609633405789 ], [ 114.636611236227466, -21.347080035688343 ], [ 114.640857793067454, -21.343553927097894 ], [ 114.645080520982518, -21.340028995694368 ], [ 114.649280660601789, -21.336505551824825 ], [ 114.653451997934013, -21.33299157191502 ], [ 114.657598611776336, -21.329480639147995 ], [ 114.661714270736908, -21.325980705366483 ], [ 114.665799473786819, -21.322492100137268 ], [ 114.66985564831279, -21.319012448856579 ], [ 114.673877999276542, -21.315546074374272 ], [ 114.677870599798752, -21.312086942692773 ], [ 114.681828647681471, -21.30863924966452 ], [ 114.685754120592435, -21.305203386030616 ], [ 114.689642190465548, -21.301783640351591 ], [ 114.693497173663559, -21.298373962479296 ], [ 114.697314247982206, -21.294978506084458 ], [ 114.701095737429426, -21.291597520413376 ], [ 114.704836807304261, -21.288235236002453 ], [ 114.708539472067841, -21.284888821099639 ], [ 114.712206554112583, -21.281552642318832 ], [ 114.71583050878094, -21.278239748711194 ], [ 114.719429187874368, -21.274925814745767 ], [ 114.722984727116724, -21.271631435318543 ], [ 114.726485443416237, -21.26837449147752 ], [ 114.729944722426367, -21.265136526010476 ], [ 114.73336457047111, -21.261915060140392 ], [ 114.736740626038454, -21.258713673466257 ], [ 114.740075775710764, -21.255532378200261 ], [ 114.743365594412538, -21.25237488554022 ], [ 114.746612432501351, -21.249238418868131 ], [ 114.749819316113687, -21.246117650971087 ], [ 114.75297952739605, -21.243024269840571 ], [ 114.756098679787797, -21.239950002793794 ], [ 114.759171727691083, -21.236900980000925 ], [ 114.76220199028576, -21.233871645709037 ], [ 114.765190127169689, -21.230864948532222 ], [ 114.768132174436928, -21.227884000737269 ], [ 114.771032989661975, -21.224923368854 ], [ 114.773888572740148, -21.221986104816324 ], [ 114.776699956494582, -21.219074763353557 ], [ 114.779470309862248, -21.216184245753958 ], [ 114.782195104128249, -21.213319982538579 ], [ 114.784880013760656, -21.210474000309098 ], [ 114.787518965904837, -21.207656935253794 ], [ 114.790115384471136, -21.204863484279624 ], [ 114.792671747176868, -21.202091160788086 ], [ 114.795184486327301, -21.199342458750326 ], [ 114.797666243388335, -21.196607166573962 ], [ 114.80010779225006, -21.193894086066301 ], [ 114.802494280577463, -21.191219854899334 ], [ 114.804840841515457, -21.188566374065246 ], [ 114.807148629731543, -21.185936052623774 ], [ 114.809414220171732, -21.183331267010399 ], [ 114.811640323659987, -21.180749362834675 ], [ 114.813829479175894, -21.178187898485458 ], [ 114.815978441148374, -21.17564891719605 ], [ 114.81809071188961, -21.173132370199347 ], [ 114.820162895416388, -21.170640485290576 ], [ 114.822197781983277, -21.168170575560445 ], [ 114.824198666184486, -21.165717759398117 ], [ 114.826160272938097, -21.163291161363254 ], [ 114.828086016649436, -21.16088584550025 ], [ 114.829978476309449, -21.158499386074396 ], [ 114.831834512192813, -21.156133688767081 ], [ 114.833655546216121, -21.153790701106235 ], [ 114.83544475451221, -21.151465834323556 ], [ 114.837198461581067, -21.149163120304742 ], [ 114.838919979274252, -21.146877816364835 ], [ 114.840610551020688, -21.144611949275429 ], [ 114.842267232726599, -21.142367245468328 ], [ 114.843894693138765, -21.140139179327338 ], [ 114.845489240149831, -21.137931685115785 ], [ 114.847054213500272, -21.135740006599629 ], [ 114.848590858159213, -21.133566199385406 ], [ 114.850096212437663, -21.131411888064459 ], [ 114.851572909116143, -21.129274621309847 ], [ 114.853043701778361, -21.127130526971168 ], [ 114.854463418864555, -21.125027428041044 ], [ 114.855856088610892, -21.122940267866252 ], [ 114.857222216240444, -21.120868697890739 ], [ 114.858564772952874, -21.118808470411423 ], [ 114.859879240336539, -21.116767030166933 ], [ 114.861168668792061, -21.114740109367634 ], [ 114.862435382647647, -21.112725575800511 ], [ 114.863676097015741, -21.110726719193728 ], [ 114.864893868124554, -21.108739191829322 ], [ 114.866089756277546, -21.106765010283663 ], [ 114.867261103504475, -21.104805372520627 ], [ 114.86841030142908, -21.102858074397105 ], [ 114.869540227059602, -21.100919010998975 ], [ 114.870646431789822, -21.098995300821642 ], [ 114.871731863030533, -21.09708282967885 ], [ 114.872799378275076, -21.095177510681729 ], [ 114.873844519042379, -21.093286422609896 ], [ 114.874870829147866, -21.091403496448972 ], [ 114.875879291154916, -21.089530593320823 ], [ 114.876867288505395, -21.087668827904768 ], [ 114.877837740116192, -21.085814111583872 ], [ 114.878791565772076, -21.0839683724192 ], [ 114.879726796569358, -21.082130725760205 ], [ 114.88064446995061, -21.080302864459217 ], [ 114.881547304371423, -21.078481021749234 ], [ 114.882432751591708, -21.076666139376577 ], [ 114.883301783908806, -21.074859983052999 ], [ 114.88415772723755, -21.07305692887639 ], [ 114.884996186100125, -21.071263456663321 ], [ 114.88581993952873, -21.069475793808628 ], [ 114.886643687223824, -21.067679515066605 ], [ 114.887443209493782, -21.065898669832713 ], [ 114.888223970959402, -21.064127118042212 ], [ 114.888993785318405, -21.062356551102113 ], [ 114.889748258139363, -21.060593389207352 ], [ 114.890490753077344, -21.058832062082541 ], [ 114.891221947006855, -21.05707442085372 ], [ 114.891939425555947, -21.055321282698213 ], [ 114.892646522661394, -21.053567117196163 ], [ 114.893343854457328, -21.051813764756268 ], [ 114.89402846619528, -21.050063699629675 ], [ 114.894703325271408, -21.048315521907938 ], [ 114.895366622748227, -21.046568189627845 ], [ 114.896019730180086, -21.044821687425685 ], [ 114.896663873861428, -21.043076171755214 ], [ 114.897296677018474, -21.04133231892812 ], [ 114.897920081810312, -21.039588377685902 ], [ 114.898535893295701, -21.037842719729468 ], [ 114.899140554983745, -21.036099469727031 ], [ 114.899738808487868, -21.034352054601353 ], [ 114.900326987114042, -21.032604667202452 ], [ 114.900907018847008, -21.03085558353489 ], [ 114.901480696795574, -21.029103198794392 ], [ 114.902045049854053, -21.02734984804767 ], [ 114.902601952219115, -21.025593858217203 ], [ 114.903152483406629, -21.023835485917427 ], [ 114.903695029465325, -21.02207346127198 ], [ 114.904231689214541, -21.020308389609646 ], [ 114.904760738571113, -21.018539110198962 ], [ 114.905282747733409, -21.016767434270431 ], [ 114.905799216375598, -21.014989628111039 ], [ 114.906309043773433, -21.013208810496518 ], [ 114.906813056945197, -21.011423024749682 ], [ 114.907312148182584, -21.009630162994597 ], [ 114.907806652070136, -21.007832230597167 ], [ 114.908295011320462, -21.006027982970902 ], [ 114.908777637112252, -21.004219318980176 ], [ 114.909256079595238, -21.002402474074458 ], [ 114.909729140579685, -21.000580629300465 ], [ 114.910198366902776, -20.998750065132931 ], [ 114.91066255184289, -20.996913927500248 ], [ 114.911124704371645, -20.995067310392635 ], [ 114.911580601745428, -20.99321584955138 ], [ 114.912032622765594, -20.991356332899706 ], [ 114.912481672178458, -20.989486689137333 ], [ 114.912926449862738, -20.987610177915233 ], [ 114.913368567176605, -20.985723034486419 ], [ 114.913807462658269, -20.983826709587792 ], [ 114.914244707210329, -20.981919730678282 ], [ 114.914677531404095, -20.98000433567606 ], [ 114.915107580196533, -20.978078993368811 ], [ 114.915534257455121, -20.976145189246036 ], [ 114.915959184775588, -20.974199199595063 ], [ 114.916381760149008, -20.972242526600521 ], [ 114.916802120910532, -20.970274931012121 ], [ 114.917221785811591, -20.968294970282649 ], [ 114.91763805025515, -20.966304884733191 ], [ 114.91805250502567, -20.964303175497459 ], [ 114.918464511809105, -20.962291380267413 ], [ 114.918875727257159, -20.9602657583604 ], [ 114.919285507886968, -20.958227865184615 ], [ 114.919693978960041, -20.956177486343805 ], [ 114.920101850924326, -20.954114964137418 ], [ 114.920508015000934, -20.95203901835054 ], [ 114.920913240073574, -20.949949964604713 ], [ 114.921317645765683, -20.947847604404014 ], [ 114.921720580015219, -20.945733511396607 ], [ 114.922123712384078, -20.943603932803097 ], [ 114.922526376812812, -20.941460478034674 ], [ 114.922930010851118, -20.93930176038462 ], [ 114.923331237929062, -20.937131853899267 ], [ 114.923733131460267, -20.934945729958372 ], [ 114.924134204308643, -20.932746880849542 ], [ 114.924536186707158, -20.930531449372133 ], [ 114.924938367139688, -20.928301156836365 ], [ 114.925340057049482, -20.926057645678238 ], [ 114.925744280736481, -20.923795907147937 ], [ 114.92614684291118, -20.921521970574521 ], [ 114.926550879224536, -20.919230700789868 ], [ 114.926955653211465, -20.916923859565951 ], [ 114.92736045157109, -20.914603131307132 ], [ 114.927767039098441, -20.912264714921729 ], [ 114.928173836878656, -20.909912215482898 ], [ 114.928583933490856, -20.907540538499983 ], [ 114.928993945648656, -20.905154000288494 ], [ 114.929404481013719, -20.902753044408719 ], [ 114.929817347748141, -20.900333861247272 ], [ 114.930230918192507, -20.897900121937589 ], [ 114.930647943896773, -20.89544601971566 ], [ 114.931066844275406, -20.892975137130076 ], [ 114.931489892411847, -20.890484238160848 ], [ 114.931912814337466, -20.887979606727399 ], [ 114.932337936029938, -20.885457971461715 ], [ 114.932763456010704, -20.882923232555449 ], [ 114.93319223162699, -20.880369594732652 ], [ 114.933623435005074, -20.877798957861508 ], [ 114.934057169469099, -20.87521128431144 ], [ 114.934494786713316, -20.872605274461193 ], [ 114.934934119714583, -20.869984160665258 ], [ 114.935377186674714, -20.867344033734888 ], [ 114.93582313721376, -20.86468683038412 ], [ 114.936273344341487, -20.862011214096384 ], [ 114.936724391092042, -20.859321794947412 ], [ 114.937179641563503, -20.856613287657346 ], [ 114.937638211745309, -20.853887687518114 ], [ 114.938100211942057, -20.851145003707565 ], [ 114.938564729163858, -20.848387256589891 ], [ 114.939033905037959, -20.845610456377816 ], [ 114.939508069735993, -20.842815268727691 ], [ 114.939983824766216, -20.840006488184464 ], [ 114.940464577009664, -20.837178735606116 ], [ 114.940948377503432, -20.834336137207742 ], [ 114.941437434702294, -20.831474588709817 ], [ 114.941930803950271, -20.828596237932491 ], [ 114.942428805567488, -20.825701727414206 ], [ 114.942931162717272, -20.822789891353853 ], [ 114.943438180295814, -20.819861433092679 ], [ 114.943950165862873, -20.816916994402142 ], [ 114.944466881597705, -20.813955441358996 ], [ 114.944988786121044, -20.810978071515482 ], [ 114.945515699763448, -20.807983697588813 ], [ 114.94604789806543, -20.804973044107431 ], [ 114.946585559713441, -20.801946099688688 ], [ 114.947127667826464, -20.798904415572679 ], [ 114.947676692970774, -20.795844302755675 ], [ 114.948231774804597, -20.79276865657355 ], [ 114.948791665965885, -20.789678598861535 ], [ 114.949358900061625, -20.786570342153265 ], [ 114.949931386388272, -20.783448383944879 ], [ 114.950511565413578, -20.780309029522567 ], [ 114.951097126477521, -20.777155658567498 ], [ 114.951689467082517, -20.773986695043391 ], [ 114.952288736643396, -20.770802225561468 ], [ 114.952895082729043, -20.767602977823863 ], [ 114.953508609988688, -20.764387814018292 ], [ 114.954129532944137, -20.761157396244165 ], [ 114.954758011725616, -20.757911807050561 ], [ 114.955395366136813, -20.754649503494253 ], [ 114.956039393367263, -20.751373884551409 ], [ 114.956691476526387, -20.748083327465643 ], [ 114.9573517178179, -20.744778491250354 ], [ 114.958021669036114, -20.741455998873796 ], [ 114.958698967033214, -20.738121029344406 ], [ 114.959386380220522, -20.734769006406893 ], [ 114.960082670157504, -20.731402875572954 ], [ 114.96078823788234, -20.728021631361688 ], [ 114.961501868089186, -20.724628110886599 ], [ 114.962226425874377, -20.721217761787351 ], [ 114.962959191270201, -20.717795803411324 ], [ 114.963702008804987, -20.714359054119928 ], [ 114.964453550101524, -20.710910311838127 ], [ 114.96521682734182, -20.707444951074393 ], [ 114.965991780869373, -20.70396357971423 ], [ 114.966774854958189, -20.700472140495663 ], [ 114.967570335070988, -20.696964168373853 ], [ 114.968376993519243, -20.693442019088351 ], [ 114.969194732185201, -20.689906135855061 ], [ 114.970024389105717, -20.686355651110254 ], [ 114.97086590109582, -20.682790987547119 ], [ 114.971719187563352, -20.679212438848406 ], [ 114.972585077618319, -20.675619390938163 ], [ 114.973461986575018, -20.672014385787353 ], [ 114.974353260826405, -20.668392773355521 ], [ 114.975257574338215, -20.664756869262821 ], [ 114.976174741072384, -20.661106934938751 ], [ 114.977105807293967, -20.657442397841145 ], [ 114.978049059122469, -20.653765671457005 ], [ 114.97900792925914, -20.650072212685522 ], [ 114.979980628926086, -20.646364371342408 ], [ 114.980968258923454, -20.642641845089866 ], [ 114.981969041281474, -20.638906855363992 ], [ 114.982986513978588, -20.635154886982331 ], [ 114.984017630764257, -20.631390290861074 ], [ 114.985067117325457, -20.627606469261014 ], [ 114.986129555932408, -20.623812030860517 ], [ 114.987209778335142, -20.620000300712753 ], [ 114.988304642260815, -20.616175561775851 ], [ 114.989417839315195, -20.612333357129728 ], [ 114.990547284367793, -20.608475804682787 ], [ 114.991694454064671, -20.604602828746287 ], [ 114.992857265804943, -20.600716415245472 ], [ 114.994039509093682, -20.596812159888529 ], [ 114.995239019461465, -20.592891981739605 ], [ 114.996457321582866, -20.588956133298829 ], [ 114.997692251886136, -20.585006396538859 ], [ 114.998947667290054, -20.581038464414902 ], [ 115.000220215301795, -20.577056392162188 ], [ 115.00151299416045, -20.573055761732604 ], [ 115.002825954731364, -20.569038972075312 ], [ 115.004156680068746, -20.565007810290645 ], [ 115.005509217223093, -20.560957952869881 ], [ 115.006881112943262, -20.556891059908345 ], [ 115.008274104614941, -20.552807899074196 ], [ 115.009685785763949, -20.548709929076047 ], [ 115.011118220640284, -20.544595092931914 ], [ 115.012573684048604, -20.540461173239251 ], [ 115.014049453859712, -20.536309844322378 ], [ 115.015547506112384, -20.532141963759045 ], [ 115.017065162547311, -20.527959004622542 ], [ 115.018604552973244, -20.523758944569604 ], [ 115.020168024213945, -20.519539608313394 ], [ 115.021752570541906, -20.515302691735023 ], [ 115.023360397733157, -20.51104916822619 ], [ 115.024988541342822, -20.506780532450822 ], [ 115.026641352510097, -20.502492771232536 ], [ 115.028315827570381, -20.498187264568877 ], [ 115.030011906160055, -20.493867555820536 ], [ 115.031733101742233, -20.489528844854487 ], [ 115.033475065662756, -20.485175308482528 ], [ 115.035241116760218, -20.480802335476131 ], [ 115.037031404531518, -20.476413553708408 ], [ 115.038842612306254, -20.47201028622754 ], [ 115.040676963238326, -20.46759072465057 ], [ 115.042537914311779, -20.463150207076396 ], [ 115.044418670297375, -20.458698632716711 ], [ 115.04632258410831, -20.454231347287699 ], [ 115.048252007411705, -20.449746574860232 ], [ 115.050202268224609, -20.445248495201845 ], [ 115.05217660598737, -20.440732731936777 ], [ 115.054175215183776, -20.436203206294973 ], [ 115.056194410461856, -20.431661230368629 ], [ 115.058236364021056, -20.427105260363156 ], [ 115.060304435439434, -20.422530903941386 ], [ 115.062391592594579, -20.417948085889833 ], [ 115.064501080748244, -20.413352417605218 ], [ 115.066635184056921, -20.408742414514982 ], [ 115.068789962862908, -20.404119382079465 ], [ 115.070965385439365, -20.399487851176495 ], [ 115.073164807826515, -20.394843427299342 ], [ 115.075383136599555, -20.390190284231643 ], [ 115.077623516220072, -20.385524230700934 ], [ 115.079886013656619, -20.380850001696743 ], [ 115.082166542028517, -20.376168678253375 ], [ 115.084467159628304, -20.37147910668314 ], [ 115.086791115369991, -20.366777101979611 ], [ 115.089130964668001, -20.362072957069298 ], [ 115.09148984067825, -20.357362463349524 ], [ 115.09386990236095, -20.352644537360966 ], [ 115.096266841180224, -20.347920231731106 ], [ 115.098680486707948, -20.343194854577163 ], [ 115.101114200153731, -20.338464099822463 ], [ 115.103562291141202, -20.333732246145022 ], [ 115.106030599764452, -20.328993404088006 ], [ 115.108511232293225, -20.32425822470293 ], [ 115.111010054898628, -20.319520746389053 ], [ 115.113521313804668, -20.314785188738693 ], [ 115.116050804149921, -20.310045764282417 ], [ 115.118590575467593, -20.305313173207594 ], [ 115.121147496384708, -20.300578400507682 ], [ 115.123713627751982, -20.295852026956361 ], [ 115.126295784886025, -20.291125186915149 ], [ 115.128887108076356, -20.286405115652343 ], [ 115.131491170496446, -20.281692753212301 ], [ 115.134104307442414, -20.27698558519101 ], [ 115.136729025683522, -20.272287790055632 ], [ 115.139361622822278, -20.267596881944534 ], [ 115.142005683023271, -20.262913761828226 ], [ 115.144654281729302, -20.258245717088226 ], [ 115.147311516183805, -20.253585459139746 ], [ 115.14997744799858, -20.248938767798222 ], [ 115.15264810500004, -20.244303108210925 ], [ 115.155324502897741, -20.239680953129781 ], [ 115.158007675891199, -20.23507495428376 ], [ 115.160693825568558, -20.230482274326906 ], [ 115.163383886811559, -20.225905500452125 ], [ 115.166076141752868, -20.221348857470105 ], [ 115.168774978260203, -20.216804792367959 ], [ 115.171472159889134, -20.212283794077763 ], [ 115.174171911723278, -20.207778460803873 ], [ 115.176875312407248, -20.203291324886742 ], [ 115.179575356304923, -20.198829410508765 ], [ 115.182276244524758, -20.194385229612006 ], [ 115.184975245824958, -20.189966168890848 ], [ 115.187676732893493, -20.185564767249605 ], [ 115.190373670218705, -20.181187794885865 ], [ 115.193067065509183, -20.1768378978547 ], [ 115.19575856351365, -20.172508921655755 ], [ 115.198448333111926, -20.168206675611849 ], [ 115.201132464414698, -20.163927934056641 ], [ 115.203812115430836, -20.159675095387389 ], [ 115.206489514248034, -20.155447449749065 ], [ 115.209159887080659, -20.151244894648801 ], [ 115.21182325193999, -20.147073212220551 ], [ 115.214481324027133, -20.14292619662308 ], [ 115.217134327447241, -20.138809515781624 ], [ 115.219778535520149, -20.134719633590393 ], [ 115.222415147349977, -20.130658917527093 ], [ 115.225046483620076, -20.126626499758682 ], [ 115.227666869825583, -20.122625263279144 ], [ 115.230278545175295, -20.118654243436282 ], [ 115.23288231272808, -20.114710422362975 ], [ 115.235476086233447, -20.11080579985579 ], [ 115.238058777491915, -20.106929765082963 ], [ 115.240630424125413, -20.103087950286465 ], [ 115.243195723959261, -20.099272679458679 ], [ 115.245746907321461, -20.09549313922388 ], [ 115.248288545992679, -20.09174174328853 ], [ 115.2508181601074, -20.088025122257982 ], [ 115.253337769273941, -20.084336920521721 ], [ 115.255844953113439, -20.080683644297419 ], [ 115.258341732048265, -20.077058980627129 ], [ 115.260829593343416, -20.073464887206548 ], [ 115.263301888640541, -20.069907105968987 ], [ 115.265763342591029, -20.066377932626672 ], [ 115.268211587630503, -20.06288386297032 ], [ 115.270648735784562, -20.059418408999402 ], [ 115.273072477915036, -20.055987944133069 ], [ 115.275487587235403, -20.052584896547206 ], [ 115.277886614833818, -20.049217747992586 ], [ 115.280274201995752, -20.045879031740903 ], [ 115.282649236382881, -20.042571745858648 ], [ 115.285010563739377, -20.039299008823846 ], [ 115.287360362264494, -20.036054313979278 ], [ 115.289696437075207, -20.032843821949012 ], [ 115.29202367238544, -20.029660021095673 ], [ 115.29433570838971, -20.026507997875143 ], [ 115.2966340395987, -20.023389702266766 ], [ 115.298920895514286, -20.020298645843638 ], [ 115.301194137439211, -20.01724086031378 ], [ 115.303455975940466, -20.014209976004064 ], [ 115.30570805339579, -20.011207756972077 ], [ 115.307944164500782, -20.008239196933403 ], [ 115.310169098192119, -20.005296837163467 ], [ 115.312380765331625, -20.002386591249852 ], [ 115.314581412658171, -19.999502132876444 ], [ 115.316770080308345, -19.99664620653477 ], [ 115.318947895260351, -19.99381572423653 ], [ 115.321115490962939, -19.991015490796372 ], [ 115.323269884575964, -19.988241244523874 ], [ 115.325412698051466, -19.98549472791407 ], [ 115.32754406567237, -19.982775661592374 ], [ 115.329667369048508, -19.980075049695426 ], [ 115.331779418827594, -19.977401749185027 ], [ 115.3338807793494, -19.974760287256746 ], [ 115.33596877833763, -19.972146158337072 ], [ 115.338044924292362, -19.969561080661066 ], [ 115.340112832727158, -19.966995938795677 ], [ 115.342170268777991, -19.964456567783007 ], [ 115.344218525144754, -19.961939851000047 ], [ 115.346254356769279, -19.95945398818051 ], [ 115.348281843341638, -19.956994665578101 ], [ 115.350298218416995, -19.954557713116603 ], [ 115.352305075281024, -19.95214481842909 ], [ 115.354302596223306, -19.949755774248256 ], [ 115.356292113432858, -19.947387453191389 ], [ 115.358271519366227, -19.945045317636747 ], [ 115.360247075537828, -19.94271969908192 ], [ 115.362210373729368, -19.94042072026263 ], [ 115.364161808352776, -19.938152613577522 ], [ 115.366106325604491, -19.935903622238694 ], [ 115.368042946575883, -19.933676316747952 ], [ 115.369970667936229, -19.931473276948463 ], [ 115.371894627335067, -19.929287731792016 ], [ 115.373807642649751, -19.927126778385414 ], [ 115.375715895761843, -19.924981036407878 ], [ 115.377616007008115, -19.922858654820917 ], [ 115.379510581360208, -19.920753842298421 ], [ 115.381397375722571, -19.918671929406184 ], [ 115.383279042181314, -19.916607145803592 ], [ 115.385157173762735, -19.914561188753375 ], [ 115.38702554298608, -19.912538362352432 ], [ 115.388891980329802, -19.910531174939472 ], [ 115.390746628606735, -19.90855193744099 ], [ 115.392596042727206, -19.906591154802516 ], [ 115.394444300091919, -19.904645142140659 ], [ 115.39628389384653, -19.902720809118129 ], [ 115.398122689383712, -19.900810881211804 ], [ 115.399953240195984, -19.898922267641105 ], [ 115.401780796897768, -19.897048574870801 ], [ 115.403605637097769, -19.895194112481576 ], [ 115.405425340824536, -19.893355082989796 ], [ 115.407242636702051, -19.891534983836394 ], [ 115.409053943157645, -19.889732614063938 ], [ 115.410863205075515, -19.887944453987206 ], [ 115.412670760658102, -19.88617460158234 ], [ 115.414474100530313, -19.884419513843039 ], [ 115.416276040274298, -19.882682468946122 ], [ 115.418074225745457, -19.880959866772695 ], [ 115.419871316669358, -19.879255056211964 ], [ 115.421665112497209, -19.877564380347806 ], [ 115.4234555580326, -19.875892125753708 ], [ 115.425248286651211, -19.874231976076626 ], [ 115.427035457819812, -19.872590874966392 ], [ 115.428823886847155, -19.870964222498706 ], [ 115.430609921789525, -19.869351186394365 ], [ 115.432398846353479, -19.867749974309142 ], [ 115.43418302530452, -19.866167315425631 ], [ 115.435966500147174, -19.864599680364776 ], [ 115.43775218291735, -19.863046040929426 ], [ 115.439534955201452, -19.861508074309729 ], [ 115.441320286579909, -19.859983896866026 ], [ 115.443103114312251, -19.858475169671216 ], [ 115.444888851819655, -19.856980035710269 ], [ 115.446672490551165, -19.855500140493213 ], [ 115.448455473787689, -19.854036908775374 ], [ 115.450243418198099, -19.852584398507382 ], [ 115.452028418422444, -19.851149274489192 ], [ 115.45381874440632, -19.849724691238738 ], [ 115.455606504318865, -19.848317331177928 ], [ 115.457399955817635, -19.846920337970616 ], [ 115.459191217920832, -19.845540413040204 ], [ 115.460988538877359, -19.844170687132948 ], [ 115.462784045863302, -19.842817882039462 ], [ 115.464581917239158, -19.841478481203136 ], [ 115.46638647576053, -19.84014912511919 ], [ 115.468189708124839, -19.838836393112725 ], [ 115.469999996992641, -19.837533551399016 ], [ 115.471812133735995, -19.836246272720047 ], [ 115.473629074595578, -19.834969610790264 ], [ 115.475448223287856, -19.833708389047043 ], [ 115.47727258247366, -19.832457625908447 ], [ 115.479099510643266, -19.831222183739797 ], [ 115.480930652195696, -19.829999466910131 ], [ 115.482767537876612, -19.828787109701384 ], [ 115.484604824434143, -19.827590674716575 ], [ 115.486451062061946, -19.826403535102724 ], [ 115.488300861288351, -19.825231294438318 ], [ 115.490160122112442, -19.824068140909915 ], [ 115.49202339808582, -19.822919771458196 ], [ 115.493889559143469, -19.821784535461372 ], [ 115.495765867331869, -19.820658203800949 ], [ 115.497646821863469, -19.819546388433892 ], [ 115.499531254702447, -19.818447516740395 ], [ 115.501423557036787, -19.817358343097506 ], [ 115.503318023899112, -19.816284448089757 ], [ 115.505220592174652, -19.815220129825928 ], [ 115.507131526155021, -19.814169101636349 ], [ 115.509046662512034, -19.813130765908802 ], [ 115.510970488540991, -19.812101860392637 ], [ 115.512903316548417, -19.811085984309535 ], [ 115.514842422661772, -19.810080262978342 ], [ 115.516787841396393, -19.809088467870499 ], [ 115.518744393845026, -19.808107108572834 ], [ 115.520707808231251, -19.807135739401442 ], [ 115.522678164957952, -19.806178018083973 ], [ 115.524661833689194, -19.805228179152081 ], [ 115.526649883864025, -19.804292817159027 ], [ 115.528647050328601, -19.803368482843261 ], [ 115.53065817062037, -19.802451850258297 ], [ 115.532674294452136, -19.801549394508356 ], [ 115.534700170035677, -19.800657720325709 ], [ 115.536742208144091, -19.79977126684388 ], [ 115.538791333007723, -19.798896558695635 ], [ 115.540850725206639, -19.798032580164392 ], [ 115.54292060415932, -19.797179232385158 ], [ 115.545004524887062, -19.796335390702744 ], [ 115.547094645813303, -19.795505239679947 ], [ 115.549196010672972, -19.794685290767188 ], [ 115.551312203261318, -19.793874418142284 ], [ 115.553436906107805, -19.793074511082477 ], [ 115.555573524472095, -19.792284493616222 ], [ 115.557725676719201, -19.791503230920203 ], [ 115.55988698934091, -19.790732607719804 ], [ 115.562059192095617, -19.789973865627484 ], [ 115.564249329942669, -19.789221219037074 ], [ 115.566449287721653, -19.788478862611317 ], [ 115.568662537125107, -19.787745700737446 ], [ 115.570889308671511, -19.787021608596088 ], [ 115.573133353550077, -19.786305435885577 ], [ 115.575388025965907, -19.785599080770115 ], [ 115.577656909653058, -19.784901419817182 ], [ 115.579943701356868, -19.784211310539707 ], [ 115.582243731915526, -19.783528254525883 ], [ 115.58455688553768, -19.782855781947333 ], [ 115.586885213006298, -19.782191427249352 ], [ 115.589232533597212, -19.781534017230779 ], [ 115.591592139331908, -19.780885380425111 ], [ 115.593969461968953, -19.780242161872533 ], [ 115.596362873233161, -19.779606519018142 ], [ 115.598776324009592, -19.778977241406139 ], [ 115.601202875713668, -19.778356174336007 ], [ 115.603646279498221, -19.777742156912357 ], [ 115.606103041196079, -19.777139538978815 ], [ 115.608583020002101, -19.776540087018486 ], [ 115.611075179732254, -19.775950283952234 ], [ 115.613587233934226, -19.775364374630108 ], [ 115.616117557124468, -19.774784415676301 ], [ 115.618668331234289, -19.77421147719982 ], [ 115.621236104196868, -19.773642834118981 ], [ 115.623822927957121, -19.773079536873947 ], [ 115.62643082203364, -19.772522710038601 ], [ 115.629056663583867, -19.771969482239143 ], [ 115.631700232758902, -19.771423289666647 ], [ 115.634365935491473, -19.770879312443764 ], [ 115.637056028411294, -19.770338522652736 ], [ 115.639760767726059, -19.769805116262596 ], [ 115.642488531672626, -19.769273197390596 ], [ 115.645235277840314, -19.768747137463514 ], [ 115.648011912891491, -19.768218758642032 ], [ 115.650806231790057, -19.767694590301925 ], [ 115.653622442976868, -19.767173344846427 ], [ 115.656460820115214, -19.766654756978152 ], [ 115.659325952374701, -19.76613744554211 ], [ 115.662207364878469, -19.765625645289365 ], [ 115.665113794506397, -19.765116783975596 ], [ 115.668039581754272, -19.764610324691947 ], [ 115.67099331559902, -19.764103856677721 ], [ 115.673969333986619, -19.763596930064203 ], [ 115.676967135654721, -19.763092902176801 ], [ 115.679993935650984, -19.762587936779866 ], [ 115.683041290034268, -19.762083960413801 ], [ 115.686120577223448, -19.76157617119458 ], [ 115.689218488151127, -19.76107113716024 ], [ 115.692346458587593, -19.760563954898984 ], [ 115.695496145214378, -19.760056494482733 ], [ 115.69867447228242, -19.759545094778851 ], [ 115.701881337633694, -19.759032912373829 ], [ 115.705110521841647, -19.758519524828841 ], [ 115.708373978862099, -19.757999925148706 ], [ 115.711657568984748, -19.757480937056904 ], [ 115.714968696101593, -19.756958611827756 ], [ 115.718312498458516, -19.75643137542767 ], [ 115.721682466940621, -19.755898889614869 ], [ 115.725082781098095, -19.755363297052568 ], [ 115.728507105102409, -19.754824116480222 ], [ 115.731965088820331, -19.754278630315191 ], [ 115.73545039897931, -19.753726451897457 ], [ 115.738967008936015, -19.753169741439958 ], [ 115.742508621880773, -19.752607977492769 ], [ 115.746084962787904, -19.752038465257073 ], [ 115.749689597712049, -19.751460785641012 ], [ 115.753326485089914, -19.750877110448066 ], [ 115.756989228266391, -19.750286886860515 ], [ 115.760682706194856, -19.749688624203138 ], [ 115.764415325194449, -19.749078337876249 ], [ 115.768171050763954, -19.748462921693967 ], [ 115.771963426943657, -19.747837106537702 ], [ 115.775782318243813, -19.747202925816193 ], [ 115.779641284354994, -19.746555251833321 ], [ 115.783523928871958, -19.745900929022216 ], [ 115.787444005926517, -19.745234736855188 ], [ 115.791391183812451, -19.744558674229911 ], [ 115.795379225422465, -19.743867667388823 ], [ 115.79939136211631, -19.7431685116266 ], [ 115.803441547801754, -19.742456045857661 ], [ 115.807519251109696, -19.741732236711158 ], [ 115.811638480062427, -19.740992027282847 ], [ 115.815787411622281, -19.740241101160127 ], [ 115.81996413495861, -19.739477746567154 ], [ 115.824179504743256, -19.738699320029447 ], [ 115.828428121460874, -19.737906649221397 ], [ 115.832713255792228, -19.737097087502537 ], [ 115.837022822932312, -19.736276198794748 ], [ 115.841371180050984, -19.735438932545314 ], [ 115.845752771988401, -19.734586144624402 ], [ 115.850170948962926, -19.733715180690705 ], [ 115.854613167095479, -19.732831709890124 ], [ 115.859094029777154, -19.731930679160367 ], [ 115.863607820645029, -19.731012978660022 ], [ 115.868157966211015, -19.730075955442565 ], [ 115.872737125617618, -19.729124218261273 ], [ 115.877343170162888, -19.72815619913175 ], [ 115.881987260873899, -19.727169317574965 ], [ 115.886663503167696, -19.726164525771452 ], [ 115.89137521757705, -19.72513930551883 ], [ 115.896114872432321, -19.724098199592245 ], [ 115.900885898896462, -19.723038603770025 ], [ 115.905687985982169, -19.721960354144162 ], [ 115.910524517004163, -19.720860955907416 ], [ 115.91538753138353, -19.719745075450916 ], [ 115.920280527497368, -19.718610134194243 ], [ 115.925203190140081, -19.717456030018212 ], [ 115.93015897126439, -19.716280300531434 ], [ 115.935145394639221, -19.715086441303818 ], [ 115.940154272120949, -19.713874497956574 ], [ 115.945190930230666, -19.712643145657356 ], [ 115.950264823491707, -19.711388699557393 ], [ 115.955355304349524, -19.710118603710946 ], [ 115.96047187503406, -19.708829100010451 ], [ 115.965619928401139, -19.707518927046618 ], [ 115.970786944397332, -19.706190657331724 ], [ 115.975988167680811, -19.704839499767512 ], [ 115.981202774702723, -19.703472871098747 ], [ 115.986446120430799, -19.70208584726301 ], [ 115.991705628695058, -19.700681193426995 ], [ 115.996990613514285, -19.699255418071758 ], [ 116.002291496088972, -19.697813556090416 ], [ 116.007611860996704, -19.696353343940363 ], [ 116.012949075207445, -19.694874003930583 ], [ 116.018305713308862, -19.693377832572718 ], [ 116.023683588788685, -19.691861649667139 ], [ 116.029072875238384, -19.690330558708176 ], [ 116.034477200843511, -19.688782375818327 ], [ 116.039899944210063, -19.687215101953669 ], [ 116.045325319114355, -19.68563500466232 ], [ 116.050773362079411, -19.684035185025508 ], [ 116.056227842936039, -19.682422106506362 ], [ 116.061692454071164, -19.680793661903099 ], [ 116.067170665432812, -19.679147887941912 ], [ 116.072652310028246, -19.67748995038977 ], [ 116.078145642442308, -19.675815461798404 ], [ 116.083640127915118, -19.674129744691626 ], [ 116.089133586307625, -19.672432009681138 ], [ 116.094641495530908, -19.670717911314149 ], [ 116.100147389997559, -19.668993945375629 ], [ 116.105654994636438, -19.667258168693383 ], [ 116.111167767572624, -19.665508820940069 ], [ 116.116675330842924, -19.6637510813819 ], [ 116.122191984284328, -19.661979445309168 ], [ 116.127695501443782, -19.660201818690929 ], [ 116.133201560134992, -19.658413664160534 ], [ 116.138712636037269, -19.656612257811155 ], [ 116.144217913885555, -19.654802989517627 ], [ 116.149711442960978, -19.652988760176292 ], [ 116.155214047722296, -19.651162779898264 ], [ 116.160702352819229, -19.649331909600804 ], [ 116.166181246870607, -19.647495406287671 ], [ 116.171638650714144, -19.645657483185488 ], [ 116.177078595493796, -19.643816351207224 ], [ 116.182511745228325, -19.641970120003716 ], [ 116.18792625446315, -19.640122924545953 ], [ 116.193325605725235, -19.638271940351952 ], [ 116.198715388426976, -19.6364177224226 ], [ 116.204094955720763, -19.634560858189236 ], [ 116.209457800541188, -19.632703050070919 ], [ 116.214803122417308, -19.630844880881607 ], [ 116.220124435751927, -19.628987969570737 ], [ 116.225426569472731, -19.627131810875007 ], [ 116.230709475692123, -19.625278053325001 ], [ 116.235971395123244, -19.623424959464231 ], [ 116.241206988818419, -19.621576452987494 ], [ 116.246420202922778, -19.619729726312112 ], [ 116.251611126623018, -19.617887626107287 ], [ 116.25677856674622, -19.616048382168071 ], [ 116.261916936673984, -19.614215908048429 ], [ 116.267036685382934, -19.612387296019779 ], [ 116.272131281171212, -19.610563199860387 ], [ 116.277201004996229, -19.608746114926859 ], [ 116.282244939915728, -19.606934519697521 ], [ 116.287263234469265, -19.605130897380963 ], [ 116.292260489860396, -19.603332558998748 ], [ 116.297220705713571, -19.601545305116947 ], [ 116.30216474818917, -19.599763081251599 ], [ 116.307071197773425, -19.597992763692226 ], [ 116.311966558179179, -19.596227213440972 ], [ 116.316829513338789, -19.59447327647549 ], [ 116.321665402567575, -19.592729110863953 ], [ 116.326473893155409, -19.590994046105958 ], [ 116.331244453205215, -19.589272522173871 ], [ 116.335992479399508, -19.587559782864872 ], [ 116.34071275637649, -19.585858237678767 ], [ 116.345405340155125, -19.584168176673341 ], [ 116.350070319742457, -19.582489875205621 ], [ 116.354707816609292, -19.580823593959593 ], [ 116.359312781323567, -19.579171579238437 ], [ 116.363900898594096, -19.577529156426767 ], [ 116.3684569602664, -19.575900359093804 ], [ 116.372981195269546, -19.57428537330409 ], [ 116.377484038925616, -19.572682598988976 ], [ 116.38196065416146, -19.571093110370189 ], [ 116.386411368855661, -19.569517068225778 ], [ 116.390826447615311, -19.567957407245526 ], [ 116.395226582614427, -19.566408659944187 ], [ 116.399602015730153, -19.564873747400522 ], [ 116.403953176008983, -19.563352778089403 ], [ 116.408270427361131, -19.561848594376034 ], [ 116.412574427226858, -19.560355787403278 ], [ 116.416855575956333, -19.558877174246746 ], [ 116.421109518595529, -19.557413733822063 ], [ 116.425341392799311, -19.555965446848369 ], [ 116.429557179905245, -19.554529727074296 ], [ 116.433752249575846, -19.553108388417996 ], [ 116.437917341971385, -19.551704050394203 ], [ 116.442072825248587, -19.550311494781898 ], [ 116.446204657468272, -19.548934246412546 ], [ 116.450318055447795, -19.547572087041793 ], [ 116.454418912722574, -19.54622263488352 ], [ 116.458498232778595, -19.54488838363017 ], [ 116.462560935424719, -19.543569129892322 ], [ 116.466613197519962, -19.542262481058451 ], [ 116.470640905919581, -19.540972482065836 ], [ 116.474664212958245, -19.539694112443428 ], [ 116.478674117144408, -19.53842977802935 ], [ 116.482661600404441, -19.537181859304219 ], [ 116.486646830164304, -19.535945370257366 ], [ 116.490611122129295, -19.534725090876215 ], [ 116.494574592689816, -19.533516094023717 ], [ 116.498528374011528, -19.532320674698582 ], [ 116.502468000550707, -19.531140244676358 ], [ 116.506404452683583, -19.529971692403933 ], [ 116.510323840357728, -19.528818755565567 ], [ 116.514250959130621, -19.527675185136424 ], [ 116.518171582384525, -19.526544755349878 ], [ 116.522086473068569, -19.525427333979284 ], [ 116.526001317927779, -19.524321378123297 ], [ 116.52990255952966, -19.52323049222753 ], [ 116.533795245733884, -19.52215400746578 ], [ 116.537690482036609, -19.521088475972366 ], [ 116.541588485917018, -19.520034232475712 ], [ 116.545485907121773, -19.518992010716701 ], [ 116.549383461366077, -19.517961665202311 ], [ 116.553281274523101, -19.516943509323006 ], [ 116.557181166116621, -19.51593648146449 ], [ 116.561078703296801, -19.514941780682229 ], [ 116.564974592627919, -19.513959274146984 ], [ 116.568873147757728, -19.5129883376488 ], [ 116.572780371537107, -19.512027129019771 ], [ 116.576692095565292, -19.511076780294861 ], [ 116.58060893570331, -19.510137139378418 ], [ 116.584522583939119, -19.509210202439327 ], [ 116.588451540527302, -19.508291514540232 ], [ 116.592387453071424, -19.507383070452018 ], [ 116.596325954885131, -19.506485912896011 ], [ 116.600277263594137, -19.505597512479767 ], [ 116.604228294249737, -19.504720997010008 ], [ 116.60819713233596, -19.503852034988753 ], [ 116.612171357288261, -19.502993561977096 ], [ 116.616150594773785, -19.502145573448917 ], [ 116.620144827257576, -19.501305740012349 ], [ 116.624149762814426, -19.500475005736014 ], [ 116.628160895636412, -19.499654278683884 ], [ 116.632192247868986, -19.498840347191187 ], [ 116.636226777607604, -19.498037018427915 ], [ 116.640278061941387, -19.49724122751504 ], [ 116.644341758025021, -19.496453832768747 ], [ 116.648417926765802, -19.495674725047465 ], [ 116.652506818901713, -19.494903768317556 ], [ 116.656613346777064, -19.494139914238403 ], [ 116.660732288009186, -19.49338388475973 ], [ 116.664860718376232, -19.49263655671508 ], [ 116.669007315262505, -19.491895976058558 ], [ 116.673162736794083, -19.491163788515006 ], [ 116.67733183033765, -19.490438972166384 ], [ 116.681514734486939, -19.489721385010117 ], [ 116.685715299421943, -19.489009936718617 ], [ 116.689921414581747, -19.488307234835943 ], [ 116.694145958448416, -19.487610577719554 ], [ 116.698384252755815, -19.486920682768162 ], [ 116.702636208610414, -19.48623743868492 ], [ 116.706901708063384, -19.485560736176357 ], [ 116.711180604098232, -19.484890467952717 ], [ 116.715476526546496, -19.48422553594845 ], [ 116.719781834839239, -19.483567774483163 ], [ 116.724095403379152, -19.482916909476064 ], [ 116.72843045032576, -19.482270527242644 ], [ 116.732773105958231, -19.48163085238852 ], [ 116.737132014676064, -19.480996239454747 ], [ 116.741501507736444, -19.480367187935148 ], [ 116.745883084421934, -19.479743921691725 ], [ 116.7502708896711, -19.479127011131204 ], [ 116.754673399451505, -19.47851477354337 ], [ 116.759076966298551, -19.477909513343107 ], [ 116.763494498939195, -19.477308710863767 ], [ 116.767916708104721, -19.476713902431907 ], [ 116.772355294189978, -19.47612241288904 ], [ 116.776798425742626, -19.475536878293205 ], [ 116.781244587198316, -19.474957124203499 ], [ 116.785701789671137, -19.474381421227093 ], [ 116.790165156354107, -19.473810505433377 ], [ 116.794629702606571, -19.473245171599391 ], [ 116.799106729086347, -19.472682689047492 ], [ 116.803584692417672, -19.472125695234688 ], [ 116.80806181615678, -19.471574094873997 ], [ 116.812545915064632, -19.471026078231933 ], [ 116.817027851931428, -19.47048330856666 ], [ 116.821515159168086, -19.469944006415169 ], [ 116.826002987644202, -19.469408948854184 ], [ 116.830489745736855, -19.468877990449581 ], [ 116.834976429517866, -19.468351196059494 ], [ 116.839457145765451, -19.467829370447252 ], [ 116.843939362723248, -19.467310643761227 ], [ 116.848414023951719, -19.466796782643385 ], [ 116.852888525437265, -19.466285892629944 ], [ 116.857357018004492, -19.465778819360342 ], [ 116.861820650383166, -19.465275496309236 ], [ 116.866273489320079, -19.464776839300548 ], [ 116.870722798142111, -19.464280907151018 ], [ 116.875159678198159, -19.463789545923046 ], [ 116.879591332261242, -19.463300792393781 ], [ 116.884008925823579, -19.462816516790184 ], [ 116.888428741308459, -19.462331899649719 ], [ 116.892830173991101, -19.461852479119212 ], [ 116.897223305977292, -19.461375326990666 ], [ 116.90159945866003, -19.460902353525011 ], [ 116.90596568670982, -19.460431529421179 ], [ 116.910310262035551, -19.459965807817934 ], [ 116.91464029653801, -19.459503118735782 ], [ 116.918952967403897, -19.459043571784957 ], [ 116.923248608426817, -19.458587021351079 ], [ 116.927527299459442, -19.458133384921055 ], [ 116.931786537109247, -19.457682710531831 ], [ 116.936030165761053, -19.457233931760832 ], [ 116.940247342751476, -19.456789856545686 ], [ 116.944450352803315, -19.456346641623785 ], [ 116.948628255956308, -19.455907156221862 ], [ 116.952781573868478, -19.455471210844902 ], [ 116.956918558905826, -19.455036027195852 ], [ 116.961028736239456, -19.454604387812115 ], [ 116.965116021718302, -19.454175187524328 ], [ 116.969178030940398, -19.453748548002988 ], [ 116.973218756956882, -19.453323327416744 ], [ 116.977230477092832, -19.452901464038241 ], [ 116.981216387902705, -19.452481886750441 ], [ 116.985181922288959, -19.452062731876033 ], [ 116.989114591673143, -19.451647634707143 ], [ 116.99302342151411, -19.451233735765538 ], [ 116.996901120294083, -19.450822924923141 ], [ 117.000754198902754, -19.450413197993242 ], [ 117.00457537525196, -19.45000647732293 ], [ 117.008370407550885, -19.44960079099727 ], [ 117.012137191185715, -19.449196940275105 ], [ 117.015873827678803, -19.448794985945685 ], [ 117.019580920523168, -19.44839479807808 ], [ 117.023258972055402, -19.447996308715396 ], [ 117.026906123606381, -19.447599550230436 ], [ 117.030520626096177, -19.447205329041754 ], [ 117.034107802698088, -19.446811811690743 ], [ 117.037661108716762, -19.44642079414864 ], [ 117.041181349285736, -19.446032158553773 ], [ 117.044676184822436, -19.445643201624367 ], [ 117.048136860816015, -19.445256584718379 ], [ 117.051566547951978, -19.444871319618052 ], [ 117.054968214463642, -19.444486482138409 ], [ 117.058335626531658, -19.444103824328909 ], [ 117.061671970830162, -19.443722368889325 ], [ 117.064980233014168, -19.443341201728909 ], [ 117.068254358491956, -19.442962038436963 ], [ 117.071499805178462, -19.442583040046131 ], [ 117.074715067778641, -19.442205036290176 ], [ 117.077896456912015, -19.441828872801331 ], [ 117.081047181154574, -19.441453592773314 ], [ 117.084172458902941, -19.441077426578058 ], [ 117.087262087191945, -19.440703801817882 ], [ 117.090323656817759, -19.440330029834566 ], [ 117.093358097579568, -19.439956045684049 ], [ 117.09636188709554, -19.439582631605532 ], [ 117.099333972057451, -19.439210602668496 ], [ 117.102279509457077, -19.438838206823348 ], [ 117.105190785325064, -19.438468024923985 ], [ 117.108075173003584, -19.438097369331377 ], [ 117.110928793206085, -19.437727945641033 ], [ 117.113756584214855, -19.437358055472764 ], [ 117.116553461913426, -19.436989231406056 ], [ 117.119325067671511, -19.436619841062875 ], [ 117.122068408014954, -19.436250520508565 ], [ 117.124787064264609, -19.435880535054189 ], [ 117.127478246131972, -19.435510458263469 ], [ 117.130147577238176, -19.435138699676862 ], [ 117.132786167111306, -19.434768444783785 ], [ 117.135399552341141, -19.434398112588696 ], [ 117.137984837731906, -19.434028337769973 ], [ 117.140549536984651, -19.433656745887287 ], [ 117.143084958830116, -19.433286393097926 ], [ 117.145596571876808, -19.432915734472051 ], [ 117.148081518410933, -19.432545427388281 ], [ 117.150543420039384, -19.43217469246984 ], [ 117.152981371323392, -19.431803410638086 ], [ 117.155398952621951, -19.431430825600806 ], [ 117.157791491668945, -19.431058344970811 ], [ 117.160162005776243, -19.430685155525616 ], [ 117.162513221552658, -19.43031053163331 ], [ 117.16484078921242, -19.42993578486297 ], [ 117.167149880760562, -19.429559487883093 ], [ 117.169436182621581, -19.429182939167582 ], [ 117.171700701852757, -19.428806102410082 ], [ 117.173949823761077, -19.428426827535919 ], [ 117.176175570363867, -19.428047834130858 ], [ 117.178382599130771, -19.427667665965462 ], [ 117.180573252583173, -19.427285501030465 ], [ 117.182746461974773, -19.426902131758496 ], [ 117.184901780163884, -19.42651730172863 ], [ 117.187038311082077, -19.426131754625001 ], [ 117.189162440182869, -19.425743331498612 ], [ 117.191266279593052, -19.425354712526669 ], [ 117.193356309393693, -19.424963710573948 ], [ 117.19542934624306, -19.424571707504597 ], [ 117.197491613935981, -19.424176593702619 ], [ 117.199535487828783, -19.423780957278247 ], [ 117.20156728291262, -19.423382661552139 ], [ 117.20358388813635, -19.422983065543534 ], [ 117.205591375496027, -19.4225801047515 ], [ 117.207582364898002, -19.422176280730884 ], [ 117.209563016613075, -19.421769502878469 ], [ 117.211532414078732, -19.421360545161576 ], [ 117.213488327447621, -19.420949794863507 ], [ 117.215435308959329, -19.420535818062749 ], [ 117.217370169889762, -19.420120011741236 ], [ 117.219297173152015, -19.419701037053343 ], [ 117.221214399689231, -19.419279153981218 ], [ 117.223120852142472, -19.41885517982503 ], [ 117.225020817595961, -19.418427774671123 ], [ 117.226912291336802, -19.417997202791334 ], [ 117.228794337230397, -19.417564265237175 ], [ 117.230669145546074, -19.417128158476871 ], [ 117.232540996794754, -19.4166875352938 ], [ 117.234402642585565, -19.416244796161031 ], [ 117.236258388224371, -19.415798598407108 ], [ 117.238110495066294, -19.415348103342083 ], [ 117.239957804956589, -19.414894166362021 ], [ 117.241798505248028, -19.414436977501897 ], [ 117.243636901639832, -19.413975183827795 ], [ 117.245469910728573, -19.413510113035297 ], [ 117.247299700690874, -19.413040956988443 ], [ 117.249128523250164, -19.412566871999704 ], [ 117.250955256629666, -19.412088695986302 ], [ 117.252778069783673, -19.411606597583024 ], [ 117.254601266761142, -19.41111922564043 ], [ 117.256421791784632, -19.410627883812928 ], [ 117.258241807714938, -19.410131756948672 ], [ 117.260063564358546, -19.409629993206462 ], [ 117.261885974269674, -19.409123413801343 ], [ 117.263707185015676, -19.408612165612773 ], [ 117.265531512222097, -19.408094894831962 ], [ 117.267355920873314, -19.40757288316685 ], [ 117.269182576155856, -19.407045305517549 ], [ 117.271011940638601, -19.406512024161191 ], [ 117.272846366583579, -19.405972134971876 ], [ 117.274684515362765, -19.405426540060308 ], [ 117.276526694562605, -19.404874510993452 ], [ 117.278371676585536, -19.40431692376043 ], [ 117.28022360681662, -19.403752134525419 ], [ 117.282079294144083, -19.403181483265339 ], [ 117.283942884313362, -19.402603317734869 ], [ 117.285813087291984, -19.402018536689653 ], [ 117.287690168601884, -19.401426379773262 ], [ 117.289572946815113, -19.400827720884951 ], [ 117.29146557174623, -19.400220889980428 ], [ 117.29336487464758, -19.399607222070951 ], [ 117.295275009138962, -19.398985037725648 ], [ 117.297192812316425, -19.398355670871577 ], [ 117.299124265796436, -19.397717016706881 ], [ 117.301062473262206, -19.397071260492506 ], [ 117.303013518398913, -19.396416265933787 ], [ 117.304974247017228, -19.395753365880374 ], [ 117.306948829449297, -19.395080851384691 ], [ 117.308934114505476, -19.394400055314151 ], [ 117.31093613537071, -19.393708843032325 ], [ 117.312957563378092, -19.393005406690992 ], [ 117.314993566990722, -19.392292174548746 ], [ 117.317040816476577, -19.391570504203646 ], [ 117.319105399972671, -19.390837907474683 ], [ 117.321184124401086, -19.390095694868016 ], [ 117.323281296376379, -19.389342138046178 ], [ 117.325397422628399, -19.388577383245007 ], [ 117.327527486834256, -19.387802761000824 ], [ 117.329673814048164, -19.38701765805693 ], [ 117.33183879043051, -19.386221124941983 ], [ 117.334022965400834, -19.385412939172795 ], [ 117.336226889759288, -19.384592876517534 ], [ 117.338452955175413, -19.38376031128935 ], [ 117.340697921644704, -19.382915831508587 ], [ 117.342964280133444, -19.382058789405352 ], [ 117.345252583141317, -19.381188955013059 ], [ 117.347563383141505, -19.380306097337652 ], [ 117.349895335049865, -19.379410765497926 ], [ 117.352252725730636, -19.37850119879263 ], [ 117.354634117782652, -19.377578338958475 ], [ 117.357038242378138, -19.376641969804222 ], [ 117.359469470405031, -19.375690655881684 ], [ 117.361924507250805, -19.374725753506628 ], [ 117.364405792385256, -19.373746245745693 ], [ 117.366915818951711, -19.372751086480079 ], [ 117.369455092754535, -19.371740452018997 ], [ 117.372020369681508, -19.370714905139781 ], [ 117.374617991886396, -19.369672623324526 ], [ 117.377240671835835, -19.368615775316187 ], [ 117.379892867572224, -19.367542929347191 ], [ 117.382578902814174, -19.3664526966494 ], [ 117.385291559494078, -19.365347193702494 ], [ 117.388039078942327, -19.364223876572474 ], [ 117.390820055219038, -19.36308254024275 ], [ 117.393635381127879, -19.361923231906442 ], [ 117.396473510960831, -19.360750758863759 ], [ 117.39934438565173, -19.359560494273527 ], [ 117.402250365897444, -19.358352234386636 ], [ 117.405185984723744, -19.357127325757006 ], [ 117.408157614411948, -19.355883667492826 ], [ 117.411165528303826, -19.354621490004448 ], [ 117.414206261605869, -19.353341379806757 ], [ 117.417282090212453, -19.352043176089413 ], [ 117.420393397379925, -19.350725968937407 ], [ 117.423542498894392, -19.34938961718488 ], [ 117.426725645762673, -19.348034761490418 ], [ 117.429943205647419, -19.346661635368363 ], [ 117.433201397437443, -19.345268239478479 ], [ 117.436494466947991, -19.343855988047196 ], [ 117.439828856433863, -19.342423210448857 ], [ 117.443200759274291, -19.340970571861249 ], [ 117.446608320005566, -19.339499143507613 ], [ 117.450057762553811, -19.338006978308339 ], [ 117.453543249554926, -19.336495490122783 ], [ 117.457071026575917, -19.334963101066272 ], [ 117.460632967267159, -19.333412065899871 ], [ 117.46423095037845, -19.331842457273471 ], [ 117.467867034296589, -19.330252750493539 ], [ 117.471541214433302, -19.328643757050649 ], [ 117.475253371252577, -19.327014719214489 ], [ 117.479001441573899, -19.325366873623555 ], [ 117.482791438636056, -19.323698326416221 ], [ 117.486617064929021, -19.322010704477744 ], [ 117.490486527921604, -19.320301666946246 ], [ 117.49438932244864, -19.318574509162566 ], [ 117.498331474298595, -19.316827782751599 ], [ 117.502308442534215, -19.315062431130631 ], [ 117.506322103256196, -19.313278222491782 ], [ 117.510374139044757, -19.311474966354748 ], [ 117.514457846869362, -19.309654504773917 ], [ 117.518576949571255, -19.307816298548637 ], [ 117.52273087156783, -19.305959726825446 ], [ 117.526921333021562, -19.304085088218113 ], [ 117.531145592540767, -19.302193060087053 ], [ 117.535403090197917, -19.300283928092579 ], [ 117.53969325392265, -19.298357975728479 ], [ 117.544017540835512, -19.296414718986203 ], [ 117.548371094978378, -19.294456122270127 ], [ 117.552755286865434, -19.292481745998515 ], [ 117.557162818744615, -19.290494088329996 ], [ 117.561603580331393, -19.288490277788235 ], [ 117.566072423082147, -19.286471978768564 ], [ 117.570566436935124, -19.284440421124486 ], [ 117.575091125712348, -19.282394018341595 ], [ 117.579636838780445, -19.28033573419712 ], [ 117.584211360492503, -19.278263555063337 ], [ 117.588809341904479, -19.276179237313706 ], [ 117.593425433441638, -19.274084515175385 ], [ 117.598067350069456, -19.271977442715453 ], [ 117.602727403879271, -19.269860227234044 ], [ 117.607402569425219, -19.267734179775857 ], [ 117.612098247578743, -19.265597838153358 ], [ 117.616811290680289, -19.263452951310697 ], [ 117.621540319666337, -19.2612993560655 ], [ 117.626284331101175, -19.259138018969747 ], [ 117.631044472713114, -19.256969064444839 ], [ 117.635814977580694, -19.254794002031591 ], [ 117.64059701375183, -19.252612980005342 ], [ 117.645391656597397, -19.250426155700644 ], [ 117.650193059831196, -19.248235085525724 ], [ 117.65500239973484, -19.246039914656468 ], [ 117.659820763118503, -19.243840795233492 ], [ 117.664642244096854, -19.241639322034796 ], [ 117.669468044033138, -19.23943562836121 ], [ 117.674299277999324, -19.2372298524058 ], [ 117.679130001483372, -19.235023626716504 ], [ 117.683961457823159, -19.232817064387483 ], [ 117.688794807066657, -19.230610281457118 ], [ 117.693624085331678, -19.22840492334926 ], [ 117.698450594223885, -19.226201073878777 ], [ 117.703275308577389, -19.223998574171734 ], [ 117.708095123030617, -19.221799055895776 ], [ 117.712906439082261, -19.219603353948003 ], [ 117.717710533748928, -19.217411529021625 ], [ 117.722508618117672, -19.215223627367184 ], [ 117.72729500875927, -19.213041250773294 ], [ 117.7320710737214, -19.210864412626279 ], [ 117.736838109469247, -19.208693123948706 ], [ 117.741592554246324, -19.206528224396777 ], [ 117.746331733478144, -19.204371174686713 ], [ 117.75105911469997, -19.202221185537326 ], [ 117.755769119279861, -19.200079835289003 ], [ 117.760463328878899, -19.197947026148565 ], [ 117.765140915437641, -19.195823222540184 ], [ 117.76980338365729, -19.193708307611804 ], [ 117.774445343301736, -19.191603823249512 ], [ 117.779068487544208, -19.189509592865758 ], [ 117.783670136456962, -19.187426740076784 ], [ 117.788255967497591, -19.185353577418688 ], [ 117.792818758362571, -19.183292350353337 ], [ 117.797360321081555, -19.181242799141149 ], [ 117.801882473241804, -19.179204634950064 ], [ 117.806379970541826, -19.177179377493243 ], [ 117.810854827940716, -19.175166672149949 ], [ 117.815306694789797, -19.173166756047028 ], [ 117.819739517742917, -19.171178524527143 ], [ 117.824144284333713, -19.169204896859515 ], [ 117.828527104867561, -19.167243982495972 ], [ 117.832883772251961, -19.165297412382237 ], [ 117.837220283268294, -19.163363287354365 ], [ 117.841527907677815, -19.161444461030122 ], [ 117.845812858708996, -19.159538947462163 ], [ 117.850073076046158, -19.157647575737894 ], [ 117.854310712166097, -19.155769815958479 ], [ 117.858523127392885, -19.153906283697395 ], [ 117.862706845791394, -19.152058599755833 ], [ 117.866868000909676, -19.150224716403343 ], [ 117.871003886993904, -19.148405301386713 ], [ 117.875113157711198, -19.146601113595484 ], [ 117.879197853395738, -19.144811435093704 ], [ 117.883262274331727, -19.14303491194541 ], [ 117.887298194091116, -19.141274235967465 ], [ 117.891310071811247, -19.139527989582067 ], [ 117.895301948973113, -19.137794808970025 ], [ 117.89927455509563, -19.136074545828961 ], [ 117.903221769931164, -19.134369136612754 ], [ 117.907142430871417, -19.132679084871704 ], [ 117.911042367881777, -19.131002369453068 ], [ 117.914920406635446, -19.129339501657654 ], [ 117.918774309943629, -19.127691091526064 ], [ 117.922610725623755, -19.12605496305417 ], [ 117.926421943321785, -19.124433705943794 ], [ 117.930214690694683, -19.122825096852782 ], [ 117.933986639107502, -19.121229763948069 ], [ 117.937736972321588, -19.11964811287573 ], [ 117.941470043339137, -19.118078660926177 ], [ 117.945183718853045, -19.116522004501061 ], [ 117.948879308886447, -19.114977804647765 ], [ 117.952556397668218, -19.113446071685978 ], [ 117.956216037277613, -19.111926459615081 ], [ 117.959860787172701, -19.110418097033172 ], [ 117.963488651283868, -19.10892157621149 ], [ 117.967102670066922, -19.107435893737396 ], [ 117.970700780137648, -19.10596168777062 ], [ 117.974280903939743, -19.104499577333005 ], [ 117.977845994697446, -19.10304857803386 ], [ 117.981397065015955, -19.101608303098494 ], [ 117.984934957158728, -19.100178377942047 ], [ 117.988457652633372, -19.098759449567538 ], [ 117.991969812864426, -19.097349909869337 ], [ 117.995467719062617, -19.095950956041847 ], [ 117.998956082914972, -19.094560952754453 ], [ 118.00243112812106, -19.093181125124378 ], [ 118.005900965614202, -19.091808816724221 ], [ 118.00935688930312, -19.090446755895918 ], [ 118.012805243833057, -19.089092773239507 ], [ 118.01624051105594, -19.087748619814096 ], [ 118.019668962016098, -19.086412132953278 ], [ 118.023085203741687, -19.085085082660814 ], [ 118.026495058331051, -19.083765553107025 ], [ 118.029899237222608, -19.082453125102148 ], [ 118.033292556221056, -19.081149525860521 ], [ 118.036682565435711, -19.079852155940472 ], [ 118.040062468399839, -19.07856325922543 ], [ 118.043439764347809, -19.077280208321795 ], [ 118.046809240407498, -19.076004791467735 ], [ 118.050173656388736, -19.074735849678856 ], [ 118.053532463561595, -19.073473710815001 ], [ 118.056886826248515, -19.072217726258362 ], [ 118.060234629537064, -19.070968749471735 ], [ 118.063580058449332, -19.069725109393108 ], [ 118.066919469538604, -19.068488182407336 ], [ 118.070257002627955, -19.067256290212473 ], [ 118.073589417630956, -19.066030566727456 ], [ 118.076917989052404, -19.064810663300218 ], [ 118.080245277289507, -19.063595401217178 ], [ 118.083569545538836, -19.062385422215723 ], [ 118.086890961265539, -19.06118060705284 ], [ 118.090209241744006, -19.059981140192324 ], [ 118.093525388171898, -19.058786336405369 ], [ 118.096839104294048, -19.057596372515643 ], [ 118.100151954200498, -19.056410697444537 ], [ 118.10345921343999, -19.055230918446938 ], [ 118.106766186354889, -19.054054926992954 ], [ 118.110072481686942, -19.052882996229162 ], [ 118.113375295151741, -19.051715891520974 ], [ 118.116675595993783, -19.050553498330441 ], [ 118.119974328845899, -19.049395001142322 ], [ 118.123272397512366, -19.048240314301342 ], [ 118.12656704941368, -19.047090174870618 ], [ 118.129860968691474, -19.045943740011598 ], [ 118.133152737113491, -19.044801360609245 ], [ 118.136442346435217, -19.043662983389211 ], [ 118.1397297444841, -19.042528565463925 ], [ 118.143014850641478, -19.041398071302268 ], [ 118.146297572037867, -19.040271469613536 ], [ 118.149577803972662, -19.039148733216713 ], [ 118.152855406343448, -19.038029846314664 ], [ 118.156130255834825, -19.036914790977974 ], [ 118.159405264695494, -19.035802491853556 ], [ 118.162674164750641, -19.03469507002017 ], [ 118.16593986791689, -19.033591446655869 ], [ 118.169203959211444, -19.032490889474261 ], [ 118.172461466260458, -19.031395173974662 ], [ 118.17571647731954, -19.030302944280379 ], [ 118.17896930481389, -19.029213801099925 ], [ 118.18221500053528, -19.028129501363392 ], [ 118.185461856183949, -19.027047429735429 ], [ 118.18870377307546, -19.025969583069173 ], [ 118.191939859305407, -19.024895814042342 ], [ 118.195171570207762, -19.023825454611686 ], [ 118.198397617765764, -19.022759329735841 ], [ 118.201616009438681, -19.021697603347079 ], [ 118.204828834135924, -19.020639724283168 ], [ 118.208034134437526, -19.019586417027512 ], [ 118.21123511429542, -19.018536305389922 ], [ 118.21442982745873, -19.017490103731802 ], [ 118.217618049916624, -19.016447833848233 ], [ 118.220800716254189, -19.015409199904635 ], [ 118.223974773738021, -19.014375250118974 ], [ 118.227142235617123, -19.013344909856986 ], [ 118.230302302456408, -19.012318591039065 ], [ 118.233454710749839, -19.011296318211873 ], [ 118.236599235018659, -19.010278113368937 ], [ 118.239735643760767, -19.009264013594589 ], [ 118.242863719099901, -19.008254038865061 ], [ 118.245983257897521, -19.007248207692356 ], [ 118.249093508037305, -19.006246888942002 ], [ 118.252195424159396, -19.005249385685019 ], [ 118.255289302374592, -19.004255732689614 ], [ 118.258373887054191, -19.003266286663063 ], [ 118.261449014551147, -19.002281067194385 ], [ 118.264514509840595, -19.001300085755144 ], [ 118.267569143932192, -19.000323674952853 ], [ 118.270616469077822, -18.999350563530616 ], [ 118.273650870243458, -18.998382723853542 ], [ 118.276677551253627, -18.997418249189057 ], [ 118.279693705517019, -18.996458098437916 ], [ 118.282700289846431, -18.995501953414109 ], [ 118.285697175879477, -18.994549816186797 ], [ 118.288682312481285, -18.993601850304913 ], [ 118.29165472878617, -18.992658856802468 ], [ 118.294615942734708, -18.991720191055936 ], [ 118.297562835074473, -18.990787055328909 ], [ 118.300500089187068, -18.989857529486464 ], [ 118.303426084509894, -18.988932220943514 ], [ 118.306340770682226, -18.988011111834084 ], [ 118.309242538439108, -18.987094841389709 ], [ 118.312134484902884, -18.986182079743227 ], [ 118.315018399597463, -18.985272425742586 ], [ 118.317890905066776, -18.984366897391936 ], [ 118.320752942797185, -18.983465267145363 ], [ 118.323599270418285, -18.982568941693764 ], [ 118.326434175935844, -18.981676638657838 ], [ 118.329256800154852, -18.980788520014084 ], [ 118.332070509798626, -18.979903496143034 ], [ 118.334871414701595, -18.979023019256445 ], [ 118.337658773935914, -18.978147226640832 ], [ 118.340437466256276, -18.977274359551362 ], [ 118.34320276835183, -18.976406072742879 ], [ 118.345958085051407, -18.975541226111847 ], [ 118.348704087285412, -18.974679383425276 ], [ 118.351437033827523, -18.973821943767625 ], [ 118.354161792636219, -18.972967168191069 ], [ 118.356874578174072, -18.972116432503366 ], [ 118.359577676113304, -18.971268719956033 ], [ 118.36227144369137, -18.970424073544503 ], [ 118.364953678543088, -18.969583272483391 ], [ 118.367627554868065, -18.96874504944179 ], [ 118.370291154754213, -18.967910276670565 ], [ 118.372948148744172, -18.967077371745049 ], [ 118.375594924459506, -18.966247690321328 ], [ 118.378233357855493, -18.965420684819097 ], [ 118.380861363682172, -18.964597125208901 ], [ 118.383478417606895, -18.963777121597008 ], [ 118.386087023399369, -18.962959759496218 ], [ 118.388687394461101, -18.96214496176038 ], [ 118.391279749606383, -18.961332650352439 ], [ 118.39386512879183, -18.960522557069492 ], [ 118.396442130815728, -18.959714985779819 ], [ 118.399011802491415, -18.958909662477751 ], [ 118.401574380892697, -18.958106506630028 ], [ 118.404131484154476, -18.95730484605588 ], [ 118.406679202103405, -18.956506365781163 ], [ 118.40922194292601, -18.955709201223968 ], [ 118.411757809841333, -18.954914041243519 ], [ 118.414288606077974, -18.954120449482598 ], [ 118.416812416763463, -18.953329104468835 ], [ 118.419332237616089, -18.952538764855039 ], [ 118.421846214664811, -18.951750121715705 ], [ 118.424354771120406, -18.950963272588201 ], [ 118.426860069809948, -18.950177208521463 ], [ 118.429361040559868, -18.949392408799135 ], [ 118.431857211217832, -18.948609004871582 ], [ 118.434348981450228, -18.947827053337523 ], [ 118.436839229977096, -18.947045372983268 ], [ 118.439326222088098, -18.946264636094334 ], [ 118.441810225924968, -18.945484760426119 ], [ 118.444290148802281, -18.944706226284399 ], [ 118.446768896363082, -18.943927869194287 ], [ 118.449243374422849, -18.9431509295915 ], [ 118.451717827913271, -18.942373836686777 ], [ 118.454189786814254, -18.941597500528992 ], [ 118.456658900874871, -18.940822165203855 ], [ 118.459128692510717, -18.940046498766488 ], [ 118.46159669258094, -18.939271390097378 ], [ 118.464062539367958, -18.938497098850441 ], [ 118.466529015056437, -18.937722517690457 ], [ 118.468995069883036, -18.936948111653567 ], [ 118.471459600155683, -18.936174368528711 ], [ 118.473925363153612, -18.935400192598685 ], [ 118.476390039080613, -18.934626568429138 ], [ 118.478855602246583, -18.933852607449115 ], [ 118.481322404415991, -18.933078426259151 ], [ 118.483789913544413, -18.932304166939254 ], [ 118.486258302433939, -18.931529792902907 ], [ 118.488725803342405, -18.930755921369446 ], [ 118.491196442034919, -18.929981213470999 ], [ 118.493668435645006, -18.9292062983004 ], [ 118.496141927668489, -18.928431150721266 ], [ 118.498616359363098, -18.927655881229537 ], [ 118.501092041714969, -18.926880680604967 ], [ 118.503571520279195, -18.926104557658753 ], [ 118.506052309253803, -18.925328255578478 ], [ 118.508535207101261, -18.924551627990358 ], [ 118.511022609545549, -18.923773752295936 ], [ 118.513511004603217, -18.922996046562663 ], [ 118.516002860485372, -18.922217557161229 ], [ 118.518495865994936, -18.921439241389471 ], [ 118.520988990218626, -18.920661553738992 ], [ 118.523487921173185, -18.919882572195679 ], [ 118.525990265241205, -18.91910309432884 ], [ 118.528493308995124, -18.918323783272744 ], [ 118.530999017768551, -18.917544208601367 ], [ 118.53350556000234, -18.916764991409597 ], [ 118.536015946086266, -18.915985094779721 ], [ 118.538529009345694, -18.915205000931209 ], [ 118.541044734409965, -18.914424741631198 ], [ 118.543563096600337, -18.913644351770287 ], [ 118.546084061951106, -18.91286386933233 ], [ 118.548607070666435, -18.91208366112139 ], [ 118.551133106016778, -18.911303119360586 ], [ 118.55366114860503, -18.910522916357841 ], [ 118.556191643198105, -18.909742777115177 ], [ 118.558724509159688, -18.908962755213814 ], [ 118.561259657129469, -18.908182907002335 ], [ 118.563797660125317, -18.907403194487905 ], [ 118.566339547230982, -18.906623280222313 ], [ 118.568881593220325, -18.905844261516993 ], [ 118.571426180272496, -18.905065590029125 ], [ 118.573973219442564, -18.904287331278319 ], [ 118.576519958792176, -18.903509866718505 ], [ 118.579066791374188, -18.90273319514176 ], [ 118.581615524546251, -18.901957161957448 ], [ 118.584166397839169, -18.901181530433835 ], [ 118.586716400287216, -18.90040726310492 ], [ 118.589267785626291, -18.899633874939397 ], [ 118.591819057242546, -18.898861603634817 ], [ 118.594371347536693, -18.898090380386915 ], [ 118.596923787362343, -18.897320371047165 ], [ 118.599476610875314, -18.896551346030492 ], [ 118.602028698219428, -18.895784051513516 ], [ 118.604579656529822, -18.895018317648571 ], [ 118.607130594064813, -18.894254082494715 ], [ 118.609680611486141, -18.893491518708451 ], [ 118.612228834013877, -18.892730796959579 ], [ 118.614776337996844, -18.891971860121267 ], [ 118.617322595882513, -18.891214585076309 ], [ 118.619868588339031, -18.890459455794691 ], [ 118.622411913681177, -18.889706559868365 ], [ 118.624952983691841, -18.888955919481244 ], [ 118.627490876375319, -18.888207694796272 ], [ 118.630026634290758, -18.887461852132667 ], [ 118.632559728954348, -18.886718242042289 ], [ 118.635088427736235, -18.885977668789554 ], [ 118.637613570265827, -18.885239835805123 ], [ 118.640134232401934, -18.884504906716678 ], [ 118.642651466935462, -18.883772862818002 ], [ 118.645164352637011, -18.883043864496187 ], [ 118.647671974304814, -18.882318053149781 ], [ 118.650176382112065, -18.881595075639868 ], [ 118.652674615474055, -18.880875806869323 ], [ 118.655167469024377, -18.880159962751453 ], [ 118.657654686884015, -18.879447635521799 ], [ 118.660135359148541, -18.87873894577173 ], [ 118.662610541042241, -18.878033925115016 ], [ 118.665080325301176, -18.877332338618295 ], [ 118.66754240895564, -18.876635005236835 ], [ 118.669997605945056, -18.87594163909694 ], [ 118.672446324019319, -18.875252315743463 ], [ 118.67488701835039, -18.874567142887635 ], [ 118.677320101999371, -18.873886188224713 ], [ 118.679744680549533, -18.873209526759002 ], [ 118.682162779927054, -18.872536896452306 ], [ 118.684571555589272, -18.87186906581951 ], [ 118.686971144456152, -18.871205749246972 ], [ 118.689362633500508, -18.870547023737618 ], [ 118.691745154412502, -18.869892956051359 ], [ 118.694117846164332, -18.869243604479223 ], [ 118.696482112373758, -18.868598700845506 ], [ 118.698836441548835, -18.867958999649634 ], [ 118.701180342375096, -18.867324201420328 ], [ 118.70351494055393, -18.866694363182337 ], [ 118.705838747537584, -18.866069542458842 ], [ 118.708152238887621, -18.865449789901895 ], [ 118.710456585212114, -18.864835145087454 ], [ 118.71275152874459, -18.864225028299391 ], [ 118.715037216215194, -18.863619835309901 ], [ 118.717310273261717, -18.863020270915115 ], [ 118.719572846811758, -18.86242603547521 ], [ 118.721823487179449, -18.86183716854222 ], [ 118.724061859874666, -18.861253989528286 ], [ 118.726288505294235, -18.860676535476291 ], [ 118.728503892663426, -18.860104184879056 ], [ 118.730707622554121, -18.859537288352637 ], [ 118.732898642179109, -18.858976191107239 ], [ 118.7350787544014, -18.85842027550185 ], [ 118.73724694064849, -18.857869874750715 ], [ 118.739402184438916, -18.857325320585812 ], [ 118.741546300784805, -18.856785988166013 ], [ 118.743678971741701, -18.856252222732916 ], [ 118.745797882442943, -18.855724299038556 ], [ 118.747905499578849, -18.855201621421649 ], [ 118.75000017350969, -18.854684479637626 ], [ 118.752082283243439, -18.854173238358296 ], [ 118.754152294095277, -18.85366721965736 ], [ 118.756210594695887, -18.853166798319876 ], [ 118.758255846796402, -18.85267189387751 ], [ 118.760288708525721, -18.852182531126598 ], [ 118.762309858706644, -18.851698746217515 ], [ 118.764320912936242, -18.851220274408842 ], [ 118.766318127448969, -18.850747549061918 ], [ 118.768303092480068, -18.850280300570578 ], [ 118.770275139446255, -18.849818471173961 ], [ 118.772234966178331, -18.849362080795906 ], [ 118.774183485216568, -18.848910826321692 ], [ 118.776118976158585, -18.848465256031886 ], [ 118.778043265930194, -18.848024774371645 ], [ 118.779956943113888, -18.84758972349179 ], [ 118.78185855505852, -18.847160290471439 ], [ 118.783747227249918, -18.846735731640475 ], [ 118.785623980858432, -18.846316715288324 ], [ 118.787488433747896, -18.845902850414575 ], [ 118.789341179775576, -18.845494448464635 ], [ 118.791182692248142, -18.845090855828893 ], [ 118.793013585644346, -18.844692392841729 ], [ 118.794833290588741, -18.844298979542703 ], [ 118.796641928537895, -18.84391057465773 ], [ 118.798439642814344, -18.843527129274232 ], [ 118.800226574861171, -18.843148596531559 ], [ 118.802003550875924, -18.842774988022192 ], [ 118.803767941412673, -18.842406029404408 ], [ 118.805522601325961, -18.842041894100127 ], [ 118.807267829149993, -18.84168222583817 ], [ 118.809002102771643, -18.841327485000498 ], [ 118.810726427905536, -18.840977365490978 ], [ 118.812440281136062, -18.840631781913437 ], [ 118.81414531527777, -18.8402904827357 ], [ 118.815840040813413, -18.839953906785702 ], [ 118.817526294678345, -18.839621519407494 ], [ 118.819203388422252, -18.839293525204969 ], [ 118.820872337281571, -18.838969642310637 ], [ 118.822531668577412, -18.838650282858023 ], [ 118.824182411756652, -18.838335159379405 ], [ 118.825823279276108, -18.838024392503602 ], [ 118.827457526124334, -18.837717555595855 ], [ 118.829082991940965, -18.837415004612545 ], [ 118.83070142986648, -18.837116499747431 ], [ 118.83231238691485, -18.836821951959081 ], [ 118.833916776440375, -18.836531337072341 ], [ 118.835514238265887, -18.836244337213401 ], [ 118.837104046468468, -18.835961356010802 ], [ 118.838689610283865, -18.835681516004602 ], [ 118.840267172461992, -18.835405591976603 ], [ 118.841839165432702, -18.835133372800435 ], [ 118.843404476796294, -18.834864743250819 ], [ 118.844963223727362, -18.834599905627137 ], [ 118.846517988810191, -18.834338393668251 ], [ 118.848065961322931, -18.834080558366779 ], [ 118.849608840473991, -18.833826414251305 ], [ 118.85114628654658, -18.833575610026788 ], [ 118.852678428555762, -18.833328375833062 ], [ 118.854207863720646, -18.833084222888132 ], [ 118.855732594463802, -18.832843284193512 ], [ 118.857253580948097, -18.832605550270504 ], [ 118.858771806088441, -18.832371009850679 ], [ 118.860286065620244, -18.83213956430799 ], [ 118.861797333806408, -18.831911204484829 ], [ 118.863305867331832, -18.831685893381888 ], [ 118.864811924500373, -18.831463595099262 ], [ 118.866314970520634, -18.831244519018767 ], [ 118.867816098769921, -18.831028377066104 ], [ 118.869316323456928, -18.83081490901673 ], [ 118.870814362263772, -18.830604552613796 ], [ 118.872312026320188, -18.830396810676589 ], [ 118.873808791010148, -18.830192126485354 ], [ 118.875305764641652, -18.829990006610974 ], [ 118.876802422228749, -18.829790895809893 ], [ 118.878299084300494, -18.829594294704293 ], [ 118.879795218767413, -18.82940064755871 ], [ 118.881293420984193, -18.829209472287438 ], [ 118.882790895812334, -18.829021194822278 ], [ 118.884290996798057, -18.828835342531061 ], [ 118.885790916047256, -18.828652356746211 ], [ 118.887292445694015, -18.828471776612101 ], [ 118.888795830091155, -18.828294027658448 ], [ 118.8903013661903, -18.828118661595695 ], [ 118.891808529879739, -18.827946109468435 ], [ 118.893319185167471, -18.827776119906602 ], [ 118.894832770580337, -18.827608499937835 ], [ 118.89634963313236, -18.827443643373524 ], [ 118.897869970056661, -18.827281145862347 ], [ 118.899393336705245, -18.827121412569326 ], [ 118.900920771061067, -18.826964225553489 ], [ 118.902453271257656, -18.826809380961336 ], [ 118.903989621507705, -18.826657297905673 ], [ 118.905530856309127, -18.826507764762276 ], [ 118.907077970192745, -18.826360583929034 ], [ 118.908629747291215, -18.826216175985358 ], [ 118.910187217586127, -18.826074335631869 ], [ 118.911752178431186, -18.825934824858059 ], [ 118.913325138951961, -18.825797977444868 ], [ 118.914903953003787, -18.825663777876883 ], [ 118.916487892297738, -18.82553211973811 ], [ 118.918077289660729, -18.825403346848603 ], [ 118.919674783128926, -18.825277174811138 ], [ 118.921280539643362, -18.825153469413955 ], [ 118.922893335265115, -18.825032654776585 ], [ 118.924514179960028, -18.824914544322997 ], [ 118.926144042870391, -18.824798965129862 ], [ 118.927781694145295, -18.824686341936914 ], [ 118.929428134242869, -18.824576494103201 ], [ 118.931084322481425, -18.82446925451557 ], [ 118.932749021442646, -18.824365048154 ], [ 118.934423237202864, -18.824263700884448 ], [ 118.936107918842566, -18.824165051171544 ], [ 118.937802679964051, -18.824069453356326 ], [ 118.939506795970587, -18.82397687729738 ], [ 118.941222906700716, -18.823887026650251 ], [ 118.942948051956208, -18.823800466216085 ], [ 118.944684040284073, -18.823716961977993 ], [ 118.946433729612394, -18.823636333132779 ], [ 118.948195485095297, -18.823558657028446 ], [ 118.94996723368449, -18.82348440297222 ], [ 118.951750481970862, -18.823413238524346 ], [ 118.953543992350944, -18.823345568826827 ], [ 118.955351098138337, -18.82328093225593 ], [ 118.9571696922131, -18.823219794047525 ], [ 118.959000471222936, -18.823161926847824 ], [ 118.960843951630764, -18.823107556576762 ], [ 118.962700836468187, -18.82305646233943 ], [ 118.964569879802866, -18.823009029962677 ], [ 118.96645353201157, -18.822964872286228 ], [ 118.968348733078585, -18.822924545970547 ], [ 118.970258829043658, -18.82288757706635 ], [ 118.972182579475614, -18.822854322422273 ], [ 118.974119713539181, -18.822824684496815 ], [ 118.976068894035436, -18.822799042635658 ], [ 118.978032483173564, -18.822777030184653 ], [ 118.980008253930066, -18.822759105690206 ], [ 118.981999523777048, -18.822744796186967 ], [ 118.984003120678565, -18.8227346541473 ], [ 118.986022376280388, -18.822728210073191 ], [ 118.98805746121721, -18.822725273959289 ], [ 118.990107446748482, -18.822726291159285 ], [ 118.992169170784749, -18.822731805686697 ], [ 118.994245720557416, -18.822741280454782 ], [ 118.996335711071723, -18.822755073991441 ], [ 118.998441510028783, -18.822772807412228 ], [ 119.000560531627073, -18.822794843078881 ], [ 119.002692993957481, -18.82282130859759 ], [ 119.004839872171516, -18.822852166162491 ], [ 119.007000007721729, -18.822887411076387 ], [ 119.009175258195725, -18.822926926322406 ], [ 119.011363693644199, -18.822970880025608 ], [ 119.013567173006351, -18.823019157318996 ], [ 119.015783736863199, -18.823071920703061 ], [ 119.018015240976013, -18.823129055308357 ], [ 119.020260656756847, -18.82319063755547 ], [ 119.022519184263288, -18.823256831155977 ], [ 119.024792174931918, -18.823327342978157 ], [ 119.02707715564884, -18.823402564339037 ], [ 119.029377363952406, -18.823482046933147 ], [ 119.031693220354043, -18.823565893592992 ], [ 119.034022322647075, -18.823654180517984 ], [ 119.036364032455197, -18.823747097290024 ], [ 119.038717908762109, -18.823844588766594 ], [ 119.041086439151812, -18.823946328143279 ], [ 119.043465851269616, -18.824052750618925 ], [ 119.045857847835293, -18.824163657440845 ], [ 119.048262978412353, -18.824278895033391 ], [ 119.050679626735132, -18.824398733503077 ], [ 119.053108332940837, -18.8245230174252 ], [ 119.055549647726593, -18.82465157925273 ], [ 119.058002912587, -18.824784597499164 ], [ 119.060468435691931, -18.824921845208113 ], [ 119.062945768661521, -18.825063231002336 ], [ 119.065435776151631, -18.82520869219713 ], [ 119.067933081534477, -18.825359302051996 ], [ 119.070440883267054, -18.825514066852694 ], [ 119.072960148944972, -18.825672897906259 ], [ 119.075489939576158, -18.825835912663084 ], [ 119.078029589341398, -18.826002965104255 ], [ 119.08057808601869, -18.826174163087249 ], [ 119.083136126054029, -18.826349341793204 ], [ 119.085701761321189, -18.826528733470447 ], [ 119.088276144232196, -18.826711988758785 ], [ 119.090859214826523, -18.826899078191488 ], [ 119.093449977363008, -18.827090091257965 ], [ 119.096049628257646, -18.827284655878572 ], [ 119.098657179904961, -18.827482853849229 ], [ 119.101272366904922, -18.827684612440361 ], [ 119.103896552637906, -18.827889595243768 ], [ 119.106527558833562, -18.828097963776919 ], [ 119.10916461279912, -18.828309819979047 ], [ 119.111811101871382, -18.82852455204165 ], [ 119.114465387981028, -18.828742111443802 ], [ 119.117124085750149, -18.82896300844434 ], [ 119.119788331847602, -18.829186873554438 ], [ 119.122456913096769, -18.82941391417425 ], [ 119.125130612809627, -18.829643715367975 ], [ 119.127808647324514, -18.829876323352682 ], [ 119.130492199871, -18.83011137975155 ], [ 119.133178587777053, -18.830349172153763 ], [ 119.135870933579753, -18.830589084059675 ], [ 119.138567287723447, -18.830831268742092 ], [ 119.141267190453135, -18.831075615652718 ], [ 119.143972253947425, -18.831321800354754 ], [ 119.146678839830003, -18.8315701516959 ], [ 119.149388391918649, -18.831820321948811 ], [ 119.15210068163438, -18.832072192199842 ], [ 119.154815485738425, -18.832325642871108 ], [ 119.157531859911401, -18.832580643856662 ], [ 119.160249607982138, -18.832837071492381 ], [ 119.16297003074196, -18.833094595129786 ], [ 119.165692167402966, -18.833353192953442 ], [ 119.168415817697678, -18.833612739163701 ], [ 119.171141633034452, -18.833873014995358 ], [ 119.173868622867161, -18.834133994457368 ], [ 119.176598192078345, -18.83439536308682 ], [ 119.179326997355574, -18.834657366107432 ], [ 119.182056457444702, -18.834919680748808 ], [ 119.18478410516272, -18.835182426068787 ], [ 119.18751367775829, -18.835445030525879 ], [ 119.190242635743289, -18.83570761099535 ], [ 119.192970904101799, -18.835970044161108 ], [ 119.195699831180306, -18.836232018792582 ], [ 119.198427816326983, -18.836493572921611 ], [ 119.201157022694531, -18.83675431884302 ], [ 119.20388495005885, -18.837014371705145 ], [ 119.206614152179455, -18.837273323850802 ], [ 119.209342668259922, -18.837531213247424 ], [ 119.212070521198868, -18.837787898090479 ], [ 119.214795148836089, -18.838043522904361 ], [ 119.21751957344442, -18.838297613685917 ], [ 119.220243118859941, -18.838550091827774 ], [ 119.222965470106715, -18.838800860274951 ], [ 119.225686694320586, -18.83904976374702 ], [ 119.228406715167566, -18.839296669849009 ], [ 119.231126320096578, -18.839541351914583 ], [ 119.233843807313832, -18.839783856041421 ], [ 119.236559960104984, -18.840023952824343 ], [ 119.239274750849646, -18.840261507460724 ], [ 119.241988158449445, -18.840496385589439 ], [ 119.244700168249366, -18.840728453334414 ], [ 119.247410771939641, -18.840957577344728 ], [ 119.250119967465906, -18.841183624835338 ], [ 119.252827758925619, -18.841406463625031 ], [ 119.255534156092324, -18.841625958687541 ], [ 119.258239175064915, -18.841841979374408 ], [ 119.260943637227527, -18.842054260160285 ], [ 119.263646810836022, -18.842262799215764 ], [ 119.26634873096215, -18.842467467721313 ], [ 119.269049438198408, -18.842668137640057 ], [ 119.271749655409408, -18.842864631394743 ], [ 119.274448082208806, -18.843056923627291 ], [ 119.27714626830624, -18.843244698755427 ], [ 119.279843485365447, -18.843427984104409 ], [ 119.282539801087694, -18.843606655990946 ], [ 119.285233698665863, -18.843780863778623 ], [ 119.287927587328625, -18.843950077190545 ], [ 119.290619973149191, -18.844114449584456 ], [ 119.293313188705795, -18.844273557214706 ], [ 119.296005186121917, -18.844427481677549 ], [ 119.298695944254362, -18.844576209461788 ], [ 119.30138713122787, -18.844719347699773 ], [ 119.304077265475868, -18.844857054959302 ], [ 119.306768015111174, -18.844988931350215 ], [ 119.309457930788767, -18.8451151582784 ], [ 119.312147229461587, -18.845235493075847 ], [ 119.314838121051011, -18.845349634659993 ], [ 119.317528514013546, -18.845457809426318 ], [ 119.320221624094444, -18.845559239966722 ], [ 119.322916145911577, -18.845654134753222 ], [ 119.325610657900882, -18.845742722361987 ], [ 119.328305232113607, -18.845824901251131 ], [ 119.331000758075646, -18.845900401155252 ], [ 119.333697351906977, -18.845969121888945 ], [ 119.33639579518281, -18.846030976217566 ], [ 119.33909492312722, -18.846085866807972 ], [ 119.341796168013374, -18.846133701889745 ], [ 119.344499122654739, -18.846174209437706 ], [ 119.347203060374468, -18.846207646815476 ], [ 119.34990950547656, -18.84623376032491 ], [ 119.35261640086182, -18.846252779595851 ], [ 119.355325353745471, -18.846264293200225 ], [ 119.358036499423349, -18.846268213961071 ], [ 119.360749973011423, -18.846264456450296 ], [ 119.363465909271696, -18.846252937023351 ], [ 119.366184578361228, -18.846233360038507 ], [ 119.368905890401265, -18.846206048590954 ], [ 119.37162944676875, -18.846170702900661 ], [ 119.374356775367986, -18.846127089246242 ], [ 119.377088710575933, -18.846075132070318 ], [ 119.379823362565645, -18.846014910323543 ], [ 119.382562258814787, -18.845946188438457 ], [ 119.385304507949087, -18.845869463491553 ], [ 119.388051786483103, -18.845784135742999 ], [ 119.390802831258483, -18.845690316769161 ], [ 119.393557287636227, -18.845587742785387 ], [ 119.396315869626676, -18.845476514152558 ], [ 119.399079328322159, -18.84535659415052 ], [ 119.401844964267681, -18.845228255255883 ], [ 119.404616388075695, -18.845090958197606 ], [ 119.407391670295965, -18.844944771731182 ], [ 119.410172309722995, -18.84478948376454 ], [ 119.412959091916846, -18.844625073126487 ], [ 119.415748663584608, -18.844451998227001 ], [ 119.418541712141192, -18.84427026540336 ], [ 119.421341079070388, -18.844079290863288 ], [ 119.424144169082112, -18.84387938100113 ], [ 119.426953739246954, -18.8436701491115 ], [ 119.429767813683341, -18.843451959113459 ], [ 119.432588520102811, -18.843224160779609 ], [ 119.435415933543197, -18.842986940518006 ], [ 119.438248815105652, -18.842740457157529 ], [ 119.441087182827175, -18.842484917107331 ], [ 119.44392849951862, -18.842220289483425 ], [ 119.446776089772001, -18.841946387706706 ], [ 119.449629351571559, -18.841663196975279 ], [ 119.452488331700977, -18.841370533009968 ], [ 119.455352414255444, -18.841068765391281 ], [ 119.458222286821382, -18.840757708301403 ], [ 119.461098611888076, -18.840437177889477 ], [ 119.463980123438475, -18.840107556335131 ], [ 119.466866809301735, -18.839768861791882 ], [ 119.469759910367614, -18.839420914800886 ], [ 119.472659404730223, -18.839063724501798 ], [ 119.475564004753025, -18.838697331611598 ], [ 119.478473736118957, -18.838321777090275 ], [ 119.481388589081732, -18.837937087931163 ], [ 119.484309814617362, -18.837543278292323 ], [ 119.48723615315437, -18.837140606838844 ], [ 119.490168739917067, -18.836728691074182 ], [ 119.493106290027654, -18.836307781124798 ], [ 119.496050622187269, -18.83587770707933 ], [ 119.498999248558675, -18.835438948656634 ], [ 119.501954534332896, -18.834991136802415 ], [ 119.504914525958867, -18.83453452842161 ], [ 119.507879908480277, -18.834069425978782 ], [ 119.510851038173087, -18.833595453616777 ], [ 119.513826599614958, -18.83311286827627 ], [ 119.516807182293064, -18.832621765575386 ], [ 119.519792012419103, -18.832122195822624 ], [ 119.522782304348652, -18.831614290450474 ], [ 119.525777270791266, -18.831098107984971 ], [ 119.528776267680513, -18.830573922169432 ], [ 119.531780178040762, -18.830041442758567 ], [ 119.534788335357391, -18.829500954200824 ], [ 119.537800104584505, -18.828952739282148 ], [ 119.54081631836651, -18.828396525920233 ], [ 119.543836971329924, -18.827832635084878 ], [ 119.546860109390593, -18.827261291759825 ], [ 119.54988715549716, -18.826682268541212 ], [ 119.55291767188541, -18.826096066284013 ], [ 119.555950599472098, -18.825502586313402 ], [ 119.558986867177438, -18.824901772129031 ], [ 119.562026058724356, -18.824294135046149 ], [ 119.565067066307705, -18.823679606325694 ], [ 119.568111478267497, -18.823058114090884 ], [ 119.571157278623986, -18.822429994073243 ], [ 119.57420564381458, -18.821795367964008 ], [ 119.577254539284681, -18.821154597639641 ], [ 119.580305988298633, -18.820507387689673 ], [ 119.583358644808428, -18.819854096129617 ], [ 119.586413100672345, -18.819194421089517 ], [ 119.589468727933081, -18.818528694618418 ], [ 119.592524033927475, -18.817857744953933 ], [ 119.595578743608954, -18.81718176153645 ], [ 119.598633134276724, -18.816500243168505 ], [ 119.601688266565489, -18.815813740770675 ], [ 119.604742579260147, -18.815122010498584 ], [ 119.607796836536309, -18.814425392068536 ], [ 119.610849336176898, -18.813724095954907 ], [ 119.613900983176279, -18.813018037120742 ], [ 119.616951525796892, -18.812307388871623 ], [ 119.619999554798611, -18.811592567226583 ], [ 119.62304671778746, -18.810873424705669 ], [ 119.626091206359035, -18.810150562210488 ], [ 119.62913157802771, -18.809424405660714 ], [ 119.632171663542977, -18.808694322042278 ], [ 119.635209267550565, -18.807960789325268 ], [ 119.638241958811278, -18.807224117909477 ], [ 119.64127169090898, -18.806484325614328 ], [ 119.644296746405004, -18.805741669521471 ], [ 119.647317201502744, -18.804996489622241 ], [ 119.650332465030289, -18.804248794742151 ], [ 119.65334261924562, -18.803498927193321 ], [ 119.656347788645903, -18.802746834340628 ], [ 119.659348107321094, -18.801992458597688 ], [ 119.662342518719484, -18.801236400745669 ], [ 119.665331884138226, -18.800478578339877 ], [ 119.668315591905895, -18.799718955627259 ], [ 119.671291838256735, -18.79895815097758 ], [ 119.674261929213912, -18.798195854607862 ], [ 119.677225239480634, -18.797432448313501 ], [ 119.680181153268933, -18.796668312058635 ], [ 119.683130177347692, -18.795903146594693 ], [ 119.686071691614188, -18.795137328874731 ], [ 119.689005470677529, -18.794370998422114 ], [ 119.691931623479789, -18.793604059314866 ], [ 119.694849966864368, -18.792837122730916 ], [ 119.697759877205044, -18.792070100734026 ], [ 119.700660366649657, -18.79130313248595 ], [ 119.703552368808673, -18.790536606410743 ], [ 119.706436020424462, -18.789770410112133 ], [ 119.709308852284565, -18.789004684664498 ], [ 119.712172957275968, -18.788239544062069 ], [ 119.715026633663228, -18.787475130558732 ], [ 119.717871565470659, -18.786711294076017 ], [ 119.720706098385477, -18.785948659194151 ], [ 119.723531484527783, -18.785186833940674 ], [ 119.726346798732209, -18.784425938901979 ], [ 119.729149664160744, -18.783666631934786 ], [ 119.731941466509866, -18.782908499128997 ], [ 119.734722464918875, -18.782151866340964 ], [ 119.7374921402713, -18.781397085043178 ], [ 119.740251067904978, -18.780643763334776 ], [ 119.742998743847537, -18.779892240522916 ], [ 119.745734301001647, -18.779143076898048 ], [ 119.748458317359322, -18.778395893326088 ], [ 119.751171024226764, -18.777650548886605 ], [ 119.753873155371323, -18.776907423695445 ], [ 119.756563296461309, -18.776166522926253 ], [ 119.759241695456197, -18.775427706741048 ], [ 119.761906782755389, -18.774691537239061 ], [ 119.764559609853123, -18.773957458792932 ], [ 119.767199725939491, -18.773225717604689 ], [ 119.76982796602698, -18.772496625583631 ], [ 119.772443472019873, -18.771770301347139 ], [ 119.775045674370062, -18.771046667147552 ], [ 119.777636115651021, -18.770325651246313 ], [ 119.780213136948717, -18.769607404194662 ], [ 119.782778259029982, -18.768891859015334 ], [ 119.785330652602113, -18.768179099916356 ], [ 119.787869462638056, -18.76746918750726 ], [ 119.790396242219629, -18.7667620629305 ], [ 119.792910167834449, -18.766057792398463 ], [ 119.795410387528449, -18.765356424421327 ], [ 119.797898819254158, -18.764657727213148 ], [ 119.800374321855003, -18.763961913208576 ], [ 119.802836833636761, -18.763268983707611 ], [ 119.805286802385197, -18.762579103438934 ], [ 119.807723733629288, -18.76189212928584 ], [ 119.810146816615742, -18.761208099841831 ], [ 119.812557318480216, -18.760527125027668 ], [ 119.814955106379855, -18.759848861134213 ], [ 119.817338734524853, -18.75917370707106 ], [ 119.819709690555172, -18.758501241187147 ], [ 119.822067992629854, -18.757831437668287 ], [ 119.82441298442555, -18.75716464190182 ], [ 119.82674581459068, -18.756500585612123 ], [ 119.829065243565154, -18.755839173022597 ], [ 119.831372448525244, -18.755180102626682 ], [ 119.833666794227753, -18.754523709052322 ], [ 119.835946959985733, -18.753870771351647 ], [ 119.838214627291947, -18.753220291787962 ], [ 119.84046949416026, -18.752572429363543 ], [ 119.842710465936733, -18.751927411169621 ], [ 119.844939823631293, -18.751284654568412 ], [ 119.847156482747536, -18.750644385606918 ], [ 119.849360181335442, -18.750006768642514 ], [ 119.851550434741782, -18.749371602911641 ], [ 119.853728912346796, -18.748738730890654 ], [ 119.855895124022155, -18.748107945979751 ], [ 119.858048554831456, -18.74747960971067 ], [ 119.860188698677419, -18.746853497343047 ], [ 119.862317236978129, -18.746229471109235 ], [ 119.864434473003541, -18.745607272159766 ], [ 119.866538813544167, -18.744987503657647 ], [ 119.868631048229901, -18.744369479320188 ], [ 119.87071073579844, -18.74375356171344 ], [ 119.872778407275391, -18.743139252774444 ], [ 119.874833049852185, -18.742526724654791 ], [ 119.876876141409483, -18.741916083498872 ], [ 119.878906550159314, -18.741306862267596 ], [ 119.880924905735199, -18.740699195935548 ], [ 119.882931850618604, -18.740093213922272 ], [ 119.884926226249135, -18.739488448161133 ], [ 119.886908468406645, -18.738885267448413 ], [ 119.88887903696731, -18.738283126076773 ], [ 119.890837754374758, -18.737682193189844 ], [ 119.892784489594121, -18.737082636523979 ], [ 119.894719669401468, -18.736483897566465 ], [ 119.896642329500551, -18.735886200853901 ], [ 119.898554287855006, -18.735289114230287 ], [ 119.900454607504699, -18.734692853793117 ], [ 119.90234331919541, -18.7340973469822 ], [ 119.904220452279006, -18.733502521252806 ], [ 119.906085234302765, -18.732908373416155 ], [ 119.907939476448433, -18.732314431304957 ], [ 119.909782233691445, -18.731720947146265 ], [ 119.911613530064187, -18.731127848825686 ], [ 119.913432203191761, -18.730535678616388 ], [ 119.915240210241691, -18.729943699498701 ], [ 119.917037557514874, -18.729351850417746 ], [ 119.918822689700278, -18.728760218356893 ], [ 119.920596410244613, -18.72816865467983 ], [ 119.922358561188602, -18.727577367335808 ], [ 119.924109502759137, -18.726985736973916 ], [ 119.925849068202453, -18.726393972433645 ], [ 119.927577266027697, -18.72580200775802 ], [ 119.929294103079727, -18.725209777840622 ], [ 119.931001885497295, -18.724617052698921 ], [ 119.932698784249823, -18.72402417634104 ], [ 119.93438220008305, -18.723430423231349 ], [ 119.936053508136794, -18.722836183486702 ], [ 119.937714259535241, -18.7222412718953 ], [ 119.93936290222716, -18.721645759928581 ], [ 119.941000209408088, -18.721049524628572 ], [ 119.942626177049362, -18.720452508276082 ], [ 119.94424080300152, -18.719854654372256 ], [ 119.945844229572302, -18.719255592897429 ], [ 119.947436149287483, -18.718655895767309 ], [ 119.949017454056914, -18.71805510725871 ], [ 119.950587499651448, -18.717452952751028 ], [ 119.952146126004166, -18.716849697229122 ], [ 119.953693321984986, -18.716245290928445 ], [ 119.955229393877531, -18.715639060415498 ], [ 119.956754619106945, -18.7150317491644 ], [ 119.958268022325925, -18.714423729501132 ], [ 119.959770484780051, -18.713814590124731 ], [ 119.961261371770462, -18.7132040923053 ], [ 119.962741383967426, -18.71259209508565 ], [ 119.964207494559929, -18.711979014839201 ], [ 119.965660595757413, -18.711364684562131 ], [ 119.967102922749376, -18.710748725067187 ], [ 119.968533720888445, -18.710131213011543 ], [ 119.969952209019297, -18.709512230518015 ], [ 119.971359865840924, -18.708891516696994 ], [ 119.972755189453537, -18.708269266648948 ], [ 119.974139777172965, -18.707644958768483 ], [ 119.975512598881608, -18.707019186432284 ], [ 119.976873184115448, -18.706391524286754 ], [ 119.978222841074583, -18.705761978841757 ], [ 119.979559941597003, -18.705130998138323 ], [ 119.98088621722313, -18.704497833816191 ], [ 119.982200785707093, -18.703862833767321 ], [ 119.983502740117473, -18.703226328546382 ], [ 119.984793828853498, -18.702587594824529 ], [ 119.986072292629004, -18.701947308657264 ], [ 119.987341241583877, -18.701304549956699 ], [ 119.988598854095741, -18.700659979704916 ], [ 119.989844036509808, -18.700013355345199 ], [ 119.991076653910781, -18.69936489043258 ], [ 119.992297438412677, -18.698714453532389 ], [ 119.993506388430561, -18.698062032733272 ], [ 119.994703504001365, -18.697407617232308 ], [ 119.995888609778973, -18.696751414476331 ], [ 119.997062057697519, -18.696092987360405 ], [ 119.998223510754329, -18.695432750171364 ], [ 119.999373328268277, -18.69477027575504 ], [ 120.000510651916059, -18.694105908230217 ], [ 120.00163669176878, -18.693439571355068 ], [ 120.002751125259238, -18.692771001497011 ], [ 120.003853611972474, -18.692100582400919 ], [ 120.004943663145724, -18.691428266962074 ], [ 120.006022653413282, -18.690753769678722 ], [ 120.007089927247534, -18.690077231969298 ], [ 120.008145699086413, -18.689398468455497 ], [ 120.009189616731589, -18.688717853350024 ], [ 120.010221889390337, -18.688035203643356 ], [ 120.011242549199821, -18.687350522862243 ], [ 120.012252494835764, -18.68666346840515 ], [ 120.013250037283782, -18.685974730460352 ], [ 120.014235634248706, -18.68528395915359 ], [ 120.015210248151689, -18.684591187753231 ], [ 120.016173675069368, -18.68389622561369 ], [ 120.017124891071688, -18.683199615824702 ], [ 120.018065459698605, -18.682500843432624 ], [ 120.018995651592263, -18.681799331372222 ], [ 120.019914021459755, -18.681095977340771 ], [ 120.020820665322091, -18.680391186744394 ], [ 120.021717089005051, -18.679684072117674 ], [ 120.022601675044214, -18.678975355790421 ], [ 120.02347615963582, -18.678264338958972 ], [ 120.024339337039137, -18.677551360148485 ], [ 120.025191947420396, -18.67683622875288 ], [ 120.02603510417606, -18.676118815900438 ], [ 120.026866975859988, -18.675399639238258 ], [ 120.027688533002191, -18.674678757742107 ], [ 120.028498790428401, -18.673956340582109 ], [ 120.029299249820212, -18.673231878536619 ], [ 120.030088771531453, -18.672505716624432 ], [ 120.030868067746795, -18.671777698612271 ], [ 120.031637835840243, -18.671047664431921 ], [ 120.032397127452398, -18.670315767367963 ], [ 120.033146345714783, -18.669582237193868 ], [ 120.033885901251296, -18.668846689640407 ], [ 120.034615448083855, -18.668109736320346 ], [ 120.035335529876662, -18.667370799306173 ], [ 120.036045965841552, -18.666630295472444 ], [ 120.036747002779705, -18.665888046242721 ], [ 120.03743934047138, -18.665143873932529 ], [ 120.038121918680503, -18.664398171633206 ], [ 120.038795449130532, -18.663650759842007 ], [ 120.03945949905777, -18.662901829865834 ], [ 120.040115472531866, -18.662150790046038 ], [ 120.040762349853296, -18.661398025156455 ], [ 120.041401295468816, -18.660643354749304 ], [ 120.042031286052875, -18.659887196387288 ], [ 120.042652905188447, -18.659129588563353 ], [ 120.043267077429363, -18.658369888290594 ], [ 120.043873658433057, -18.657608576448659 ], [ 120.044472876812122, -18.65684545318657 ], [ 120.045063750805639, -18.656080945446739 ], [ 120.045646349110029, -18.655315279897188 ], [ 120.046221491290993, -18.654548026228685 ], [ 120.046789418129364, -18.653778956123915 ], [ 120.047350074488364, -18.653008551109505 ], [ 120.047903704810039, -18.652236586488911 ], [ 120.048451505271544, -18.65146266517209 ], [ 120.04899259672429, -18.650686991429748 ], [ 120.049526424499177, -18.649910262783859 ], [ 120.05005407216062, -18.649131239393515 ], [ 120.050574816993986, -18.648351122612894 ], [ 120.051089963663131, -18.647569249616083 ], [ 120.051598421154324, -18.646786589519284 ], [ 120.05210166336353, -18.646001963579064 ], [ 120.052599131064241, -18.645216091010315 ], [ 120.053091069607845, -18.644428726757106 ], [ 120.053577723788436, -18.64363964237921 ], [ 120.054059040814792, -18.642849336914402 ], [ 120.054535276224485, -18.642057570696924 ], [ 120.055006201380849, -18.641264326724865 ], [ 120.05547240207963, -18.640469605695252 ], [ 120.055934032397815, -18.639673409933543 ], [ 120.056391246421882, -18.638875741301625 ], [ 120.056844198166061, -18.638076601189422 ], [ 120.057292537057492, -18.637276197032858 ], [ 120.057737186268838, -18.63647379009366 ], [ 120.058177961663077, -18.635670140702576 ], [ 120.058615005557627, -18.634865249129621 ], [ 120.059048327522916, -18.634059395256727 ], [ 120.059478443619398, -18.633251829947412 ], [ 120.059905251368207, -18.632443050384456 ], [ 120.060328666521315, -18.631632777981221 ], [ 120.060749692072847, -18.63082083544133 ], [ 120.061167850658762, -18.630007657329926 ], [ 120.061583556755622, -18.629192783248474 ], [ 120.061997160195901, -18.62837645126671 ], [ 120.062408578178122, -18.627558440959206 ], [ 120.062818153906534, -18.626738986888363 ], [ 120.063225354467434, -18.625918062011575 ], [ 120.063630662000563, -18.62509567690736 ], [ 120.06403408210997, -18.624272008198826 ], [ 120.064435569451305, -18.623446849880875 ], [ 120.064835449492492, -18.622620393443817 ], [ 120.065234638298534, -18.621792014033858 ], [ 120.065632006997717, -18.620962535058219 ], [ 120.066029451098572, -18.620130526480253 ], [ 120.066425702609891, -18.61929699018237 ], [ 120.066821338787463, -18.618462044557916 ], [ 120.067215859439159, -18.617625759877257 ], [ 120.067609859791958, -18.61678790263063 ], [ 120.06800376774703, -18.615948417828605 ], [ 120.068396793156595, -18.615107741957722 ], [ 120.068789668470799, -18.614265470151274 ], [ 120.069182956629987, -18.613421370539932 ], [ 120.069575884009467, -18.612575875479397 ], [ 120.069969017385645, -18.611728749527739 ], [ 120.070362469529911, -18.610879980712966 ], [ 120.070756351114326, -18.610029556763671 ], [ 120.071150770679694, -18.60917746512845 ], [ 120.071545834601054, -18.60832369299586 ], [ 120.071941647061067, -18.607468227316044 ], [ 120.072338682775623, -18.606610742086897 ], [ 120.072736688670133, -18.605751533532647 ], [ 120.07313599515885, -18.604890526289115 ], [ 120.07353662458101, -18.604027626538059 ], [ 120.073938318946546, -18.603163185511711 ], [ 120.074341084006932, -18.602297042911061 ], [ 120.074745240823859, -18.60142911649022 ], [ 120.075151285309545, -18.600559187783574 ], [ 120.075558269035369, -18.599687807023951 ], [ 120.075967508781474, -18.598814260742383 ], [ 120.076378059808405, -18.597939089252783 ], [ 120.076790021783665, -18.597062261048155 ], [ 120.077204061797403, -18.596183486631443 ], [ 120.077619884947794, -18.59530288754296 ], [ 120.078037747299831, -18.594420383128824 ], [ 120.078458105659436, -18.593535757702611 ], [ 120.078880000368983, -18.59264953883649 ], [ 120.079304600156462, -18.591761106475609 ], [ 120.079731645728174, -18.590870644018295 ], [ 120.0801606586502, -18.589978413815647 ], [ 120.080592081878223, -18.589084199653225 ], [ 120.081025967227873, -18.588187990570368 ], [ 120.081462364153907, -18.587289776137695 ], [ 120.081901578689184, -18.58638940929487 ], [ 120.08234314250889, -18.585487153814238 ], [ 120.082787352293707, -18.584582865330706 ], [ 120.083234242678756, -18.583676536766795 ], [ 120.083684224372291, -18.582767978138438 ], [ 120.084138278823346, -18.581856689650138 ], [ 120.084594421407672, -18.580943680111787 ], [ 120.085051878207281, -18.580029370124649 ], [ 120.085512556724225, -18.579112800332442 ], [ 120.085976113741978, -18.578194157520482 ], [ 120.086442806490396, -18.577273307404401 ], [ 120.08691242561072, -18.576350377590465 ], [ 120.087384996813782, -18.57542536545386 ], [ 120.08786053768182, -18.574498272875523 ], [ 120.088339281217159, -18.573568966484377 ], [ 120.08882080689493, -18.572637720704186 ], [ 120.089305791301101, -18.571704116704254 ], [ 120.089793600172086, -18.57076857604228 ], [ 120.09028444747625, -18.569830972978547 ], [ 120.090778112089964, -18.568891478884296 ], [ 120.091275143972624, -18.567949783596276 ], [ 120.091774872814369, -18.567006258800696 ], [ 120.092277968202794, -18.566060559005386 ], [ 120.092784162655818, -18.565112785457401 ], [ 120.093293204815396, -18.564163169200501 ], [ 120.093806426651909, -18.563210911504441 ], [ 120.094322057093081, -18.562257155731221 ], [ 120.094840336958953, -18.561301704739716 ], [ 120.095361290680728, -18.56034458159845 ], [ 120.095884917928657, -18.559385809416561 ], [ 120.096412024962461, -18.558424885002228 ], [ 120.096941595086292, -18.557462521196285 ], [ 120.097474418883607, -18.556498232517225 ], [ 120.098010170083924, -18.555532237610578 ], [ 120.098549007998031, -18.554564406058876 ], [ 120.099090715741056, -18.553594947772414 ], [ 120.099635396302659, -18.552623887483321 ], [ 120.1001827806531, -18.551651302434298 ], [ 120.100733255639298, -18.550677046795027 ], [ 120.101286331000594, -18.54970152234678 ], [ 120.101842759839258, -18.548724111923754 ], [ 120.102401341458346, -18.547745699575167 ], [ 120.10296235988362, -18.546766147557204 ], [ 120.10352650846616, -18.545784987263911 ], [ 120.104093469538284, -18.544802451086657 ], [ 120.104662484155781, -18.543819297663465 ], [ 120.10523420786771, -18.54283507408601 ], [ 120.105808068322176, -18.541850217024891 ], [ 120.106384856750282, -18.540864070518399 ], [ 120.106963721945178, -18.53987743742114 ], [ 120.107545168585133, -18.538889844519229 ], [ 120.108128890329027, -18.5379017328938 ], [ 120.108715367355728, -18.536912606862895 ], [ 120.109303901232366, -18.535923144636019 ], [ 120.10989460036923, -18.534933409606882 ], [ 120.110487909193765, -18.533942898187927 ], [ 120.11108304400986, -18.532952510101545 ], [ 120.111680685675239, -18.531961519053379 ], [ 120.112280080714157, -18.530970836528603 ], [ 120.11288178140704, -18.52997992188342 ], [ 120.113485256061523, -18.528989322911972 ], [ 120.114090939360679, -18.52799867929653 ], [ 120.114698546233768, -18.52700832680253 ], [ 120.115307942127615, -18.526018573093253 ], [ 120.115919024823128, -18.52502933796849 ], [ 120.116532125186339, -18.524040476099341 ], [ 120.117146960819156, -18.523052317999376 ], [ 120.117763936267451, -18.522064539580033 ], [ 120.118382734937995, -18.521077480750556 ], [ 120.119002859129566, -18.520091687791368 ], [ 120.119624371782592, -18.519107034041319 ], [ 120.120247377084638, -18.518123625707627 ], [ 120.120871826791529, -18.517141569973035 ], [ 120.12149744840255, -18.516161172138272 ], [ 120.122124421726113, -18.515182333035209 ], [ 120.122752699396045, -18.514205179811736 ], [ 120.123382232725135, -18.513229832469975 ], [ 120.12401297156066, -18.512256408334686 ], [ 120.124644978054036, -18.511285023873068 ], [ 120.125278174426697, -18.51031557130506 ], [ 120.125912412943464, -18.509348186061857 ], [ 120.126547964720771, -18.508382739425475 ], [ 120.127184291509707, -18.507420221606846 ], [ 120.127821646346277, -18.506460330094551 ], [ 120.12845976438453, -18.505503401044727 ], [ 120.12909901156695, -18.504548927605889 ], [ 120.129738806790613, -18.503597674641487 ], [ 120.130379098521516, -18.502649754249244 ], [ 120.131020169633345, -18.501704859311417 ], [ 120.131661637992948, -18.500763507459553 ], [ 120.132303471515243, -18.49982578540952 ], [ 120.132945737606704, -18.498891770991477 ], [ 120.133588500604915, -18.497961401713987 ], [ 120.134231714055488, -18.497034789479969 ], [ 120.134875332002395, -18.496112044923418 ], [ 120.135519309016445, -18.495193277304487 ], [ 120.136163597625114, -18.494278591457277 ], [ 120.136808225063689, -18.493368013857122 ], [ 120.137452987960714, -18.492461789654943 ], [ 120.138098374075071, -18.491559441814932 ], [ 120.138743870678596, -18.490661631127114 ], [ 120.139389357993934, -18.489768499152341 ], [ 120.140034571317585, -18.488880467593528 ], [ 120.140679965180709, -18.487996999933145 ], [ 120.14132523184233, -18.487118458809093 ], [ 120.141970302280129, -18.486245072193149 ], [ 120.142615259242888, -18.485376729013609 ], [ 120.143259885626136, -18.484513749852059 ], [ 120.143904602383614, -18.483655548284254 ], [ 120.144548999744472, -18.482802823251863 ], [ 120.145192954439452, -18.481955717451832 ], [ 120.145837248605403, -18.481112778485517 ], [ 120.14648098635017, -18.480275744854687 ], [ 120.147124025611632, -18.479445084660647 ], [ 120.147766688955585, -18.478620067450233 ], [ 120.14840904811588, -18.477800553843217 ], [ 120.149050871933156, -18.476987005306277 ], [ 120.149692230414871, -18.476179277716533 ], [ 120.150333095791026, -18.475377424166396 ], [ 120.150973441343453, -18.474581494572558 ], [ 120.151613361958468, -18.473791335363753 ], [ 120.152252944159542, -18.473006914370803 ], [ 120.152891795786374, -18.472228752348034 ], [ 120.153530367662498, -18.471456212824101 ], [ 120.154168057034965, -18.470690103717683 ], [ 120.154805076030726, -18.469930165721333 ], [ 120.155441184220422, -18.469176714024229 ], [ 120.156076471186083, -18.468429637888963 ], [ 120.156711396850127, -18.467688314124878 ], [ 120.157345376363011, -18.466953533088535 ], [ 120.157978478915581, -18.466225176638297 ], [ 120.158610969659605, -18.465502913878158 ], [ 120.159242757010801, -18.464786792320986 ], [ 120.159873698222839, -18.464077070965541 ], [ 120.160504436290822, -18.463372739573114 ], [ 120.16113414362944, -18.462675012310019 ], [ 120.161763017084908, -18.461983578265816 ], [ 120.162390675400246, -18.461298987370196 ], [ 120.163017513392631, -18.460620627432956 ], [ 120.163643711230321, -18.459948184096877 ], [ 120.164269011746313, -18.459282048966848 ], [ 120.164893355995758, -18.458622278798657 ], [ 120.165516865257217, -18.457968661227067 ], [ 120.166139426666248, -18.457321365225873 ], [ 120.16676132175391, -18.456679868042222 ], [ 120.167382327020633, -18.456044545853381 ], [ 120.168002398304935, -18.45541545961057 ], [ 120.168621647313898, -18.454792372207976 ], [ 120.169240181582111, -18.454175028176266 ], [ 120.169857798261191, -18.453563807641206 ], [ 120.170474717785822, -18.45295823526012 ], [ 120.171090847461571, -18.452358476799265 ], [ 120.171706195136252, -18.451764481157472 ], [ 120.172320769486419, -18.451176194878855 ], [ 120.17293464048889, -18.45059351191253 ], [ 120.173547858736001, -18.450016219745535 ], [ 120.174160317887782, -18.449444484228675 ], [ 120.17477203023553, -18.448878243042575 ], [ 120.175383008704273, -18.448317431876873 ], [ 120.175993265967591, -18.447761984392884 ], [ 120.17660297800586, -18.44721156487574 ], [ 120.177211855285435, -18.446666564805366 ], [ 120.177820022568909, -18.446126785549083 ], [ 120.17842752934169, -18.445592080848783 ], [ 120.179034248331504, -18.44506256591561 ], [ 120.179640335556272, -18.444538043704984 ], [ 120.180245811799324, -18.44401828358528 ], [ 120.180850683585362, -18.443503283275462 ], [ 120.181454829235108, -18.442993243488811 ], [ 120.182058548255583, -18.442487525421058 ], [ 120.182661585552609, -18.441986603009116 ], [ 120.183264096050536, -18.441490110718075 ], [ 120.183866234101217, -18.440997700896077 ], [ 120.184467739693517, -18.440509817834645 ], [ 120.185068908624359, -18.440025848900774 ], [ 120.185669476058578, -18.43954622471303 ], [ 120.186270178657125, -18.439069609305214 ], [ 120.186870741091482, -18.438596428012794 ], [ 120.187470753116756, -18.438127324988798 ], [ 120.188070253231857, -18.437662197849814 ], [ 120.188669388955489, -18.43720069289564 ], [ 120.189268173075064, -18.436742711132666 ], [ 120.189866436920425, -18.436288388735459 ], [ 120.190464552378756, -18.43583714445673 ], [ 120.19106198651302, -18.435389631749199 ], [ 120.191659429783016, -18.43494475757597 ], [ 120.192256472108383, -18.4345031770908 ], [ 120.192853248518759, -18.434064542043117 ], [ 120.193449528290444, -18.433629274085419 ], [ 120.194045367400648, -18.433197000216243 ], [ 120.194640968522179, -18.432767376504646 ], [ 120.195236340224511, -18.43234030588399 ], [ 120.195831490120241, -18.431915691069026 ], [ 120.196426531225612, -18.431493183236139 ], [ 120.197021253201399, -18.431073190760131 ], [ 120.197615769978, -18.430655361242383 ], [ 120.198210182535348, -18.430239351243518 ], [ 120.198804479932306, -18.429825081826522 ], [ 120.199399229483092, -18.429411848308785 ], [ 120.199994022414543, -18.42900005404038 ], [ 120.200587982643967, -18.428590739622312 ], [ 120.201181727604862, -18.428182993780311 ], [ 120.201775042321174, -18.427777006791324 ], [ 120.202368134239606, -18.427372407977327 ], [ 120.20296135376239, -18.426968327392498 ], [ 120.203554049742991, -18.426566012176313 ], [ 120.204146533011851, -18.426165034281855 ], [ 120.204738661520423, -18.42576507997433 ], [ 120.205330343472482, -18.425366313994697 ], [ 120.205922023994276, -18.424967837876832 ], [ 120.206513503581888, -18.424569845081074 ], [ 120.20710447106535, -18.42417296855395 ], [ 120.207694708746956, -18.423777379428827 ], [ 120.20828488043469, -18.423381660301285 ], [ 120.208874559936277, -18.422986489221163 ], [ 120.20946393459613, -18.422591301961596 ], [ 120.210052564495513, -18.422196776800501 ], [ 120.210641144298705, -18.42180152189648 ], [ 120.211229334094838, -18.421405994088399 ], [ 120.211816984300526, -18.421010327693295 ], [ 120.212403933396985, -18.420614644837411 ], [ 120.212989943510195, -18.420219167957605 ], [ 120.213575287620159, -18.41982327006658 ], [ 120.214160136607717, -18.419426518777744 ], [ 120.214744033989106, -18.419029492878494 ], [ 120.215327481131183, -18.418631195304663 ], [ 120.215909770896886, -18.418232704514853 ], [ 120.216491529671671, -18.417832765940812 ], [ 120.217072018315378, -18.417432460765987 ], [ 120.217651388080071, -18.417031366371834 ], [ 120.218229955023148, -18.416628780979636 ], [ 120.218807210382082, -18.416225326651382 ], [ 120.219383552610452, -18.415820212737671 ], [ 120.219958464450158, -18.415414063055433 ], [ 120.220532346430986, -18.415006088249349 ], [ 120.221104514653931, -18.414597141115912 ], [ 120.221675445223923, -18.414186339501235 ], [ 120.222245170925859, -18.413773451155613 ], [ 120.222813132627692, -18.41335914255794 ], [ 120.223379927077957, -18.412942374716962 ], [ 120.223944647502876, -18.412524250284228 ], [ 120.224508069464761, -18.412103512893843 ], [ 120.225069451575521, -18.411681047066669 ], [ 120.225628773935398, -18.411256640618543 ], [ 120.226186614965542, -18.410829372618412 ], [ 120.226742447615834, -18.410399780873007 ], [ 120.227295924284732, -18.40996817800243 ], [ 120.227847501599683, -18.409533714035032 ], [ 120.228396566041937, -18.409097111264561 ], [ 120.2289435896475, -18.40865749762775 ], [ 120.2294880191359, -18.408215464286286 ], [ 120.230029918346602, -18.40777084981389 ], [ 120.23056956607148, -18.407323026592152 ], [ 120.231106104738856, -18.406873006496426 ], [ 120.231640459709212, -18.406419389116571 ], [ 120.232172054814654, -18.405962785209631 ], [ 120.232700293766555, -18.405503805865308 ], [ 120.23322590441326, -18.405041296017995 ], [ 120.23374846643344, -18.40457580660518 ], [ 120.234268021614966, -18.404106910353423 ], [ 120.234784681063374, -18.403634499756862 ], [ 120.23529789311705, -18.40315898772679 ], [ 120.235808143493202, -18.40267962632954 ], [ 120.236315316845378, -18.402196571724836 ], [ 120.236819082431964, -18.401710015852686 ], [ 120.237318799369291, -18.401220580643315 ], [ 120.237815537183508, -18.400726875265601 ], [ 120.238309311461109, -18.400228622756114 ], [ 120.238799115634947, -18.399727104543306 ], [ 120.239285701767116, -18.399221411854388 ], [ 120.23976807486865, -18.398712644634326 ], [ 120.240246044292746, -18.398200529451955 ], [ 120.240719582865083, -18.397684989438048 ], [ 120.241189390806923, -18.397165358058775 ], [ 120.241654925324298, -18.396642022986196 ], [ 120.242116618479571, -18.396114529184004 ], [ 120.242574180966685, -18.395583054950972 ], [ 120.243027566497929, -18.395047573751047 ], [ 120.243476956915714, -18.394507846736438 ], [ 120.243922027242434, -18.393964227824934 ], [ 120.244363432832088, -18.393415557822053 ], [ 120.244800972966445, -18.39286230072026 ], [ 120.24523415138674, -18.392304896817706 ], [ 120.24566200632492, -18.39174440443843 ], [ 120.246085384008978, -18.391179909086748 ], [ 120.246504030719819, -18.390611637340267 ], [ 120.246918529505464, -18.390038765865167 ], [ 120.247328569878434, -18.389461687167927 ], [ 120.24773413961276, -18.3888803876232 ], [ 120.24813500879597, -18.38829506237207 ], [ 120.248531182123628, -18.387705678174125 ], [ 120.248922781600641, -18.387112231813113 ], [ 120.249310002837845, -18.38651428454483 ], [ 120.249692960696379, -18.385911839593607 ], [ 120.250071247613363, -18.385305311128459 ], [ 120.250445405390735, -18.384694050470031 ], [ 120.250815355605894, -18.384078249758151 ], [ 120.251181058501629, -18.383457879641092 ], [ 120.251542616587557, -18.382832968282713 ], [ 120.251899858862998, -18.382203719795154 ], [ 120.252252593241096, -18.381570332375205 ], [ 120.252601271802789, -18.380932408891777 ], [ 120.252945411632368, -18.380290601308378 ], [ 120.253285025113072, -18.379644957718369 ], [ 120.253620998859773, -18.378994408841923 ], [ 120.253952318200916, -18.378340241781508 ], [ 120.254279567899175, -18.377681828399766 ], [ 120.254602806566254, -18.377019175286911 ], [ 120.254921887136916, -18.376352465982926 ], [ 120.255237088950537, -18.375681532401192 ], [ 120.255548800233456, -18.375005914820306 ], [ 120.25585678711262, -18.374326084693138 ], [ 120.256161460420813, -18.373641577333245 ], [ 120.256462437874021, -18.372953176074279 ], [ 120.256759740542648, -18.372260778390459 ], [ 120.25705416447741, -18.371563574298744 ], [ 120.257344924124325, -18.370862708696897 ], [ 120.25763295361196, -18.370157075292585 ], [ 120.2579174984497, -18.369447824439852 ], [ 120.258198649563752, -18.368734992040149 ], [ 120.258476669429825, -18.368018306508972 ], [ 120.258752335223832, -18.367296951848456 ], [ 120.259024745182984, -18.366572279516994 ], [ 120.259294515263733, -18.365843643236595 ], [ 120.259561610447903, -18.365111245976784 ], [ 120.259826454546769, -18.364374730954999 ], [ 120.260088851273395, -18.363634514665577 ], [ 120.260349075648364, -18.36289042509204 ], [ 120.260607401065215, -18.362142276535121 ], [ 120.260863637972875, -18.361390513274674 ], [ 120.261118372819567, -18.360634516345375 ], [ 120.26137157739312, -18.359874535397093 ], [ 120.261623062670552, -18.359111042426917 ], [ 120.261872954135271, -18.35834406207692 ], [ 120.262121160009031, -18.35757387617376 ], [ 120.262368587246726, -18.356799509543453 ], [ 120.262614986754002, -18.356021484553484 ], [ 120.262860496494639, -18.355239824053918 ], [ 120.263105255447144, -18.354454554007482 ], [ 120.263349403126682, -18.353665706581964 ], [ 120.263593493339883, -18.35287277315938 ], [ 120.263836866176447, -18.352076802548694 ], [ 120.264080470424659, -18.351276782070261 ], [ 120.264323779886098, -18.350473527339449 ], [ 120.264567205820882, -18.349666800409011 ], [ 120.264811308236702, -18.348856082379957 ], [ 120.265055293823792, -18.348042679022004 ], [ 120.265299836690531, -18.347225844374282 ], [ 120.265544673799695, -18.346406121806258 ], [ 120.265790669533359, -18.345582694590643 ], [ 120.266037790721796, -18.344755644680816 ], [ 120.266285965258177, -18.343925457455008 ], [ 120.266535134758129, -18.343092213701169 ], [ 120.266786294961648, -18.342254851548038 ], [ 120.267038968970652, -18.341414402069649 ], [ 120.267293411259217, -18.340570637205744 ], [ 120.267549427648561, -18.339723883068157 ], [ 120.267808135373983, -18.338872845607504 ], [ 120.268068971251267, -18.338018777188218 ], [ 120.268332004458387, -18.337161876106858 ], [ 120.26859713344345, -18.33630223334254 ], [ 120.268865411062791, -18.335438737572169 ], [ 120.269136427074955, -18.334572165713279 ], [ 120.269410541122781, -18.333702086913473 ], [ 120.269687345710665, -18.332829281681235 ], [ 120.269967792101838, -18.331952815919443 ], [ 120.270251680764076, -18.33107304269884 ], [ 120.270539160193337, -18.330189956823805 ], [ 120.270830046402878, -18.329303920016788 ], [ 120.27112515858947, -18.328414183152901 ], [ 120.271424303243876, -18.327521108832791 ], [ 120.271727626265999, -18.326624685626907 ], [ 120.27203480219741, -18.325725490973856 ], [ 120.272347409146832, -18.324821714619592 ], [ 120.27266516397097, -18.323913895054133 ], [ 120.272987091128243, -18.323003408400215 ], [ 120.273314123097435, -18.322089233303515 ], [ 120.273646252485207, -18.321171547291087 ], [ 120.273982926151575, -18.320251159961806 ], [ 120.274325102219521, -18.319327061158457 ], [ 120.274672758644016, -18.318399418734181 ], [ 120.275025852468715, -18.317468393320553 ], [ 120.275384872334385, -18.316533575942369 ], [ 120.275749601381776, -18.315595304101688 ], [ 120.276120527601208, -18.314653180651156 ], [ 120.2764976129329, -18.313707349850493 ], [ 120.276880797737334, -18.312757948334525 ], [ 120.277270587912696, -18.311804586557429 ], [ 120.277666403210489, -18.310847953970065 ], [ 120.278069598794787, -18.309886732783223 ], [ 120.278479578406746, -18.308921611505998 ], [ 120.278896469682635, -18.307952541523161 ], [ 120.279320399076695, -18.30697947231198 ], [ 120.279750946879858, -18.306002896032229 ], [ 120.280189504870521, -18.305021503941319 ], [ 120.280635456689211, -18.304035948637413 ], [ 120.281088924836169, -18.303046172042254 ], [ 120.281549691131517, -18.302052426307771 ], [ 120.282017681152126, -18.301054864511951 ], [ 120.282494146250116, -18.300052341105193 ], [ 120.282979220690251, -18.299044789390877 ], [ 120.283473676628859, -18.298031539151275 ], [ 120.283975707810285, -18.297014274518897 ], [ 120.284486980964161, -18.295991551405113 ], [ 120.285006862120852, -18.294963938104917 ], [ 120.285535470318649, -18.293931349969572 ], [ 120.286070450726015, -18.292895972748713 ], [ 120.286614862196402, -18.291855029791829 ], [ 120.287168004432274, -18.290809117987344 ], [ 120.287729980132596, -18.289758319782305 ], [ 120.288301712169698, -18.288701714071216 ], [ 120.288882685826835, -18.287639767979179 ], [ 120.289473005429642, -18.286572392694264 ], [ 120.290072152129127, -18.285500026615747 ], [ 120.290681478368512, -18.28442150614341 ], [ 120.291300449759234, -18.283337277893949 ], [ 120.2919285266277, -18.282247777250216 ], [ 120.292567294188757, -18.281151730070224 ], [ 120.293215803384172, -18.280049790125901 ], [ 120.293873884474252, -18.278942174050851 ], [ 120.294543432476104, -18.277827258347518 ], [ 120.295223240382228, -18.276706000460749 ], [ 120.29591291966193, -18.275578715261158 ], [ 120.296613884003975, -18.274444243826462 ], [ 120.297324149719586, -18.273304018250268 ], [ 120.298045577435488, -18.272156598699041 ], [ 120.29877706540384, -18.271002836893093 ], [ 120.29951865096173, -18.269842656330038 ], [ 120.300271820251112, -18.268674863993255 ], [ 120.301035246052649, -18.267500431931776 ], [ 120.301810434818364, -18.266318166750501 ], [ 120.302596034092744, -18.265129037713404 ], [ 120.303393570806051, -18.263931851384882 ], [ 120.304201666919752, -18.262727574554678 ], [ 120.305021869996665, -18.261515014114767 ], [ 120.305852961426766, -18.260294957412423 ], [ 120.306696118664775, -18.259066585448863 ], [ 120.307550295742502, -18.257830483963389 ], [ 120.308416889526498, -18.256585647372166 ], [ 120.309294262542238, -18.255333235780977 ], [ 120.310184389705029, -18.254071666341829 ], [ 120.311086199567825, -18.252801770120037 ], [ 120.311999375533233, -18.251523520348055 ], [ 120.312925311882424, -18.250235983887151 ], [ 120.313862380905931, -18.248940293389261 ], [ 120.314812521552824, -18.247634873535997 ], [ 120.315773907616986, -18.246321087225969 ], [ 120.316748516696308, -18.244997321345604 ], [ 120.317735437334562, -18.243664228739274 ], [ 120.318734724926543, -18.24232170079469 ], [ 120.319745622409656, -18.24097015231316 ], [ 120.320769808304263, -18.239608426829662 ], [ 120.321806362886875, -18.238237204369725 ], [ 120.322855647684776, -18.236855863434062 ], [ 120.323917400125282, -18.235464823214816 ], [ 120.324991139330692, -18.234063977412433 ], [ 120.326078264144982, -18.232652721337548 ], [ 120.327178281682151, -18.231230935516457 ], [ 120.328291074636255, -18.229798800633127 ], [ 120.329417425528334, -18.228355969231856 ], [ 120.330557553012312, -18.226902037483118 ], [ 120.331709771365738, -18.225437992109544 ], [ 120.332874962287775, -18.223963218288787 ], [ 120.334053281241836, -18.222477329015518 ], [ 120.335244445977736, -18.220980877687012 ], [ 120.336448616079977, -18.219473482281789 ], [ 120.337665806452932, -18.217955075044575 ], [ 120.338895293956469, -18.216425832902665 ], [ 120.340138559539213, -18.214885222923833 ], [ 120.341394083900724, -18.213333710049614 ], [ 120.342661624724812, -18.211771885427659 ], [ 120.343943031295694, -18.210198262518361 ], [ 120.345237537127716, -18.208613039498747 ], [ 120.346544021596827, -18.207017384541132 ], [ 120.347864803247319, -18.205408523184683 ], [ 120.349198427706668, -18.20378867802577 ], [ 120.350544862116223, -18.202157814062826 ], [ 120.351903313974447, -18.200516087994085 ], [ 120.353275422622914, -18.198862739908968 ], [ 120.354660515000774, -18.197197641983706 ], [ 120.356057636245822, -18.195521339721562 ], [ 120.357468583540211, -18.193832796885058 ], [ 120.358892073401208, -18.19213325743145 ], [ 120.36032839390144, -18.19042203216911 ], [ 120.361777173735035, -18.188699823317535 ], [ 120.363238180213102, -18.186966986618081 ], [ 120.364711683215887, -18.18522286843654 ], [ 120.366196464935697, -18.183468384089061 ], [ 120.367694747187926, -18.181701841082774 ], [ 120.36920550645398, -18.179923834473822 ], [ 120.370728266337807, -18.178135111867363 ], [ 120.372263344272966, -18.176335064218335 ], [ 120.373810452664543, -18.17452410969728 ], [ 120.375370048283926, -18.172702500114116 ], [ 120.376943859878921, -18.170868663415124 ], [ 120.378530379726655, -18.169023885550192 ], [ 120.380125659417757, -18.16717009301269 ], [ 120.381732538692503, -18.165305839872531 ], [ 120.383349886982813, -18.163431774281346 ], [ 120.384979622077509, -18.161546964660982 ], [ 120.386620609914488, -18.159652074748003 ], [ 120.388274055843212, -18.157746361685476 ], [ 120.389939846006385, -18.155829955978266 ], [ 120.391615506129838, -18.153904424831172 ], [ 120.393300895038806, -18.151969945844129 ], [ 120.394996585814383, -18.150026507163108 ], [ 120.396701986381132, -18.148074136566869 ], [ 120.398418447632523, -18.146112605962774 ], [ 120.400145070192622, -18.144142305783788 ], [ 120.401881702621154, -18.142163428063327 ], [ 120.403628975854204, -18.140175926992296 ], [ 120.40538601226848, -18.138180190821821 ], [ 120.407154034629087, -18.136175540417838 ], [ 120.408927999974054, -18.134165092231708 ], [ 120.410712221799798, -18.132146542833652 ], [ 120.412505486078601, -18.130120671284686 ], [ 120.414307623612757, -18.128087708813059 ], [ 120.416118823615648, -18.126047565442271 ], [ 120.417939262664831, -18.124000174994432 ], [ 120.419767666021656, -18.121946770102845 ], [ 120.42160422594165, -18.119887268637104 ], [ 120.423448054841714, -18.117822537647861 ], [ 120.425300083553978, -18.115751843229592 ], [ 120.427159395093867, -18.113676122160495 ], [ 120.429025173561556, -18.111595879635075 ], [ 120.430899583995256, -18.109509901293073 ], [ 120.432779745816987, -18.10742029538325 ], [ 120.434667820847991, -18.105325849092093 ], [ 120.436562985435302, -18.103227044059764 ], [ 120.438463753741203, -18.101125095968396 ], [ 120.440372872542568, -18.099018574782406 ], [ 120.442287279924997, -18.09690944605364 ], [ 120.444207768148942, -18.094797426269633 ], [ 120.446134162813749, -18.09268279631744 ], [ 120.448067002689541, -18.090565120750508 ], [ 120.450005990638132, -18.08844519594501 ], [ 120.451949076377701, -18.086324455442018 ], [ 120.453897675619771, -18.084202386452276 ], [ 120.455851768721658, -18.082078705721099 ], [ 120.457810530906201, -18.079954418052054 ], [ 120.459775435827865, -18.077828471731316 ], [ 120.461746010623088, -18.075701493042672 ], [ 120.463720916097515, -18.073574706626236 ], [ 120.465697015501632, -18.071449844712795 ], [ 120.467676998324023, -18.069325855100374 ], [ 120.469661435125772, -18.06720214788869 ], [ 120.471649503911351, -18.065079858466298 ], [ 120.473641774516935, -18.062958373302269 ], [ 120.475637445284349, -18.060838839044862 ], [ 120.477637086174141, -18.05872061806841 ], [ 120.479640256741789, -18.056604395948739 ], [ 120.481646507073705, -18.054490923293073 ], [ 120.483656433908138, -18.052379473128855 ], [ 120.485670226021128, -18.05027069852445 ], [ 120.487688573590518, -18.048162904468338 ], [ 120.489709045121486, -18.046058939466288 ], [ 120.491733494344317, -18.043957915029043 ], [ 120.493760595784977, -18.041861093850226 ], [ 120.49579064507482, -18.039768168920581 ], [ 120.497825237751215, -18.037678772334914 ], [ 120.499863429554537, -18.035593604172263 ], [ 120.501902630031012, -18.033513906641996 ], [ 120.503944713052249, -18.031438811907869 ], [ 120.505990635433051, -18.029367956984558 ], [ 120.508037447577436, -18.027303174378702 ], [ 120.51008606084558, -18.025244133773871 ], [ 120.512138382809894, -18.023189916059351 ], [ 120.51419253350025, -18.021141771071342 ], [ 120.516249467811036, -18.019099316233181 ], [ 120.518310150392338, -18.017062146607994 ], [ 120.520373436925439, -18.015030309391076 ], [ 120.522441434880761, -18.01300350491579 ], [ 120.524511111985902, -18.010984120338684 ], [ 120.526585060286962, -18.008969924261198 ], [ 120.528660125091506, -18.006964640849787 ], [ 120.530740557908757, -18.004964140533168 ], [ 120.532825252695304, -18.002969684502901 ], [ 120.534912468077863, -18.000982490735392 ], [ 120.5370028336405, -17.999002744806415 ], [ 120.539097128188033, -17.997029233986776 ], [ 120.541194164299284, -17.99506327134976 ], [ 120.543294046773852, -17.993104945523811 ], [ 120.545398340831582, -17.991153857370566 ], [ 120.547506056596887, -17.989209887238975 ], [ 120.549616939718391, -17.98727379320006 ], [ 120.551731992197105, -17.985345063653988 ], [ 120.553851032066504, -17.983424424865564 ], [ 120.5559751568248, -17.981509897629277 ], [ 120.558103556769282, -17.979603556216745 ], [ 120.560236706053175, -17.977704751058109 ], [ 120.562374764405135, -17.975813507192605 ], [ 120.564517896566301, -17.97392984473381 ], [ 120.566666272106971, -17.972053779003875 ], [ 120.568820065231392, -17.970185320671899 ], [ 120.570978951225598, -17.968324301608742 ], [ 120.573144107594644, -17.966471073967149 ], [ 120.575315221500972, -17.964625464354675 ], [ 120.577492482769415, -17.962787466247271 ], [ 120.579675331705673, -17.960957563323859 ], [ 120.581865829444197, -17.959134048744748 ], [ 120.584062734385455, -17.95731880079785 ], [ 120.586266578973209, -17.955511100855556 ], [ 120.58847684951624, -17.953711409515147 ], [ 120.59069558921577, -17.951918009822489 ], [ 120.592921892769951, -17.950132097165074 ], [ 120.595155962608615, -17.948353651595671 ], [ 120.59739732774959, -17.946583111655343 ], [ 120.599647595535799, -17.944819473988925 ], [ 120.601906707733065, -17.943062464693202 ], [ 120.60417512523378, -17.941312293599296 ], [ 120.606452128397038, -17.939569188083201 ], [ 120.608737778070463, -17.937834013383231 ], [ 120.611032305871205, -17.936106674462888 ], [ 120.613336359422277, -17.934386408503013 ], [ 120.615650156017935, -17.93267316267405 ], [ 120.617973912094556, -17.930966882852342 ], [ 120.62030940791783, -17.92926557958307 ], [ 120.622654814268913, -17.927571898409429 ], [ 120.625010693129497, -17.925884826832203 ], [ 120.627376547393837, -17.924206156106706 ], [ 120.629753448174498, -17.922534114125146 ], [ 120.63214100212933, -17.920869153645679 ], [ 120.634541849103798, -17.919209133809861 ], [ 120.636955518747314, -17.917554264011986 ], [ 120.639379410017867, -17.915907466079592 ], [ 120.641814780527142, -17.914267498918665 ], [ 120.644262971097518, -17.912633263451696 ], [ 120.646723547357894, -17.91100505099638 ], [ 120.649196750530251, -17.90938297490106 ], [ 120.651682756922511, -17.9077671510926 ], [ 120.65418173424284, -17.906157154571769 ], [ 120.656693827019765, -17.9045532801448 ], [ 120.659219232737783, -17.902955121887199 ], [ 120.661758652057415, -17.901362119633546 ], [ 120.664312128296658, -17.89977446763158 ], [ 120.666878752265433, -17.898193148173185 ], [ 120.66945977753106, -17.896616886308092 ], [ 120.672055313076868, -17.895045654362956 ], [ 120.674664125517054, -17.893480999240062 ], [ 120.677286006011329, -17.891923072279535 ], [ 120.679921537199178, -17.890371311368305 ], [ 120.682572076519136, -17.888824266323635 ], [ 120.685236406396882, -17.887283288881061 ], [ 120.687915890693915, -17.88574694446547 ], [ 120.690608830093666, -17.884217067023407 ], [ 120.693317499285769, -17.882691245265484 ], [ 120.696040392632042, -17.881171118463637 ], [ 120.698777708929725, -17.879656338944791 ], [ 120.7015299878055, -17.878146500224876 ], [ 120.704296680909053, -17.876641937748179 ], [ 120.707078359892108, -17.875142250778008 ], [ 120.709873978614723, -17.873648287697669 ], [ 120.712684254739557, -17.872159304745136 ], [ 120.715509571466967, -17.870674740956119 ], [ 120.718349021925249, -17.869195625812672 ], [ 120.721203384503866, -17.867720873204039 ], [ 120.724071393732601, -17.866251653994972 ], [ 120.726954498399564, -17.864786589518264 ], [ 120.729851825724708, -17.863326336269566 ], [ 120.732762831120709, -17.861871415303835 ], [ 120.735688227996235, -17.860420727887337 ], [ 120.738626998679464, -17.858975359816871 ], [ 120.741579810269897, -17.85753420594127 ], [ 120.74454644085921, -17.85609772271982 ], [ 120.747526292241517, -17.854666017951157 ], [ 120.750519161267988, -17.853239080089605 ], [ 120.753525203038976, -17.85181633860082 ], [ 120.756543436784852, -17.850398898142661 ], [ 120.759574356304284, -17.848985608996962 ], [ 120.762617723770859, -17.847576405007569 ], [ 120.765672434623738, -17.846171921337429 ], [ 120.768739139027588, -17.84477199053806 ], [ 120.771816728328872, -17.843377293218669 ], [ 120.774906838484341, -17.841985940828252 ], [ 120.778008594725492, -17.840598099495111 ], [ 120.781118507609477, -17.839216921775833 ], [ 120.784237814062635, -17.83784052352533 ], [ 120.787365796021916, -17.836469467739825 ], [ 120.790503373082643, -17.835102928152569 ], [ 120.7936500098766, -17.83374047165756 ], [ 120.7968053030649, -17.832382106554977 ], [ 120.799968937410085, -17.831028280265041 ], [ 120.803139988705368, -17.829679148553343 ], [ 120.80631835948634, -17.828334140005417 ], [ 120.809502417439333, -17.826994529572655 ], [ 120.812692180632155, -17.825660125374625 ], [ 120.815887826577594, -17.824329819061806 ], [ 120.819088173931675, -17.823004731575683 ], [ 120.82229304793195, -17.821684317753054 ], [ 120.825501926943829, -17.82036859179729 ], [ 120.828713748065482, -17.819057760169258 ], [ 120.831928208785612, -17.817752170817649 ], [ 120.835145916963171, -17.816450524512039 ], [ 120.83836461605425, -17.815154308610868 ], [ 120.84158515922374, -17.813862626596215 ], [ 120.844805239578818, -17.812577016303742 ], [ 120.848025701703719, -17.81129561473707 ], [ 120.851246267537945, -17.810018824141267 ], [ 120.85446486714774, -17.80874753641567 ], [ 120.857681771018392, -17.807481027764599 ], [ 120.8608963673597, -17.806219301862011 ], [ 120.864108941455171, -17.804961659255753 ], [ 120.867317352478693, -17.803708983426851 ], [ 120.870521583541176, -17.80246108312987 ], [ 120.873725287852949, -17.801215050628215 ], [ 120.876922649276864, -17.799974144854648 ], [ 120.880110188569745, -17.798740805703005 ], [ 120.883291030379468, -17.797512201175362 ], [ 120.886465698847545, -17.796287074868065 ], [ 120.889631976158526, -17.795066195256361 ], [ 120.892789670140814, -17.793849938657296 ], [ 120.895937699490517, -17.792639429698177 ], [ 120.899076127421139, -17.791433014339894 ], [ 120.902204514381552, -17.790231647200759 ], [ 120.905321763023721, -17.789034940070863 ], [ 120.908426336379975, -17.787843593863542 ], [ 120.911519418472707, -17.786656181149727 ], [ 120.914599305738889, -17.785473937321825 ], [ 120.917665777043368, -17.78429573207443 ], [ 120.920718042620535, -17.783122102738304 ], [ 120.923754606038685, -17.78195376168847 ], [ 120.926776497232709, -17.78078978346452 ], [ 120.929781710400562, -17.779630471845746 ], [ 120.932771262058694, -17.778474915148728 ], [ 120.935743696777834, -17.777323798213132 ], [ 120.938697388117475, -17.776178375245273 ], [ 120.941633911755773, -17.77503604940145 ], [ 120.944551667606433, -17.773898072608858 ], [ 120.947450124241641, -17.772764405755456 ], [ 120.950328760578628, -17.771635007997851 ], [ 120.953187075778288, -17.770509832773389 ], [ 120.956024725102694, -17.769388268394859 ], [ 120.958840885974411, -17.768271414455146 ], [ 120.961636336904263, -17.767157399019446 ], [ 120.964408431444355, -17.766048676056617 ], [ 120.967157820746195, -17.764943925440182 ], [ 120.969883312379991, -17.763843183777798 ], [ 120.972585097448913, -17.762746845826005 ], [ 120.975263853103684, -17.761653639067816 ], [ 120.977917136938615, -17.760565440189449 ], [ 120.980545665563312, -17.759480944875353 ], [ 120.983150007613304, -17.7583994489707 ], [ 120.985727906071148, -17.757322195040246 ], [ 120.988280990861639, -17.756247272076749 ], [ 120.990807759326117, -17.755176384962589 ], [ 120.993308005456726, -17.754108908930949 ], [ 120.995780732050392, -17.753043739057347 ], [ 120.998227264166701, -17.751981113070102 ], [ 121.000646394147964, -17.750921592448456 ], [ 121.003037735874102, -17.749866240805918 ], [ 121.005401251226175, -17.748813325476597 ], [ 121.007736639163184, -17.747763326271283 ], [ 121.010043614693402, -17.746716728801907 ], [ 121.012322118233769, -17.74567234870317 ], [ 121.014570924198395, -17.744631866840123 ], [ 121.016791732446038, -17.743593350200431 ], [ 121.018982659822086, -17.742557452146563 ], [ 121.021145262063982, -17.741523358071767 ], [ 121.023278513833105, -17.74049162108458 ], [ 121.02538140439178, -17.739462804110289 ], [ 121.027454574072081, -17.738437240507086 ], [ 121.02949808173328, -17.737413789911312 ], [ 121.031511926503057, -17.736391832850135 ], [ 121.033495859032271, -17.735372341555664 ], [ 121.035449900977014, -17.734354699939534 ], [ 121.037374094165301, -17.733338290149927 ], [ 121.039268212661355, -17.732324072834679 ], [ 121.04113231927154, -17.731311433698572 ], [ 121.042966396420653, -17.730300289314872 ], [ 121.044771292945711, -17.729289958926014 ], [ 121.046546917943232, -17.728280404774292 ], [ 121.048292414239953, -17.727272130947554 ], [ 121.05000781191886, -17.726265039681948 ], [ 121.051693169970548, -17.725259030191609 ], [ 121.053348545757416, -17.724254002715799 ], [ 121.05497316360406, -17.723250431388678 ], [ 121.056568758884453, -17.722247063142085 ], [ 121.058132951650464, -17.721245483242214 ], [ 121.059668301764916, -17.720243886978377 ], [ 121.061174073638142, -17.719242743379301 ], [ 121.062650363841598, -17.718241953824677 ], [ 121.064097276572014, -17.717241419393975 ], [ 121.06551414507345, -17.716241586116407 ], [ 121.066901904757628, -17.715241786678266 ], [ 121.068260679245853, -17.714241922566401 ], [ 121.06959059879965, -17.713241895049741 ], [ 121.070891800061389, -17.712241605213833 ], [ 121.072164425795592, -17.711240953996302 ], [ 121.0734087762103, -17.710239354271994 ], [ 121.074624858450861, -17.709237155778034 ], [ 121.075812981201793, -17.708233785589531 ], [ 121.076975263259826, -17.707228555769756 ], [ 121.078110533987441, -17.706221553542452 ], [ 121.07921582074988, -17.705215162009981 ], [ 121.080293708081882, -17.704207661111656 ], [ 121.081343619864285, -17.703199450837964 ], [ 121.082366503807833, -17.702189905522914 ], [ 121.083363473197466, -17.701177950369853 ], [ 121.084332712004027, -17.700165897755728 ], [ 121.085275340640095, -17.699152718449152 ], [ 121.086192489056245, -17.6981373473084 ], [ 121.087082035628441, -17.69712121111931 ], [ 121.087946531013358, -17.696102677685179 ], [ 121.08878540889684, -17.695082158262235 ], [ 121.089598706542461, -17.694060014279302 ], [ 121.090386211509994, -17.693035723658866 ], [ 121.091149503500006, -17.692008667923542 ], [ 121.09188803862267, -17.690979241920015 ], [ 121.092602037624047, -17.689947350814389 ], [ 121.093291154877249, -17.688912915681744 ], [ 121.093957141524299, -17.687874872967946 ], [ 121.094599288012958, -17.68683405889098 ], [ 121.095217626461661, -17.685790816209114 ], [ 121.09581182763408, -17.684745077728749 ], [ 121.096383398554437, -17.683696288409443 ], [ 121.096931516656468, -17.682644390291859 ], [ 121.097457471456508, -17.681589246629049 ], [ 121.097960439323657, -17.68053083285675 ], [ 121.098441715674511, -17.679468982628631 ], [ 121.098900274067589, -17.678404098301556 ], [ 121.099338230526243, -17.67733440030862 ], [ 121.09975375760223, -17.676261874353656 ], [ 121.100148262200719, -17.675185196435343 ], [ 121.100522241334261, -17.674104640751874 ], [ 121.100875193631637, -17.673019812270319 ], [ 121.101208553845112, -17.671930113212891 ], [ 121.101520519988199, -17.670837478872322 ], [ 121.101813141215658, -17.669740237623262 ], [ 121.102085053437577, -17.668639559623209 ], [ 121.102337433915309, -17.667534544881313 ], [ 121.102571382799809, -17.666424326688041 ], [ 121.10278539346524, -17.665310444597811 ], [ 121.102981251151348, -17.664191619626809 ], [ 121.103157877611579, -17.663068597611652 ], [ 121.103316851429668, -17.661940494308912 ], [ 121.103456901712548, -17.660808461250731 ], [ 121.10357914854275, -17.659671634188193 ], [ 121.103684456043979, -17.658529573341944 ], [ 121.103772623296877, -17.657382211410717 ], [ 121.103842900005034, -17.656230679147534 ], [ 121.103896998645823, -17.65507374102803 ], [ 121.10393391383721, -17.653912115265207 ], [ 121.103955144993677, -17.652744988672087 ], [ 121.103960336196081, -17.651572687347269 ], [ 121.103949115430297, -17.650395545907543 ], [ 121.103922827557682, -17.64921317165409 ], [ 121.103880657994765, -17.648025879559405 ], [ 121.103824229503473, -17.646832478331838 ], [ 121.103752907579263, -17.645634106355047 ], [ 121.103666629717338, -17.644430293926955 ], [ 121.10356659237118, -17.643221071168199 ], [ 121.103452131350465, -17.642006343774554 ], [ 121.103324436083483, -17.640786147853184 ], [ 121.103183315771716, -17.639560431435996 ], [ 121.103029128991992, -17.638328782604777 ], [ 121.10286247098206, -17.637091629776091 ], [ 121.102683261691453, -17.63584852157609 ], [ 121.102490994025302, -17.634600558571535 ], [ 121.102287274181847, -17.633346278205892 ], [ 121.102071620274828, -17.632086765407699 ], [ 121.101844928993813, -17.630821313447548 ], [ 121.101607554897797, -17.629549517939321 ], [ 121.101358489393604, -17.628272847088379 ], [ 121.101097680185887, -17.626990885725331 ], [ 121.100826378509382, -17.625703665065554 ], [ 121.100544940782356, -17.624410828197842 ], [ 121.100253722524485, -17.62311199351069 ], [ 121.099952858680865, -17.621807943616627 ], [ 121.099642831534254, -17.620497562155023 ], [ 121.099323873593804, -17.619181214445284 ], [ 121.098995643863645, -17.617859685136665 ], [ 121.098659556116516, -17.616532224900819 ], [ 121.098315340531784, -17.61519925117954 ], [ 121.097964315685743, -17.613860368181925 ], [ 121.097605669102649, -17.612516075330568 ], [ 121.09723978017972, -17.611166057108647 ], [ 121.09686657123207, -17.60981004123672 ], [ 121.096485968093049, -17.608449746366912 ], [ 121.096098169722922, -17.607085567968642 ], [ 121.095704814050421, -17.605715779521336 ], [ 121.095305648795872, -17.604340821189897 ], [ 121.094900967315752, -17.602960748387485 ], [ 121.094491063480177, -17.601575619382707 ], [ 121.094076231605911, -17.60018549526982 ], [ 121.093656238614841, -17.598790812734414 ], [ 121.09323243299697, -17.597390893579743 ], [ 121.092804584227935, -17.595986179195659 ], [ 121.092373039166517, -17.594576422700445 ], [ 121.091938555907575, -17.593161638319771 ], [ 121.091500819906898, -17.59174261367707 ], [ 121.091060725104384, -17.590318431730537 ], [ 121.090618007406889, -17.588889853487636 ], [ 121.090172967957372, -17.587456962606435 ], [ 121.08972591097519, -17.586019848566963 ], [ 121.089277132633512, -17.584578599013721 ], [ 121.088826451514592, -17.583133347304333 ], [ 121.08837413746555, -17.58168478298898 ], [ 121.087921054644653, -17.58023201305911 ], [ 121.087467975399704, -17.57877507110976 ], [ 121.087014183964456, -17.57731475421377 ], [ 121.08656050505212, -17.575850499401415 ], [ 121.086107181687154, -17.57438304196123 ], [ 121.08565452675029, -17.57291217431214 ], [ 121.085203277258941, -17.571437974743372 ], [ 121.084753228480423, -17.56996059776392 ], [ 121.084304650742752, -17.568480157793612 ], [ 121.083858303387387, -17.56699642936735 ], [ 121.083413460019386, -17.5655105084812 ], [ 121.08297144498809, -17.564021207998884 ], [ 121.082531640118248, -17.562528983593339 ], [ 121.08209524416776, -17.561033572534512 ], [ 121.081661420654598, -17.559536704932537 ], [ 121.081230584561808, -17.55803754586308 ], [ 121.080803390995584, -17.556536499325262 ], [ 121.080380195948379, -17.555033049860874 ], [ 121.079961675355349, -17.553527277640473 ], [ 121.079547171690407, -17.552019950034367 ], [ 121.079137275366548, -17.550511845704047 ], [ 121.078732355881954, -17.549002150871679 ], [ 121.078332660023875, -17.547490984371805 ], [ 121.077938431380744, -17.545978465036555 ], [ 121.077549867346747, -17.544465038349159 ], [ 121.077167293937947, -17.542950170264813 ], [ 121.076790901890178, -17.541434304497947 ], [ 121.076420920860627, -17.539917558974935 ], [ 121.076057576886797, -17.538400051171447 ], [ 121.075700679396107, -17.536882219219397 ], [ 121.075351274453638, -17.535363536784946 ], [ 121.075009217682407, -17.533844093769126 ], [ 121.074674676032316, -17.532324349416058 ], [ 121.074347796164872, -17.530804747563938 ], [ 121.074028898135438, -17.529284734082264 ], [ 121.073718056432341, -17.527765086061361 ], [ 121.07341598198542, -17.52624494828817 ], [ 121.073121940057405, -17.524725715802109 ], [ 121.072836970732524, -17.523206549433894 ], [ 121.072560556151302, -17.521687843846461 ], [ 121.072293107201816, -17.520170046337803 ], [ 121.072035257586947, -17.518652639679658 ], [ 121.071786504346164, -17.51713600291686 ], [ 121.071547223269803, -17.515620566484046 ], [ 121.071317492693922, -17.514105768521986 ], [ 121.071098033180803, -17.512591717274585 ], [ 121.070888728822794, -17.511078481345507 ], [ 121.070689403837861, -17.509567115805414 ], [ 121.070500160160549, -17.508057065665234 ], [ 121.070321636302651, -17.506548474721018 ], [ 121.070153837651972, -17.505041088418729 ], [ 121.069996524540485, -17.503535938558073 ], [ 121.069849697903948, -17.502032785262934 ], [ 121.069714292750717, -17.500530823897527 ], [ 121.069589841247094, -17.499031046579756 ], [ 121.069476570884575, -17.497533220587695 ], [ 121.069374248606877, -17.496037707610171 ], [ 121.069283651696907, -17.494544018215567 ], [ 121.069204539959003, -17.493052506662664 ], [ 121.069137099182242, -17.491562932706959 ], [ 121.069080895470321, -17.490076260101571 ], [ 121.069036768592611, -17.488591698105974 ], [ 121.069004552159583, -17.487109279144057 ], [ 121.068984151245843, -17.485629674309816 ], [ 121.068975396363712, -17.484152907820292 ], [ 121.068979071392405, -17.482678206426126 ], [ 121.068994767862534, -17.481206488754594 ], [ 121.069022684972225, -17.4797372124433 ], [ 121.069062558206113, -17.478270666276504 ], [ 121.069115303341277, -17.476806425967929 ], [ 121.069180564416101, -17.475345105594336 ], [ 121.069257947650243, -17.473886360843945 ], [ 121.069347634040426, -17.472430867893873 ], [ 121.069449714814539, -17.470978367730222 ], [ 121.069565124446882, -17.469523505686372 ], [ 121.069691683598762, -17.468077991928769 ], [ 121.069830720589394, -17.466635604401112 ], [ 121.069982326629699, -17.465196070881674 ], [ 121.070146365068837, -17.463760022292014 ], [ 121.070322915320546, -17.462327197607344 ], [ 121.070512066944147, -17.460897319383562 ], [ 121.070713651623294, -17.459471012687384 ], [ 121.070927746788982, -17.458048011481512 ], [ 121.071154440550927, -17.456628033328794 ], [ 121.071393264236292, -17.455211998337067 ], [ 121.071644835002004, -17.453799037457731 ], [ 121.071908968500935, -17.452389159471611 ], [ 121.07218543405817, -17.450982979143916 ], [ 121.072474305594213, -17.449580221172859 ], [ 121.072775414833657, -17.448180907134855 ], [ 121.07308900912534, -17.446785027638228 ], [ 121.073414906280277, -17.445392609866477 ], [ 121.073753191038676, -17.444003357993942 ], [ 121.074103571717956, -17.442617878581011 ], [ 121.074465881755984, -17.44123621245571 ], [ 121.074840681470334, -17.439857418356087 ], [ 121.075227637810769, -17.438482096810006 ], [ 121.0756270193598, -17.437109668356474 ], [ 121.076038221117088, -17.435740804793397 ], [ 121.076461343346494, -17.43437545526524 ], [ 121.076896228559619, -17.433013678334657 ], [ 121.077342961157271, -17.431655166761168 ], [ 121.077800317543606, -17.430301765029128 ], [ 121.078269467093946, -17.428951542008161 ], [ 121.078751264851789, -17.427602685354696 ], [ 121.079243852937694, -17.42625842037674 ], [ 121.079747311385219, -17.4249185115616 ], [ 121.080262165643703, -17.423581781696644 ], [ 121.080787979094978, -17.422248812727432 ], [ 121.081324619356508, -17.420919656984008 ], [ 121.081872557364235, -17.419593325309467 ], [ 121.08243112829409, -17.418270740228291 ], [ 121.083000210455083, -17.416951950955383 ], [ 121.08358025561202, -17.415635957514485 ], [ 121.084170575916971, -17.41432369179309 ], [ 121.084771060378543, -17.41301520008982 ], [ 121.085382312350063, -17.411709128880464 ], [ 121.086003439538629, -17.410406779055194 ], [ 121.086634550152041, -17.409107892591159 ], [ 121.087275435225123, -17.407812347776012 ], [ 121.087925824957765, -17.406520546875743 ], [ 121.08858612072747, -17.405231472190643 ], [ 121.08925542749401, -17.403946410473605 ], [ 121.089933819092906, -17.402665040813723 ], [ 121.090621679275358, -17.401386340212017 ], [ 121.091318096530259, -17.40011160987191 ], [ 121.092023423608794, -17.398839836044129 ], [ 121.092737456230452, -17.397571401437542 ], [ 121.093459825883059, -17.39630619959048 ], [ 121.09419056714006, -17.395044329277567 ], [ 121.094929293067111, -17.393785656362386 ], [ 121.095675796547241, -17.392530601932961 ], [ 121.096431689242095, -17.391276592392575 ], [ 121.097194861418828, -17.390026359999951 ], [ 121.097964258574592, -17.388780466147381 ], [ 121.098740702553087, -17.387538146934311 ], [ 121.099524507378305, -17.386298337310919 ], [ 121.100314707514968, -17.385062385745488 ], [ 121.101111862718795, -17.383828927956198 ], [ 121.101915114610449, -17.382598916765698 ], [ 121.102724414832792, -17.38137245694686 ], [ 121.103540052180449, -17.380148427716325 ], [ 121.104361037608001, -17.378928234664567 ], [ 121.105187920382832, -17.377710474220581 ], [ 121.106019806900704, -17.376496127680852 ], [ 121.106856751659734, -17.375284892777714 ], [ 121.107698752588163, -17.374076838326946 ], [ 121.108545145858884, -17.372871790620064 ], [ 121.109396216214805, -17.371669520152004 ], [ 121.110251121469673, -17.370470619931936 ], [ 121.11110991712215, -17.369274789312247 ], [ 121.111972617636141, -17.368082103834986 ], [ 121.112838484839571, -17.366892380569631 ], [ 121.113707836143362, -17.365705396843346 ], [ 121.114579783941196, -17.364521746866316 ], [ 121.115454448205739, -17.363340760782798 ], [ 121.116331913649219, -17.362162125859896 ], [ 121.117211132211878, -17.360987240664027 ], [ 121.118093260259315, -17.359814483162094 ], [ 121.11897849099185, -17.358643459237676 ], [ 121.119863135726121, -17.357477203435622 ], [ 121.120748553330813, -17.356314263255076 ], [ 121.121635181171044, -17.355154020426237 ], [ 121.122521980864448, -17.353997459265003 ], [ 121.123409521836919, -17.352843208592841 ], [ 121.12429662546765, -17.351692978074926 ], [ 121.125183564911126, -17.350545335940488 ], [ 121.126070386072797, -17.349400336624676 ], [ 121.1269560681869, -17.348258592913485 ], [ 121.127841036584329, -17.347119891485441 ], [ 121.128724375929181, -17.345984048603025 ], [ 121.129606510405125, -17.34485085140793 ], [ 121.130486412730718, -17.343720890768651 ], [ 121.131364135964617, -17.342594290384262 ], [ 121.132239902613833, -17.341469919932848 ], [ 121.133112598268426, -17.340348792523031 ], [ 121.133982717975741, -17.339230717609848 ], [ 121.134849260344922, -17.33811547393449 ], [ 121.135712720696588, -17.337002870821856 ], [ 121.136572029512308, -17.3358935052234 ], [ 121.137427310202796, -17.334787089867714 ], [ 121.138278732594273, -17.333683312304689 ], [ 121.139125186234992, -17.332582782031803 ], [ 121.139968545342754, -17.331484413312307 ], [ 121.140810081554832, -17.330386318306989 ], [ 121.141644388371247, -17.329292521098829 ], [ 121.142470562642913, -17.328203445355779 ], [ 121.143291376060986, -17.32711700181482 ], [ 121.144105704715997, -17.326033785249692 ], [ 121.144914179409412, -17.3249527705437 ], [ 121.145715673233141, -17.323874172405457 ], [ 121.146510385751739, -17.322798161064863 ], [ 121.147298614311836, -17.32172655237229 ], [ 121.148079139401688, -17.320657760997289 ], [ 121.148852691450557, -17.319591613923023 ], [ 121.149618106231557, -17.31852871145837 ], [ 121.150376120640502, -17.317468457121759 ], [ 121.151125551736001, -17.316411015653248 ], [ 121.151867189837162, -17.31535625970978 ], [ 121.152599856943141, -17.31430433823062 ], [ 121.153324383282282, -17.313255963515182 ], [ 121.154039563701971, -17.312210814871783 ], [ 121.154745717234491, -17.311169045660243 ], [ 121.155443142502548, -17.310129483374311 ], [ 121.156130672970804, -17.309093157179554 ], [ 121.156809176818811, -17.308059472951815 ], [ 121.157477443029421, -17.307028610856147 ], [ 121.158137983902549, -17.305999542359014 ], [ 121.158791403596922, -17.304971872137337 ], [ 121.159434516938859, -17.303947737572319 ], [ 121.160063284459341, -17.302928802554618 ], [ 121.160682267872744, -17.301912496739902 ], [ 121.161290303504487, -17.300899383757876 ], [ 121.161888351020252, -17.29988889837772 ], [ 121.162475249308699, -17.29888159922027 ], [ 121.163051426804586, -17.297877215633964 ], [ 121.16361739049195, -17.296875445328535 ], [ 121.164171934486816, -17.295876867091092 ], [ 121.164716142288853, -17.294880897277917 ], [ 121.165248811449402, -17.293888519231654 ], [ 121.165771061409956, -17.292898318348641 ], [ 121.166281697945209, -17.291911269498559 ], [ 121.166781844437082, -17.29092722094617 ], [ 121.167270339030082, -17.289945896966682 ], [ 121.167748340095315, -17.288967145481333 ], [ 121.168214628777221, -17.287991941428587 ], [ 121.168670456386323, -17.28701889642532 ], [ 121.169114645911051, -17.286048564942227 ], [ 121.169548361947022, -17.285081217833131 ], [ 121.169970460443693, -17.284116975465068 ], [ 121.1703834433156, -17.283154739476217 ], [ 121.170788861079842, -17.282193467244337 ], [ 121.171183680351604, -17.281235306680568 ], [ 121.171564229631088, -17.280281050009165 ], [ 121.171932845642644, -17.279330101801101 ], [ 121.172291515866974, -17.278381665174397 ], [ 121.172639105204368, -17.277435847445101 ], [ 121.172976952790805, -17.276492530670055 ], [ 121.173303907888808, -17.275551844349014 ], [ 121.173621163270099, -17.274614871511744 ], [ 121.173927650548507, -17.273681228945041 ], [ 121.174224899312932, -17.272749964943234 ], [ 121.174511709702472, -17.271821586153646 ], [ 121.17478958245006, -17.270895559047759 ], [ 121.17505731514224, -17.269972383088287 ], [ 121.175316440734576, -17.269051529224217 ], [ 121.175565753640313, -17.268133489699732 ], [ 121.175806818566613, -17.2672177399172 ], [ 121.176038426093825, -17.266304764872348 ], [ 121.176262195182758, -17.265393638494682 ], [ 121.17647688366246, -17.264485251453216 ], [ 121.176684103295017, -17.263579506482007 ], [ 121.176882669116807, -17.262676042361985 ], [ 121.177077867802808, -17.26177354164291 ], [ 121.177266563555847, -17.260873128881336 ], [ 121.177448298710303, -17.259974205038883 ], [ 121.177618813576572, -17.259079062749652 ], [ 121.177781808487723, -17.258186534922615 ], [ 121.177939047961061, -17.257296522139836 ], [ 121.178090010594346, -17.256408402570422 ], [ 121.178234249375464, -17.255523596502297 ], [ 121.178373484718904, -17.25464118221657 ], [ 121.178506506367938, -17.253761148302157 ], [ 121.178635078100896, -17.25288262333558 ], [ 121.178757963814206, -17.252006827032858 ], [ 121.178876971467204, -17.251132480593128 ], [ 121.178990836543534, -17.25026079442609 ], [ 121.179101432569112, -17.24939009656363 ], [ 121.179207440962386, -17.248522012842507 ], [ 121.179310747805488, -17.24765527995099 ], [ 121.179410047780436, -17.24679107870428 ], [ 121.179507273163892, -17.245927776047431 ], [ 121.179601094250742, -17.245066555155521 ], [ 121.179693422157214, -17.244206580740641 ], [ 121.179782960289671, -17.24334899796979 ], [ 121.179872469112127, -17.242492775857862 ], [ 121.179965775767727, -17.24163740987462 ], [ 121.180057553164488, -17.240784212492262 ], [ 121.1801464477888, -17.239933128554366 ], [ 121.180231710470281, -17.239083969053873 ], [ 121.180317735585263, -17.238236852320615 ], [ 121.180403215988903, -17.237391336042059 ], [ 121.180490174747277, -17.23654700578912 ], [ 121.180577237467659, -17.235704181238063 ], [ 121.180666449618997, -17.234862455967562 ], [ 121.180756420887917, -17.234022138273566 ], [ 121.180849218960489, -17.233182829773 ], [ 121.180943381630897, -17.232345239288168 ], [ 121.181041105767591, -17.23150815717899 ], [ 121.181140916065345, -17.230672276536726 ], [ 121.181244924271326, -17.229837215164679 ], [ 121.18135169263843, -17.229003243263801 ], [ 121.181463354912083, -17.228169986823882 ], [ 121.181578370963663, -17.227338134471253 ], [ 121.181699051709785, -17.226506478232263 ], [ 121.181823846289106, -17.225675686772341 ], [ 121.181954932373756, -17.224845402545942 ], [ 121.182090814659205, -17.224015866212881 ], [ 121.182237357007097, -17.223186590949027 ], [ 121.182394542131306, -17.222356769184795 ], [ 121.182557086289606, -17.221527617289809 ], [ 121.182720384685041, -17.220699770057632 ], [ 121.182892000316329, -17.219872541283376 ], [ 121.183070681411522, -17.219045245310767 ], [ 121.183257558002438, -17.218218144497694 ], [ 121.183454131689004, -17.217390612805602 ], [ 121.183658522933996, -17.216563712404721 ], [ 121.183873195969426, -17.215736695317013 ], [ 121.184096529685405, -17.214909738189878 ], [ 121.184330869007553, -17.214082542867896 ], [ 121.184574582943512, -17.21325527152699 ], [ 121.184830030020549, -17.212427638534596 ], [ 121.185095728516387, -17.211599371912261 ], [ 121.185373886004626, -17.210770633364632 ], [ 121.185662687876984, -17.20994197809253 ], [ 121.185964846559884, -17.209112301854233 ], [ 121.186278540027004, -17.208282144851481 ], [ 121.186606002299186, -17.207451672851647 ], [ 121.186946219947885, -17.20661936232797 ], [ 121.18730110321394, -17.205786249105969 ], [ 121.187668975521348, -17.204952417655324 ], [ 121.188054041674164, -17.204118264772042 ], [ 121.188460780767429, -17.20328227178134 ], [ 121.188883098703585, -17.202445632723794 ], [ 121.189311681780879, -17.201608483804961 ], [ 121.189756384851236, -17.200769745767232 ], [ 121.190218324146883, -17.199930097123218 ], [ 121.19069608053691, -17.199088786946998 ], [ 121.191191834671784, -17.198246430612276 ], [ 121.191703984818048, -17.197402648067644 ], [ 121.192235103901467, -17.196557269399278 ], [ 121.192783602129126, -17.195709902820212 ], [ 121.193351638000422, -17.194861223292278 ], [ 121.193937626943452, -17.19401082934208 ], [ 121.194543241232623, -17.193158197214842 ], [ 121.19516961421246, -17.192304087682626 ], [ 121.195815057400196, -17.191448064187711 ], [ 121.196482262405723, -17.190590012054408 ], [ 121.197169332381137, -17.189729904193449 ], [ 121.19787895797451, -17.188867642871784 ], [ 121.198608998306028, -17.188003621086985 ], [ 121.199362628989988, -17.187136900236183 ], [ 121.200137470907933, -17.186268280215387 ], [ 121.200935528155725, -17.185396852037794 ], [ 121.201757943696549, -17.184523395966171 ], [ 121.20260295478262, -17.183647421909722 ], [ 121.203483336137225, -17.182768604089389 ], [ 121.204392449649305, -17.18188768630602 ], [ 121.205312662665591, -17.181003892912994 ], [ 121.20625857030106, -17.180116970620993 ], [ 121.20723132978658, -17.179227713802184 ], [ 121.208229407151165, -17.178335203967293 ], [ 121.209255368346035, -17.177439878694223 ], [ 121.210306965132716, -17.176542014134142 ], [ 121.211386259460269, -17.175640805251543 ], [ 121.212494700038093, -17.174736664986376 ], [ 121.213630170614536, -17.173829451029487 ], [ 121.214795347709668, -17.172919624126276 ], [ 121.215988631188978, -17.172006238150999 ], [ 121.217211123701631, -17.171090111030718 ], [ 121.218464800942414, -17.1701708940112 ], [ 121.219747452938904, -17.169248412563363 ], [ 121.221062322759224, -17.16832241634911 ], [ 121.22240668089708, -17.167393495876333 ], [ 121.223784012805893, -17.166461038386778 ], [ 121.22519213615216, -17.165524881036209 ], [ 121.226632660593481, -17.164585112641294 ], [ 121.228106448285757, -17.163642967002787 ], [ 121.229612075929779, -17.162697067261149 ], [ 121.231151959435167, -17.161748387464364 ], [ 121.232724403700473, -17.160795935622701 ], [ 121.234330456515892, -17.159840605585355 ], [ 121.235979304199944, -17.158882455838047 ], [ 121.237661892241164, -17.157921036316534 ], [ 121.239372511099461, -17.156956148880298 ], [ 121.241118653170915, -17.155987703426071 ], [ 121.242901756493126, -17.155016268499754 ], [ 121.244719630083765, -17.154041179376282 ], [ 121.246574743807315, -17.153063570972591 ], [ 121.248465221705771, -17.152082391811597 ], [ 121.250392370964917, -17.151098240701714 ], [ 121.252357625136042, -17.150111754154075 ], [ 121.254358725101582, -17.149122233236938 ], [ 121.256397547644866, -17.148129523240016 ], [ 121.258475239627657, -17.147134675893206 ], [ 121.260589410373555, -17.146136963737938 ], [ 121.262743110050224, -17.145136870369111 ], [ 121.264934011663229, -17.144133675437867 ], [ 121.267163014918054, -17.143128473524992 ], [ 121.269432079743865, -17.142121195064814 ], [ 121.271738106909595, -17.141111870707839 ], [ 121.274084109744066, -17.14010102556426 ], [ 121.276467994416322, -17.139087518302929 ], [ 121.278890583629902, -17.138072491114109 ], [ 121.281353779833026, -17.137055933335404 ], [ 121.283854698315139, -17.136037468537044 ], [ 121.286394799387352, -17.135017479768756 ], [ 121.288975651784611, -17.13399639484561 ], [ 121.2915945391386, -17.132973384986542 ], [ 121.29425530059774, -17.131950312160406 ], [ 121.296963457903004, -17.130927476697458 ], [ 121.299703627461383, -17.129902563148526 ], [ 121.302479833051763, -17.128876514365263 ], [ 121.305294950394668, -17.127850091749419 ], [ 121.308150805686722, -17.126823406985814 ], [ 121.3110444677, -17.125795639504407 ], [ 121.31397773270821, -17.124768869671655 ], [ 121.316947760192448, -17.123742201568195 ], [ 121.319955801255986, -17.122716148407864 ], [ 121.323002463777186, -17.121692091003709 ], [ 121.326085192141235, -17.120668703237524 ], [ 121.329205197458421, -17.119646543641363 ], [ 121.33236337282834, -17.118626624106881 ], [ 121.335557059299248, -17.117607619941026 ], [ 121.338787031886469, -17.116590529766867 ], [ 121.342054542630265, -17.115575998269726 ], [ 121.345355996035437, -17.114563469275037 ], [ 121.348693678860798, -17.113554382370307 ], [ 121.352064922411429, -17.112547396697533 ], [ 121.355470335227167, -17.111543546749104 ], [ 121.358911042466673, -17.110543525880637 ], [ 121.362382958895054, -17.109547136870805 ], [ 121.365887958738369, -17.108554276233157 ], [ 121.369426693850755, -17.10756605806532 ], [ 121.37299539985446, -17.106581850506551 ], [ 121.37659503837051, -17.105602356417815 ], [ 121.380226646016922, -17.10462833192938 ], [ 121.3838868042304, -17.103658723761523 ], [ 121.387577122456364, -17.102695501093173 ], [ 121.391304612030765, -17.101740259711015 ], [ 121.395056628262466, -17.100790699675983 ], [ 121.398829336509365, -17.099845560642624 ], [ 121.402628822786809, -17.098906695011475 ], [ 121.406455060582303, -17.097975651849513 ], [ 121.41030456380399, -17.097051280412696 ], [ 121.414177665527802, -17.096134707233546 ], [ 121.418075754288211, -17.095226398084939 ], [ 121.421994786745358, -17.09432553439067 ], [ 121.425935554493037, -17.093432913735242 ], [ 121.429899493809998, -17.09254901571007 ], [ 121.433881396952629, -17.091673713862797 ], [ 121.437882591363206, -17.090807448066677 ], [ 121.441905118790487, -17.089950343701279 ], [ 121.445944809102329, -17.089101530467023 ], [ 121.450002251026902, -17.088263566497638 ], [ 121.454072816663242, -17.087435865627064 ], [ 121.458159054516329, -17.086618124757724 ], [ 121.462261123854759, -17.085811577963501 ], [ 121.466374364561347, -17.085015596654625 ], [ 121.470500731729899, -17.08423027320389 ], [ 121.474639743990366, -17.083457200825013 ], [ 121.478787992538983, -17.082694976661344 ], [ 121.482946811277216, -17.081944074261909 ], [ 121.487116355883984, -17.081205731859495 ], [ 121.491292577967627, -17.080478843221542 ], [ 121.495476202105721, -17.079764244671129 ], [ 121.499666792962685, -17.079063565485125 ], [ 121.503861604415732, -17.078374879745468 ], [ 121.50806202531524, -17.077698660288949 ], [ 121.512272495745094, -17.077038681510636 ], [ 121.516489985212786, -17.076393540345318 ], [ 121.520703022389768, -17.075758022187433 ], [ 121.524915649569408, -17.075135688719435 ], [ 121.529130931873283, -17.074527749980597 ], [ 121.533345021705557, -17.073932929570084 ], [ 121.537558690363099, -17.073352051567049 ], [ 121.541772798331351, -17.072785994192383 ], [ 121.545983536053157, -17.072233425471605 ], [ 121.550191715611717, -17.071695169724141 ], [ 121.554398238976702, -17.071172106059048 ], [ 121.558599348213022, -17.070662840827222 ], [ 121.562795900300131, -17.070168198358534 ], [ 121.566988842535409, -17.069689058487221 ], [ 121.571174473777504, -17.069223966811048 ], [ 121.575353699448115, -17.068773746223155 ], [ 121.579527515083925, -17.068339277470091 ], [ 121.583692280380916, -17.067919046685937 ], [ 121.587848950760687, -17.067513878699302 ], [ 121.591998572022348, -17.067124655453618 ], [ 121.596137567656129, -17.066749805017729 ], [ 121.600266944809945, -17.066390153120508 ], [ 121.60438780065779, -17.066046583493037 ], [ 121.608496624350963, -17.065717467833458 ], [ 121.612593827659367, -17.065404020024822 ], [ 121.616683133779162, -17.065105604609066 ], [ 121.620758494014765, -17.064822097396306 ], [ 121.624822327474376, -17.064553571955116 ], [ 121.628874515218982, -17.064301660004741 ], [ 121.632912997833373, -17.064063887127688 ], [ 121.636938250788944, -17.063841445074395 ], [ 121.640960687350841, -17.063640593945014 ], [ 121.644976070584917, -17.063459106349143 ], [ 121.648966015957015, -17.063286269675906 ], [ 121.652937256969636, -17.063126109509163 ], [ 121.656894029901963, -17.062981236729239 ], [ 121.66083636301903, -17.062853215770399 ], [ 121.664762405935562, -17.062739464634124 ], [ 121.668673453994415, -17.06264083987897 ], [ 121.672570885942164, -17.06255826298187 ], [ 121.676451549883723, -17.062489815604515 ], [ 121.680316105386837, -17.062436700746247 ], [ 121.684167323613266, -17.062399174378182 ], [ 121.688001436633044, -17.062375612066297 ], [ 121.691819819026847, -17.062366889783341 ], [ 121.695623926023515, -17.062373950646826 ], [ 121.699411384299097, -17.062394466379558 ], [ 121.703185008337385, -17.062430305879193 ], [ 121.706941274862373, -17.062479852157111 ], [ 121.710680870033897, -17.062544295241761 ], [ 121.714405920062646, -17.062624206700203 ], [ 121.718112972512301, -17.06271793345913 ], [ 121.721804765544562, -17.062825650336979 ], [ 121.725481402577159, -17.0629489917897 ], [ 121.729141490178876, -17.06308522684051 ], [ 121.732785066152658, -17.063235963024141 ], [ 121.736414309143441, -17.06340178082592 ], [ 121.740027859458507, -17.063579891729351 ], [ 121.743625065368448, -17.063772326221464 ], [ 121.747208816652147, -17.063979290743042 ], [ 121.750775049644076, -17.064199460174926 ], [ 121.754327272059541, -17.064432625082198 ], [ 121.757870497098622, -17.064683323882839 ], [ 121.761406068844224, -17.064955091187766 ], [ 121.764922444193203, -17.065238236487868 ], [ 121.768415156389153, -17.06552740669574 ], [ 121.771892493277235, -17.065830372653625 ], [ 121.77535743002484, -17.066147458246263 ], [ 121.778805947994243, -17.066477160632964 ], [ 121.782240257243984, -17.066820098160434 ], [ 121.785661921282312, -17.067177306459353 ], [ 121.789068358760474, -17.067546582647797 ], [ 121.792460314585071, -17.067929222743665 ], [ 121.795840149811113, -17.068325951671028 ], [ 121.799205298315044, -17.068734532345836 ], [ 121.802557272344572, -17.06915597000172 ], [ 121.80589846439932, -17.069591051703014 ], [ 121.809224706891868, -17.070038105652479 ], [ 121.812538322668715, -17.070497857624108 ], [ 121.815840900004417, -17.070971416980555 ], [ 121.819129896054037, -17.071456476677167 ], [ 121.822408167905351, -17.071955209742818 ], [ 121.825672457441271, -17.072465654853513 ], [ 121.828925114336698, -17.072988546151731 ], [ 121.832168511403552, -17.0735247266106 ], [ 121.83539851600105, -17.074072464781057 ], [ 121.838618367586861, -17.074632276507689 ], [ 121.841827779587874, -17.075205814215835 ], [ 121.845026215886932, -17.075790257511059 ], [ 121.848213240174644, -17.076387205091699 ], [ 121.851391359992576, -17.076997534251031 ], [ 121.854559106019153, -17.077618676657945 ], [ 121.857716049570499, -17.078252228546685 ], [ 121.860870927579043, -17.078903608147922 ], [ 121.864022447852378, -17.079573819118199 ], [ 121.867160177990939, -17.080252055663024 ], [ 121.870282239355788, -17.080935224035404 ], [ 121.873394538717037, -17.081630764087972 ], [ 121.876500633061525, -17.082339425786344 ], [ 121.879596063442349, -17.083059271659522 ], [ 121.882684410941721, -17.083790991415391 ], [ 121.885765063464419, -17.084536326759107 ], [ 121.888836716970857, -17.085292568981753 ], [ 121.891903172651809, -17.086061926957203 ], [ 121.894959996300017, -17.086842471598985 ], [ 121.898011903496965, -17.087634694570955 ], [ 121.90105915100888, -17.088440103812488 ], [ 121.904098311222697, -17.089256498278132 ], [ 121.907130813132326, -17.090085079908224 ], [ 121.910158176189384, -17.090927148920546 ], [ 121.913176956176571, -17.091780474811927 ], [ 121.916189720254707, -17.09264604985523 ], [ 121.919199086219166, -17.093524970063108 ], [ 121.922203760679309, -17.094414481776106 ], [ 121.925202890606201, -17.095316339566061 ], [ 121.928193633157932, -17.096232880583234 ], [ 121.931178208549184, -17.097160528937131 ], [ 121.934159306550598, -17.098101890973226 ], [ 121.937134678096683, -17.099054480489865 ], [ 121.940105704202821, -17.100019570847756 ], [ 121.943073836208058, -17.100998535216476 ], [ 121.946036806381002, -17.10198883790606 ], [ 121.948996001670082, -17.102991787678071 ], [ 121.951957895645137, -17.104014161499041 ], [ 121.95492315502608, -17.105055031015411 ], [ 121.957883312292481, -17.106106826741421 ], [ 121.96083064368915, -17.107162610617333 ], [ 121.96377643171067, -17.108231200059617 ], [ 121.966720886873006, -17.109314306469447 ], [ 121.969661701709668, -17.110409261630107 ], [ 121.972600263639634, -17.111517465837384 ], [ 121.975538052164879, -17.112640441943746 ], [ 121.978474066012708, -17.113775232863826 ], [ 121.98140830097185, -17.114925142301256 ], [ 121.984341190040936, -17.116087079376445 ], [ 121.987272686477183, -17.117262716576715 ], [ 121.990204243096812, -17.118453595241949 ], [ 121.993133583773286, -17.119656976091896 ], [ 121.996063459280563, -17.120874119076678 ], [ 121.998992583470525, -17.122107005167258 ], [ 122.001918660756772, -17.12335281973472 ], [ 122.004845780706944, -17.12461434644986 ], [ 122.007771743255589, -17.125888854338243 ], [ 122.010697898358757, -17.127177832268906 ], [ 122.013624265669137, -17.128483049224393 ], [ 122.016551390909953, -17.129801373071519 ], [ 122.019482012438488, -17.131134219675214 ], [ 122.022414623806768, -17.13248356048684 ], [ 122.025346951182698, -17.133846505224106 ], [ 122.028281709424704, -17.135226130237438 ], [ 122.031215258915893, -17.136619757380167 ], [ 122.034151817882275, -17.138028676618692 ], [ 122.037096157701313, -17.13946085194031 ], [ 122.040047710544769, -17.140915569584294 ], [ 122.042995177286372, -17.14238425986365 ], [ 122.045936770847504, -17.143858438128106 ], [ 122.048880985468273, -17.145348768408688 ], [ 122.051827727527069, -17.146857087327131 ], [ 122.054777738057993, -17.148380227354199 ], [ 122.057732087020483, -17.14992154113515 ], [ 122.060688569510162, -17.151478084579256 ], [ 122.0636485032379, -17.153051510090055 ], [ 122.066613290616274, -17.154643613165529 ], [ 122.069580676046044, -17.156251342258031 ], [ 122.072553197604179, -17.157878023628108 ], [ 122.075530183468643, -17.159520652030963 ], [ 122.07850981614493, -17.161180935964932 ], [ 122.081496595417718, -17.162860686280435 ], [ 122.084485168523102, -17.164556812560129 ], [ 122.087479975179377, -17.166271054552382 ], [ 122.090479287382038, -17.168005295240842 ], [ 122.093483956295131, -17.169756332895609 ], [ 122.096493389020338, -17.171527643859584 ], [ 122.099508532578866, -17.173316102175491 ], [ 122.102527494547019, -17.175123448084719 ], [ 122.105553246046796, -17.176951614403986 ], [ 122.108585101439047, -17.178797349225569 ], [ 122.11162237369193, -17.180664170228322 ], [ 122.114667628671967, -17.182548938995566 ], [ 122.117718812711857, -17.184453419860482 ], [ 122.12078486466244, -17.186388411936544 ], [ 122.123857973563759, -17.188349438731997 ], [ 122.126936077915872, -17.190326366728794 ], [ 122.130012167378766, -17.192313343420921 ], [ 122.133096527937965, -17.19432093575567 ], [ 122.13618566414408, -17.196350980290642 ], [ 122.139280607097746, -17.19840011927252 ], [ 122.142385470548959, -17.20047217619673 ], [ 122.145494705191823, -17.202563576098228 ], [ 122.148611182229899, -17.204676270090243 ], [ 122.151736203961903, -17.206812308051369 ], [ 122.154867460909387, -17.208968107987101 ], [ 122.158007372101068, -17.211147496314499 ], [ 122.161153685093012, -17.213346937938532 ], [ 122.164310499684404, -17.215570316994086 ], [ 122.167472077205787, -17.217813904347221 ], [ 122.170643143743305, -17.220079816645267 ], [ 122.173821279514755, -17.222369850119513 ], [ 122.177006042299354, -17.224680478782592 ], [ 122.180201589914404, -17.227015671579281 ], [ 122.183401972654067, -17.229371560299327 ], [ 122.186612045985186, -17.231750311557185 ], [ 122.189832917131781, -17.234154012662103 ], [ 122.193060412900294, -17.236578759130445 ], [ 122.19629481266044, -17.23902827412471 ], [ 122.199536562299429, -17.241496944941964 ], [ 122.195, -17.243778 ], [ 122.194944, -17.239583 ], [ 122.188333, -17.239611 ], [ 122.172917, -17.263333 ], [ 122.177111, -17.265 ], [ 122.172917, -17.268306 ], [ 122.171222, -17.286667 ], [ 122.165417, -17.304222 ], [ 122.162056, -17.342472 ], [ 122.149556, -17.356667 ], [ 122.152944, -17.390028 ], [ 122.147083, -17.400833 ], [ 122.152139, -17.467556 ], [ 122.150417, -17.48 ], [ 122.142917, -17.488361 ], [ 122.142056, -17.506667 ], [ 122.147056, -17.535889 ], [ 122.147083, -17.556667 ], [ 122.144556, -17.560833 ], [ 122.150417, -17.57 ], [ 122.148722, -17.574167 ], [ 122.151222, -17.579194 ], [ 122.167083, -17.590833 ], [ 122.172889, -17.603333 ], [ 122.180417, -17.635028 ], [ 122.183722, -17.668333 ], [ 122.185389, -17.669194 ], [ 122.187472, -17.662083 ], [ 122.193333, -17.662111 ], [ 122.187917, -17.665889 ], [ 122.192889, -17.669167 ], [ 122.19875, -17.680861 ], [ 122.201222, -17.72 ], [ 122.197917, -17.756667 ], [ 122.202528, -17.754611 ], [ 122.221722, -17.764556 ], [ 122.226278, -17.757528 ], [ 122.220861, -17.75125 ], [ 122.23875, -17.760833 ], [ 122.231639, -17.759611 ], [ 122.229611, -17.764194 ], [ 122.233361, -17.767944 ], [ 122.219583, -17.770861 ], [ 122.220806, -17.779611 ], [ 122.217111, -17.775861 ], [ 122.217889, -17.77 ], [ 122.206667, -17.762083 ], [ 122.198694, -17.773361 ], [ 122.212083, -17.854167 ], [ 122.207861, -17.935833 ], [ 122.203722, -17.950028 ], [ 122.194611, -17.965833 ], [ 122.188306, -17.972083 ], [ 122.172083, -17.973333 ], [ 122.191278, -17.986667 ], [ 122.194583, -17.999194 ], [ 122.208361, -18.010444 ], [ 122.21125, -18.006667 ], [ 122.207861, -18.0 ], [ 122.209639, -17.992528 ], [ 122.220028, -17.980417 ], [ 122.235833, -17.972944 ], [ 122.243722, -17.965 ], [ 122.24875, -17.952528 ], [ 122.246278, -17.945056 ], [ 122.25125, -17.945861 ], [ 122.252472, -17.93875 ], [ 122.254611, -17.944222 ], [ 122.250417, -17.953333 ], [ 122.256667, -17.960417 ], [ 122.279167, -17.964611 ], [ 122.299167, -17.974556 ], [ 122.328361, -17.976278 ], [ 122.335778, -17.980444 ], [ 122.352472, -17.97625 ], [ 122.366639, -17.989611 ], [ 122.374972, -17.991306 ], [ 122.372111, -17.995028 ], [ 122.378778, -18.025861 ], [ 122.381222, -18.058361 ], [ 122.37875, -18.063333 ], [ 122.380444, -18.072528 ], [ 122.37625, -18.078361 ], [ 122.377083, -18.095833 ], [ 122.375444, -18.103333 ], [ 122.370389, -18.108361 ], [ 122.369556, -18.1175 ], [ 122.36375, -18.127528 ], [ 122.353722, -18.135 ], [ 122.346222, -18.145833 ], [ 122.323361, -18.16125 ], [ 122.315028, -18.172917 ], [ 122.305, -18.171278 ], [ 122.285833, -18.180444 ], [ 122.261667, -18.184611 ], [ 122.243278, -18.199611 ], [ 122.234167, -18.197917 ], [ 122.229167, -18.20375 ], [ 122.225028, -18.202139 ], [ 122.215, -18.204611 ], [ 122.203778, -18.218333 ], [ 122.211222, -18.223361 ], [ 122.212056, -18.230028 ], [ 122.193306, -18.25875 ], [ 122.197917, -18.248333 ], [ 122.185417, -18.248333 ], [ 122.199611, -18.244222 ], [ 122.200833, -18.239611 ], [ 122.190472, -18.241639 ], [ 122.202056, -18.235833 ], [ 122.199167, -18.231306 ], [ 122.182028, -18.240861 ], [ 122.172528, -18.262917 ], [ 122.171278, -18.259194 ], [ 122.177917, -18.2475 ], [ 122.172056, -18.252528 ], [ 122.169583, -18.266694 ], [ 122.177889, -18.266667 ], [ 122.168333, -18.269611 ], [ 122.168306, -18.274611 ], [ 122.165806, -18.267139 ], [ 122.157861, -18.281667 ], [ 122.133306, -18.305444 ], [ 122.120861, -18.312111 ], [ 122.099111, -18.315444 ], [ 122.084139, -18.327944 ], [ 122.074972, -18.325417 ], [ 122.062472, -18.326278 ], [ 122.045417, -18.358333 ], [ 122.035389, -18.365 ], [ 122.01875, -18.390056 ], [ 122.009167, -18.393778 ], [ 121.999139, -18.40375 ], [ 121.981639, -18.405417 ], [ 121.978361, -18.412111 ], [ 121.946667, -18.439611 ], [ 121.939111, -18.439611 ], [ 121.899972, -18.46625 ], [ 121.873361, -18.472111 ], [ 121.867472, -18.472083 ], [ 121.853278, -18.46375 ], [ 121.844583, -18.454167 ], [ 121.84, -18.443806 ], [ 121.831667, -18.447944 ], [ 121.823306, -18.447083 ], [ 121.813722, -18.452472 ], [ 121.788722, -18.485833 ], [ 121.792083, -18.495833 ], [ 121.797944, -18.499194 ], [ 121.802472, -18.50875 ], [ 121.80375, -18.503361 ], [ 121.807917, -18.501667 ], [ 121.812917, -18.493389 ], [ 121.80875, -18.486694 ], [ 121.809972, -18.483778 ], [ 121.817056, -18.492556 ], [ 121.807917, -18.510056 ], [ 121.793722, -18.52 ], [ 121.798778, -18.530028 ], [ 121.7925, -18.537111 ], [ 121.788722, -18.537528 ], [ 121.795389, -18.53 ], [ 121.790417, -18.519194 ], [ 121.799556, -18.510861 ], [ 121.790806, -18.50375 ], [ 121.785444, -18.509222 ], [ 121.782083, -18.521667 ], [ 121.766278, -18.550806 ], [ 121.7575, -18.56125 ], [ 121.742917, -18.566667 ], [ 121.747444, -18.569639 ], [ 121.760833, -18.567083 ], [ 121.769583, -18.571667 ], [ 121.755806, -18.569639 ], [ 121.751639, -18.572917 ], [ 121.74, -18.57125 ], [ 121.729556, -18.573361 ], [ 121.730833, -18.580417 ], [ 121.745861, -18.58625 ], [ 121.755806, -18.586278 ], [ 121.763333, -18.595444 ], [ 121.772472, -18.597111 ], [ 121.779139, -18.606278 ], [ 121.784139, -18.606306 ], [ 121.781639, -18.611278 ], [ 121.789583, -18.61 ], [ 121.783778, -18.614222 ], [ 121.787056, -18.619972 ], [ 121.786194, -18.640056 ], [ 121.792056, -18.643361 ], [ 121.79375, -18.658361 ], [ 121.789194, -18.66125 ], [ 121.786611, -18.654583 ], [ 121.766611, -18.673778 ], [ 121.757472, -18.67125 ], [ 121.751611, -18.675472 ], [ 121.742056, -18.690833 ], [ 121.741222, -18.6975 ], [ 121.744556, -18.700028 ], [ 121.74, -18.704583 ], [ 121.738333, -18.697917 ], [ 121.719944, -18.706306 ], [ 121.714972, -18.704611 ], [ 121.709111, -18.707083 ], [ 121.698333, -18.699611 ], [ 121.696667, -18.704583 ], [ 121.678722, -18.714222 ], [ 121.679972, -18.720417 ], [ 121.668333, -18.717111 ], [ 121.665, -18.719639 ], [ 121.665417, -18.713306 ], [ 121.655833, -18.706306 ], [ 121.639139, -18.710417 ], [ 121.636667, -18.704611 ], [ 121.634972, -18.709583 ], [ 121.629556, -18.709222 ], [ 121.632944, -18.719222 ], [ 121.630833, -18.722139 ], [ 121.626222, -18.710056 ], [ 121.629556, -18.701694 ], [ 121.6275, -18.700417 ], [ 121.617889, -18.706722 ], [ 121.619611, -18.742528 ], [ 121.635, -18.744611 ], [ 121.642444, -18.752917 ], [ 121.647861, -18.754167 ], [ 121.650417, -18.765833 ], [ 121.655389, -18.768333 ], [ 121.649556, -18.789167 ], [ 121.644556, -18.796639 ], [ 121.655389, -18.815028 ], [ 121.652917, -18.836639 ], [ 121.650389, -18.8375 ], [ 121.651278, -18.817528 ], [ 121.649167, -18.81625 ], [ 121.64625, -18.819222 ], [ 121.646639, -18.822944 ], [ 121.642917, -18.821722 ], [ 121.643306, -18.817917 ], [ 121.635417, -18.825861 ], [ 121.632056, -18.837528 ], [ 121.632083, -18.842528 ], [ 121.635028, -18.845417 ], [ 121.639528, -18.844972 ], [ 121.637889, -18.848361 ], [ 121.628306, -18.842944 ], [ 121.618722, -18.864222 ], [ 121.611667, -18.871278 ], [ 121.605, -18.867111 ], [ 121.601222, -18.872528 ], [ 121.602861, -18.885861 ], [ 121.600361, -18.904194 ], [ 121.57625, -18.947556 ], [ 121.578278, -18.948778 ], [ 121.580778, -18.944611 ], [ 121.588306, -18.941278 ], [ 121.594194, -18.942083 ], [ 121.596639, -18.937111 ], [ 121.600444, -18.94 ], [ 121.595806, -18.944611 ], [ 121.588361, -18.944611 ], [ 121.577472, -18.952111 ], [ 121.5675, -18.947889 ], [ 121.562472, -18.942111 ], [ 121.555, -18.94125 ], [ 121.552889, -18.943361 ], [ 121.561222, -18.955889 ], [ 121.564556, -18.972472 ], [ 121.55625, -18.994222 ], [ 121.540417, -19.021694 ], [ 121.523306, -19.042917 ], [ 121.516278, -19.043361 ], [ 121.524583, -19.050833 ], [ 121.524583, -19.055028 ], [ 121.516306, -19.0825 ], [ 121.50625, -19.103361 ], [ 121.497111, -19.113333 ], [ 121.463694, -19.167556 ], [ 121.415417, -19.235861 ], [ 121.324528, -19.351694 ], [ 121.209167, -19.467972 ], [ 121.113306, -19.539611 ], [ 121.1, -19.545444 ], [ 121.039194, -19.58625 ], [ 121.006694, -19.602944 ], [ 120.9925, -19.614611 ], [ 120.960806, -19.632083 ], [ 120.871667, -19.667083 ], [ 120.861667, -19.675444 ], [ 120.859556, -19.675028 ], [ 120.865028, -19.669583 ], [ 120.851694, -19.672972 ], [ 120.843361, -19.678778 ], [ 120.767528, -19.70875 ], [ 120.628333, -19.770444 ], [ 120.559972, -19.787944 ], [ 120.537472, -19.79875 ], [ 120.480833, -19.816278 ], [ 120.469167, -19.822917 ], [ 120.4475, -19.82875 ], [ 120.409972, -19.844611 ], [ 120.38, -19.851278 ], [ 120.32, -19.87625 ], [ 120.225806, -19.905417 ], [ 120.189944, -19.91375 ], [ 120.156639, -19.915444 ], [ 120.130833, -19.912111 ], [ 120.085806, -19.922083 ], [ 120.080028, -19.920444 ], [ 120.085444, -19.925 ], [ 120.081639, -19.926278 ], [ 120.071667, -19.922944 ], [ 120.026639, -19.932111 ], [ 120.0, -19.932944 ], [ 119.991667, -19.929556 ], [ 119.965861, -19.93125 ], [ 119.947444, -19.937944 ], [ 119.899167, -19.946222 ], [ 119.869194, -19.957889 ], [ 119.860833, -19.964583 ], [ 119.859139, -19.961278 ], [ 119.854167, -19.960444 ], [ 119.850028, -19.964583 ], [ 119.845806, -19.962917 ], [ 119.821667, -19.970472 ], [ 119.791694, -19.967111 ], [ 119.787528, -19.968778 ], [ 119.786611, -19.964611 ], [ 119.771639, -19.958778 ], [ 119.769111, -19.952083 ], [ 119.759167, -19.952083 ], [ 119.767917, -19.967528 ], [ 119.762889, -19.970889 ], [ 119.764139, -19.973778 ], [ 119.759944, -19.972944 ], [ 119.757528, -19.968778 ], [ 119.75375, -19.969194 ], [ 119.752056, -19.964167 ], [ 119.754583, -19.96 ], [ 119.7525, -19.959583 ], [ 119.731667, -19.967917 ], [ 119.72625, -19.974194 ], [ 119.736667, -19.97375 ], [ 119.746222, -19.981694 ], [ 119.737083, -19.982528 ], [ 119.73875, -20.0 ], [ 119.734556, -20.005028 ], [ 119.73875, -20.008333 ], [ 119.720806, -20.013778 ], [ 119.725, -20.021278 ], [ 119.717111, -20.0175 ], [ 119.72, -20.030417 ], [ 119.717083, -20.029194 ], [ 119.717917, -20.025 ], [ 119.709111, -20.018778 ], [ 119.696194, -20.030028 ], [ 119.704139, -20.036278 ], [ 119.689167, -20.032944 ], [ 119.685, -20.037944 ], [ 119.686639, -20.031278 ], [ 119.692528, -20.031306 ], [ 119.704583, -20.02 ], [ 119.702917, -20.014167 ], [ 119.698722, -20.014167 ], [ 119.700417, -20.010028 ], [ 119.697917, -20.008333 ], [ 119.700417, -20.005889 ], [ 119.695444, -19.996694 ], [ 119.707083, -19.991694 ], [ 119.674944, -19.998778 ], [ 119.670389, -20.001694 ], [ 119.671667, -20.00375 ], [ 119.687083, -20.006667 ], [ 119.685, -20.008778 ], [ 119.675806, -20.007139 ], [ 119.670389, -20.012528 ], [ 119.667944, -20.03 ], [ 119.660778, -20.037972 ], [ 119.6275, -20.05625 ], [ 119.620028, -20.067139 ], [ 119.607556, -20.074611 ], [ 119.59, -20.07875 ], [ 119.558361, -20.079611 ], [ 119.554556, -20.082528 ], [ 119.555889, -20.087917 ], [ 119.552917, -20.086694 ], [ 119.552889, -20.081694 ], [ 119.5575, -20.077111 ], [ 119.567083, -20.075889 ], [ 119.565028, -20.069611 ], [ 119.557528, -20.067083 ], [ 119.554972, -20.07125 ], [ 119.550028, -20.070444 ], [ 119.542444, -20.06625 ], [ 119.537472, -20.05875 ], [ 119.494111, -20.037139 ], [ 119.484972, -20.02625 ], [ 119.477917, -20.024167 ], [ 119.485389, -20.015 ], [ 119.469194, -20.007083 ], [ 119.465861, -20.001278 ], [ 119.458333, -20.014583 ], [ 119.440806, -20.015389 ], [ 119.432889, -20.013389 ], [ 119.432917, -20.007528 ], [ 119.420778, -19.994639 ], [ 119.4075, -19.990389 ], [ 119.395, -19.995444 ], [ 119.379139, -19.995417 ], [ 119.374972, -20.002944 ], [ 119.367472, -20.003778 ], [ 119.365833, -20.007917 ], [ 119.3625, -20.007111 ], [ 119.356667, -20.012056 ], [ 119.358333, -20.005444 ], [ 119.363306, -20.005444 ], [ 119.374583, -19.998361 ], [ 119.376222, -19.992556 ], [ 119.369972, -19.987917 ], [ 119.3325, -19.982917 ], [ 119.33, -19.986278 ], [ 119.317472, -19.985417 ], [ 119.312472, -19.987944 ], [ 119.306667, -19.982111 ], [ 119.280028, -19.975389 ], [ 119.270806, -19.97625 ], [ 119.238361, -19.962972 ], [ 119.234556, -19.964222 ], [ 119.234583, -19.967556 ], [ 119.239139, -19.966278 ], [ 119.240417, -19.968333 ], [ 119.234139, -19.970417 ], [ 119.232028, -19.961667 ], [ 119.21825, -19.95375 ], [ 119.203306, -19.95125 ], [ 119.172556, -19.952944 ], [ 119.167917, -19.957528 ], [ 119.162056, -19.9775 ], [ 119.170389, -19.996667 ], [ 119.162917, -19.993333 ], [ 119.164583, -20.003333 ], [ 119.162028, -20.0075 ], [ 119.167472, -20.010472 ], [ 119.176639, -20.010417 ], [ 119.184972, -20.017139 ], [ 119.21, -20.018778 ], [ 119.215389, -20.023361 ], [ 119.2125, -20.028778 ], [ 119.213722, -20.025028 ], [ 119.209167, -20.020444 ], [ 119.186667, -20.019583 ], [ 119.175806, -20.012944 ], [ 119.158306, -20.014583 ], [ 119.153722, -20.008333 ], [ 119.149583, -19.988333 ], [ 119.139167, -19.975444 ], [ 119.122472, -19.964611 ], [ 119.103306, -19.96125 ], [ 119.104556, -19.959167 ], [ 119.101694, -19.957139 ], [ 119.092472, -19.957917 ], [ 119.085389, -19.963333 ], [ 119.084583, -19.981694 ], [ 119.087139, -19.989194 ], [ 119.06, -20.017944 ], [ 119.048278, -20.022944 ], [ 119.038333, -20.022889 ], [ 119.034139, -20.027083 ], [ 118.983722, -20.038333 ], [ 118.985417, -20.043361 ], [ 118.979583, -20.060861 ], [ 118.976222, -20.088389 ], [ 118.962083, -20.123361 ], [ 118.945806, -20.142111 ], [ 118.899972, -20.167917 ], [ 118.86375, -20.218361 ], [ 118.864583, -20.231667 ], [ 118.869111, -20.235472 ], [ 118.878722, -20.236694 ], [ 118.87875, -20.242528 ], [ 118.873778, -20.249194 ], [ 118.874583, -20.254167 ], [ 118.885417, -20.256694 ], [ 118.874972, -20.257944 ], [ 118.871194, -20.248361 ], [ 118.876222, -20.240028 ], [ 118.856639, -20.229583 ], [ 118.854972, -20.237111 ], [ 118.852028, -20.235889 ], [ 118.854167, -20.232917 ], [ 118.849583, -20.235056 ], [ 118.84875, -20.245833 ], [ 118.84375, -20.249222 ], [ 118.843333, -20.253806 ], [ 118.832083, -20.255028 ], [ 118.845417, -20.261694 ], [ 118.840028, -20.262972 ], [ 118.831639, -20.259611 ], [ 118.827917, -20.262528 ], [ 118.827889, -20.270028 ], [ 118.839139, -20.275417 ], [ 118.846667, -20.286306 ], [ 118.850833, -20.287111 ], [ 118.859167, -20.27875 ], [ 118.862917, -20.280833 ], [ 118.862528, -20.282917 ], [ 118.859139, -20.281278 ], [ 118.852472, -20.28875 ], [ 118.846639, -20.28875 ], [ 118.839972, -20.278806 ], [ 118.8225, -20.272083 ], [ 118.819583, -20.272528 ], [ 118.822056, -20.281667 ], [ 118.827472, -20.287917 ], [ 118.818722, -20.2825 ], [ 118.818333, -20.274611 ], [ 118.8075, -20.277917 ], [ 118.809611, -20.282556 ], [ 118.806667, -20.284583 ], [ 118.797472, -20.274583 ], [ 118.781667, -20.277917 ], [ 118.769111, -20.27625 ], [ 118.759167, -20.287083 ], [ 118.749583, -20.290056 ], [ 118.756694, -20.29375 ], [ 118.760833, -20.301278 ], [ 118.764972, -20.297917 ], [ 118.770833, -20.304639 ], [ 118.764167, -20.300444 ], [ 118.756694, -20.31125 ], [ 118.752472, -20.310444 ], [ 118.757917, -20.305861 ], [ 118.75875, -20.3 ], [ 118.754139, -20.295444 ], [ 118.743722, -20.294972 ], [ 118.748361, -20.282944 ], [ 118.730417, -20.295056 ], [ 118.735389, -20.299194 ], [ 118.733306, -20.302944 ], [ 118.716222, -20.308333 ], [ 118.716611, -20.31125 ], [ 118.726222, -20.311667 ], [ 118.722083, -20.316694 ], [ 118.724556, -20.320861 ], [ 118.7225, -20.325417 ], [ 118.720417, -20.319194 ], [ 118.722472, -20.312917 ], [ 118.70625, -20.322528 ], [ 118.707028, -20.318333 ], [ 118.714611, -20.314194 ], [ 118.714556, -20.307472 ], [ 118.724583, -20.300833 ], [ 118.720806, -20.299611 ], [ 118.6875, -20.312111 ], [ 118.6775, -20.318806 ], [ 118.673694, -20.323361 ], [ 118.677028, -20.328333 ], [ 118.675, -20.334611 ], [ 118.675, -20.329611 ], [ 118.669556, -20.334194 ], [ 118.671194, -20.328389 ], [ 118.667472, -20.326306 ], [ 118.642889, -20.330833 ], [ 118.662083, -20.3225 ], [ 118.657472, -20.319611 ], [ 118.641222, -20.325 ], [ 118.644111, -20.320444 ], [ 118.657083, -20.316694 ], [ 118.635417, -20.308361 ], [ 118.641278, -20.308361 ], [ 118.637056, -20.303361 ], [ 118.638306, -20.295417 ], [ 118.625833, -20.296278 ], [ 118.611639, -20.30375 ], [ 118.575, -20.304611 ], [ 118.569556, -20.307528 ], [ 118.569583, -20.310861 ], [ 118.571611, -20.314611 ], [ 118.581639, -20.318778 ], [ 118.591639, -20.314611 ], [ 118.612889, -20.312528 ], [ 118.585, -20.320417 ], [ 118.585806, -20.32625 ], [ 118.604167, -20.322917 ], [ 118.613306, -20.32375 ], [ 118.618778, -20.328361 ], [ 118.605417, -20.3275 ], [ 118.615833, -20.338778 ], [ 118.609972, -20.337111 ], [ 118.601611, -20.327944 ], [ 118.58375, -20.332528 ], [ 118.588278, -20.337944 ], [ 118.597472, -20.339556 ], [ 118.600833, -20.345444 ], [ 118.609139, -20.342917 ], [ 118.617917, -20.344194 ], [ 118.6, -20.347111 ], [ 118.593333, -20.341278 ], [ 118.591222, -20.345833 ], [ 118.596194, -20.351694 ], [ 118.595806, -20.355417 ], [ 118.589611, -20.346694 ], [ 118.590389, -20.341694 ], [ 118.577472, -20.332917 ], [ 118.579139, -20.360444 ], [ 118.573722, -20.354194 ], [ 118.577056, -20.346694 ], [ 118.573278, -20.334639 ], [ 118.569556, -20.343389 ], [ 118.57375, -20.324972 ], [ 118.567472, -20.324639 ], [ 118.564583, -20.327472 ], [ 118.56625, -20.331694 ], [ 118.560861, -20.33125 ], [ 118.555806, -20.337139 ], [ 118.557056, -20.334194 ], [ 118.553722, -20.331694 ], [ 118.558278, -20.330444 ], [ 118.561222, -20.325028 ], [ 118.547472, -20.307944 ], [ 118.542917, -20.31 ], [ 118.545389, -20.318361 ], [ 118.540806, -20.316278 ], [ 118.537028, -20.321694 ], [ 118.544583, -20.328333 ], [ 118.544556, -20.332528 ], [ 118.539194, -20.327139 ], [ 118.533333, -20.327917 ], [ 118.535472, -20.3325 ], [ 118.532472, -20.338778 ], [ 118.5325, -20.33125 ], [ 118.527472, -20.332111 ], [ 118.524167, -20.336278 ], [ 118.522917, -20.333361 ], [ 118.534556, -20.323389 ], [ 118.532083, -20.320889 ], [ 118.537111, -20.3175 ], [ 118.537944, -20.311722 ], [ 118.534167, -20.307083 ], [ 118.50375, -20.325028 ], [ 118.51375, -20.328389 ], [ 118.507917, -20.331694 ], [ 118.50375, -20.339194 ], [ 118.509111, -20.34625 ], [ 118.502083, -20.341667 ], [ 118.502861, -20.335028 ], [ 118.50875, -20.3275 ], [ 118.497472, -20.331278 ], [ 118.487528, -20.330444 ], [ 118.484167, -20.327083 ], [ 118.493306, -20.327056 ], [ 118.493778, -20.325 ], [ 118.484139, -20.322083 ], [ 118.475833, -20.325444 ], [ 118.475361, -20.328361 ], [ 118.481639, -20.336278 ], [ 118.489139, -20.336278 ], [ 118.492056, -20.343361 ], [ 118.486667, -20.346278 ], [ 118.490389, -20.34 ], [ 118.484167, -20.337917 ], [ 118.475444, -20.344194 ], [ 118.475861, -20.352972 ], [ 118.472444, -20.347944 ], [ 118.467472, -20.347083 ], [ 118.457917, -20.353361 ], [ 118.465861, -20.344611 ], [ 118.4725, -20.344639 ], [ 118.472889, -20.3425 ], [ 118.453333, -20.331306 ], [ 118.445806, -20.332111 ], [ 118.444194, -20.338778 ], [ 118.436667, -20.337917 ], [ 118.434194, -20.33375 ], [ 118.422556, -20.333806 ], [ 118.4125, -20.335417 ], [ 118.407083, -20.34 ], [ 118.408722, -20.341722 ], [ 118.403722, -20.346694 ], [ 118.408694, -20.353361 ], [ 118.404972, -20.357917 ], [ 118.405417, -20.354194 ], [ 118.393278, -20.342917 ], [ 118.375, -20.346278 ], [ 118.371194, -20.350028 ], [ 118.374194, -20.357139 ], [ 118.36875, -20.354194 ], [ 118.366667, -20.346278 ], [ 118.363306, -20.34625 ], [ 118.364556, -20.361667 ], [ 118.358278, -20.368778 ], [ 118.355389, -20.368361 ], [ 118.357889, -20.365 ], [ 118.349944, -20.354556 ], [ 118.345806, -20.35375 ], [ 118.338722, -20.357528 ], [ 118.338306, -20.352083 ], [ 118.348722, -20.351639 ], [ 118.341222, -20.337528 ], [ 118.341639, -20.322972 ], [ 118.324972, -20.336278 ], [ 118.284556, -20.345028 ], [ 118.285833, -20.347139 ], [ 118.300806, -20.347139 ], [ 118.304167, -20.355417 ], [ 118.296611, -20.347917 ], [ 118.289972, -20.348778 ], [ 118.287944, -20.355833 ], [ 118.28, -20.361278 ], [ 118.277056, -20.360056 ], [ 118.281222, -20.355889 ], [ 118.275806, -20.349611 ], [ 118.253361, -20.354583 ], [ 118.247889, -20.363361 ], [ 118.249972, -20.373778 ], [ 118.244944, -20.367917 ], [ 118.236667, -20.367111 ], [ 118.234139, -20.369583 ], [ 118.231667, -20.366278 ], [ 118.213278, -20.364639 ], [ 118.197056, -20.381667 ], [ 118.1925, -20.391278 ], [ 118.19375, -20.380028 ], [ 118.201194, -20.374194 ], [ 118.2, -20.37125 ], [ 118.192472, -20.370444 ], [ 118.180778, -20.377083 ], [ 118.172889, -20.372528 ], [ 118.1825, -20.372944 ], [ 118.194556, -20.364194 ], [ 118.187083, -20.340889 ], [ 118.189556, -20.333361 ], [ 118.184139, -20.330417 ], [ 118.174167, -20.331278 ], [ 118.151667, -20.356278 ], [ 118.129194, -20.367083 ], [ 118.104167, -20.384639 ], [ 118.1025, -20.389639 ], [ 118.117083, -20.380833 ], [ 118.105806, -20.39375 ], [ 118.097444, -20.390417 ], [ 118.069972, -20.409639 ], [ 118.045, -20.417083 ], [ 118.03375, -20.436694 ], [ 118.016639, -20.452917 ], [ 117.986639, -20.468806 ], [ 117.952472, -20.474556 ], [ 117.950389, -20.480889 ], [ 117.955444, -20.484194 ], [ 117.952472, -20.486278 ], [ 117.947917, -20.484167 ], [ 117.9475, -20.477917 ], [ 117.942472, -20.475417 ], [ 117.935861, -20.477056 ], [ 117.93375, -20.480861 ], [ 117.937083, -20.489222 ], [ 117.936278, -20.505861 ], [ 117.927083, -20.525028 ], [ 117.935861, -20.527944 ], [ 117.939111, -20.522944 ], [ 117.937083, -20.535 ], [ 117.944111, -20.534611 ], [ 117.945444, -20.536667 ], [ 117.942083, -20.538361 ], [ 117.944194, -20.540472 ], [ 117.950861, -20.539583 ], [ 117.955028, -20.542139 ], [ 117.958722, -20.538333 ], [ 117.95625, -20.5325 ], [ 117.9625, -20.529583 ], [ 117.964167, -20.525444 ], [ 117.966194, -20.529167 ], [ 117.957944, -20.534194 ], [ 117.96125, -20.538361 ], [ 117.957889, -20.543333 ], [ 117.960806, -20.544556 ], [ 117.963361, -20.540417 ], [ 117.966222, -20.542528 ], [ 117.961667, -20.547083 ], [ 117.952472, -20.547944 ], [ 117.950861, -20.542889 ], [ 117.939972, -20.542111 ], [ 117.943722, -20.548333 ], [ 117.94, -20.546222 ], [ 117.939139, -20.54875 ], [ 117.934972, -20.542139 ], [ 117.925806, -20.537139 ], [ 117.916667, -20.537917 ], [ 117.907083, -20.545833 ], [ 117.906222, -20.554167 ], [ 117.915, -20.554639 ], [ 117.917028, -20.558333 ], [ 117.90875, -20.557528 ], [ 117.912083, -20.566694 ], [ 117.905028, -20.575444 ], [ 117.904583, -20.570861 ], [ 117.908722, -20.565 ], [ 117.899167, -20.554583 ], [ 117.884167, -20.547111 ], [ 117.874167, -20.549611 ], [ 117.865444, -20.559194 ], [ 117.86375, -20.567528 ], [ 117.87125, -20.570861 ], [ 117.8725, -20.578778 ], [ 117.876667, -20.574611 ], [ 117.883333, -20.577111 ], [ 117.876722, -20.577083 ], [ 117.8725, -20.581306 ], [ 117.8675, -20.576278 ], [ 117.861667, -20.579639 ], [ 117.85375, -20.593333 ], [ 117.853778, -20.599167 ], [ 117.857111, -20.602556 ], [ 117.854972, -20.604611 ], [ 117.849972, -20.602111 ], [ 117.828306, -20.61875 ], [ 117.815833, -20.622944 ], [ 117.789583, -20.6475 ], [ 117.789194, -20.654556 ], [ 117.782444, -20.651278 ], [ 117.76875, -20.660861 ], [ 117.770028, -20.664583 ], [ 117.777528, -20.665472 ], [ 117.781639, -20.669583 ], [ 117.787472, -20.667083 ], [ 117.792944, -20.6725 ], [ 117.790806, -20.67625 ], [ 117.786639, -20.671278 ], [ 117.78, -20.672111 ], [ 117.775, -20.667944 ], [ 117.769139, -20.668778 ], [ 117.764972, -20.663806 ], [ 117.759972, -20.66375 ], [ 117.731694, -20.676278 ], [ 117.691694, -20.683778 ], [ 117.685389, -20.686667 ], [ 117.685, -20.691278 ], [ 117.682889, -20.685833 ], [ 117.689583, -20.682528 ], [ 117.682889, -20.671722 ], [ 117.687083, -20.665833 ], [ 117.676639, -20.662944 ], [ 117.672083, -20.670833 ], [ 117.662944, -20.677528 ], [ 117.671222, -20.696667 ], [ 117.660472, -20.681722 ], [ 117.659556, -20.676667 ], [ 117.66375, -20.672528 ], [ 117.661694, -20.670417 ], [ 117.656194, -20.674167 ], [ 117.64875, -20.688361 ], [ 117.649583, -20.699222 ], [ 117.654611, -20.702528 ], [ 117.650861, -20.702139 ], [ 117.649139, -20.705417 ], [ 117.647889, -20.700889 ], [ 117.645, -20.700444 ], [ 117.635861, -20.707111 ], [ 117.642889, -20.6975 ], [ 117.642917, -20.688333 ], [ 117.638694, -20.6875 ], [ 117.63875, -20.674972 ], [ 117.633333, -20.672083 ], [ 117.621639, -20.673778 ], [ 117.612111, -20.684194 ], [ 117.615833, -20.675417 ], [ 117.634944, -20.668806 ], [ 117.643778, -20.659194 ], [ 117.638333, -20.662083 ], [ 117.631667, -20.659639 ], [ 117.6125, -20.671278 ], [ 117.594139, -20.675417 ], [ 117.589972, -20.672917 ], [ 117.575, -20.673778 ], [ 117.574167, -20.67625 ], [ 117.583361, -20.676278 ], [ 117.59125, -20.683361 ], [ 117.590861, -20.686278 ], [ 117.585806, -20.683778 ], [ 117.582917, -20.6875 ], [ 117.585389, -20.699222 ], [ 117.578361, -20.692917 ], [ 117.57, -20.690417 ], [ 117.55, -20.701278 ], [ 117.550417, -20.710861 ], [ 117.545389, -20.72 ], [ 117.549139, -20.724639 ], [ 117.543694, -20.722528 ], [ 117.547056, -20.707472 ], [ 117.542472, -20.702972 ], [ 117.5225, -20.709639 ], [ 117.493306, -20.713778 ], [ 117.483333, -20.721278 ], [ 117.481667, -20.717944 ], [ 117.477444, -20.717972 ], [ 117.458333, -20.724611 ], [ 117.443333, -20.722917 ], [ 117.437917, -20.725861 ], [ 117.430444, -20.736667 ], [ 117.439167, -20.739583 ], [ 117.445444, -20.747528 ], [ 117.435833, -20.742111 ], [ 117.425778, -20.755444 ], [ 117.432139, -20.744194 ], [ 117.42625, -20.736694 ], [ 117.428778, -20.731694 ], [ 117.426639, -20.728778 ], [ 117.416667, -20.725417 ], [ 117.388333, -20.727944 ], [ 117.381222, -20.735806 ], [ 117.385417, -20.750833 ], [ 117.380444, -20.756639 ], [ 117.391694, -20.754611 ], [ 117.39375, -20.761722 ], [ 117.390028, -20.763806 ], [ 117.391194, -20.757472 ], [ 117.385, -20.757083 ], [ 117.378722, -20.770028 ], [ 117.380389, -20.774194 ], [ 117.377083, -20.7725 ], [ 117.377472, -20.777083 ], [ 117.37375, -20.773361 ], [ 117.380444, -20.7625 ], [ 117.377889, -20.753333 ], [ 117.380389, -20.747528 ], [ 117.366611, -20.73125 ], [ 117.357056, -20.731667 ], [ 117.360417, -20.742528 ], [ 117.34875, -20.752528 ], [ 117.347056, -20.756667 ], [ 117.349556, -20.764167 ], [ 117.346222, -20.768361 ], [ 117.350444, -20.771694 ], [ 117.346639, -20.770417 ], [ 117.343333, -20.77375 ], [ 117.347056, -20.763361 ], [ 117.345028, -20.759583 ], [ 117.340861, -20.76125 ], [ 117.334167, -20.754611 ], [ 117.327472, -20.76875 ], [ 117.322917, -20.763361 ], [ 117.327889, -20.758361 ], [ 117.31875, -20.757528 ], [ 117.329167, -20.756222 ], [ 117.333306, -20.752944 ], [ 117.343333, -20.75625 ], [ 117.344583, -20.751667 ], [ 117.352917, -20.745 ], [ 117.353778, -20.737528 ], [ 117.349222, -20.732944 ], [ 117.339167, -20.729583 ], [ 117.335833, -20.732111 ], [ 117.325833, -20.731278 ], [ 117.306667, -20.724611 ], [ 117.296667, -20.726278 ], [ 117.284139, -20.72125 ], [ 117.278361, -20.723778 ], [ 117.278361, -20.720472 ], [ 117.268333, -20.71875 ], [ 117.250833, -20.703806 ], [ 117.2175, -20.691278 ], [ 117.211639, -20.691306 ], [ 117.209583, -20.698361 ], [ 117.222889, -20.701667 ], [ 117.209972, -20.702944 ], [ 117.203722, -20.695028 ], [ 117.203722, -20.690833 ], [ 117.188722, -20.680889 ], [ 117.19, -20.676222 ], [ 117.183694, -20.681694 ], [ 117.179972, -20.697056 ], [ 117.179583, -20.689139 ], [ 117.174556, -20.686694 ], [ 117.197917, -20.663361 ], [ 117.190833, -20.664639 ], [ 117.184972, -20.66125 ], [ 117.181667, -20.663778 ], [ 117.172028, -20.656694 ], [ 117.173778, -20.655028 ], [ 117.171278, -20.650028 ], [ 117.177889, -20.645028 ], [ 117.176639, -20.642111 ], [ 117.170389, -20.644167 ], [ 117.177083, -20.635861 ], [ 117.175417, -20.631667 ], [ 117.19, -20.634583 ], [ 117.193722, -20.630028 ], [ 117.185444, -20.608361 ], [ 117.182528, -20.607889 ], [ 117.180833, -20.611278 ], [ 117.170444, -20.602528 ], [ 117.169583, -20.596667 ], [ 117.173778, -20.595861 ], [ 117.174167, -20.589611 ], [ 117.165806, -20.589611 ], [ 117.158333, -20.600472 ], [ 117.142917, -20.610861 ], [ 117.141222, -20.615861 ], [ 117.132083, -20.622528 ], [ 117.132917, -20.630833 ], [ 117.127889, -20.630833 ], [ 117.127056, -20.640833 ], [ 117.118333, -20.64875 ], [ 117.106694, -20.649611 ], [ 117.097889, -20.643361 ], [ 117.094611, -20.637528 ], [ 117.09625, -20.627528 ], [ 117.08875, -20.622556 ], [ 117.089167, -20.61875 ], [ 117.076694, -20.632083 ], [ 117.060861, -20.635472 ], [ 117.050417, -20.645 ], [ 117.052056, -20.65 ], [ 117.040861, -20.654583 ], [ 117.034139, -20.662111 ], [ 117.033722, -20.656694 ], [ 117.027056, -20.654194 ], [ 117.032083, -20.648389 ], [ 117.030833, -20.644611 ], [ 117.01, -20.647083 ], [ 116.990833, -20.654611 ], [ 116.984972, -20.653806 ], [ 116.972056, -20.664167 ], [ 116.983333, -20.664583 ], [ 116.989556, -20.670833 ], [ 116.984194, -20.667111 ], [ 116.981639, -20.67375 ], [ 116.981306, -20.6675 ], [ 116.975833, -20.667111 ], [ 116.975833, -20.67875 ], [ 116.974556, -20.671694 ], [ 116.969972, -20.667917 ], [ 116.961639, -20.67875 ], [ 116.951639, -20.679611 ], [ 116.944556, -20.685861 ], [ 116.94125, -20.693389 ], [ 116.944167, -20.697111 ], [ 116.952472, -20.693778 ], [ 116.95875, -20.6975 ], [ 116.953333, -20.702972 ], [ 116.949972, -20.695444 ], [ 116.948333, -20.698778 ], [ 116.932472, -20.702083 ], [ 116.922472, -20.707944 ], [ 116.925, -20.714611 ], [ 116.937083, -20.716667 ], [ 116.924167, -20.716278 ], [ 116.923333, -20.723778 ], [ 116.919611, -20.720861 ], [ 116.922056, -20.715 ], [ 116.918333, -20.709611 ], [ 116.893306, -20.720444 ], [ 116.886667, -20.717917 ], [ 116.861667, -20.717944 ], [ 116.829111, -20.707083 ], [ 116.796222, -20.676694 ], [ 116.795444, -20.666694 ], [ 116.789194, -20.662111 ], [ 116.78625, -20.668361 ], [ 116.789583, -20.676667 ], [ 116.784139, -20.677083 ], [ 116.786222, -20.673333 ], [ 116.784556, -20.663361 ], [ 116.78875, -20.658306 ], [ 116.789556, -20.645861 ], [ 116.797083, -20.634167 ], [ 116.792917, -20.624167 ], [ 116.800806, -20.62125 ], [ 116.80625, -20.613361 ], [ 116.807889, -20.6025 ], [ 116.804556, -20.599972 ], [ 116.809139, -20.597917 ], [ 116.814167, -20.602111 ], [ 116.817944, -20.593333 ], [ 116.818778, -20.585889 ], [ 116.8125, -20.587083 ], [ 116.811278, -20.584139 ], [ 116.841222, -20.545861 ], [ 116.859583, -20.530028 ], [ 116.862889, -20.521722 ], [ 116.859972, -20.517056 ], [ 116.840861, -20.517111 ], [ 116.804167, -20.523778 ], [ 116.79875, -20.536694 ], [ 116.808278, -20.534583 ], [ 116.808778, -20.540028 ], [ 116.795833, -20.552111 ], [ 116.784139, -20.553778 ], [ 116.772056, -20.573361 ], [ 116.779111, -20.572917 ], [ 116.789194, -20.566278 ], [ 116.792111, -20.570861 ], [ 116.778333, -20.583778 ], [ 116.774583, -20.581694 ], [ 116.774972, -20.578778 ], [ 116.764167, -20.585417 ], [ 116.757028, -20.594194 ], [ 116.758722, -20.595861 ], [ 116.752083, -20.599167 ], [ 116.752917, -20.605889 ], [ 116.741222, -20.616694 ], [ 116.740833, -20.622972 ], [ 116.744972, -20.62125 ], [ 116.749111, -20.627917 ], [ 116.757917, -20.628333 ], [ 116.751667, -20.633778 ], [ 116.718333, -20.640417 ], [ 116.701222, -20.6525 ], [ 116.701222, -20.655889 ], [ 116.696222, -20.659194 ], [ 116.696194, -20.665 ], [ 116.688694, -20.670833 ], [ 116.685833, -20.677083 ], [ 116.659944, -20.682083 ], [ 116.637028, -20.701667 ], [ 116.636222, -20.708333 ], [ 116.639944, -20.712111 ], [ 116.643361, -20.712139 ], [ 116.646667, -20.705417 ], [ 116.66, -20.708778 ], [ 116.655, -20.710417 ], [ 116.647472, -20.707083 ], [ 116.645417, -20.712528 ], [ 116.648306, -20.714611 ], [ 116.653333, -20.712083 ], [ 116.6525, -20.716278 ], [ 116.661639, -20.719611 ], [ 116.666667, -20.718778 ], [ 116.673306, -20.70875 ], [ 116.681667, -20.709611 ], [ 116.684972, -20.705444 ], [ 116.68, -20.719611 ], [ 116.678306, -20.711278 ], [ 116.66125, -20.725 ], [ 116.668278, -20.724556 ], [ 116.679167, -20.733778 ], [ 116.685028, -20.732917 ], [ 116.687444, -20.737972 ], [ 116.682444, -20.734583 ], [ 116.68375, -20.736694 ], [ 116.679972, -20.735444 ], [ 116.6775, -20.740417 ], [ 116.677028, -20.734167 ], [ 116.670833, -20.72875 ], [ 116.668306, -20.732944 ], [ 116.666639, -20.727083 ], [ 116.660833, -20.727083 ], [ 116.654139, -20.721278 ], [ 116.636667, -20.718778 ], [ 116.639972, -20.724639 ], [ 116.648333, -20.727111 ], [ 116.651611, -20.73125 ], [ 116.659972, -20.729611 ], [ 116.658722, -20.739194 ], [ 116.655833, -20.732111 ], [ 116.650806, -20.733778 ], [ 116.649167, -20.73125 ], [ 116.647028, -20.734167 ], [ 116.650417, -20.738361 ], [ 116.642528, -20.740472 ], [ 116.647861, -20.737556 ], [ 116.644583, -20.735028 ], [ 116.647028, -20.730833 ], [ 116.633333, -20.72375 ], [ 116.62875, -20.73 ], [ 116.633722, -20.735 ], [ 116.632056, -20.746694 ], [ 116.627056, -20.746694 ], [ 116.629139, -20.739583 ], [ 116.619972, -20.745417 ], [ 116.620417, -20.740028 ], [ 116.624139, -20.741278 ], [ 116.630361, -20.735 ], [ 116.622889, -20.730833 ], [ 116.622889, -20.727528 ], [ 116.630389, -20.722528 ], [ 116.630444, -20.719167 ], [ 116.627861, -20.710028 ], [ 116.624167, -20.70875 ], [ 116.620361, -20.713333 ], [ 116.62125, -20.725 ], [ 116.618722, -20.730833 ], [ 116.614972, -20.732083 ], [ 116.617028, -20.728361 ], [ 116.610389, -20.725028 ], [ 116.618722, -20.712528 ], [ 116.616639, -20.71125 ], [ 116.612528, -20.716306 ], [ 116.606639, -20.717083 ], [ 116.594167, -20.730444 ], [ 116.587083, -20.732472 ], [ 116.591194, -20.740861 ], [ 116.601694, -20.746278 ], [ 116.600806, -20.747944 ], [ 116.596667, -20.747944 ], [ 116.590861, -20.742944 ], [ 116.586667, -20.747917 ], [ 116.587917, -20.741722 ], [ 116.584972, -20.737917 ], [ 116.580778, -20.737917 ], [ 116.576667, -20.746278 ], [ 116.574167, -20.742944 ], [ 116.568333, -20.742944 ], [ 116.565861, -20.747056 ], [ 116.55875, -20.744167 ], [ 116.575417, -20.739167 ], [ 116.561639, -20.73625 ], [ 116.55875, -20.737528 ], [ 116.559972, -20.740444 ], [ 116.550806, -20.741278 ], [ 116.541667, -20.74625 ], [ 116.520861, -20.747917 ], [ 116.518694, -20.751694 ], [ 116.52375, -20.755028 ], [ 116.527444, -20.763778 ], [ 116.535806, -20.761278 ], [ 116.537917, -20.765 ], [ 116.533306, -20.762917 ], [ 116.527444, -20.76625 ], [ 116.522083, -20.762556 ], [ 116.52, -20.755444 ], [ 116.514972, -20.754611 ], [ 116.507056, -20.769222 ], [ 116.509111, -20.772889 ], [ 116.518333, -20.774583 ], [ 116.522083, -20.778389 ], [ 116.505028, -20.775417 ], [ 116.498278, -20.786306 ], [ 116.486278, -20.7925 ], [ 116.493306, -20.796278 ], [ 116.494556, -20.8 ], [ 116.484139, -20.797111 ], [ 116.479556, -20.800861 ], [ 116.479972, -20.804611 ], [ 116.485417, -20.805028 ], [ 116.484944, -20.810472 ], [ 116.482472, -20.805472 ], [ 116.476611, -20.804583 ], [ 116.465833, -20.810417 ], [ 116.461639, -20.809583 ], [ 116.45875, -20.819167 ], [ 116.461667, -20.824556 ], [ 116.454167, -20.817944 ], [ 116.439167, -20.817944 ], [ 116.44125, -20.83 ], [ 116.452556, -20.837972 ], [ 116.443306, -20.834611 ], [ 116.435, -20.822944 ], [ 116.422472, -20.822083 ], [ 116.396667, -20.82625 ], [ 116.395389, -20.819194 ], [ 116.3925, -20.817917 ], [ 116.388306, -20.826278 ], [ 116.365, -20.837083 ], [ 116.353278, -20.838778 ], [ 116.339139, -20.834583 ], [ 116.333778, -20.846667 ], [ 116.319194, -20.866222 ], [ 116.296667, -20.872111 ], [ 116.2925, -20.877083 ], [ 116.290806, -20.872944 ], [ 116.286639, -20.872917 ], [ 116.287472, -20.878778 ], [ 116.284139, -20.875444 ], [ 116.279972, -20.87875 ], [ 116.283722, -20.8725 ], [ 116.27, -20.863806 ], [ 116.265389, -20.864972 ], [ 116.266694, -20.874611 ], [ 116.262472, -20.864611 ], [ 116.257528, -20.864611 ], [ 116.250833, -20.872944 ], [ 116.253722, -20.866639 ], [ 116.252472, -20.86125 ], [ 116.2475, -20.862083 ], [ 116.235806, -20.871278 ], [ 116.235389, -20.868333 ], [ 116.250417, -20.854194 ], [ 116.230833, -20.854611 ], [ 116.218333, -20.838778 ], [ 116.199167, -20.828778 ], [ 116.193722, -20.840056 ], [ 116.196222, -20.856694 ], [ 116.193722, -20.863333 ], [ 116.18625, -20.869222 ], [ 116.189556, -20.877556 ], [ 116.185389, -20.883389 ], [ 116.190806, -20.887944 ], [ 116.195, -20.887889 ], [ 116.201639, -20.884611 ], [ 116.208306, -20.87625 ], [ 116.209528, -20.878333 ], [ 116.205, -20.88375 ], [ 116.215389, -20.879222 ], [ 116.209111, -20.885444 ], [ 116.199944, -20.887917 ], [ 116.192472, -20.89625 ], [ 116.182056, -20.899194 ], [ 116.186222, -20.930833 ], [ 116.179583, -20.949222 ], [ 116.183722, -20.963333 ], [ 116.175028, -20.972944 ], [ 116.1675, -20.972111 ], [ 116.158306, -20.964611 ], [ 116.14875, -20.970861 ], [ 116.144611, -20.980889 ], [ 116.134556, -20.983361 ], [ 116.133333, -20.997917 ], [ 116.130833, -20.994583 ], [ 116.123361, -20.992944 ], [ 116.107472, -20.999611 ], [ 116.095806, -20.999611 ], [ 116.094167, -21.013778 ], [ 116.092083, -21.009167 ], [ 116.09375, -21.0 ], [ 116.089139, -20.998778 ], [ 116.065806, -21.012917 ], [ 116.06, -21.01375 ], [ 116.055889, -21.022111 ], [ 116.057056, -21.014194 ], [ 116.055, -21.013778 ], [ 116.044139, -21.019583 ], [ 116.034111, -21.020444 ], [ 116.0275, -21.025444 ], [ 116.013306, -21.027083 ], [ 116.009111, -21.03125 ], [ 115.995, -21.036306 ], [ 115.983333, -21.037083 ], [ 115.96, -21.052111 ], [ 115.954139, -21.058778 ], [ 115.939222, -21.064583 ], [ 115.930028, -21.074639 ], [ 115.924167, -21.073778 ], [ 115.92, -21.089583 ], [ 115.922056, -21.074972 ], [ 115.918306, -21.072944 ], [ 115.911694, -21.077083 ], [ 115.897944, -21.098333 ], [ 115.888722, -21.104194 ], [ 115.886278, -21.113361 ], [ 115.877056, -21.117556 ], [ 115.875417, -21.125056 ], [ 115.877889, -21.129194 ], [ 115.872111, -21.134194 ], [ 115.865389, -21.149194 ], [ 115.870417, -21.156667 ], [ 115.859583, -21.157528 ], [ 115.857944, -21.1625 ], [ 115.860361, -21.165861 ], [ 115.85375, -21.166722 ], [ 115.855417, -21.17 ], [ 115.851278, -21.171694 ], [ 115.847056, -21.181694 ], [ 115.842917, -21.184194 ], [ 115.852056, -21.19 ], [ 115.851278, -21.195 ], [ 115.845833, -21.18875 ], [ 115.842917, -21.193389 ], [ 115.844167, -21.197917 ], [ 115.835889, -21.195389 ], [ 115.829583, -21.201667 ], [ 115.828806, -21.210028 ], [ 115.836278, -21.221667 ], [ 115.830778, -21.218778 ], [ 115.824583, -21.2225 ], [ 115.819583, -21.234167 ], [ 115.824583, -21.237472 ], [ 115.81875, -21.240028 ], [ 115.81625, -21.246667 ], [ 115.832917, -21.250056 ], [ 115.818361, -21.251278 ], [ 115.814167, -21.247917 ], [ 115.803333, -21.246278 ], [ 115.801639, -21.25125 ], [ 115.799167, -21.247111 ], [ 115.782472, -21.24625 ], [ 115.781222, -21.249167 ], [ 115.792944, -21.260833 ], [ 115.7925, -21.262889 ], [ 115.789194, -21.257944 ], [ 115.784139, -21.260417 ], [ 115.782472, -21.268806 ], [ 115.775861, -21.249639 ], [ 115.761667, -21.249583 ], [ 115.759583, -21.255028 ], [ 115.76375, -21.261667 ], [ 115.756694, -21.264583 ], [ 115.756667, -21.268778 ], [ 115.752917, -21.267556 ], [ 115.753722, -21.251722 ], [ 115.749167, -21.249611 ], [ 115.743722, -21.255028 ], [ 115.743722, -21.270056 ], [ 115.739583, -21.273361 ], [ 115.739194, -21.277944 ], [ 115.733306, -21.270444 ], [ 115.731222, -21.271694 ], [ 115.730028, -21.283778 ], [ 115.726694, -21.277889 ], [ 115.717472, -21.282944 ], [ 115.714972, -21.288778 ], [ 115.712917, -21.285833 ], [ 115.716222, -21.279194 ], [ 115.712083, -21.276694 ], [ 115.7125, -21.272917 ], [ 115.700833, -21.283722 ], [ 115.703806, -21.275028 ], [ 115.698333, -21.273778 ], [ 115.68625, -21.285 ], [ 115.688722, -21.295861 ], [ 115.674556, -21.305833 ], [ 115.674583, -21.310028 ], [ 115.678333, -21.312917 ], [ 115.661639, -21.31125 ], [ 115.660389, -21.3025 ], [ 115.655833, -21.302944 ], [ 115.65375, -21.310833 ], [ 115.645389, -21.314222 ], [ 115.643694, -21.325028 ], [ 115.644972, -21.329583 ], [ 115.653333, -21.332917 ], [ 115.645861, -21.33125 ], [ 115.644167, -21.33375 ], [ 115.639583, -21.328333 ], [ 115.642083, -21.323361 ], [ 115.636694, -21.322111 ], [ 115.612889, -21.341722 ], [ 115.621667, -21.35125 ], [ 115.627889, -21.349167 ], [ 115.625389, -21.353333 ], [ 115.62625, -21.366722 ], [ 115.623361, -21.36125 ], [ 115.619139, -21.36125 ], [ 115.615833, -21.367944 ], [ 115.614139, -21.36375 ], [ 115.612056, -21.365056 ], [ 115.611667, -21.372111 ], [ 115.605417, -21.368306 ], [ 115.607917, -21.360889 ], [ 115.598333, -21.357083 ], [ 115.582917, -21.375889 ], [ 115.590778, -21.385417 ], [ 115.599972, -21.377917 ], [ 115.59625, -21.383333 ], [ 115.597528, -21.386278 ], [ 115.589972, -21.387111 ], [ 115.589639, -21.394167 ], [ 115.5825, -21.39875 ], [ 115.580389, -21.395806 ], [ 115.585389, -21.393389 ], [ 115.587056, -21.385833 ], [ 115.581667, -21.379583 ], [ 115.578306, -21.379611 ], [ 115.54125, -21.414167 ], [ 115.545, -21.421278 ], [ 115.551278, -21.418333 ], [ 115.548778, -21.425028 ], [ 115.551694, -21.432111 ], [ 115.540861, -21.430417 ], [ 115.530833, -21.43875 ], [ 115.53625, -21.432556 ], [ 115.53, -21.431278 ], [ 115.509556, -21.4475 ], [ 115.509167, -21.452083 ], [ 115.507472, -21.447944 ], [ 115.503722, -21.450028 ], [ 115.502111, -21.47 ], [ 115.507056, -21.471694 ], [ 115.501667, -21.476306 ], [ 115.495, -21.476278 ], [ 115.487917, -21.483333 ], [ 115.487083, -21.495028 ], [ 115.491667, -21.501278 ], [ 115.508722, -21.505833 ], [ 115.49375, -21.507528 ], [ 115.489556, -21.515806 ], [ 115.49, -21.53125 ], [ 115.486278, -21.520028 ], [ 115.492139, -21.506667 ], [ 115.481694, -21.501306 ], [ 115.474194, -21.504611 ], [ 115.474139, -21.500417 ], [ 115.470389, -21.501694 ], [ 115.46875, -21.506694 ], [ 115.470389, -21.515806 ], [ 115.474583, -21.524167 ], [ 115.483806, -21.530861 ], [ 115.471667, -21.527139 ], [ 115.469972, -21.535417 ], [ 115.467917, -21.5275 ], [ 115.472083, -21.521694 ], [ 115.463306, -21.511278 ], [ 115.457083, -21.525833 ], [ 115.457889, -21.531694 ], [ 115.462083, -21.534139 ], [ 115.459972, -21.542111 ], [ 115.454556, -21.526694 ], [ 115.44875, -21.525028 ], [ 115.453306, -21.524611 ], [ 115.457056, -21.517528 ], [ 115.456278, -21.507528 ], [ 115.453306, -21.505444 ], [ 115.442889, -21.510861 ], [ 115.436222, -21.5225 ], [ 115.434611, -21.533333 ], [ 115.440417, -21.532528 ], [ 115.43375, -21.536694 ], [ 115.433361, -21.545417 ], [ 115.43125, -21.545 ], [ 115.431639, -21.527972 ], [ 115.425389, -21.537528 ], [ 115.4275, -21.524583 ], [ 115.409222, -21.522139 ], [ 115.403694, -21.525 ], [ 115.409167, -21.528778 ], [ 115.400806, -21.525444 ], [ 115.394111, -21.527083 ], [ 115.389139, -21.532944 ], [ 115.379972, -21.53625 ], [ 115.377056, -21.541722 ], [ 115.390833, -21.547944 ], [ 115.402139, -21.548333 ], [ 115.393306, -21.549611 ], [ 115.394139, -21.55375 ], [ 115.375833, -21.544639 ], [ 115.356667, -21.560444 ], [ 115.341667, -21.56375 ], [ 115.325861, -21.572944 ], [ 115.323722, -21.582556 ], [ 115.333361, -21.592111 ], [ 115.325389, -21.589222 ], [ 115.319972, -21.577111 ], [ 115.308306, -21.585417 ], [ 115.292528, -21.591278 ], [ 115.261667, -21.592111 ], [ 115.2425, -21.584583 ], [ 115.239611, -21.586667 ], [ 115.24, -21.592917 ], [ 115.237917, -21.585056 ], [ 115.247111, -21.582556 ], [ 115.235833, -21.574583 ], [ 115.225444, -21.589222 ], [ 115.232917, -21.597556 ], [ 115.2325, -21.600472 ], [ 115.222472, -21.592972 ], [ 115.217111, -21.598361 ], [ 115.22125, -21.599194 ], [ 115.214556, -21.603389 ], [ 115.213389, -21.611278 ], [ 115.212889, -21.604222 ], [ 115.20875, -21.601639 ], [ 115.21125, -21.599222 ], [ 115.206639, -21.599556 ], [ 115.205833, -21.594556 ], [ 115.201667, -21.594639 ], [ 115.182917, -21.608361 ], [ 115.185861, -21.614583 ], [ 115.196694, -21.620444 ], [ 115.203333, -21.619611 ], [ 115.203333, -21.622917 ], [ 115.198306, -21.623722 ], [ 115.189167, -21.617944 ], [ 115.185861, -21.619583 ], [ 115.18125, -21.615056 ], [ 115.180444, -21.609194 ], [ 115.174944, -21.607083 ], [ 115.15625, -21.622528 ], [ 115.16375, -21.625028 ], [ 115.164972, -21.631278 ], [ 115.161694, -21.62625 ], [ 115.154194, -21.625417 ], [ 115.145, -21.635417 ], [ 115.13, -21.640472 ], [ 115.128722, -21.649167 ], [ 115.1475, -21.659583 ], [ 115.134167, -21.655417 ], [ 115.130833, -21.657111 ], [ 115.129194, -21.652917 ], [ 115.127056, -21.661667 ], [ 115.123361, -21.663806 ], [ 115.126222, -21.653333 ], [ 115.124167, -21.652111 ], [ 115.120806, -21.655444 ], [ 115.120417, -21.652528 ], [ 115.126222, -21.648333 ], [ 115.124556, -21.641667 ], [ 115.115, -21.637944 ], [ 115.108306, -21.629611 ], [ 115.103306, -21.62875 ], [ 115.07, -21.660417 ], [ 115.050861, -21.674611 ], [ 115.031639, -21.680444 ], [ 115.031694, -21.684583 ], [ 115.025444, -21.684167 ], [ 115.028333, -21.680417 ], [ 115.005833, -21.681222 ], [ 114.984139, -21.672944 ], [ 114.992889, -21.679194 ], [ 114.986667, -21.681278 ], [ 114.985806, -21.677944 ], [ 114.978306, -21.677111 ], [ 114.97875, -21.673333 ], [ 114.972472, -21.669583 ], [ 114.961694, -21.672889 ], [ 114.952917, -21.680889 ], [ 114.958333, -21.680417 ], [ 114.957083, -21.685861 ], [ 114.951667, -21.683778 ], [ 114.940861, -21.68875 ], [ 114.917111, -21.715 ], [ 114.92, -21.72125 ], [ 114.915417, -21.718361 ], [ 114.913722, -21.705861 ], [ 114.917528, -21.702917 ], [ 114.922444, -21.705444 ], [ 114.923778, -21.7 ], [ 114.91, -21.692111 ], [ 114.912083, -21.687528 ], [ 114.909972, -21.686306 ], [ 114.902861, -21.6975 ], [ 114.893778, -21.705028 ], [ 114.89875, -21.710833 ], [ 114.893306, -21.709611 ], [ 114.885, -21.723778 ], [ 114.891639, -21.705389 ], [ 114.87, -21.71625 ], [ 114.862528, -21.726306 ], [ 114.852861, -21.730028 ], [ 114.861667, -21.732944 ], [ 114.865, -21.739583 ], [ 114.859972, -21.734583 ], [ 114.85, -21.732111 ], [ 114.840861, -21.743806 ], [ 114.8325, -21.749583 ], [ 114.820833, -21.751278 ], [ 114.767528, -21.790417 ], [ 114.731639, -21.797083 ], [ 114.714972, -21.795417 ], [ 114.695806, -21.80875 ], [ 114.679583, -21.825028 ], [ 114.689111, -21.827056 ], [ 114.692972, -21.837556 ], [ 114.687944, -21.850833 ], [ 114.682056, -21.854194 ], [ 114.6825, -21.86125 ], [ 114.678722, -21.861667 ], [ 114.682056, -21.85 ], [ 114.678778, -21.848361 ], [ 114.686222, -21.843361 ], [ 114.687889, -21.835028 ], [ 114.681667, -21.828806 ], [ 114.669139, -21.824611 ], [ 114.645833, -21.837917 ], [ 114.639583, -21.847528 ], [ 114.637917, -21.904194 ], [ 114.641611, -21.914639 ], [ 114.657889, -21.908333 ], [ 114.647917, -21.917528 ], [ 114.6475, -21.923778 ], [ 114.644167, -21.917083 ], [ 114.633333, -21.913778 ], [ 114.618722, -21.925028 ], [ 114.612861, -21.936694 ], [ 114.618389, -21.935444 ], [ 114.63125, -21.940056 ], [ 114.625833, -21.94375 ], [ 114.621667, -21.939639 ], [ 114.614111, -21.938778 ], [ 114.610361, -21.9425 ], [ 114.609556, -21.950861 ], [ 114.615833, -21.957944 ], [ 114.618722, -21.957528 ], [ 114.61875, -21.966694 ], [ 114.616278, -21.960889 ], [ 114.608333, -21.954556 ], [ 114.608722, -21.974194 ], [ 114.602528, -21.982111 ], [ 114.596222, -21.980028 ], [ 114.604556, -21.988333 ], [ 114.604583, -21.995056 ], [ 114.599972, -21.987139 ], [ 114.597944, -21.989167 ], [ 114.600417, -21.995056 ], [ 114.595861, -21.99125 ], [ 114.595417, -21.995028 ], [ 114.592917, -21.994194 ], [ 114.595389, -21.985 ], [ 114.5925, -21.982139 ], [ 114.580389, -21.996694 ], [ 114.579139, -22.008778 ], [ 114.578778, -21.995861 ], [ 114.576639, -21.992917 ], [ 114.573278, -21.994583 ], [ 114.568722, -22.003361 ], [ 114.570417, -22.013361 ], [ 114.565417, -22.016722 ], [ 114.570444, -22.028361 ], [ 114.563333, -22.017944 ], [ 114.5575, -22.022111 ], [ 114.555833, -22.018806 ], [ 114.5525, -22.019611 ], [ 114.547861, -22.025056 ], [ 114.546222, -22.034194 ], [ 114.54875, -22.036639 ], [ 114.542444, -22.049611 ], [ 114.537056, -22.039167 ], [ 114.535389, -22.0275 ], [ 114.530806, -22.02125 ], [ 114.524639, -22.022528 ], [ 114.531194, -22.018333 ], [ 114.532917, -22.010833 ], [ 114.520417, -22.015861 ], [ 114.53375, -22.005 ], [ 114.5275, -22.00125 ], [ 114.512583, -22.001361 ], [ 114.504222, -21.99125 ], [ 114.497917, -21.995 ], [ 114.498722, -22.000861 ], [ 114.49125, -22.010028 ], [ 114.503694, -22.025806 ], [ 114.506222, -22.035833 ], [ 114.522861, -22.051667 ], [ 114.524972, -22.05875 ], [ 114.526639, -22.053806 ], [ 114.530028, -22.06125 ], [ 114.534139, -22.05375 ], [ 114.533778, -22.057528 ], [ 114.541278, -22.061694 ], [ 114.534139, -22.061306 ], [ 114.53625, -22.063333 ], [ 114.531667, -22.065444 ], [ 114.518278, -22.06125 ], [ 114.511222, -22.066694 ], [ 114.514556, -22.073333 ], [ 114.514139, -22.082917 ], [ 114.518333, -22.079583 ], [ 114.524139, -22.081278 ], [ 114.532972, -22.074194 ], [ 114.520417, -22.086667 ], [ 114.517917, -22.1 ], [ 114.511222, -22.105 ], [ 114.512028, -22.111722 ], [ 114.522083, -22.128361 ], [ 114.522139, -22.134222 ], [ 114.513333, -22.122111 ], [ 114.512472, -22.132056 ], [ 114.508306, -22.121278 ], [ 114.497083, -22.124222 ], [ 114.495417, -22.130028 ], [ 114.499583, -22.142528 ], [ 114.509556, -22.154222 ], [ 114.507444, -22.15875 ], [ 114.497111, -22.160833 ], [ 114.496639, -22.16875 ], [ 114.491611, -22.159611 ], [ 114.486639, -22.162917 ], [ 114.483333, -22.155472 ], [ 114.479139, -22.157139 ], [ 114.474194, -22.152111 ], [ 114.466611, -22.153778 ], [ 114.466694, -22.157111 ], [ 114.456639, -22.154611 ], [ 114.44875, -22.159167 ], [ 114.449194, -22.165417 ], [ 114.464139, -22.172083 ], [ 114.469583, -22.180889 ], [ 114.478778, -22.186694 ], [ 114.468333, -22.183778 ], [ 114.467083, -22.187556 ], [ 114.47, -22.191278 ], [ 114.480778, -22.197917 ], [ 114.48875, -22.197528 ], [ 114.482083, -22.204167 ], [ 114.48875, -22.215 ], [ 114.487056, -22.220028 ], [ 114.490389, -22.225 ], [ 114.486278, -22.222528 ], [ 114.476667, -22.202944 ], [ 114.460833, -22.202139 ], [ 114.467083, -22.211694 ], [ 114.465, -22.212972 ], [ 114.459972, -22.207111 ], [ 114.458333, -22.210472 ], [ 114.448278, -22.204639 ], [ 114.448722, -22.218333 ], [ 114.443778, -22.219167 ], [ 114.447056, -22.232528 ], [ 114.460806, -22.24375 ], [ 114.470417, -22.2475 ], [ 114.452556, -22.24625 ], [ 114.442472, -22.240417 ], [ 114.437472, -22.240472 ], [ 114.439167, -22.249611 ], [ 114.462083, -22.259194 ], [ 114.452556, -22.256278 ], [ 114.443694, -22.257528 ], [ 114.445806, -22.26375 ], [ 114.45875, -22.269167 ], [ 114.448278, -22.269639 ], [ 114.435861, -22.259639 ], [ 114.431639, -22.259583 ], [ 114.425389, -22.269167 ], [ 114.429972, -22.28625 ], [ 114.4425, -22.289611 ], [ 114.453306, -22.287944 ], [ 114.459528, -22.290861 ], [ 114.449194, -22.29125 ], [ 114.443722, -22.299194 ], [ 114.450417, -22.304972 ], [ 114.450417, -22.315028 ], [ 114.456611, -22.319583 ], [ 114.460806, -22.319583 ], [ 114.462528, -22.316306 ], [ 114.472056, -22.331694 ], [ 114.458333, -22.322944 ], [ 114.456667, -22.327083 ], [ 114.453778, -22.324194 ], [ 114.444556, -22.311722 ], [ 114.442083, -22.301694 ], [ 114.435833, -22.295417 ], [ 114.428722, -22.295861 ], [ 114.434139, -22.301278 ], [ 114.419139, -22.296222 ], [ 114.412083, -22.301694 ], [ 114.401194, -22.327528 ], [ 114.406639, -22.329583 ], [ 114.405389, -22.334194 ], [ 114.415, -22.341222 ], [ 114.433306, -22.340417 ], [ 114.424611, -22.348361 ], [ 114.44375, -22.355833 ], [ 114.431639, -22.354611 ], [ 114.435361, -22.359194 ], [ 114.431667, -22.359611 ], [ 114.416694, -22.34625 ], [ 114.399583, -22.348361 ], [ 114.40375, -22.360028 ], [ 114.398333, -22.356278 ], [ 114.392861, -22.358361 ], [ 114.389583, -22.381694 ], [ 114.404167, -22.386278 ], [ 114.410389, -22.390861 ], [ 114.411222, -22.395 ], [ 114.399167, -22.387917 ], [ 114.387444, -22.387111 ], [ 114.385417, -22.395028 ], [ 114.390028, -22.399583 ], [ 114.39625, -22.400028 ], [ 114.389139, -22.402083 ], [ 114.383333, -22.399583 ], [ 114.382056, -22.401694 ], [ 114.38625, -22.418333 ], [ 114.402889, -22.425 ], [ 114.395861, -22.426278 ], [ 114.390861, -22.422917 ], [ 114.379972, -22.424583 ], [ 114.380806, -22.432111 ], [ 114.393778, -22.436667 ], [ 114.375833, -22.435472 ], [ 114.372861, -22.438333 ], [ 114.38375, -22.456694 ], [ 114.3925, -22.458778 ], [ 114.39625, -22.465028 ], [ 114.389972, -22.459611 ], [ 114.375389, -22.461667 ], [ 114.376222, -22.469167 ], [ 114.370417, -22.473389 ], [ 114.380444, -22.480028 ], [ 114.374972, -22.480444 ], [ 114.370861, -22.477111 ], [ 114.365389, -22.478333 ], [ 114.368278, -22.485444 ], [ 114.375417, -22.486694 ], [ 114.364167, -22.487083 ], [ 114.369528, -22.494167 ], [ 114.362528, -22.490444 ], [ 114.360806, -22.496278 ], [ 114.360417, -22.490806 ], [ 114.355806, -22.489583 ], [ 114.356222, -22.500028 ], [ 114.353778, -22.499194 ], [ 114.350806, -22.509583 ], [ 114.349556, -22.503361 ], [ 114.352917, -22.491667 ], [ 114.350806, -22.490444 ], [ 114.348278, -22.495444 ], [ 114.342472, -22.487083 ], [ 114.3375, -22.487917 ], [ 114.335417, -22.497528 ], [ 114.339611, -22.505833 ], [ 114.33625, -22.505028 ], [ 114.330028, -22.522139 ], [ 114.328806, -22.515861 ], [ 114.33375, -22.510833 ], [ 114.335389, -22.5025 ], [ 114.334528, -22.488333 ], [ 114.330028, -22.489639 ], [ 114.319194, -22.477056 ], [ 114.315417, -22.481639 ], [ 114.315833, -22.48875 ], [ 114.31375, -22.485861 ], [ 114.315389, -22.457528 ], [ 114.312083, -22.439167 ], [ 114.304167, -22.432917 ], [ 114.281667, -22.434583 ], [ 114.276611, -22.432111 ], [ 114.2575, -22.438778 ], [ 114.247917, -22.452472 ], [ 114.239583, -22.458361 ], [ 114.239139, -22.462083 ], [ 114.235028, -22.457083 ], [ 114.22, -22.454583 ], [ 114.218722, -22.462528 ], [ 114.227917, -22.468361 ], [ 114.220861, -22.470417 ], [ 114.215389, -22.477556 ], [ 114.212083, -22.498361 ], [ 114.191639, -22.515417 ], [ 114.174139, -22.522917 ], [ 114.154972, -22.524583 ], [ 114.146639, -22.516222 ], [ 114.143306, -22.517083 ], [ 114.139583, -22.508361 ], [ 114.130861, -22.501278 ], [ 114.109583, -22.521694 ], [ 114.132861, -22.496667 ], [ 114.116222, -22.469194 ], [ 114.117889, -22.450833 ], [ 114.122083, -22.443361 ], [ 114.117083, -22.425028 ], [ 114.117056, -22.411667 ], [ 114.121639, -22.40625 ], [ 114.134167, -22.407111 ], [ 114.139972, -22.399583 ], [ 114.144556, -22.398361 ], [ 114.141667, -22.395444 ], [ 114.135, -22.401278 ], [ 114.125, -22.402139 ], [ 114.120389, -22.399194 ], [ 114.119556, -22.394194 ], [ 114.125, -22.390444 ], [ 114.126667, -22.39375 ], [ 114.135, -22.395444 ], [ 114.14625, -22.379194 ], [ 114.148722, -22.366667 ], [ 114.165861, -22.344611 ], [ 114.169583, -22.346694 ], [ 114.157917, -22.3575 ], [ 114.15, -22.372944 ], [ 114.17375, -22.3525 ], [ 114.177083, -22.345 ], [ 114.171222, -22.326667 ], [ 114.171278, -22.309972 ], [ 114.174528, -22.302528 ], [ 114.145833, -22.299556 ], [ 114.139167, -22.30375 ], [ 114.137889, -22.310889 ], [ 114.12875, -22.321667 ], [ 114.118722, -22.3275 ], [ 114.127111, -22.333333 ], [ 114.119556, -22.35 ], [ 114.117056, -22.350806 ], [ 114.117472, -22.346278 ], [ 114.113333, -22.349611 ], [ 114.113361, -22.345417 ], [ 114.10625, -22.3525 ], [ 114.11375, -22.3375 ], [ 114.107056, -22.325 ], [ 114.110389, -22.319167 ], [ 114.108722, -22.3125 ], [ 114.115417, -22.305056 ], [ 114.1175, -22.29625 ], [ 114.117056, -22.305889 ], [ 114.119194, -22.304583 ], [ 114.119556, -22.310056 ], [ 114.122111, -22.310833 ], [ 114.12125, -22.3 ], [ 114.123722, -22.299167 ], [ 114.11875, -22.280861 ], [ 114.128722, -22.259194 ], [ 114.11375, -22.243333 ], [ 114.112917, -22.225833 ], [ 114.08375, -22.195 ], [ 114.077861, -22.152556 ], [ 114.085417, -22.120861 ], [ 114.09125, -22.109222 ], [ 114.098722, -22.071694 ], [ 114.109556, -22.053333 ], [ 114.11375, -22.019167 ], [ 114.119639, -22.012528 ], [ 114.119611, -21.998361 ], [ 114.132944, -21.957556 ], [ 114.132861, -21.927528 ], [ 114.143778, -21.878361 ], [ 114.142889, -21.865861 ], [ 114.168722, -21.829222 ], [ 114.186278, -21.814194 ], [ 114.185389, -21.810861 ], [ 114.171222, -21.800889 ], [ 114.168722, -21.789194 ], [ 114.163306, -21.783778 ], [ 114.154972, -21.784611 ], [ 114.139114665527828, -21.795951664820755 ], [ 114.139849700079083, -21.794805998214471 ], [ 114.142411036877917, -21.790861652607095 ], [ 114.144993052440711, -21.786935438449323 ], [ 114.147595896364862, -21.783031376337689 ], [ 114.150218502035088, -21.779142240622953 ], [ 114.152864359079715, -21.775272500124597 ], [ 114.155526383910782, -21.771421399118427 ], [ 114.158210726841986, -21.767586331778812 ], [ 114.160914357926785, -21.763774581327045 ], [ 114.163633024428165, -21.759974281285174 ], [ 114.166372042447648, -21.756168664261658 ], [ 114.169120491317642, -21.75239412346323 ], [ 114.171889961819531, -21.748641883854965 ], [ 114.17467406201024, -21.744910622590194 ], [ 114.177476137190638, -21.741224364132776 ], [ 114.180298310399436, -21.737563082491118 ], [ 114.18313414586386, -21.733929667598112 ], [ 114.18598925892401, -21.730309569567694 ], [ 114.18885761507201, -21.726713335563932 ], [ 114.191744845039537, -21.723138462310178 ], [ 114.194644992188771, -21.71958342457669 ], [ 114.197563567702375, -21.716049626482963 ], [ 114.200494828222773, -21.712535587629958 ], [ 114.20344136668848, -21.709041943052618 ], [ 114.206405923112058, -21.705569168449284 ], [ 114.209382755083922, -21.702115900709988 ], [ 114.212377499214824, -21.69867912038621 ], [ 114.215384003468387, -21.695269639858964 ], [ 114.218408413355434, -21.691872245465767 ], [ 114.221445050517588, -21.688493407950538 ], [ 114.224501411468239, -21.685102271804105 ], [ 114.227569512055055, -21.681738852696714 ], [ 114.230652350310763, -21.67839538272661 ], [ 114.233752875981892, -21.675067893965963 ], [ 114.236870285534593, -21.671764277427638 ], [ 114.239997083578018, -21.668506816186756 ], [ 114.243139163753582, -21.66526198808825 ], [ 114.246296160854968, -21.662033550715758 ], [ 114.249467598599679, -21.658825376962376 ], [ 114.252654618033645, -21.655628625663969 ], [ 114.255856816306604, -21.652447020224368 ], [ 114.259076544208639, -21.649280862958872 ], [ 114.262306534445102, -21.646131829431226 ], [ 114.265551912993914, -21.642996756343418 ] ], [ [ 115.304583, -20.869194 ], [ 115.310833, -20.871278 ], [ 115.315361, -20.8775 ], [ 115.318333, -20.891306 ], [ 115.327111, -20.886694 ], [ 115.331194, -20.869972 ], [ 115.320806, -20.877917 ], [ 115.317083, -20.876667 ], [ 115.319194, -20.873778 ], [ 115.325806, -20.872111 ], [ 115.329167, -20.867083 ], [ 115.346639, -20.864639 ], [ 115.364611, -20.871694 ], [ 115.367889, -20.879167 ], [ 115.366222, -20.886667 ], [ 115.370861, -20.894639 ], [ 115.3775, -20.888778 ], [ 115.391611, -20.886278 ], [ 115.398333, -20.875444 ], [ 115.404611, -20.874194 ], [ 115.405861, -20.867083 ], [ 115.413306, -20.867083 ], [ 115.418722, -20.8625 ], [ 115.419583, -20.857528 ], [ 115.414583, -20.850806 ], [ 115.420444, -20.839167 ], [ 115.425806, -20.833778 ], [ 115.438333, -20.833778 ], [ 115.445444, -20.828389 ], [ 115.444556, -20.819194 ], [ 115.453694, -20.795889 ], [ 115.467917, -20.776667 ], [ 115.46625, -20.767472 ], [ 115.472944, -20.765028 ], [ 115.467917, -20.740833 ], [ 115.473722, -20.734167 ], [ 115.47375, -20.730028 ], [ 115.472111, -20.724167 ], [ 115.465389, -20.720028 ], [ 115.467083, -20.711667 ], [ 115.461639, -20.711278 ], [ 115.45875, -20.707528 ], [ 115.462083, -20.696667 ], [ 115.457889, -20.695 ], [ 115.460417, -20.693361 ], [ 115.456278, -20.689194 ], [ 115.465417, -20.680861 ], [ 115.459139, -20.67375 ], [ 115.433278, -20.664611 ], [ 115.415417, -20.680056 ], [ 115.409583, -20.691694 ], [ 115.410472, -20.698361 ], [ 115.403278, -20.700417 ], [ 115.394611, -20.709167 ], [ 115.374611, -20.742556 ], [ 115.351222, -20.756722 ], [ 115.349583, -20.768361 ], [ 115.342917, -20.775056 ], [ 115.34375, -20.777528 ], [ 115.322917, -20.797528 ], [ 115.320444, -20.801667 ], [ 115.322917, -20.8025 ], [ 115.318722, -20.806722 ], [ 115.304556, -20.840861 ], [ 115.302167, -20.860861 ], [ 115.302111, -20.861722 ], [ 115.304583, -20.869194 ] ], [ [ 116.817444, -20.515417 ], [ 116.823306, -20.512083 ], [ 116.829139, -20.515417 ], [ 116.852472, -20.507944 ], [ 116.855833, -20.512917 ], [ 116.860806, -20.513806 ], [ 116.870389, -20.505833 ], [ 116.882111, -20.475889 ], [ 116.871639, -20.480417 ], [ 116.8625, -20.489639 ], [ 116.859972, -20.488778 ], [ 116.855417, -20.485028 ], [ 116.864556, -20.477528 ], [ 116.865361, -20.461694 ], [ 116.860028, -20.46375 ], [ 116.857083, -20.4575 ], [ 116.859972, -20.452972 ], [ 116.865889, -20.454583 ], [ 116.872111, -20.440861 ], [ 116.878722, -20.435833 ], [ 116.877083, -20.424972 ], [ 116.88, -20.418778 ], [ 116.864111, -20.434611 ], [ 116.861667, -20.432944 ], [ 116.855833, -20.439583 ], [ 116.850778, -20.442111 ], [ 116.85, -20.438722 ], [ 116.847056, -20.441667 ], [ 116.846194, -20.4475 ], [ 116.832917, -20.465 ], [ 116.827056, -20.480833 ], [ 116.819556, -20.49 ], [ 116.81875, -20.498389 ], [ 116.810389, -20.503361 ], [ 116.81375, -20.508361 ], [ 116.810389, -20.511667 ], [ 116.810389, -20.512528 ], [ 116.817444, -20.515417 ] ], [ [ 116.465861, -20.612972 ], [ 116.472472, -20.612139 ], [ 116.474972, -20.60875 ], [ 116.484167, -20.615444 ], [ 116.49, -20.612083 ], [ 116.507472, -20.618778 ], [ 116.517528, -20.617083 ], [ 116.525889, -20.610444 ], [ 116.525861, -20.61625 ], [ 116.535833, -20.617139 ], [ 116.539972, -20.614639 ], [ 116.546667, -20.617917 ], [ 116.555361, -20.604167 ], [ 116.554972, -20.598778 ], [ 116.545444, -20.6 ], [ 116.549556, -20.593361 ], [ 116.547917, -20.589167 ], [ 116.556639, -20.582944 ], [ 116.569111, -20.591278 ], [ 116.567944, -20.583361 ], [ 116.578278, -20.581278 ], [ 116.580444, -20.571694 ], [ 116.561667, -20.57125 ], [ 116.548306, -20.580444 ], [ 116.544611, -20.575056 ], [ 116.548778, -20.573333 ], [ 116.54875, -20.565889 ], [ 116.545, -20.565417 ], [ 116.536222, -20.570028 ], [ 116.53875, -20.575028 ], [ 116.53125, -20.582528 ], [ 116.527917, -20.593361 ], [ 116.52, -20.597139 ], [ 116.511278, -20.594167 ], [ 116.509167, -20.579611 ], [ 116.500833, -20.58375 ], [ 116.493278, -20.582944 ], [ 116.49, -20.58625 ], [ 116.486639, -20.58625 ], [ 116.4825, -20.58125 ], [ 116.474556, -20.586667 ], [ 116.47375, -20.594194 ], [ 116.462083, -20.603333 ], [ 116.462056, -20.607528 ], [ 116.465861, -20.612972 ] ], [ [ 116.575806, -20.707944 ], [ 116.579556, -20.715889 ], [ 116.569583, -20.728361 ], [ 116.571667, -20.730444 ], [ 116.585806, -20.729611 ], [ 116.629111, -20.700444 ], [ 116.640361, -20.6875 ], [ 116.642889, -20.679194 ], [ 116.632472, -20.67125 ], [ 116.622444, -20.680417 ], [ 116.600806, -20.682944 ], [ 116.599556, -20.690861 ], [ 116.589972, -20.700417 ], [ 116.58875, -20.694222 ], [ 116.592111, -20.685833 ], [ 116.586667, -20.682917 ], [ 116.571222, -20.690056 ], [ 116.572056, -20.695028 ], [ 116.567889, -20.703333 ], [ 116.567889, -20.705 ], [ 116.575806, -20.707944 ] ], [ [ 116.597944, -20.600833 ], [ 116.59375, -20.605861 ], [ 116.595806, -20.609611 ], [ 116.605806, -20.60875 ], [ 116.607472, -20.605444 ], [ 116.620806, -20.609611 ], [ 116.6275, -20.606222 ], [ 116.63375, -20.600056 ], [ 116.640361, -20.579167 ], [ 116.664556, -20.561667 ], [ 116.660444, -20.552528 ], [ 116.663278, -20.549611 ], [ 116.667472, -20.552944 ], [ 116.670417, -20.550833 ], [ 116.669583, -20.543306 ], [ 116.664194, -20.540444 ], [ 116.6525, -20.547917 ], [ 116.650361, -20.555833 ], [ 116.643333, -20.561278 ], [ 116.635861, -20.555417 ], [ 116.633278, -20.562917 ], [ 116.63, -20.558778 ], [ 116.623361, -20.567944 ], [ 116.616639, -20.567944 ], [ 116.612889, -20.576694 ], [ 116.607111, -20.579167 ], [ 116.606222, -20.588333 ], [ 116.600806, -20.592111 ], [ 116.5975, -20.591306 ], [ 116.589556, -20.600861 ], [ 116.589556, -20.602528 ], [ 116.597944, -20.600833 ] ], [ [ 116.829139, -20.36125 ], [ 116.837083, -20.364194 ], [ 116.83875, -20.370028 ], [ 116.844139, -20.374639 ], [ 116.870889, -20.38625 ], [ 116.878333, -20.392111 ], [ 116.903361, -20.402111 ], [ 116.910833, -20.402111 ], [ 116.925861, -20.414611 ], [ 116.947028, -20.415028 ], [ 116.943333, -20.41125 ], [ 116.912472, -20.398778 ], [ 116.875806, -20.375389 ], [ 116.844944, -20.359611 ], [ 116.833278, -20.347083 ], [ 116.827083, -20.35 ], [ 116.826222, -20.355 ], [ 116.826222, -20.355861 ], [ 116.829139, -20.36125 ] ], [ [ 116.570806, -20.487944 ], [ 116.577472, -20.497083 ], [ 116.594194, -20.489611 ], [ 116.59875, -20.483389 ], [ 116.598722, -20.475 ], [ 116.603306, -20.472944 ], [ 116.606639, -20.476278 ], [ 116.609583, -20.472556 ], [ 116.609583, -20.469167 ], [ 116.604528, -20.466694 ], [ 116.605028, -20.462972 ], [ 116.600833, -20.464611 ], [ 116.597056, -20.460889 ], [ 116.599583, -20.455833 ], [ 116.597083, -20.454167 ], [ 116.600361, -20.450833 ], [ 116.589167, -20.452083 ], [ 116.58125, -20.459167 ], [ 116.568333, -20.478778 ], [ 116.5575, -20.482139 ], [ 116.557056, -20.482528 ], [ 116.570806, -20.487944 ] ], [ [ 115.517083, -20.455861 ], [ 115.513722, -20.458361 ], [ 115.516278, -20.460056 ], [ 115.516278, -20.466694 ], [ 115.512056, -20.480028 ], [ 115.512056, -20.485028 ], [ 115.517917, -20.489194 ], [ 115.516194, -20.503361 ], [ 115.52125, -20.500861 ], [ 115.520806, -20.492944 ], [ 115.525417, -20.494194 ], [ 115.525417, -20.500861 ], [ 115.529194, -20.502944 ], [ 115.532083, -20.492528 ], [ 115.528361, -20.49375 ], [ 115.527056, -20.490028 ], [ 115.534556, -20.489167 ], [ 115.52875, -20.483389 ], [ 115.536639, -20.47375 ], [ 115.544583, -20.476694 ], [ 115.542917, -20.469167 ], [ 115.546306, -20.466667 ], [ 115.547083, -20.4575 ], [ 115.542944, -20.458389 ], [ 115.542056, -20.466694 ], [ 115.53, -20.479611 ], [ 115.519167, -20.485417 ], [ 115.517889, -20.481694 ], [ 115.52125, -20.481722 ], [ 115.524556, -20.470028 ], [ 115.524639, -20.458333 ], [ 115.520389, -20.453361 ], [ 115.527917, -20.456694 ], [ 115.52625, -20.4525 ], [ 115.528722, -20.449194 ], [ 115.525417, -20.445028 ], [ 115.534583, -20.4525 ], [ 115.534556, -20.458361 ], [ 115.527917, -20.463361 ], [ 115.524583, -20.473361 ], [ 115.527472, -20.477917 ], [ 115.527944, -20.472528 ], [ 115.535444, -20.469167 ], [ 115.530389, -20.465833 ], [ 115.531194, -20.462528 ], [ 115.535861, -20.465444 ], [ 115.541278, -20.454167 ], [ 115.5375, -20.442083 ], [ 115.532444, -20.44625 ], [ 115.529583, -20.445 ], [ 115.532083, -20.443306 ], [ 115.529583, -20.436694 ], [ 115.534583, -20.434222 ], [ 115.532917, -20.428333 ], [ 115.535444, -20.422528 ], [ 115.532889, -20.421694 ], [ 115.528361, -20.431222 ], [ 115.530444, -20.422528 ], [ 115.528361, -20.413806 ], [ 115.526278, -20.425028 ], [ 115.519611, -20.435 ], [ 115.52, -20.438722 ], [ 115.522528, -20.434639 ], [ 115.52625, -20.438389 ], [ 115.521639, -20.442944 ], [ 115.513333, -20.440389 ], [ 115.515444, -20.444194 ], [ 115.513722, -20.4525 ], [ 115.51125, -20.455 ], [ 115.517083, -20.455861 ] ], [ [ 116.635806, -20.629611 ], [ 116.647472, -20.619639 ], [ 116.658361, -20.627111 ], [ 116.662917, -20.624194 ], [ 116.662917, -20.615889 ], [ 116.669556, -20.608333 ], [ 116.672083, -20.598333 ], [ 116.670806, -20.592944 ], [ 116.665417, -20.593333 ], [ 116.66625, -20.59 ], [ 116.679972, -20.577083 ], [ 116.669139, -20.583778 ], [ 116.662472, -20.592139 ], [ 116.655833, -20.592111 ], [ 116.653361, -20.587917 ], [ 116.645, -20.592083 ], [ 116.635417, -20.620889 ], [ 116.62875, -20.626667 ], [ 116.62875, -20.628389 ], [ 116.635806, -20.629611 ] ], [ [ 117.711222, -20.644167 ], [ 117.725833, -20.651278 ], [ 117.730833, -20.650472 ], [ 117.739556, -20.638361 ], [ 117.73875, -20.627528 ], [ 117.730417, -20.623333 ], [ 117.727056, -20.613361 ], [ 117.719167, -20.606278 ], [ 117.714167, -20.605444 ], [ 117.71125, -20.608361 ], [ 117.707111, -20.625028 ], [ 117.707083, -20.630833 ], [ 117.711222, -20.644167 ] ], [ [ 116.785, -20.509583 ], [ 116.789167, -20.514583 ], [ 116.795417, -20.511667 ], [ 116.806278, -20.495028 ], [ 116.804583, -20.491694 ], [ 116.817083, -20.475833 ], [ 116.821667, -20.46125 ], [ 116.798778, -20.47 ], [ 116.80125, -20.474194 ], [ 116.79125, -20.481694 ], [ 116.790417, -20.488361 ], [ 116.785389, -20.492556 ], [ 116.787861, -20.498333 ], [ 116.780389, -20.501667 ], [ 116.781222, -20.509167 ], [ 116.779611, -20.510833 ], [ 116.785, -20.509583 ] ], [ [ 116.805806, -20.466222 ], [ 116.819528, -20.454194 ], [ 116.82375, -20.448333 ], [ 116.820417, -20.445889 ], [ 116.832111, -20.431667 ], [ 116.828778, -20.429194 ], [ 116.83375, -20.422528 ], [ 116.8325, -20.420417 ], [ 116.828333, -20.41875 ], [ 116.815361, -20.429167 ], [ 116.809972, -20.445417 ], [ 116.8075, -20.44625 ], [ 116.805778, -20.442083 ], [ 116.802083, -20.445 ], [ 116.8025, -20.448778 ], [ 116.795806, -20.444639 ], [ 116.792917, -20.446694 ], [ 116.797917, -20.451694 ], [ 116.792056, -20.466667 ], [ 116.792056, -20.467528 ], [ 116.805806, -20.466222 ] ], [ [ 114.301639, -21.714611 ], [ 114.304528, -21.706694 ], [ 114.314556, -21.698361 ], [ 114.324167, -21.682083 ], [ 114.3325, -21.673778 ], [ 114.347056, -21.666667 ], [ 114.345806, -21.657944 ], [ 114.3375, -21.659583 ], [ 114.309583, -21.684194 ], [ 114.297083, -21.708361 ], [ 114.297056, -21.71 ], [ 114.301639, -21.714611 ] ], [ [ 114.974139, -21.452972 ], [ 114.962056, -21.4625 ], [ 115.014139, -21.464556 ], [ 115.022917, -21.460028 ], [ 115.017528, -21.454611 ], [ 115.0, -21.452167 ], [ 114.999167, -21.45125 ], [ 114.974139, -21.452972 ] ], [ [ 118.534139, -20.305444 ], [ 118.545778, -20.302917 ], [ 118.560861, -20.320444 ], [ 118.565806, -20.322083 ], [ 118.567972, -20.315861 ], [ 118.562861, -20.314194 ], [ 118.561278, -20.305833 ], [ 118.572056, -20.296722 ], [ 118.5675, -20.292111 ], [ 118.563333, -20.292083 ], [ 118.524194, -20.301278 ], [ 118.523722, -20.301667 ], [ 118.534139, -20.305444 ] ], [ [ 117.034139, -20.635417 ], [ 117.040833, -20.630417 ], [ 117.04, -20.637083 ], [ 117.054194, -20.634611 ], [ 117.065833, -20.622972 ], [ 117.077472, -20.621222 ], [ 117.08375, -20.6125 ], [ 117.079111, -20.610444 ], [ 117.075833, -20.613778 ], [ 117.067472, -20.612917 ], [ 117.031222, -20.630833 ], [ 117.031222, -20.633361 ], [ 117.034139, -20.635417 ] ], [ [ 115.543333, -20.382944 ], [ 115.547056, -20.382528 ], [ 115.545, -20.387083 ], [ 115.566222, -20.400861 ], [ 115.567111, -20.4125 ], [ 115.577528, -20.420444 ], [ 115.574556, -20.408333 ], [ 115.579556, -20.402528 ], [ 115.578722, -20.398389 ], [ 115.563333, -20.393778 ], [ 115.559611, -20.387556 ], [ 115.562083, -20.385056 ], [ 115.554167, -20.375472 ], [ 115.542528, -20.378806 ], [ 115.54125, -20.38 ], [ 115.543333, -20.382944 ] ], [ [ 114.361667, -21.652056 ], [ 114.382917, -21.634167 ], [ 114.385417, -21.625028 ], [ 114.382472, -21.622917 ], [ 114.365889, -21.630444 ], [ 114.35125, -21.645028 ], [ 114.349556, -21.650028 ], [ 114.349528, -21.650833 ], [ 114.361667, -21.652056 ] ], [ [ 116.646639, -20.509583 ], [ 116.654139, -20.52125 ], [ 116.669139, -20.512972 ], [ 116.673278, -20.517972 ], [ 116.684583, -20.511667 ], [ 116.683722, -20.505 ], [ 116.687056, -20.4975 ], [ 116.676667, -20.502139 ], [ 116.673333, -20.496278 ], [ 116.671278, -20.498333 ], [ 116.672889, -20.505056 ], [ 116.665028, -20.512083 ], [ 116.649972, -20.510389 ], [ 116.645833, -20.505389 ], [ 116.639556, -20.5075 ], [ 116.639556, -20.510833 ], [ 116.646639, -20.509583 ] ], [ [ 115.322083, -20.932528 ], [ 115.322083, -20.927528 ], [ 115.33375, -20.905861 ], [ 115.328333, -20.897083 ], [ 115.320806, -20.89375 ], [ 115.317056, -20.895028 ], [ 115.32125, -20.918361 ], [ 115.316222, -20.931667 ], [ 115.312889, -20.935028 ], [ 115.322083, -20.932528 ] ], [ [ 115.88, -20.945417 ], [ 115.895833, -20.95125 ], [ 115.895417, -20.933361 ], [ 115.882472, -20.931278 ], [ 115.877083, -20.935028 ], [ 115.874583, -20.944972 ], [ 115.873778, -20.945833 ], [ 115.88, -20.945417 ] ], [ [ 117.062056, -20.431667 ], [ 117.05875, -20.444167 ], [ 117.062083, -20.448361 ], [ 117.060389, -20.456667 ], [ 117.062472, -20.457944 ], [ 117.072944, -20.448361 ], [ 117.068722, -20.435833 ], [ 117.071222, -20.426667 ], [ 117.068361, -20.424611 ], [ 117.057139, -20.425861 ], [ 117.057139, -20.427528 ], [ 117.062056, -20.431667 ] ], [ [ 115.2125, -21.597111 ], [ 115.2175, -21.593778 ], [ 115.227917, -21.579139 ], [ 115.227917, -21.571694 ], [ 115.234139, -21.572111 ], [ 115.241222, -21.568389 ], [ 115.24, -21.56625 ], [ 115.225, -21.566278 ], [ 115.20875, -21.595056 ], [ 115.207917, -21.595861 ], [ 115.2125, -21.597111 ] ], [ [ 114.677917, -21.615 ], [ 114.67875, -21.624167 ], [ 114.671278, -21.628361 ], [ 114.674167, -21.630417 ], [ 114.685861, -21.626278 ], [ 114.687889, -21.624194 ], [ 114.682056, -21.620833 ], [ 114.677889, -21.605 ], [ 114.672917, -21.598333 ], [ 114.660861, -21.588778 ], [ 114.657083, -21.590833 ], [ 114.656222, -21.591694 ], [ 114.677917, -21.615 ] ], [ [ 118.507472, -20.320417 ], [ 118.524556, -20.307528 ], [ 118.519167, -20.304583 ], [ 118.512417, -20.305444 ], [ 118.496611, -20.31125 ], [ 118.49375, -20.315028 ], [ 118.493778, -20.318333 ], [ 118.507472, -20.320417 ] ], [ [ 114.929972, -21.698778 ], [ 114.939972, -21.686278 ], [ 114.950778, -21.68125 ], [ 114.968722, -21.665028 ], [ 114.963361, -21.665472 ], [ 114.931667, -21.687944 ], [ 114.914583, -21.690028 ], [ 114.914556, -21.690833 ], [ 114.929972, -21.698778 ] ], [ [ 114.150028, -22.477944 ], [ 114.162944, -22.470028 ], [ 114.167917, -22.454194 ], [ 114.164972, -22.442917 ], [ 114.161222, -22.458361 ], [ 114.142056, -22.484167 ], [ 114.142056, -22.486694 ], [ 114.150028, -22.477944 ] ], [ [ 116.678278, -20.659639 ], [ 116.69125, -20.646694 ], [ 116.692889, -20.641639 ], [ 116.671667, -20.647917 ], [ 116.668722, -20.656694 ], [ 116.668722, -20.658361 ], [ 116.678278, -20.659639 ] ], [ [ 115.320444, -20.960861 ], [ 115.321278, -20.971694 ], [ 115.3325, -20.968778 ], [ 115.334528, -20.965 ], [ 115.327944, -20.96 ], [ 115.322917, -20.950889 ], [ 115.311667, -20.945444 ], [ 115.31125, -20.945833 ], [ 115.320444, -20.960861 ] ], [ [ 116.808389, -20.437944 ], [ 116.814583, -20.425833 ], [ 116.827917, -20.415806 ], [ 116.829139, -20.410417 ], [ 116.81125, -20.412528 ], [ 116.810361, -20.4275 ], [ 116.806222, -20.433361 ], [ 116.806222, -20.436667 ], [ 116.808389, -20.437944 ] ], [ [ 115.419972, -21.522111 ], [ 115.425028, -21.52125 ], [ 115.447917, -21.497528 ], [ 115.437472, -21.497972 ], [ 115.431667, -21.507139 ], [ 115.420417, -21.515 ], [ 115.419583, -21.519194 ], [ 115.418722, -21.519972 ], [ 115.419972, -21.522111 ] ], [ [ 115.610861, -21.362111 ], [ 115.62375, -21.358306 ], [ 115.623722, -21.354194 ], [ 115.616639, -21.346278 ], [ 115.602056, -21.352528 ], [ 115.602056, -21.354194 ], [ 115.610861, -21.362111 ] ], [ [ 114.564139, -21.997944 ], [ 114.574528, -21.990028 ], [ 114.569167, -21.982083 ], [ 114.555417, -21.985833 ], [ 114.555389, -21.9875 ], [ 114.564139, -21.997944 ] ], [ [ 116.145778, -20.945444 ], [ 116.1525, -20.945472 ], [ 116.153722, -20.934167 ], [ 116.150861, -20.927944 ], [ 116.143306, -20.927917 ], [ 116.141306, -20.934222 ], [ 116.141278, -20.935028 ], [ 116.145778, -20.945444 ] ], [ [ 117.855, -20.529583 ], [ 117.867917, -20.513333 ], [ 117.862528, -20.51375 ], [ 117.848306, -20.52375 ], [ 117.83875, -20.534194 ], [ 117.83875, -20.535 ], [ 117.855, -20.529583 ] ], [ [ 116.448333, -20.66375 ], [ 116.452056, -20.661694 ], [ 116.449972, -20.647056 ], [ 116.432889, -20.651667 ], [ 116.432889, -20.652528 ], [ 116.448333, -20.66375 ] ], [ [ 115.567444, -20.64875 ], [ 115.571222, -20.648389 ], [ 115.571222, -20.655833 ], [ 115.576639, -20.657944 ], [ 115.579583, -20.65 ], [ 115.572528, -20.646278 ], [ 115.565, -20.637139 ], [ 115.563694, -20.640056 ], [ 115.562889, -20.640861 ], [ 115.567444, -20.64875 ] ], [ [ 115.52, -20.362083 ], [ 115.523306, -20.36625 ], [ 115.5275, -20.365417 ], [ 115.536222, -20.370833 ], [ 115.533361, -20.364611 ], [ 115.527889, -20.3625 ], [ 115.528361, -20.359583 ], [ 115.5125, -20.357111 ], [ 115.51375, -20.360028 ], [ 115.510806, -20.362083 ], [ 115.509583, -20.363389 ], [ 115.52, -20.362083 ] ], [ [ 116.963778, -20.433333 ], [ 116.968333, -20.44125 ], [ 116.970389, -20.435 ], [ 116.962917, -20.425889 ], [ 116.963778, -20.422556 ], [ 116.959139, -20.421222 ], [ 116.954583, -20.425028 ], [ 116.954583, -20.425889 ], [ 116.963778, -20.433333 ] ], [ [ 115.520833, -20.413778 ], [ 115.536222, -20.401694 ], [ 115.529972, -20.398778 ], [ 115.528778, -20.404167 ], [ 115.521667, -20.40875 ], [ 115.518778, -20.407528 ], [ 115.518333, -20.402917 ], [ 115.512472, -20.412111 ], [ 115.511222, -20.413361 ], [ 115.520833, -20.413778 ] ], [ [ 116.631694, -20.551278 ], [ 116.634972, -20.54875 ], [ 116.639944, -20.55375 ], [ 116.644528, -20.545833 ], [ 116.639972, -20.541306 ], [ 116.637472, -20.547083 ], [ 116.634111, -20.544611 ], [ 116.627889, -20.549194 ], [ 116.627889, -20.55 ], [ 116.631694, -20.551278 ] ], [ [ 115.366694, -21.457944 ], [ 115.37125, -21.456667 ], [ 115.373361, -21.440444 ], [ 115.362889, -21.4525 ], [ 115.362889, -21.453361 ], [ 115.366694, -21.457944 ] ], [ [ 116.171694, -20.952972 ], [ 116.174583, -20.949194 ], [ 116.174583, -20.938333 ], [ 116.170778, -20.930417 ], [ 116.16875, -20.932528 ], [ 116.171222, -20.940056 ], [ 116.167917, -20.945889 ], [ 116.167917, -20.950889 ], [ 116.171694, -20.952972 ] ], [ [ 114.507083, -22.106694 ], [ 114.509972, -22.092944 ], [ 114.49375, -22.110056 ], [ 114.492917, -22.110833 ], [ 114.507083, -22.106694 ] ], [ [ 115.352472, -21.485444 ], [ 115.357944, -21.484972 ], [ 115.353333, -21.46875 ], [ 115.349556, -21.4775 ], [ 115.349583, -21.480889 ], [ 115.352472, -21.485444 ] ], [ [ 115.510833, -21.442944 ], [ 115.517083, -21.435889 ], [ 115.514139, -21.429611 ], [ 115.509611, -21.431694 ], [ 115.506278, -21.440028 ], [ 115.50625, -21.441694 ], [ 115.510833, -21.442944 ] ], [ [ 114.177861, -22.421694 ], [ 114.182444, -22.423778 ], [ 114.184611, -22.419167 ], [ 114.182889, -22.410833 ], [ 114.177028, -22.407528 ], [ 114.177083, -22.411694 ], [ 114.177861, -22.421694 ] ], [ [ 116.243306, -20.812111 ], [ 116.245417, -20.806722 ], [ 116.242083, -20.799194 ], [ 116.238306, -20.797917 ], [ 116.235361, -20.800806 ], [ 116.235417, -20.802528 ], [ 116.243306, -20.812111 ] ], [ [ 116.528361, -20.537083 ], [ 116.532472, -20.534556 ], [ 116.542472, -20.537111 ], [ 116.544556, -20.534194 ], [ 116.542472, -20.532111 ], [ 116.535833, -20.533778 ], [ 116.5325, -20.528778 ], [ 116.527111, -20.530028 ], [ 116.528722, -20.533361 ], [ 116.527056, -20.535 ], [ 116.528361, -20.537083 ] ], [ [ 115.850806, -21.017944 ], [ 115.855417, -21.017528 ], [ 115.852917, -21.006667 ], [ 115.848333, -21.005417 ], [ 115.847111, -21.007528 ], [ 115.847083, -21.010861 ], [ 115.850806, -21.017944 ] ], [ [ 114.479167, -22.135444 ], [ 114.482111, -22.130861 ], [ 114.484194, -22.117944 ], [ 114.479556, -22.119194 ], [ 114.477056, -22.130833 ], [ 114.477056, -22.134222 ], [ 114.479167, -22.135444 ] ], [ [ 116.034167, -20.912944 ], [ 116.03375, -20.901694 ], [ 116.025389, -20.900833 ], [ 116.025444, -20.903361 ], [ 116.034167, -20.912944 ] ], [ [ 115.515417, -20.396694 ], [ 115.514139, -20.400417 ], [ 115.518306, -20.398806 ], [ 115.522917, -20.400833 ], [ 115.52, -20.39375 ], [ 115.516306, -20.395 ], [ 115.520778, -20.387111 ], [ 115.515028, -20.387917 ], [ 115.512889, -20.394222 ], [ 115.512083, -20.395 ], [ 115.515417, -20.396694 ] ], [ [ 115.544611, -21.385861 ], [ 115.5425, -21.376278 ], [ 115.53875, -21.3775 ], [ 115.537056, -21.387528 ], [ 115.537083, -21.390861 ], [ 115.544611, -21.385861 ] ], [ [ 117.765028, -20.582889 ], [ 117.77, -20.58625 ], [ 117.776278, -20.584167 ], [ 117.766694, -20.580417 ], [ 117.750833, -20.587083 ], [ 117.749611, -20.588361 ], [ 117.765028, -20.582889 ] ], [ [ 116.815806, -20.411278 ], [ 116.817889, -20.4025 ], [ 116.814972, -20.401278 ], [ 116.809972, -20.407944 ], [ 116.804556, -20.407528 ], [ 116.804556, -20.408333 ], [ 116.815806, -20.411278 ] ], [ [ 118.3575, -20.362083 ], [ 118.361278, -20.359972 ], [ 118.358333, -20.352944 ], [ 118.354139, -20.35125 ], [ 118.352083, -20.353333 ], [ 118.352083, -20.354194 ], [ 118.3575, -20.362083 ] ], [ [ 115.348333, -21.511278 ], [ 115.357056, -21.503333 ], [ 115.353333, -21.502083 ], [ 115.344583, -21.506694 ], [ 115.344583, -21.508361 ], [ 115.348333, -21.511278 ] ], [ [ 116.826667, -20.388778 ], [ 116.831278, -20.382528 ], [ 116.829111, -20.375417 ], [ 116.820417, -20.389194 ], [ 116.820417, -20.390861 ], [ 116.826667, -20.388778 ] ], [ [ 116.650806, -20.677944 ], [ 116.657056, -20.674222 ], [ 116.654972, -20.670444 ], [ 116.64625, -20.670028 ], [ 116.64625, -20.671667 ], [ 116.650806, -20.677944 ] ], [ [ 115.539528, -20.431667 ], [ 115.54375, -20.430833 ], [ 115.541194, -20.429222 ], [ 115.539194, -20.413778 ], [ 115.537083, -20.4325 ], [ 115.537111, -20.436694 ], [ 115.539528, -20.431667 ] ], [ [ 114.374167, -22.39875 ], [ 114.382056, -22.398361 ], [ 114.375, -22.390444 ], [ 114.370417, -22.395028 ], [ 114.370389, -22.395833 ], [ 114.374167, -22.39875 ] ], [ [ 114.482472, -22.151278 ], [ 114.483778, -22.145056 ], [ 114.479139, -22.142917 ], [ 114.475444, -22.1475 ], [ 114.475417, -22.148361 ], [ 114.482472, -22.151278 ] ], [ [ 116.835, -20.457944 ], [ 116.839556, -20.451694 ], [ 116.837917, -20.4475 ], [ 116.83125, -20.452472 ], [ 116.83125, -20.454194 ], [ 116.835, -20.457944 ] ], [ [ 116.309194, -20.777889 ], [ 116.307111, -20.768361 ], [ 116.304167, -20.766278 ], [ 116.30125, -20.768333 ], [ 116.30125, -20.769194 ], [ 116.309194, -20.777889 ] ], [ [ 118.918333, -19.90375 ], [ 118.921222, -19.902528 ], [ 118.921694, -19.895417 ], [ 118.912472, -19.895444 ], [ 118.912056, -19.895861 ], [ 118.918333, -19.90375 ] ], [ [ 117.918333, -20.47125 ], [ 117.924556, -20.4625 ], [ 117.919139, -20.462917 ], [ 117.912083, -20.471667 ], [ 117.912083, -20.472556 ], [ 117.918333, -20.47125 ] ], [ [ 115.4175, -21.507056 ], [ 115.421278, -21.500833 ], [ 115.408778, -21.508361 ], [ 115.408778, -21.509167 ], [ 115.4175, -21.507056 ] ], [ [ 115.637083, -21.194194 ], [ 115.641694, -21.183806 ], [ 115.633722, -21.1925 ], [ 115.633722, -21.194167 ], [ 115.637083, -21.194194 ] ], [ [ 114.756194, -21.529194 ], [ 114.754972, -21.519611 ], [ 114.749583, -21.528361 ], [ 114.749583, -21.529222 ], [ 114.756194, -21.529194 ] ], [ [ 118.456639, -20.313778 ], [ 118.46375, -20.309194 ], [ 118.446667, -20.312083 ], [ 118.446222, -20.3125 ], [ 118.456639, -20.313778 ] ], [ [ 114.4175, -21.955472 ], [ 114.420417, -21.95 ], [ 114.415778, -21.947917 ], [ 114.412056, -21.950056 ], [ 114.412083, -21.9525 ], [ 114.4175, -21.955472 ] ], [ [ 114.491667, -22.157083 ], [ 114.492083, -22.148389 ], [ 114.487056, -22.149167 ], [ 114.487083, -22.151694 ], [ 114.491667, -22.157083 ] ], [ [ 115.514139, -20.374611 ], [ 115.518694, -20.369194 ], [ 115.50875, -20.368361 ], [ 115.508722, -20.369167 ], [ 115.514139, -20.374611 ] ], [ [ 115.578306, -20.667944 ], [ 115.579583, -20.660833 ], [ 115.577556, -20.659611 ], [ 115.572917, -20.664222 ], [ 115.572917, -20.666694 ], [ 115.578306, -20.667944 ] ], [ [ 116.619167, -20.458806 ], [ 116.621667, -20.45375 ], [ 116.625389, -20.454167 ], [ 116.619194, -20.449556 ], [ 116.616278, -20.450889 ], [ 116.61625, -20.451694 ], [ 116.619167, -20.458806 ] ], [ [ 114.758722, -21.718389 ], [ 114.7575, -21.710472 ], [ 114.752972, -21.715833 ], [ 114.752889, -21.718361 ], [ 114.758722, -21.718389 ] ], [ [ 114.137444, -22.435417 ], [ 114.13125, -22.443333 ], [ 114.131222, -22.447528 ], [ 114.137444, -22.435417 ] ], [ [ 117.661694, -20.641278 ], [ 117.677028, -20.631694 ], [ 117.659583, -20.639222 ], [ 117.659556, -20.640028 ], [ 117.661694, -20.641278 ] ], [ [ 115.541667, -20.444583 ], [ 115.546278, -20.442528 ], [ 115.544139, -20.433778 ], [ 115.541667, -20.439611 ], [ 115.537944, -20.439167 ], [ 115.537944, -20.440028 ], [ 115.541667, -20.444583 ] ], [ [ 115.518361, -20.426278 ], [ 115.523306, -20.423806 ], [ 115.52125, -20.421722 ], [ 115.522889, -20.416667 ], [ 115.519167, -20.417111 ], [ 115.517083, -20.419194 ], [ 115.518361, -20.426278 ] ], [ [ 116.665833, -20.667083 ], [ 116.667056, -20.663333 ], [ 116.663278, -20.661278 ], [ 116.657917, -20.665861 ], [ 116.657917, -20.667528 ], [ 116.665833, -20.667083 ] ], [ [ 116.640056, -20.652917 ], [ 116.642889, -20.651694 ], [ 116.640833, -20.647917 ], [ 116.632917, -20.648361 ], [ 116.632917, -20.649222 ], [ 116.640056, -20.652917 ] ], [ [ 116.856667, -20.402944 ], [ 116.86125, -20.402528 ], [ 116.8575, -20.397944 ], [ 116.85125, -20.396667 ], [ 116.85125, -20.397528 ], [ 116.856667, -20.402944 ] ], [ [ 115.647472, -21.177139 ], [ 115.65375, -21.17 ], [ 115.644583, -21.175028 ], [ 115.644583, -21.176694 ], [ 115.647472, -21.177139 ] ], [ [ 115.828806, -21.077528 ], [ 115.825833, -21.072917 ], [ 115.820444, -21.075861 ], [ 115.820444, -21.077528 ], [ 115.828806, -21.077528 ] ], [ [ 114.544167, -21.807944 ], [ 114.549611, -21.805833 ], [ 114.544194, -21.802944 ], [ 114.539556, -21.804194 ], [ 114.539556, -21.805 ], [ 114.544167, -21.807944 ] ], [ [ 116.060833, -20.821306 ], [ 116.06375, -20.820056 ], [ 116.055, -20.813806 ], [ 116.053722, -20.815 ], [ 116.060833, -20.821306 ] ], [ [ 116.847472, -20.405444 ], [ 116.850417, -20.399194 ], [ 116.843694, -20.402528 ], [ 116.843694, -20.404194 ], [ 116.847472, -20.405444 ] ], [ [ 115.499972, -21.292889 ], [ 115.502972, -21.291667 ], [ 115.498278, -21.285417 ], [ 115.495444, -21.289194 ], [ 115.495417, -21.290056 ], [ 115.499972, -21.292889 ] ], [ [ 115.860389, -20.976667 ], [ 115.858306, -20.972056 ], [ 115.852917, -20.975028 ], [ 115.852917, -20.975806 ], [ 115.860389, -20.976667 ] ], [ [ 116.672528, -20.540444 ], [ 116.678722, -20.533333 ], [ 116.673306, -20.534611 ], [ 116.669583, -20.539194 ], [ 116.669583, -20.540056 ], [ 116.672528, -20.540444 ] ], [ [ 115.165444, -21.324167 ], [ 115.164167, -21.320417 ], [ 115.157083, -21.322528 ], [ 115.157083, -21.323333 ], [ 115.165444, -21.324167 ] ], [ [ 115.521667, -20.632944 ], [ 115.527056, -20.629194 ], [ 115.525806, -20.627111 ], [ 115.52, -20.627917 ], [ 115.518778, -20.629167 ], [ 115.521667, -20.632944 ] ], [ [ 116.84375, -20.696694 ], [ 116.838361, -20.69125 ], [ 116.831278, -20.689167 ], [ 116.831278, -20.690028 ], [ 116.84375, -20.696694 ] ], [ [ 116.417944, -20.69 ], [ 116.414583, -20.685861 ], [ 116.414556, -20.694167 ], [ 116.417944, -20.69 ] ], [ [ 115.486667, -20.750444 ], [ 115.490417, -20.741722 ], [ 115.485417, -20.742528 ], [ 115.485444, -20.745056 ], [ 115.486667, -20.750444 ] ], [ [ 116.616667, -20.725444 ], [ 116.619556, -20.723389 ], [ 116.618333, -20.717917 ], [ 116.614611, -20.721694 ], [ 116.614611, -20.7225 ], [ 116.616667, -20.725444 ] ], [ [ 117.924139, -20.473806 ], [ 117.927111, -20.47 ], [ 117.921278, -20.470028 ], [ 117.921222, -20.4725 ], [ 117.924139, -20.473806 ] ], [ [ 115.31125, -21.505861 ], [ 115.305833, -21.502917 ], [ 115.302917, -21.504167 ], [ 115.302917, -21.505889 ], [ 115.31125, -21.505861 ] ], [ [ 116.700806, -20.648778 ], [ 116.705389, -20.642528 ], [ 116.69875, -20.646639 ], [ 116.698722, -20.6475 ], [ 116.700806, -20.648778 ] ], [ [ 115.4575, -21.482083 ], [ 115.45875, -21.480028 ], [ 115.450389, -21.48 ], [ 115.450389, -21.480861 ], [ 115.4575, -21.482083 ] ], [ [ 116.279167, -20.857111 ], [ 116.282889, -20.855861 ], [ 116.279972, -20.852139 ], [ 116.276611, -20.852917 ], [ 116.27625, -20.853306 ], [ 116.279167, -20.857111 ] ], [ [ 115.653361, -21.101278 ], [ 115.655417, -21.094194 ], [ 115.65125, -21.095028 ], [ 115.651222, -21.096667 ], [ 115.653361, -21.101278 ] ], [ [ 116.825, -20.688778 ], [ 116.828722, -20.685028 ], [ 116.824167, -20.68125 ], [ 116.822889, -20.6825 ], [ 116.825, -20.688778 ] ], [ [ 116.838361, -20.409639 ], [ 116.842083, -20.404972 ], [ 116.839972, -20.403778 ], [ 116.835417, -20.4075 ], [ 116.835417, -20.408361 ], [ 116.838361, -20.409639 ] ], [ [ 114.929139, -21.594556 ], [ 114.930417, -21.590861 ], [ 114.928333, -21.589556 ], [ 114.924556, -21.592556 ], [ 114.924556, -21.593361 ], [ 114.929139, -21.594556 ] ], [ [ 115.085, -21.63875 ], [ 115.089639, -21.634167 ], [ 115.087472, -21.632944 ], [ 115.082083, -21.636722 ], [ 115.082083, -21.637528 ], [ 115.085, -21.63875 ] ], [ [ 115.542917, -20.524972 ], [ 115.543333, -20.517917 ], [ 115.539556, -20.520028 ], [ 115.540444, -20.5225 ], [ 115.539583, -20.523333 ], [ 115.542917, -20.524972 ] ], [ [ 116.955028, -20.660444 ], [ 116.957083, -20.652528 ], [ 116.953722, -20.654194 ], [ 116.953722, -20.656667 ], [ 116.955028, -20.660444 ] ], [ [ 114.198333, -22.35125 ], [ 114.199583, -22.3475 ], [ 114.194194, -22.350444 ], [ 114.192083, -22.352528 ], [ 114.198333, -22.35125 ] ], [ [ 116.618389, -20.467111 ], [ 116.619611, -20.464194 ], [ 116.614167, -20.465444 ], [ 116.612083, -20.4675 ], [ 116.618389, -20.467111 ] ], [ [ 115.519167, -21.423806 ], [ 115.519583, -21.42 ], [ 115.517528, -21.418778 ], [ 115.516278, -21.421694 ], [ 115.514583, -21.423361 ], [ 115.519167, -21.423806 ] ], [ [ 115.84375, -21.046694 ], [ 115.835833, -21.043778 ], [ 115.835389, -21.044167 ], [ 115.84375, -21.046694 ] ], [ [ 115.727528, -21.140417 ], [ 115.727917, -21.135889 ], [ 115.723778, -21.135056 ], [ 115.72375, -21.136694 ], [ 115.727528, -21.140417 ] ], [ [ 115.585778, -20.42625 ], [ 115.589639, -20.420028 ], [ 115.58375, -20.423389 ], [ 115.58375, -20.424167 ], [ 115.585778, -20.42625 ] ], [ [ 117.690417, -20.638361 ], [ 117.689111, -20.632972 ], [ 117.684583, -20.635833 ], [ 117.684583, -20.636694 ], [ 117.690417, -20.638361 ] ], [ [ 116.804583, -20.384167 ], [ 116.797111, -20.379972 ], [ 116.797111, -20.380833 ], [ 116.804583, -20.384167 ] ], [ [ 115.834583, -21.132528 ], [ 115.833333, -21.127917 ], [ 115.830389, -21.128361 ], [ 115.830389, -21.130833 ], [ 115.834583, -21.132528 ] ], [ [ 114.504139, -21.601278 ], [ 114.503694, -21.5975 ], [ 114.499139, -21.595417 ], [ 114.498722, -21.595889 ], [ 114.504139, -21.601278 ] ], [ [ 116.659167, -20.654611 ], [ 116.660389, -20.651694 ], [ 116.655833, -20.650472 ], [ 116.654528, -20.651667 ], [ 116.659167, -20.654611 ] ], [ [ 114.48875, -21.959194 ], [ 114.484139, -21.957139 ], [ 114.481194, -21.96 ], [ 114.48875, -21.959194 ] ], [ [ 115.785444, -21.1025 ], [ 115.782528, -21.097972 ], [ 115.781222, -21.1 ], [ 115.780417, -21.100861 ], [ 115.785444, -21.1025 ] ], [ [ 119.377889, -19.980833 ], [ 119.374139, -19.977944 ], [ 119.372917, -19.982556 ], [ 119.372111, -19.983361 ], [ 119.377889, -19.980833 ] ], [ [ 115.126667, -21.532111 ], [ 115.127917, -21.53 ], [ 115.124167, -21.527944 ], [ 115.122111, -21.529972 ], [ 115.126667, -21.532111 ] ], [ [ 114.615, -21.604583 ], [ 114.614583, -21.599194 ], [ 114.612056, -21.599194 ], [ 114.612111, -21.600861 ], [ 114.615, -21.604583 ] ], [ [ 115.447056, -21.308361 ], [ 115.444194, -21.306278 ], [ 115.44125, -21.309167 ], [ 115.447056, -21.308361 ] ], [ [ 118.982056, -20.041694 ], [ 118.980833, -20.035444 ], [ 118.97875, -20.039194 ], [ 118.978722, -20.040861 ], [ 118.982056, -20.041694 ] ], [ [ 116.414167, -20.67375 ], [ 116.415417, -20.670028 ], [ 116.412111, -20.667528 ], [ 116.412083, -20.669139 ], [ 116.414167, -20.67375 ] ], [ [ 114.4275, -21.922083 ], [ 114.429583, -21.918333 ], [ 114.425417, -21.918389 ], [ 114.425417, -21.920833 ], [ 114.4275, -21.922083 ] ], [ [ 119.49375, -20.006694 ], [ 119.487917, -20.009167 ], [ 119.487083, -20.010056 ], [ 119.49375, -20.006694 ] ], [ [ 116.190806, -20.82625 ], [ 116.190417, -20.820861 ], [ 116.187083, -20.820833 ], [ 116.187083, -20.821722 ], [ 116.190806, -20.82625 ] ], [ [ 114.414194, -21.70625 ], [ 114.414556, -21.701694 ], [ 114.4125, -21.700444 ], [ 114.412083, -21.7025 ], [ 114.411222, -21.703361 ], [ 114.414194, -21.70625 ] ], [ [ 116.606639, -20.442083 ], [ 116.608778, -20.439167 ], [ 116.604556, -20.438333 ], [ 116.604528, -20.44 ], [ 116.606639, -20.442083 ] ], [ [ 116.438333, -20.550472 ], [ 116.44125, -20.549222 ], [ 116.439972, -20.546278 ], [ 116.437083, -20.547528 ], [ 116.437083, -20.548333 ], [ 116.438333, -20.550472 ] ], [ [ 115.981694, -20.962917 ], [ 115.980778, -20.958722 ], [ 115.9775, -20.958778 ], [ 115.977056, -20.959167 ], [ 115.981694, -20.962917 ] ], [ [ 116.768333, -20.573778 ], [ 116.769556, -20.569194 ], [ 116.766194, -20.570833 ], [ 116.766194, -20.5725 ], [ 116.768333, -20.573778 ] ], [ [ 116.835417, -20.413361 ], [ 116.834556, -20.409222 ], [ 116.832056, -20.409222 ], [ 116.832056, -20.411694 ], [ 116.835417, -20.413361 ] ], [ [ 114.922917, -21.7075 ], [ 114.917056, -21.710028 ], [ 114.917028, -21.711694 ], [ 114.922917, -21.7075 ] ], [ [ 116.646639, -20.502139 ], [ 116.648722, -20.499194 ], [ 116.644583, -20.499194 ], [ 116.644583, -20.500861 ], [ 116.646639, -20.502139 ] ], [ [ 115.490444, -20.739194 ], [ 115.491667, -20.73375 ], [ 115.48875, -20.7375 ], [ 115.487889, -20.738361 ], [ 115.490444, -20.739194 ] ], [ [ 116.849556, -20.513389 ], [ 116.844139, -20.512111 ], [ 116.842917, -20.513389 ], [ 116.849556, -20.513389 ] ], [ [ 118.81625, -20.030833 ], [ 118.815, -20.027944 ], [ 118.812056, -20.029222 ], [ 118.812083, -20.030028 ], [ 118.81625, -20.030833 ] ], [ [ 117.262917, -20.678361 ], [ 117.260833, -20.675444 ], [ 117.259611, -20.677528 ], [ 117.25875, -20.678389 ], [ 117.262917, -20.678361 ] ], [ [ 115.575389, -21.289194 ], [ 115.569556, -21.287472 ], [ 115.569556, -21.288333 ], [ 115.575389, -21.289194 ] ], [ [ 115.523306, -20.383806 ], [ 115.525806, -20.377917 ], [ 115.522917, -20.380889 ], [ 115.522056, -20.381667 ], [ 115.523306, -20.383806 ] ], [ [ 116.624167, -20.485444 ], [ 116.625444, -20.482528 ], [ 116.622028, -20.4825 ], [ 116.622111, -20.484167 ], [ 116.624167, -20.485444 ] ], [ [ 116.626667, -20.73125 ], [ 116.627889, -20.727528 ], [ 116.624556, -20.728389 ], [ 116.624556, -20.73 ], [ 116.626667, -20.73125 ] ], [ [ 115.569972, -20.634611 ], [ 115.571278, -20.630833 ], [ 115.567056, -20.631694 ], [ 115.567056, -20.6325 ], [ 115.569972, -20.634611 ] ], [ [ 115.542917, -20.511667 ], [ 115.541694, -20.506278 ], [ 115.540417, -20.511694 ], [ 115.539556, -20.5125 ], [ 115.542917, -20.511667 ] ], [ [ 115.577083, -20.458306 ], [ 115.57375, -20.455028 ], [ 115.57375, -20.456694 ], [ 115.577083, -20.458306 ] ], [ [ 117.214611, -20.654167 ], [ 117.211222, -20.654167 ], [ 117.211222, -20.656694 ], [ 117.214611, -20.654167 ] ], [ [ 116.774639, -20.536722 ], [ 116.772472, -20.534639 ], [ 116.770389, -20.536694 ], [ 116.774639, -20.536722 ] ], [ [ 114.166278, -21.856694 ], [ 114.165833, -21.85375 ], [ 114.162917, -21.856694 ], [ 114.162944, -21.857556 ], [ 114.166278, -21.856694 ] ], [ [ 115.070028, -21.611278 ], [ 115.072111, -21.608333 ], [ 115.067944, -21.609194 ], [ 115.067944, -21.61 ], [ 115.070028, -21.611278 ] ], [ [ 116.531194, -20.475861 ], [ 116.529139, -20.473778 ], [ 116.526278, -20.476722 ], [ 116.531194, -20.475861 ] ], [ [ 115.549556, -21.305833 ], [ 115.545833, -21.304611 ], [ 115.544611, -21.305861 ], [ 115.549556, -21.305833 ] ], [ [ 117.569583, -20.676722 ], [ 117.565806, -20.674611 ], [ 117.564556, -20.675861 ], [ 117.569583, -20.676722 ] ], [ [ 119.09625, -19.580028 ], [ 119.093333, -19.577944 ], [ 119.092083, -19.579167 ], [ 119.09625, -19.580028 ] ], [ [ 116.675028, -20.710417 ], [ 116.672083, -20.713333 ], [ 116.672083, -20.715056 ], [ 116.675028, -20.710417 ] ], [ [ 114.537056, -21.738361 ], [ 114.534139, -21.73625 ], [ 114.532889, -21.737528 ], [ 114.537056, -21.738361 ] ], [ [ 116.408778, -20.63 ], [ 116.405361, -20.627528 ], [ 116.405361, -20.629194 ], [ 116.408778, -20.63 ] ], [ [ 115.216278, -21.509167 ], [ 115.209972, -21.507944 ], [ 115.209528, -21.508333 ], [ 115.216278, -21.509167 ] ], [ [ 115.935861, -20.881306 ], [ 115.931667, -20.876278 ], [ 115.931222, -20.876667 ], [ 115.935861, -20.881306 ] ], [ [ 117.28375, -20.665028 ], [ 117.280444, -20.665833 ], [ 117.280444, -20.6675 ], [ 117.28375, -20.665028 ] ], [ [ 114.553778, -21.885028 ], [ 114.548306, -21.882083 ], [ 114.547917, -21.882528 ], [ 114.553778, -21.885028 ] ], [ [ 116.432139, -20.650056 ], [ 116.430833, -20.647111 ], [ 116.428722, -20.648361 ], [ 116.428722, -20.649167 ], [ 116.432139, -20.650056 ] ], [ [ 115.478778, -20.735861 ], [ 115.475417, -20.7325 ], [ 115.475417, -20.733306 ], [ 115.478778, -20.735861 ] ], [ [ 115.518778, -20.379167 ], [ 115.515778, -20.377083 ], [ 115.51375, -20.379194 ], [ 115.518778, -20.379167 ] ], [ [ 119.668694, -20.006722 ], [ 119.665, -20.003722 ], [ 119.664583, -20.004194 ], [ 119.668694, -20.006722 ] ], [ [ 115.169194, -21.559583 ], [ 115.168306, -21.555444 ], [ 115.167056, -21.556694 ], [ 115.169194, -21.559583 ] ], [ [ 117.178722, -20.545889 ], [ 117.17625, -20.546694 ], [ 117.17625, -20.549194 ], [ 117.178722, -20.545889 ] ], [ [ 115.482111, -20.719194 ], [ 115.47875, -20.718361 ], [ 115.47875, -20.720028 ], [ 115.482111, -20.719194 ] ], [ [ 115.610417, -21.364167 ], [ 115.607083, -21.365 ], [ 115.607083, -21.366667 ], [ 115.610417, -21.364167 ] ], [ [ 121.647528, -18.812111 ], [ 121.644611, -18.815 ], [ 121.644583, -18.815861 ], [ 121.647528, -18.812111 ] ], [ [ 115.460417, -20.499194 ], [ 115.457083, -20.498361 ], [ 115.457056, -20.499167 ], [ 115.460417, -20.499194 ] ], [ [ 122.182056, -17.959194 ], [ 122.178333, -17.959583 ], [ 122.177111, -17.960833 ], [ 122.182056, -17.959194 ] ], [ [ 117.031194, -20.600889 ], [ 117.027056, -20.600889 ], [ 117.027056, -20.601694 ], [ 117.031194, -20.600889 ] ], [ [ 119.43625, -20.003361 ], [ 119.433722, -20.004194 ], [ 119.43375, -20.006667 ], [ 119.43625, -20.003361 ] ], [ [ 116.667917, -20.440028 ], [ 116.664556, -20.441694 ], [ 116.663694, -20.442556 ], [ 116.667917, -20.440028 ] ], [ [ 115.54, -20.374611 ], [ 115.542917, -20.370833 ], [ 115.540833, -20.370417 ], [ 115.53875, -20.372528 ], [ 115.54, -20.374611 ] ], [ [ 117.65125, -20.657556 ], [ 117.647889, -20.6575 ], [ 117.647889, -20.658361 ], [ 117.65125, -20.657556 ] ], [ [ 115.419583, -21.440028 ], [ 115.416667, -21.43875 ], [ 115.415417, -21.440056 ], [ 115.419583, -21.440028 ] ], [ [ 115.18875, -21.5875 ], [ 115.1875, -21.584611 ], [ 115.185417, -21.585861 ], [ 115.185389, -21.586722 ], [ 115.18875, -21.5875 ] ], [ [ 115.423333, -21.449583 ], [ 115.424583, -21.446667 ], [ 115.422083, -21.4475 ], [ 115.421306, -21.448361 ], [ 115.423333, -21.449583 ] ], [ [ 116.394556, -20.711722 ], [ 116.391306, -20.709194 ], [ 116.391278, -20.710833 ], [ 116.394556, -20.711722 ] ], [ [ 115.597972, -21.270861 ], [ 115.595389, -21.268361 ], [ 115.595389, -21.270028 ], [ 115.597972, -21.270861 ] ], [ [ 115.535472, -20.440861 ], [ 115.534222, -20.437139 ], [ 115.532889, -20.439194 ], [ 115.532889, -20.44 ], [ 115.535472, -20.440861 ] ], [ [ 115.658778, -21.155889 ], [ 115.655417, -21.155 ], [ 115.655417, -21.155861 ], [ 115.658778, -21.155889 ] ], [ [ 116.71875, -20.634167 ], [ 116.715389, -20.634222 ], [ 116.715389, -20.635833 ], [ 116.71875, -20.634167 ] ], [ [ 115.50625, -20.731694 ], [ 115.502917, -20.730056 ], [ 115.502889, -20.731667 ], [ 115.50625, -20.731694 ] ], [ [ 115.210361, -21.304167 ], [ 115.207083, -21.303333 ], [ 115.207056, -21.304194 ], [ 115.210361, -21.304167 ] ], [ [ 115.413778, -21.488389 ], [ 115.410444, -21.489222 ], [ 115.410472, -21.490833 ], [ 115.413778, -21.488389 ] ], [ [ 115.44625, -21.344194 ], [ 115.442889, -21.344167 ], [ 115.442889, -21.345028 ], [ 115.44625, -21.344194 ] ], [ [ 115.468333, -21.417944 ], [ 115.468333, -21.414611 ], [ 115.46625, -21.416667 ], [ 115.468333, -21.417944 ] ], [ [ 116.697083, -20.645028 ], [ 116.69375, -20.645028 ], [ 116.69375, -20.645833 ], [ 116.697083, -20.645028 ] ], [ [ 118.654583, -20.169194 ], [ 118.65125, -20.168361 ], [ 118.651194, -20.169167 ], [ 118.654583, -20.169194 ] ], [ [ 115.49375, -21.429194 ], [ 115.490389, -21.430028 ], [ 115.490361, -21.430833 ], [ 115.49375, -21.429194 ] ], [ [ 118.580389, -20.29 ], [ 118.577528, -20.28875 ], [ 118.57625, -20.290028 ], [ 118.580389, -20.29 ] ], [ [ 115.092111, -21.411667 ], [ 115.088306, -21.409611 ], [ 115.087944, -21.410028 ], [ 115.092111, -21.411667 ] ], [ [ 115.14625, -21.523361 ], [ 115.142056, -21.524194 ], [ 115.142028, -21.525056 ], [ 115.14625, -21.523361 ] ], [ [ 114.179194, -22.398778 ], [ 114.180417, -22.396694 ], [ 114.1775, -22.395444 ], [ 114.177083, -22.395833 ], [ 114.179194, -22.398778 ] ], [ [ 115.542528, -20.495444 ], [ 115.540028, -20.490472 ], [ 115.539583, -20.490889 ], [ 115.542528, -20.495444 ] ], [ [ 115.213778, -21.305889 ], [ 115.211222, -21.303333 ], [ 115.211222, -21.305056 ], [ 115.213778, -21.305889 ] ], [ [ 115.332111, -21.493333 ], [ 115.327528, -21.492944 ], [ 115.327083, -21.493389 ], [ 115.332111, -21.493333 ] ], [ [ 117.832083, -20.539222 ], [ 117.830861, -20.537083 ], [ 117.828722, -20.539167 ], [ 117.832083, -20.539222 ] ], [ [ 115.562083, -20.635056 ], [ 115.55875, -20.635028 ], [ 115.558722, -20.636694 ], [ 115.562083, -20.635056 ] ], [ [ 115.411222, -21.431694 ], [ 115.407889, -21.432528 ], [ 115.407889, -21.433333 ], [ 115.411222, -21.431694 ] ], [ [ 115.737917, -21.125861 ], [ 115.735417, -21.124167 ], [ 115.735417, -21.125833 ], [ 115.737917, -21.125861 ] ], [ [ 115.410833, -21.500472 ], [ 115.408361, -21.497972 ], [ 115.407083, -21.499167 ], [ 115.410833, -21.500472 ] ], [ [ 115.597889, -20.660861 ], [ 115.595417, -20.661722 ], [ 115.595417, -20.663389 ], [ 115.597889, -20.660861 ] ], [ [ 116.072917, -20.807528 ], [ 116.070806, -20.805444 ], [ 116.069556, -20.806722 ], [ 116.072917, -20.807528 ] ], [ [ 114.712083, -21.609222 ], [ 114.709111, -21.607111 ], [ 114.707889, -21.608361 ], [ 114.712083, -21.609222 ] ], [ [ 115.502917, -20.430833 ], [ 115.498278, -20.430472 ], [ 115.497917, -20.430861 ], [ 115.502917, -20.430833 ] ], [ [ 114.539556, -21.871694 ], [ 114.534972, -21.870417 ], [ 114.534556, -21.870861 ], [ 114.539556, -21.871694 ] ], [ [ 115.55875, -20.64 ], [ 115.554556, -20.640028 ], [ 115.554556, -20.640833 ], [ 115.55875, -20.64 ] ], [ [ 115.277889, -21.585861 ], [ 115.275, -21.584639 ], [ 115.273722, -21.585806 ], [ 115.277889, -21.585861 ] ], [ [ 115.437889, -21.354222 ], [ 115.434611, -21.353333 ], [ 115.434611, -21.354194 ], [ 115.437889, -21.354222 ] ], [ [ 114.544167, -21.997944 ], [ 114.542056, -21.994194 ], [ 114.542056, -21.995028 ], [ 114.544167, -21.997944 ] ], [ [ 115.60125, -20.423333 ], [ 115.598722, -20.421667 ], [ 115.598722, -20.422528 ], [ 115.60125, -20.423333 ] ], [ [ 115.599583, -20.433361 ], [ 115.597056, -20.430889 ], [ 115.597056, -20.431694 ], [ 115.599583, -20.433361 ] ], [ [ 116.616222, -20.488361 ], [ 116.612889, -20.488333 ], [ 116.612889, -20.489139 ], [ 116.616222, -20.488361 ] ], [ [ 115.59625, -20.425889 ], [ 115.59375, -20.426667 ], [ 115.593722, -20.427528 ], [ 115.59625, -20.425889 ] ], [ [ 115.533778, -20.481694 ], [ 115.53125, -20.483333 ], [ 115.531222, -20.485 ], [ 115.533778, -20.481694 ] ], [ [ 115.577083, -20.4375 ], [ 115.57375, -20.437528 ], [ 115.573722, -20.439194 ], [ 115.577083, -20.4375 ] ], [ [ 116.837056, -20.419222 ], [ 116.834972, -20.417944 ], [ 116.83375, -20.419194 ], [ 116.837056, -20.419222 ] ], [ [ 114.115389, -22.047528 ], [ 114.112889, -22.045861 ], [ 114.112861, -22.047528 ], [ 114.115389, -22.047528 ] ], [ [ 114.85375, -21.583333 ], [ 114.851222, -21.580861 ], [ 114.851222, -21.583361 ], [ 114.85375, -21.583333 ] ], [ [ 115.402889, -21.408333 ], [ 115.399583, -21.408361 ], [ 115.399583, -21.409167 ], [ 115.402889, -21.408333 ] ], [ [ 115.202083, -21.520833 ], [ 115.198306, -21.519583 ], [ 115.197917, -21.519972 ], [ 115.202083, -21.520833 ] ], [ [ 115.55125, -20.525861 ], [ 115.547889, -20.525889 ], [ 115.547889, -20.526694 ], [ 115.55125, -20.525861 ] ], [ [ 116.005389, -21.001694 ], [ 116.002917, -21.0 ], [ 116.002889, -21.001667 ], [ 116.005389, -21.001694 ] ], [ [ 117.144528, -20.574194 ], [ 117.142083, -20.574194 ], [ 117.142083, -20.575861 ], [ 117.144528, -20.574194 ] ], [ [ 115.527111, -20.511694 ], [ 115.524583, -20.511694 ], [ 115.524556, -20.514139 ], [ 115.527111, -20.511694 ] ], [ [ 121.690389, -18.565861 ], [ 121.687083, -18.566694 ], [ 121.687083, -18.5675 ], [ 121.690389, -18.565861 ] ], [ [ 122.203806, -18.2425 ], [ 122.20125, -18.243361 ], [ 122.201222, -18.245028 ], [ 122.203806, -18.2425 ] ], [ [ 119.914556, -19.922528 ], [ 119.910833, -19.920417 ], [ 119.910444, -19.920889 ], [ 119.914556, -19.922528 ] ], [ [ 119.490833, -20.002944 ], [ 119.488306, -20.000444 ], [ 119.487889, -20.000861 ], [ 119.490833, -20.002944 ] ], [ [ 116.084139, -20.796278 ], [ 116.0825, -20.79375 ], [ 116.08125, -20.795 ], [ 116.084139, -20.796278 ] ], [ [ 116.949167, -20.660444 ], [ 116.9475, -20.657917 ], [ 116.946222, -20.659194 ], [ 116.949167, -20.660444 ] ], [ [ 115.43875, -21.417556 ], [ 115.436222, -21.418333 ], [ 115.436222, -21.419194 ], [ 115.43875, -21.417556 ] ], [ [ 116.579583, -20.503361 ], [ 116.577472, -20.502083 ], [ 116.57625, -20.503361 ], [ 116.579583, -20.503361 ] ], [ [ 115.441722, -21.285444 ], [ 115.439972, -21.28375 ], [ 115.437889, -21.285861 ], [ 115.441722, -21.285444 ] ], [ [ 121.807861, -18.507528 ], [ 121.805389, -18.508389 ], [ 121.804556, -18.509167 ], [ 121.807861, -18.507528 ] ], [ [ 116.952083, -20.410833 ], [ 116.949944, -20.409639 ], [ 116.94875, -20.410833 ], [ 116.952083, -20.410833 ] ], [ [ 115.575806, -20.443778 ], [ 115.575, -20.44125 ], [ 115.57375, -20.4425 ], [ 115.575806, -20.443778 ] ], [ [ 115.552083, -20.457528 ], [ 115.550806, -20.455472 ], [ 115.549583, -20.456722 ], [ 115.552083, -20.457528 ] ], [ [ 115.462889, -21.492528 ], [ 115.459583, -21.4925 ], [ 115.459583, -21.493333 ], [ 115.462889, -21.492528 ] ], [ [ 115.551667, -20.532111 ], [ 115.550861, -20.529639 ], [ 115.549556, -20.530833 ], [ 115.551667, -20.532111 ] ], [ [ 116.847056, -20.39 ], [ 116.844583, -20.39 ], [ 116.844583, -20.391667 ], [ 116.847056, -20.39 ] ], [ [ 115.864583, -21.153361 ], [ 115.862528, -21.151278 ], [ 115.86125, -21.152556 ], [ 115.864583, -21.153361 ] ], [ [ 115.434611, -21.490889 ], [ 115.432528, -21.489611 ], [ 115.431222, -21.490833 ], [ 115.434611, -21.490889 ] ], [ [ 116.585389, -20.500056 ], [ 116.583333, -20.498778 ], [ 116.582111, -20.500028 ], [ 116.585389, -20.500056 ] ], [ [ 115.529611, -20.390861 ], [ 115.528361, -20.387917 ], [ 115.527139, -20.389167 ], [ 115.529611, -20.390861 ] ], [ [ 116.677028, -20.560028 ], [ 116.674611, -20.560028 ], [ 116.674611, -20.560833 ], [ 116.677028, -20.560028 ] ], [ [ 116.956278, -20.4125 ], [ 116.953306, -20.41125 ], [ 116.952861, -20.411694 ], [ 116.956278, -20.4125 ] ], [ [ 115.557944, -20.526639 ], [ 115.555389, -20.525028 ], [ 115.555389, -20.525889 ], [ 115.557944, -20.526639 ] ], [ [ 114.699556, -21.619194 ], [ 114.697028, -21.62 ], [ 114.697056, -21.620861 ], [ 114.699556, -21.619194 ] ], [ [ 116.841278, -20.390861 ], [ 116.838722, -20.39 ], [ 116.838722, -20.391667 ], [ 116.841278, -20.390861 ] ], [ [ 117.167056, -20.556667 ], [ 117.164556, -20.556667 ], [ 117.164556, -20.557472 ], [ 117.167056, -20.556667 ] ], [ [ 116.827083, -20.3975 ], [ 116.824528, -20.395833 ], [ 116.824528, -20.396694 ], [ 116.827083, -20.3975 ] ], [ [ 115.515417, -20.383333 ], [ 115.5125, -20.382917 ], [ 115.511278, -20.384222 ], [ 115.515417, -20.383333 ] ], [ [ 116.789583, -20.457556 ], [ 116.787083, -20.458361 ], [ 116.787083, -20.459139 ], [ 116.789583, -20.457556 ] ], [ [ 115.310417, -21.576667 ], [ 115.307861, -21.574972 ], [ 115.307917, -21.575833 ], [ 115.310417, -21.576667 ] ], [ [ 115.339611, -21.493333 ], [ 115.336694, -21.492972 ], [ 115.336222, -21.493361 ], [ 115.339611, -21.493333 ] ], [ [ 115.732083, -21.2625 ], [ 115.729583, -21.262556 ], [ 115.729583, -21.263361 ], [ 115.732083, -21.2625 ] ], [ [ 116.910389, -20.416694 ], [ 116.907889, -20.417528 ], [ 116.907889, -20.418333 ], [ 116.910389, -20.416694 ] ], [ [ 115.456278, -21.493306 ], [ 115.453778, -21.493361 ], [ 115.453778, -21.494167 ], [ 115.456278, -21.493306 ] ], [ [ 114.64625, -21.644194 ], [ 114.644167, -21.642944 ], [ 114.642917, -21.644194 ], [ 114.64625, -21.644194 ] ], [ [ 114.91875, -21.706722 ], [ 114.91625, -21.705833 ], [ 114.91625, -21.706694 ], [ 114.91875, -21.706722 ] ], [ [ 114.701194, -21.624194 ], [ 114.699139, -21.622972 ], [ 114.697917, -21.624222 ], [ 114.701194, -21.624194 ] ], [ [ 115.387083, -21.548361 ], [ 115.383361, -21.547111 ], [ 115.382944, -21.5475 ], [ 115.387083, -21.548361 ] ], [ [ 121.700833, -18.696306 ], [ 121.7, -18.69375 ], [ 121.698722, -18.695028 ], [ 121.700833, -18.696306 ] ], [ [ 116.619611, -20.490889 ], [ 116.618306, -20.48875 ], [ 116.617083, -20.490028 ], [ 116.619611, -20.490889 ] ], [ [ 115.017889, -21.264167 ], [ 115.015389, -21.263333 ], [ 115.015361, -21.264194 ], [ 115.017889, -21.264167 ] ], [ [ 115.455417, -21.499167 ], [ 115.452889, -21.499194 ], [ 115.452889, -21.5 ], [ 115.455417, -21.499167 ] ], [ [ 115.54125, -20.515833 ], [ 115.537944, -20.514194 ], [ 115.537917, -20.515 ], [ 115.54125, -20.515833 ] ], [ [ 116.020389, -20.926694 ], [ 116.019139, -20.924611 ], [ 116.017889, -20.925861 ], [ 116.020389, -20.926694 ] ], [ [ 115.452472, -20.555444 ], [ 115.451667, -20.552917 ], [ 115.451222, -20.553389 ], [ 115.452472, -20.555444 ] ], [ [ 116.955361, -20.418361 ], [ 116.952528, -20.417111 ], [ 116.952083, -20.417556 ], [ 116.955361, -20.418361 ] ], [ [ 115.859556, -21.154194 ], [ 115.857111, -21.153389 ], [ 115.857111, -21.154167 ], [ 115.859556, -21.154194 ] ], [ [ 114.147861, -22.441694 ], [ 114.145, -22.440444 ], [ 114.144556, -22.440833 ], [ 114.147861, -22.441694 ] ], [ [ 116.593722, -20.728361 ], [ 116.591667, -20.727972 ], [ 116.590444, -20.729167 ], [ 116.593722, -20.728361 ] ], [ [ 115.508778, -20.434167 ], [ 115.506222, -20.434194 ], [ 115.506222, -20.435 ], [ 115.508778, -20.434167 ] ], [ [ 114.917917, -21.685028 ], [ 114.915417, -21.685 ], [ 114.915361, -21.685861 ], [ 114.917917, -21.685028 ] ], [ [ 115.310417, -20.944167 ], [ 115.308389, -20.942944 ], [ 115.307917, -20.943333 ], [ 115.310417, -20.944167 ] ], [ [ 114.172056, -21.760028 ], [ 114.169528, -21.759167 ], [ 114.169583, -21.759972 ], [ 114.172056, -21.760028 ] ], [ [ 116.564583, -20.71 ], [ 116.5625, -20.708778 ], [ 116.562083, -20.709194 ], [ 116.564583, -20.71 ] ], [ [ 115.437889, -21.491722 ], [ 115.435861, -21.490444 ], [ 115.435389, -21.490833 ], [ 115.437889, -21.491722 ] ], [ [ 116.951222, -20.416694 ], [ 116.94875, -20.415833 ], [ 116.94875, -20.416694 ], [ 116.951222, -20.416694 ] ], [ [ 115.451222, -20.547528 ], [ 115.449167, -20.546306 ], [ 115.44875, -20.546694 ], [ 115.451222, -20.547528 ] ], [ [ 116.620417, -20.664167 ], [ 116.618306, -20.66375 ], [ 116.617917, -20.664167 ], [ 116.620417, -20.664167 ] ], [ [ 116.66625, -20.445028 ], [ 116.664111, -20.444611 ], [ 116.66375, -20.445 ], [ 116.66625, -20.445028 ] ], [ [ 115.510417, -20.39 ], [ 115.507944, -20.390056 ], [ 115.507944, -20.390833 ], [ 115.510417, -20.39 ] ], [ [ 116.647028, -20.728306 ], [ 116.644611, -20.7275 ], [ 116.644611, -20.728361 ], [ 116.647028, -20.728306 ] ], [ [ 115.391222, -20.888333 ], [ 115.389167, -20.887917 ], [ 115.388722, -20.888361 ], [ 115.391222, -20.888333 ] ], [ [ 116.616222, -20.4475 ], [ 116.614139, -20.447083 ], [ 116.61375, -20.4475 ], [ 116.616222, -20.4475 ] ], [ [ 116.689556, -20.514194 ], [ 116.687472, -20.51375 ], [ 116.687083, -20.514194 ], [ 116.689556, -20.514194 ] ], [ [ 115.532917, -20.629194 ], [ 115.530833, -20.62875 ], [ 115.530417, -20.629167 ], [ 115.532917, -20.629194 ] ], [ [ 121.799583, -18.515861 ], [ 121.797472, -18.515444 ], [ 121.797111, -18.515833 ], [ 121.799583, -18.515861 ] ], [ [ 115.86375, -21.155028 ], [ 115.861694, -21.154611 ], [ 115.861194, -21.155 ], [ 115.86375, -21.155028 ] ], [ [ 117.067889, -20.625833 ], [ 117.065833, -20.625417 ], [ 117.065417, -20.625833 ], [ 117.067889, -20.625833 ] ] ], [ [ [ 122.202790295151956, -17.24399338610576 ], [ 122.203401637289517, -17.244466950977074 ], [ 122.200833, -17.245472 ], [ 122.200106757549577, -17.241934414823373 ], [ 122.202790295151956, -17.24399338610576 ] ] ] ] } }
]
}
