{
"type": "FeatureCollection",
"name": "Emydocephalus_orarius",
"crs": { "type": "name", "properties": { "name": "urn:ogc:def:crs:OGC:1.3:CRS84" } },
"features": [
{ "type": "Feature", "properties": { "species": "Emydocephalus orarius", "EOO_km2": 155936.71716652068, "AOO_km2": 155748.0 }, "geometry": { "type": "Polygon", "coordinates": [ [ [ 121.179967320037832, -17.27127318344721 ], [ 121.195007510661597, -17.266742121629473 ], [ 121.210094324923347, -17.262368805882009 ], [ 121.225226108383865, -17.258153715788172 ], [ 121.240401201672597, -17.254097313580097 ], [ 121.255617940669552, -17.250200044087986 ], [ 121.270874656687809, -17.246462334691365 ], [ 121.286169676656542, -17.242884595272191 ], [ 121.301501323304436, -17.239467218169903 ], [ 121.316867915343693, -17.236210578138415 ], [ 121.332267767654301, -17.233115032305001 ], [ 121.347699191468934, -17.230180920131151 ], [ 121.363160494558059, -17.227408563375324 ], [ 121.378649981415563, -17.224798266057682 ], [ 121.39416595344467, -17.222350314426745 ], [ 121.409706709144189, -17.220064976927986 ], [ 121.425270544295131, -17.217942504174424 ], [ 121.440855752147598, -17.215983128919113 ], [ 121.456460623607896, -17.214187066029623 ], [ 121.47208344742603, -17.2125545124645 ], [ 121.487722510383307, -17.211085647251632 ], [ 121.503376097480242, -17.209780631468647 ], [ 121.519042492124626, -17.208639608225226 ], [ 121.534719976319721, -17.207662702647429 ], [ 121.550406830852722, -17.206850021863964 ], [ 121.566101335483253, -17.206201654994434 ], [ 121.581801769132028, -17.205717673139574 ], [ 121.59750641006957, -17.205398129373446 ], [ 121.613213536105008, -17.205243058737626 ], [ 121.628921424774987, -17.205252478237359 ], [ 121.644628353532497, -17.20542638683969 ], [ 121.660332599935799, -17.205764765473575 ], [ 121.676032441837307, -17.206267577031994 ], [ 121.691726157572418, -17.206934766375984 ], [ 121.707412026148376, -17.207766260340719 ], [ 121.723088327432905, -17.20876196774352 ], [ 121.738753342342918, -17.209921779393841 ], [ 121.754405353033022, -17.211245568105269 ], [ 121.770042643083841, -17.212733188709453 ], [ 121.785663497690308, -17.214384478072034 ], [ 121.801266203849693, -17.216199255110521 ], [ 121.816849050549422, -17.21817732081416 ], [ 121.832410328954765, -17.220318458265758 ], [ 121.847948332596189, -17.222622432665464 ], [ 121.863461357556503, -17.225088991356525 ], [ 121.878947702657669, -17.22771786385298 ], [ 121.894405669647469, -17.230508761869338 ], [ 121.909833563385618, -17.233461379352178 ], [ 121.925229692029703, -17.236575392513725 ], [ 121.940592367220717, -17.239850459867341 ], [ 121.955919904268214, -17.243286222264985 ], [ 121.971210622335022, -17.246882302936591 ], [ 121.986462844621599, -17.250638307531389 ], [ 122.001674898549908, -17.25455382416115 ], [ 122.016845115946779, -17.258628423445352 ], [ 122.031971833226947, -17.262861658558268 ], [ 122.047053391575403, -17.267253065277963 ], [ 122.062088137129294, -17.271802162037201 ], [ 122.077074421159367, -17.276508449976259 ], [ 122.092010600250703, -17.281371412997633 ], [ 122.106895036482925, -17.286390517822625 ], [ 122.12172609760988, -17.291565214049829 ], [ 122.136502157238581, -17.296894934215494 ], [ 122.151221595007598, -17.302379093855741 ], [ 122.16510965281914, -17.307719777348378 ], [ 122.162056, -17.342472 ], [ 122.149556, -17.356667 ], [ 122.152944, -17.390028 ], [ 122.147083, -17.400833 ], [ 122.152139, -17.467556 ], [ 122.150417, -17.48 ], [ 122.142917, -17.488361 ], [ 122.142056, -17.506667 ], [ 122.147056, -17.535889 ], [ 122.147083, -17.556667 ], [ 122.144556, -17.560833 ], [ 122.150417, -17.57 ], [ 122.148722, -17.574167 ], [ 122.151222, -17.579194 ], [ 122.167083, -17.590833 ], [ 122.172889, -17.603333 ], [ 122.180417, -17.635028 ], [ 122.183722, -17.668333 ], [ 122.185389, -17.669194 ], [ 122.187472, -17.662083 ], [ 122.193333, -17.662111 ], [ 122.187917, -17.665889 ], [ 122.192889, -17.669167 ], [ 122.19875, -17.680861 ], [ 122.201222, -17.72 ], [ 122.197917, -17.756667 ], [ 122.202528, -17.754611 ], [ 122.221722, -17.764556 ], [ 122.226278, -17.757528 ], [ 122.220861, -17.75125 ], [ 122.23875, -17.760833 ], [ 122.231639, -17.759611 ], [ 122.229611, -17.764194 ], [ 122.233361, -17.767944 ], [ 122.219583, -17.770861 ], [ 122.220806, -17.779611 ], [ 122.217111, -17.775861 ], [ 122.217889, -17.77 ], [ 122.206667, -17.762083 ], [ 122.198694, -17.773361 ], [ 122.212083, -17.854167 ], [ 122.207861, -17.935833 ], [ 122.203722, -17.950028 ], [ 122.194611, -17.965833 ], [ 122.188306, -17.972083 ], [ 122.172083, -17.973333 ], [ 122.191278, -17.986667 ], [ 122.194583, -17.999194 ], [ 122.208361, -18.010444 ], [ 122.21125, -18.006667 ], [ 122.207861, -18.0 ], [ 122.209639, -17.992528 ], [ 122.220028, -17.980417 ], [ 122.235833, -17.972944 ], [ 122.243722, -17.965 ], [ 122.24875, -17.952528 ], [ 122.246278, -17.945056 ], [ 122.25125, -17.945861 ], [ 122.252472, -17.93875 ], [ 122.254611, -17.944222 ], [ 122.250417, -17.953333 ], [ 122.256667, -17.960417 ], [ 122.279167, -17.964611 ], [ 122.299167, -17.974556 ], [ 122.328361, -17.976278 ], [ 122.335778, -17.980444 ], [ 122.352472, -17.97625 ], [ 122.366639, -17.989611 ], [ 122.374972, -17.991306 ], [ 122.372111, -17.995028 ], [ 122.378778, -18.025861 ], [ 122.381222, -18.058361 ], [ 122.37875, -18.063333 ], [ 122.380444, -18.072528 ], [ 122.37625, -18.078361 ], [ 122.377083, -18.095833 ], [ 122.375444, -18.103333 ], [ 122.370389, -18.108361 ], [ 122.369556, -18.1175 ], [ 122.36375, -18.127528 ], [ 122.353722, -18.135 ], [ 122.346222, -18.145833 ], [ 122.323361, -18.16125 ], [ 122.315028, -18.172917 ], [ 122.305, -18.171278 ], [ 122.285833, -18.180444 ], [ 122.261667, -18.184611 ], [ 122.243278, -18.199611 ], [ 122.234167, -18.197917 ], [ 122.229167, -18.20375 ], [ 122.225028, -18.202139 ], [ 122.215, -18.204611 ], [ 122.203778, -18.218333 ], [ 122.211222, -18.223361 ], [ 122.212056, -18.230028 ], [ 122.193306, -18.25875 ], [ 122.197917, -18.248333 ], [ 122.185417, -18.248333 ], [ 122.199611, -18.244222 ], [ 122.200833, -18.239611 ], [ 122.190472, -18.241639 ], [ 122.202056, -18.235833 ], [ 122.199167, -18.231306 ], [ 122.182028, -18.240861 ], [ 122.172528, -18.262917 ], [ 122.171278, -18.259194 ], [ 122.177917, -18.2475 ], [ 122.172056, -18.252528 ], [ 122.169583, -18.266694 ], [ 122.177889, -18.266667 ], [ 122.168333, -18.269611 ], [ 122.168306, -18.274611 ], [ 122.165806, -18.267139 ], [ 122.157861, -18.281667 ], [ 122.133306, -18.305444 ], [ 122.120861, -18.312111 ], [ 122.099111, -18.315444 ], [ 122.084139, -18.327944 ], [ 122.074972, -18.325417 ], [ 122.062472, -18.326278 ], [ 122.045417, -18.358333 ], [ 122.035389, -18.365 ], [ 122.01875, -18.390056 ], [ 122.009167, -18.393778 ], [ 121.999139, -18.40375 ], [ 121.981639, -18.405417 ], [ 121.978361, -18.412111 ], [ 121.946667, -18.439611 ], [ 121.939111, -18.439611 ], [ 121.899972, -18.46625 ], [ 121.873361, -18.472111 ], [ 121.867472, -18.472083 ], [ 121.853278, -18.46375 ], [ 121.844583, -18.454167 ], [ 121.84, -18.443806 ], [ 121.831667, -18.447944 ], [ 121.823306, -18.447083 ], [ 121.813722, -18.452472 ], [ 121.788722, -18.485833 ], [ 121.792083, -18.495833 ], [ 121.797944, -18.499194 ], [ 121.802472, -18.50875 ], [ 121.80375, -18.503361 ], [ 121.807917, -18.501667 ], [ 121.812917, -18.493389 ], [ 121.80875, -18.486694 ], [ 121.809972, -18.483778 ], [ 121.817056, -18.492556 ], [ 121.807917, -18.510056 ], [ 121.793722, -18.52 ], [ 121.798778, -18.530028 ], [ 121.7925, -18.537111 ], [ 121.788722, -18.537528 ], [ 121.795389, -18.53 ], [ 121.790417, -18.519194 ], [ 121.799556, -18.510861 ], [ 121.790806, -18.50375 ], [ 121.785444, -18.509222 ], [ 121.782083, -18.521667 ], [ 121.766278, -18.550806 ], [ 121.7575, -18.56125 ], [ 121.742917, -18.566667 ], [ 121.747444, -18.569639 ], [ 121.760833, -18.567083 ], [ 121.769583, -18.571667 ], [ 121.755806, -18.569639 ], [ 121.751639, -18.572917 ], [ 121.74, -18.57125 ], [ 121.729556, -18.573361 ], [ 121.730833, -18.580417 ], [ 121.745861, -18.58625 ], [ 121.755806, -18.586278 ], [ 121.763333, -18.595444 ], [ 121.772472, -18.597111 ], [ 121.779139, -18.606278 ], [ 121.784139, -18.606306 ], [ 121.781639, -18.611278 ], [ 121.789583, -18.61 ], [ 121.783778, -18.614222 ], [ 121.787056, -18.619972 ], [ 121.786194, -18.640056 ], [ 121.792056, -18.643361 ], [ 121.79375, -18.658361 ], [ 121.789194, -18.66125 ], [ 121.786611, -18.654583 ], [ 121.766611, -18.673778 ], [ 121.757472, -18.67125 ], [ 121.751611, -18.675472 ], [ 121.742056, -18.690833 ], [ 121.741222, -18.6975 ], [ 121.744556, -18.700028 ], [ 121.74, -18.704583 ], [ 121.738333, -18.697917 ], [ 121.719944, -18.706306 ], [ 121.714972, -18.704611 ], [ 121.709111, -18.707083 ], [ 121.698333, -18.699611 ], [ 121.696667, -18.704583 ], [ 121.678722, -18.714222 ], [ 121.679972, -18.720417 ], [ 121.668333, -18.717111 ], [ 121.665, -18.719639 ], [ 121.665417, -18.713306 ], [ 121.655833, -18.706306 ], [ 121.639139, -18.710417 ], [ 121.636667, -18.704611 ], [ 121.634972, -18.709583 ], [ 121.629556, -18.709222 ], [ 121.632944, -18.719222 ], [ 121.630833, -18.722139 ], [ 121.626222, -18.710056 ], [ 121.629556, -18.701694 ], [ 121.6275, -18.700417 ], [ 121.617889, -18.706722 ], [ 121.619611, -18.742528 ], [ 121.635, -18.744611 ], [ 121.642444, -18.752917 ], [ 121.647861, -18.754167 ], [ 121.650417, -18.765833 ], [ 121.655389, -18.768333 ], [ 121.649556, -18.789167 ], [ 121.644556, -18.796639 ], [ 121.655389, -18.815028 ], [ 121.652917, -18.836639 ], [ 121.650389, -18.8375 ], [ 121.651278, -18.817528 ], [ 121.649167, -18.81625 ], [ 121.64625, -18.819222 ], [ 121.646639, -18.822944 ], [ 121.642917, -18.821722 ], [ 121.643306, -18.817917 ], [ 121.635417, -18.825861 ], [ 121.632056, -18.837528 ], [ 121.632083, -18.842528 ], [ 121.635028, -18.845417 ], [ 121.639528, -18.844972 ], [ 121.637889, -18.848361 ], [ 121.628306, -18.842944 ], [ 121.618722, -18.864222 ], [ 121.611667, -18.871278 ], [ 121.605, -18.867111 ], [ 121.601222, -18.872528 ], [ 121.602861, -18.885861 ], [ 121.600361, -18.904194 ], [ 121.57625, -18.947556 ], [ 121.578278, -18.948778 ], [ 121.580778, -18.944611 ], [ 121.588306, -18.941278 ], [ 121.594194, -18.942083 ], [ 121.596639, -18.937111 ], [ 121.600444, -18.94 ], [ 121.595806, -18.944611 ], [ 121.588361, -18.944611 ], [ 121.577472, -18.952111 ], [ 121.5675, -18.947889 ], [ 121.562472, -18.942111 ], [ 121.555, -18.94125 ], [ 121.552889, -18.943361 ], [ 121.561222, -18.955889 ], [ 121.564556, -18.972472 ], [ 121.55625, -18.994222 ], [ 121.540417, -19.021694 ], [ 121.523306, -19.042917 ], [ 121.516278, -19.043361 ], [ 121.524583, -19.050833 ], [ 121.524583, -19.055028 ], [ 121.516306, -19.0825 ], [ 121.50625, -19.103361 ], [ 121.497111, -19.113333 ], [ 121.463694, -19.167556 ], [ 121.415417, -19.235861 ], [ 121.324528, -19.351694 ], [ 121.209167, -19.467972 ], [ 121.113306, -19.539611 ], [ 121.1, -19.545444 ], [ 121.039194, -19.58625 ], [ 121.006694, -19.602944 ], [ 120.9925, -19.614611 ], [ 120.960806, -19.632083 ], [ 120.871667, -19.667083 ], [ 120.861667, -19.675444 ], [ 120.859556, -19.675028 ], [ 120.865028, -19.669583 ], [ 120.851694, -19.672972 ], [ 120.843361, -19.678778 ], [ 120.767528, -19.70875 ], [ 120.628333, -19.770444 ], [ 120.559972, -19.787944 ], [ 120.537472, -19.79875 ], [ 120.480833, -19.816278 ], [ 120.469167, -19.822917 ], [ 120.4475, -19.82875 ], [ 120.409972, -19.844611 ], [ 120.38, -19.851278 ], [ 120.32, -19.87625 ], [ 120.225806, -19.905417 ], [ 120.189944, -19.91375 ], [ 120.156639, -19.915444 ], [ 120.130833, -19.912111 ], [ 120.085806, -19.922083 ], [ 120.080028, -19.920444 ], [ 120.085444, -19.925 ], [ 120.081639, -19.926278 ], [ 120.071667, -19.922944 ], [ 120.026639, -19.932111 ], [ 120.0, -19.932944 ], [ 119.991667, -19.929556 ], [ 119.965861, -19.93125 ], [ 119.947444, -19.937944 ], [ 119.899167, -19.946222 ], [ 119.869194, -19.957889 ], [ 119.860833, -19.964583 ], [ 119.859139, -19.961278 ], [ 119.854167, -19.960444 ], [ 119.850028, -19.964583 ], [ 119.845806, -19.962917 ], [ 119.821667, -19.970472 ], [ 119.791694, -19.967111 ], [ 119.787528, -19.968778 ], [ 119.786611, -19.964611 ], [ 119.771639, -19.958778 ], [ 119.769111, -19.952083 ], [ 119.759167, -19.952083 ], [ 119.767917, -19.967528 ], [ 119.762889, -19.970889 ], [ 119.764139, -19.973778 ], [ 119.759944, -19.972944 ], [ 119.757528, -19.968778 ], [ 119.75375, -19.969194 ], [ 119.752056, -19.964167 ], [ 119.754583, -19.96 ], [ 119.7525, -19.959583 ], [ 119.731667, -19.967917 ], [ 119.72625, -19.974194 ], [ 119.736667, -19.97375 ], [ 119.746222, -19.981694 ], [ 119.737083, -19.982528 ], [ 119.73875, -20.0 ], [ 119.734556, -20.005028 ], [ 119.73875, -20.008333 ], [ 119.720806, -20.013778 ], [ 119.725, -20.021278 ], [ 119.717111, -20.0175 ], [ 119.72, -20.030417 ], [ 119.717083, -20.029194 ], [ 119.717917, -20.025 ], [ 119.709111, -20.018778 ], [ 119.696194, -20.030028 ], [ 119.704139, -20.036278 ], [ 119.689167, -20.032944 ], [ 119.685, -20.037944 ], [ 119.686639, -20.031278 ], [ 119.692528, -20.031306 ], [ 119.704583, -20.02 ], [ 119.702917, -20.014167 ], [ 119.698722, -20.014167 ], [ 119.700417, -20.010028 ], [ 119.697917, -20.008333 ], [ 119.700417, -20.005889 ], [ 119.695444, -19.996694 ], [ 119.707083, -19.991694 ], [ 119.674944, -19.998778 ], [ 119.670389, -20.001694 ], [ 119.671667, -20.00375 ], [ 119.687083, -20.006667 ], [ 119.685, -20.008778 ], [ 119.675806, -20.007139 ], [ 119.670389, -20.012528 ], [ 119.667944, -20.03 ], [ 119.660778, -20.037972 ], [ 119.6275, -20.05625 ], [ 119.620028, -20.067139 ], [ 119.607556, -20.074611 ], [ 119.59, -20.07875 ], [ 119.558361, -20.079611 ], [ 119.554556, -20.082528 ], [ 119.555889, -20.087917 ], [ 119.552917, -20.086694 ], [ 119.552889, -20.081694 ], [ 119.5575, -20.077111 ], [ 119.567083, -20.075889 ], [ 119.565028, -20.069611 ], [ 119.557528, -20.067083 ], [ 119.554972, -20.07125 ], [ 119.550028, -20.070444 ], [ 119.542444, -20.06625 ], [ 119.537472, -20.05875 ], [ 119.494111, -20.037139 ], [ 119.484972, -20.02625 ], [ 119.477917, -20.024167 ], [ 119.485389, -20.015 ], [ 119.469194, -20.007083 ], [ 119.465861, -20.001278 ], [ 119.458333, -20.014583 ], [ 119.440806, -20.015389 ], [ 119.432889, -20.013389 ], [ 119.432917, -20.007528 ], [ 119.420778, -19.994639 ], [ 119.4075, -19.990389 ], [ 119.395, -19.995444 ], [ 119.379139, -19.995417 ], [ 119.374972, -20.002944 ], [ 119.367472, -20.003778 ], [ 119.365833, -20.007917 ], [ 119.3625, -20.007111 ], [ 119.356667, -20.012056 ], [ 119.358333, -20.005444 ], [ 119.363306, -20.005444 ], [ 119.374583, -19.998361 ], [ 119.376222, -19.992556 ], [ 119.369972, -19.987917 ], [ 119.3325, -19.982917 ], [ 119.33, -19.986278 ], [ 119.317472, -19.985417 ], [ 119.312472, -19.987944 ], [ 119.306667, -19.982111 ], [ 119.280028, -19.975389 ], [ 119.270806, -19.97625 ], [ 119.238361, -19.962972 ], [ 119.234556, -19.964222 ], [ 119.234583, -19.967556 ], [ 119.239139, -19.966278 ], [ 119.240417, -19.968333 ], [ 119.234139, -19.970417 ], [ 119.232028, -19.961667 ], [ 119.21825, -19.95375 ], [ 119.203306, -19.95125 ], [ 119.172556, -19.952944 ], [ 119.167917, -19.957528 ], [ 119.162056, -19.9775 ], [ 119.170389, -19.996667 ], [ 119.162917, -19.993333 ], [ 119.164583, -20.003333 ], [ 119.162028, -20.0075 ], [ 119.167472, -20.010472 ], [ 119.176639, -20.010417 ], [ 119.184972, -20.017139 ], [ 119.21, -20.018778 ], [ 119.215389, -20.023361 ], [ 119.2125, -20.028778 ], [ 119.213722, -20.025028 ], [ 119.209167, -20.020444 ], [ 119.186667, -20.019583 ], [ 119.175806, -20.012944 ], [ 119.158306, -20.014583 ], [ 119.153722, -20.008333 ], [ 119.149583, -19.988333 ], [ 119.139167, -19.975444 ], [ 119.122472, -19.964611 ], [ 119.103306, -19.96125 ], [ 119.104556, -19.959167 ], [ 119.101694, -19.957139 ], [ 119.092472, -19.957917 ], [ 119.085389, -19.963333 ], [ 119.084583, -19.981694 ], [ 119.087139, -19.989194 ], [ 119.06, -20.017944 ], [ 119.048278, -20.022944 ], [ 119.038333, -20.022889 ], [ 119.034139, -20.027083 ], [ 118.983722, -20.038333 ], [ 118.985417, -20.043361 ], [ 118.979583, -20.060861 ], [ 118.976222, -20.088389 ], [ 118.962083, -20.123361 ], [ 118.945806, -20.142111 ], [ 118.899972, -20.167917 ], [ 118.86375, -20.218361 ], [ 118.864583, -20.231667 ], [ 118.869111, -20.235472 ], [ 118.878722, -20.236694 ], [ 118.87875, -20.242528 ], [ 118.873778, -20.249194 ], [ 118.874583, -20.254167 ], [ 118.885417, -20.256694 ], [ 118.874972, -20.257944 ], [ 118.871194, -20.248361 ], [ 118.876222, -20.240028 ], [ 118.856639, -20.229583 ], [ 118.854972, -20.237111 ], [ 118.852028, -20.235889 ], [ 118.854167, -20.232917 ], [ 118.849583, -20.235056 ], [ 118.84875, -20.245833 ], [ 118.84375, -20.249222 ], [ 118.843333, -20.253806 ], [ 118.832083, -20.255028 ], [ 118.845417, -20.261694 ], [ 118.840028, -20.262972 ], [ 118.831639, -20.259611 ], [ 118.827917, -20.262528 ], [ 118.827889, -20.270028 ], [ 118.839139, -20.275417 ], [ 118.846667, -20.286306 ], [ 118.850833, -20.287111 ], [ 118.859167, -20.27875 ], [ 118.862917, -20.280833 ], [ 118.862528, -20.282917 ], [ 118.859139, -20.281278 ], [ 118.852472, -20.28875 ], [ 118.846639, -20.28875 ], [ 118.839972, -20.278806 ], [ 118.8225, -20.272083 ], [ 118.819583, -20.272528 ], [ 118.822056, -20.281667 ], [ 118.827472, -20.287917 ], [ 118.818722, -20.2825 ], [ 118.818333, -20.274611 ], [ 118.8075, -20.277917 ], [ 118.809611, -20.282556 ], [ 118.806667, -20.284583 ], [ 118.797472, -20.274583 ], [ 118.781667, -20.277917 ], [ 118.769111, -20.27625 ], [ 118.759167, -20.287083 ], [ 118.749583, -20.290056 ], [ 118.756694, -20.29375 ], [ 118.760833, -20.301278 ], [ 118.764972, -20.297917 ], [ 118.770833, -20.304639 ], [ 118.764167, -20.300444 ], [ 118.756694, -20.31125 ], [ 118.752472, -20.310444 ], [ 118.757917, -20.305861 ], [ 118.75875, -20.3 ], [ 118.754139, -20.295444 ], [ 118.743722, -20.294972 ], [ 118.748361, -20.282944 ], [ 118.730417, -20.295056 ], [ 118.735389, -20.299194 ], [ 118.733306, -20.302944 ], [ 118.716222, -20.308333 ], [ 118.716611, -20.31125 ], [ 118.726222, -20.311667 ], [ 118.722083, -20.316694 ], [ 118.724556, -20.320861 ], [ 118.7225, -20.325417 ], [ 118.720417, -20.319194 ], [ 118.722472, -20.312917 ], [ 118.70625, -20.322528 ], [ 118.707028, -20.318333 ], [ 118.714611, -20.314194 ], [ 118.714556, -20.307472 ], [ 118.724583, -20.300833 ], [ 118.720806, -20.299611 ], [ 118.6875, -20.312111 ], [ 118.6775, -20.318806 ], [ 118.673694, -20.323361 ], [ 118.677028, -20.328333 ], [ 118.675, -20.334611 ], [ 118.675, -20.329611 ], [ 118.669556, -20.334194 ], [ 118.671194, -20.328389 ], [ 118.667472, -20.326306 ], [ 118.642889, -20.330833 ], [ 118.662083, -20.3225 ], [ 118.657472, -20.319611 ], [ 118.641222, -20.325 ], [ 118.644111, -20.320444 ], [ 118.657083, -20.316694 ], [ 118.635417, -20.308361 ], [ 118.641278, -20.308361 ], [ 118.637056, -20.303361 ], [ 118.638306, -20.295417 ], [ 118.625833, -20.296278 ], [ 118.611639, -20.30375 ], [ 118.575, -20.304611 ], [ 118.569556, -20.307528 ], [ 118.569583, -20.310861 ], [ 118.571611, -20.314611 ], [ 118.581639, -20.318778 ], [ 118.591639, -20.314611 ], [ 118.612889, -20.312528 ], [ 118.585, -20.320417 ], [ 118.585806, -20.32625 ], [ 118.604167, -20.322917 ], [ 118.613306, -20.32375 ], [ 118.618778, -20.328361 ], [ 118.605417, -20.3275 ], [ 118.615833, -20.338778 ], [ 118.609972, -20.337111 ], [ 118.601611, -20.327944 ], [ 118.58375, -20.332528 ], [ 118.588278, -20.337944 ], [ 118.597472, -20.339556 ], [ 118.600833, -20.345444 ], [ 118.609139, -20.342917 ], [ 118.617917, -20.344194 ], [ 118.6, -20.347111 ], [ 118.593333, -20.341278 ], [ 118.591222, -20.345833 ], [ 118.596194, -20.351694 ], [ 118.595806, -20.355417 ], [ 118.589611, -20.346694 ], [ 118.590389, -20.341694 ], [ 118.577472, -20.332917 ], [ 118.579139, -20.360444 ], [ 118.573722, -20.354194 ], [ 118.577056, -20.346694 ], [ 118.573278, -20.334639 ], [ 118.569556, -20.343389 ], [ 118.57375, -20.324972 ], [ 118.567472, -20.324639 ], [ 118.564583, -20.327472 ], [ 118.56625, -20.331694 ], [ 118.560861, -20.33125 ], [ 118.555806, -20.337139 ], [ 118.557056, -20.334194 ], [ 118.553722, -20.331694 ], [ 118.558278, -20.330444 ], [ 118.561222, -20.325028 ], [ 118.547472, -20.307944 ], [ 118.542917, -20.31 ], [ 118.545389, -20.318361 ], [ 118.540806, -20.316278 ], [ 118.537028, -20.321694 ], [ 118.544583, -20.328333 ], [ 118.544556, -20.332528 ], [ 118.539194, -20.327139 ], [ 118.533333, -20.327917 ], [ 118.535472, -20.3325 ], [ 118.532472, -20.338778 ], [ 118.5325, -20.33125 ], [ 118.527472, -20.332111 ], [ 118.524167, -20.336278 ], [ 118.522917, -20.333361 ], [ 118.534556, -20.323389 ], [ 118.532083, -20.320889 ], [ 118.537111, -20.3175 ], [ 118.537944, -20.311722 ], [ 118.534167, -20.307083 ], [ 118.50375, -20.325028 ], [ 118.51375, -20.328389 ], [ 118.507917, -20.331694 ], [ 118.50375, -20.339194 ], [ 118.509111, -20.34625 ], [ 118.502083, -20.341667 ], [ 118.502861, -20.335028 ], [ 118.50875, -20.3275 ], [ 118.497472, -20.331278 ], [ 118.487528, -20.330444 ], [ 118.484167, -20.327083 ], [ 118.493306, -20.327056 ], [ 118.493778, -20.325 ], [ 118.484139, -20.322083 ], [ 118.475833, -20.325444 ], [ 118.475361, -20.328361 ], [ 118.481639, -20.336278 ], [ 118.489139, -20.336278 ], [ 118.492056, -20.343361 ], [ 118.486667, -20.346278 ], [ 118.490389, -20.34 ], [ 118.484167, -20.337917 ], [ 118.475444, -20.344194 ], [ 118.475861, -20.352972 ], [ 118.472444, -20.347944 ], [ 118.467472, -20.347083 ], [ 118.457917, -20.353361 ], [ 118.465861, -20.344611 ], [ 118.4725, -20.344639 ], [ 118.472889, -20.3425 ], [ 118.453333, -20.331306 ], [ 118.445806, -20.332111 ], [ 118.444194, -20.338778 ], [ 118.436667, -20.337917 ], [ 118.434194, -20.33375 ], [ 118.422556, -20.333806 ], [ 118.4125, -20.335417 ], [ 118.407083, -20.34 ], [ 118.408722, -20.341722 ], [ 118.403722, -20.346694 ], [ 118.408694, -20.353361 ], [ 118.404972, -20.357917 ], [ 118.405417, -20.354194 ], [ 118.393278, -20.342917 ], [ 118.375, -20.346278 ], [ 118.371194, -20.350028 ], [ 118.374194, -20.357139 ], [ 118.36875, -20.354194 ], [ 118.366667, -20.346278 ], [ 118.363306, -20.34625 ], [ 118.364556, -20.361667 ], [ 118.358278, -20.368778 ], [ 118.355389, -20.368361 ], [ 118.357889, -20.365 ], [ 118.349944, -20.354556 ], [ 118.345806, -20.35375 ], [ 118.338722, -20.357528 ], [ 118.338306, -20.352083 ], [ 118.348722, -20.351639 ], [ 118.341222, -20.337528 ], [ 118.341639, -20.322972 ], [ 118.324972, -20.336278 ], [ 118.284556, -20.345028 ], [ 118.285833, -20.347139 ], [ 118.300806, -20.347139 ], [ 118.304167, -20.355417 ], [ 118.296611, -20.347917 ], [ 118.289972, -20.348778 ], [ 118.287944, -20.355833 ], [ 118.28, -20.361278 ], [ 118.277056, -20.360056 ], [ 118.281222, -20.355889 ], [ 118.275806, -20.349611 ], [ 118.253361, -20.354583 ], [ 118.247889, -20.363361 ], [ 118.249972, -20.373778 ], [ 118.244944, -20.367917 ], [ 118.236667, -20.367111 ], [ 118.234139, -20.369583 ], [ 118.231667, -20.366278 ], [ 118.213278, -20.364639 ], [ 118.197056, -20.381667 ], [ 118.1925, -20.391278 ], [ 118.19375, -20.380028 ], [ 118.201194, -20.374194 ], [ 118.2, -20.37125 ], [ 118.192472, -20.370444 ], [ 118.180778, -20.377083 ], [ 118.172889, -20.372528 ], [ 118.1825, -20.372944 ], [ 118.194556, -20.364194 ], [ 118.187083, -20.340889 ], [ 118.189556, -20.333361 ], [ 118.184139, -20.330417 ], [ 118.174167, -20.331278 ], [ 118.151667, -20.356278 ], [ 118.129194, -20.367083 ], [ 118.104167, -20.384639 ], [ 118.1025, -20.389639 ], [ 118.117083, -20.380833 ], [ 118.105806, -20.39375 ], [ 118.097444, -20.390417 ], [ 118.069972, -20.409639 ], [ 118.045, -20.417083 ], [ 118.03375, -20.436694 ], [ 118.016639, -20.452917 ], [ 117.986639, -20.468806 ], [ 117.952472, -20.474556 ], [ 117.950389, -20.480889 ], [ 117.955444, -20.484194 ], [ 117.952472, -20.486278 ], [ 117.947917, -20.484167 ], [ 117.9475, -20.477917 ], [ 117.942472, -20.475417 ], [ 117.935861, -20.477056 ], [ 117.93375, -20.480861 ], [ 117.937083, -20.489222 ], [ 117.936278, -20.505861 ], [ 117.927083, -20.525028 ], [ 117.935861, -20.527944 ], [ 117.939111, -20.522944 ], [ 117.937083, -20.535 ], [ 117.944111, -20.534611 ], [ 117.945444, -20.536667 ], [ 117.942083, -20.538361 ], [ 117.944194, -20.540472 ], [ 117.950861, -20.539583 ], [ 117.955028, -20.542139 ], [ 117.958722, -20.538333 ], [ 117.95625, -20.5325 ], [ 117.9625, -20.529583 ], [ 117.964167, -20.525444 ], [ 117.966194, -20.529167 ], [ 117.957944, -20.534194 ], [ 117.96125, -20.538361 ], [ 117.957889, -20.543333 ], [ 117.960806, -20.544556 ], [ 117.963361, -20.540417 ], [ 117.966222, -20.542528 ], [ 117.961667, -20.547083 ], [ 117.952472, -20.547944 ], [ 117.950861, -20.542889 ], [ 117.939972, -20.542111 ], [ 117.943722, -20.548333 ], [ 117.94, -20.546222 ], [ 117.939139, -20.54875 ], [ 117.934972, -20.542139 ], [ 117.925806, -20.537139 ], [ 117.916667, -20.537917 ], [ 117.907083, -20.545833 ], [ 117.906222, -20.554167 ], [ 117.915, -20.554639 ], [ 117.917028, -20.558333 ], [ 117.90875, -20.557528 ], [ 117.912083, -20.566694 ], [ 117.905028, -20.575444 ], [ 117.904583, -20.570861 ], [ 117.908722, -20.565 ], [ 117.899167, -20.554583 ], [ 117.884167, -20.547111 ], [ 117.874167, -20.549611 ], [ 117.865444, -20.559194 ], [ 117.86375, -20.567528 ], [ 117.87125, -20.570861 ], [ 117.8725, -20.578778 ], [ 117.876667, -20.574611 ], [ 117.883333, -20.577111 ], [ 117.876722, -20.577083 ], [ 117.8725, -20.581306 ], [ 117.8675, -20.576278 ], [ 117.861667, -20.579639 ], [ 117.85375, -20.593333 ], [ 117.853778, -20.599167 ], [ 117.857111, -20.602556 ], [ 117.854972, -20.604611 ], [ 117.849972, -20.602111 ], [ 117.828306, -20.61875 ], [ 117.815833, -20.622944 ], [ 117.789583, -20.6475 ], [ 117.789194, -20.654556 ], [ 117.782444, -20.651278 ], [ 117.76875, -20.660861 ], [ 117.770028, -20.664583 ], [ 117.777528, -20.665472 ], [ 117.781639, -20.669583 ], [ 117.787472, -20.667083 ], [ 117.792944, -20.6725 ], [ 117.790806, -20.67625 ], [ 117.786639, -20.671278 ], [ 117.78, -20.672111 ], [ 117.775, -20.667944 ], [ 117.769139, -20.668778 ], [ 117.764972, -20.663806 ], [ 117.759972, -20.66375 ], [ 117.731694, -20.676278 ], [ 117.691694, -20.683778 ], [ 117.685389, -20.686667 ], [ 117.685, -20.691278 ], [ 117.682889, -20.685833 ], [ 117.689583, -20.682528 ], [ 117.682889, -20.671722 ], [ 117.687083, -20.665833 ], [ 117.676639, -20.662944 ], [ 117.672083, -20.670833 ], [ 117.662944, -20.677528 ], [ 117.671222, -20.696667 ], [ 117.660472, -20.681722 ], [ 117.659556, -20.676667 ], [ 117.66375, -20.672528 ], [ 117.661694, -20.670417 ], [ 117.656194, -20.674167 ], [ 117.64875, -20.688361 ], [ 117.649583, -20.699222 ], [ 117.654611, -20.702528 ], [ 117.650861, -20.702139 ], [ 117.649139, -20.705417 ], [ 117.647889, -20.700889 ], [ 117.645, -20.700444 ], [ 117.635861, -20.707111 ], [ 117.642889, -20.6975 ], [ 117.642917, -20.688333 ], [ 117.638694, -20.6875 ], [ 117.63875, -20.674972 ], [ 117.633333, -20.672083 ], [ 117.621639, -20.673778 ], [ 117.612111, -20.684194 ], [ 117.615833, -20.675417 ], [ 117.634944, -20.668806 ], [ 117.643778, -20.659194 ], [ 117.638333, -20.662083 ], [ 117.631667, -20.659639 ], [ 117.6125, -20.671278 ], [ 117.594139, -20.675417 ], [ 117.589972, -20.672917 ], [ 117.575, -20.673778 ], [ 117.574167, -20.67625 ], [ 117.583361, -20.676278 ], [ 117.59125, -20.683361 ], [ 117.590861, -20.686278 ], [ 117.585806, -20.683778 ], [ 117.582917, -20.6875 ], [ 117.585389, -20.699222 ], [ 117.578361, -20.692917 ], [ 117.57, -20.690417 ], [ 117.55, -20.701278 ], [ 117.550417, -20.710861 ], [ 117.545389, -20.72 ], [ 117.549139, -20.724639 ], [ 117.543694, -20.722528 ], [ 117.547056, -20.707472 ], [ 117.542472, -20.702972 ], [ 117.5225, -20.709639 ], [ 117.493306, -20.713778 ], [ 117.483333, -20.721278 ], [ 117.481667, -20.717944 ], [ 117.477444, -20.717972 ], [ 117.458333, -20.724611 ], [ 117.443333, -20.722917 ], [ 117.437917, -20.725861 ], [ 117.430444, -20.736667 ], [ 117.439167, -20.739583 ], [ 117.445444, -20.747528 ], [ 117.435833, -20.742111 ], [ 117.425778, -20.755444 ], [ 117.432139, -20.744194 ], [ 117.42625, -20.736694 ], [ 117.428778, -20.731694 ], [ 117.426639, -20.728778 ], [ 117.416667, -20.725417 ], [ 117.388333, -20.727944 ], [ 117.381222, -20.735806 ], [ 117.385417, -20.750833 ], [ 117.380444, -20.756639 ], [ 117.391694, -20.754611 ], [ 117.39375, -20.761722 ], [ 117.390028, -20.763806 ], [ 117.391194, -20.757472 ], [ 117.385, -20.757083 ], [ 117.378722, -20.770028 ], [ 117.380389, -20.774194 ], [ 117.377083, -20.7725 ], [ 117.377472, -20.777083 ], [ 117.37375, -20.773361 ], [ 117.380444, -20.7625 ], [ 117.377889, -20.753333 ], [ 117.380389, -20.747528 ], [ 117.366611, -20.73125 ], [ 117.357056, -20.731667 ], [ 117.360417, -20.742528 ], [ 117.34875, -20.752528 ], [ 117.347056, -20.756667 ], [ 117.349556, -20.764167 ], [ 117.346222, -20.768361 ], [ 117.350444, -20.771694 ], [ 117.346639, -20.770417 ], [ 117.343333, -20.77375 ], [ 117.347056, -20.763361 ], [ 117.345028, -20.759583 ], [ 117.340861, -20.76125 ], [ 117.334167, -20.754611 ], [ 117.327472, -20.76875 ], [ 117.322917, -20.763361 ], [ 117.327889, -20.758361 ], [ 117.31875, -20.757528 ], [ 117.329167, -20.756222 ], [ 117.333306, -20.752944 ], [ 117.343333, -20.75625 ], [ 117.344583, -20.751667 ], [ 117.352917, -20.745 ], [ 117.353778, -20.737528 ], [ 117.349222, -20.732944 ], [ 117.339167, -20.729583 ], [ 117.335833, -20.732111 ], [ 117.325833, -20.731278 ], [ 117.306667, -20.724611 ], [ 117.296667, -20.726278 ], [ 117.284139, -20.72125 ], [ 117.278361, -20.723778 ], [ 117.278361, -20.720472 ], [ 117.268333, -20.71875 ], [ 117.250833, -20.703806 ], [ 117.2175, -20.691278 ], [ 117.211639, -20.691306 ], [ 117.209583, -20.698361 ], [ 117.222889, -20.701667 ], [ 117.209972, -20.702944 ], [ 117.203722, -20.695028 ], [ 117.203722, -20.690833 ], [ 117.188722, -20.680889 ], [ 117.19, -20.676222 ], [ 117.183694, -20.681694 ], [ 117.179972, -20.697056 ], [ 117.179583, -20.689139 ], [ 117.174556, -20.686694 ], [ 117.197917, -20.663361 ], [ 117.190833, -20.664639 ], [ 117.184972, -20.66125 ], [ 117.181667, -20.663778 ], [ 117.172028, -20.656694 ], [ 117.173778, -20.655028 ], [ 117.171278, -20.650028 ], [ 117.177889, -20.645028 ], [ 117.176639, -20.642111 ], [ 117.170389, -20.644167 ], [ 117.177083, -20.635861 ], [ 117.175417, -20.631667 ], [ 117.19, -20.634583 ], [ 117.193722, -20.630028 ], [ 117.185444, -20.608361 ], [ 117.182528, -20.607889 ], [ 117.180833, -20.611278 ], [ 117.170444, -20.602528 ], [ 117.169583, -20.596667 ], [ 117.173778, -20.595861 ], [ 117.174167, -20.589611 ], [ 117.165806, -20.589611 ], [ 117.158333, -20.600472 ], [ 117.142917, -20.610861 ], [ 117.141222, -20.615861 ], [ 117.132083, -20.622528 ], [ 117.132917, -20.630833 ], [ 117.127889, -20.630833 ], [ 117.127056, -20.640833 ], [ 117.118333, -20.64875 ], [ 117.106694, -20.649611 ], [ 117.097889, -20.643361 ], [ 117.094611, -20.637528 ], [ 117.09625, -20.627528 ], [ 117.08875, -20.622556 ], [ 117.089167, -20.61875 ], [ 117.076694, -20.632083 ], [ 117.060861, -20.635472 ], [ 117.050417, -20.645 ], [ 117.052056, -20.65 ], [ 117.040861, -20.654583 ], [ 117.034139, -20.662111 ], [ 117.033722, -20.656694 ], [ 117.027056, -20.654194 ], [ 117.032083, -20.648389 ], [ 117.030833, -20.644611 ], [ 117.01, -20.647083 ], [ 116.990833, -20.654611 ], [ 116.984972, -20.653806 ], [ 116.972056, -20.664167 ], [ 116.983333, -20.664583 ], [ 116.989556, -20.670833 ], [ 116.984194, -20.667111 ], [ 116.981639, -20.67375 ], [ 116.981306, -20.6675 ], [ 116.975833, -20.667111 ], [ 116.975833, -20.67875 ], [ 116.974556, -20.671694 ], [ 116.969972, -20.667917 ], [ 116.961639, -20.67875 ], [ 116.951639, -20.679611 ], [ 116.944556, -20.685861 ], [ 116.94125, -20.693389 ], [ 116.944167, -20.697111 ], [ 116.952472, -20.693778 ], [ 116.95875, -20.6975 ], [ 116.953333, -20.702972 ], [ 116.949972, -20.695444 ], [ 116.948333, -20.698778 ], [ 116.932472, -20.702083 ], [ 116.922472, -20.707944 ], [ 116.925, -20.714611 ], [ 116.937083, -20.716667 ], [ 116.924167, -20.716278 ], [ 116.923333, -20.723778 ], [ 116.919611, -20.720861 ], [ 116.922056, -20.715 ], [ 116.918333, -20.709611 ], [ 116.893306, -20.720444 ], [ 116.886667, -20.717917 ], [ 116.861667, -20.717944 ], [ 116.829111, -20.707083 ], [ 116.796222, -20.676694 ], [ 116.795444, -20.666694 ], [ 116.789194, -20.662111 ], [ 116.78625, -20.668361 ], [ 116.789583, -20.676667 ], [ 116.784139, -20.677083 ], [ 116.786222, -20.673333 ], [ 116.784556, -20.663361 ], [ 116.78875, -20.658306 ], [ 116.789556, -20.645861 ], [ 116.797083, -20.634167 ], [ 116.792917, -20.624167 ], [ 116.800806, -20.62125 ], [ 116.80625, -20.613361 ], [ 116.807889, -20.6025 ], [ 116.804556, -20.599972 ], [ 116.809139, -20.597917 ], [ 116.814167, -20.602111 ], [ 116.817944, -20.593333 ], [ 116.818778, -20.585889 ], [ 116.8125, -20.587083 ], [ 116.811278, -20.584139 ], [ 116.841222, -20.545861 ], [ 116.859583, -20.530028 ], [ 116.862889, -20.521722 ], [ 116.859972, -20.517056 ], [ 116.840861, -20.517111 ], [ 116.804167, -20.523778 ], [ 116.79875, -20.536694 ], [ 116.808278, -20.534583 ], [ 116.808778, -20.540028 ], [ 116.795833, -20.552111 ], [ 116.784139, -20.553778 ], [ 116.772056, -20.573361 ], [ 116.779111, -20.572917 ], [ 116.789194, -20.566278 ], [ 116.792111, -20.570861 ], [ 116.778333, -20.583778 ], [ 116.774583, -20.581694 ], [ 116.774972, -20.578778 ], [ 116.764167, -20.585417 ], [ 116.757028, -20.594194 ], [ 116.758722, -20.595861 ], [ 116.752083, -20.599167 ], [ 116.752917, -20.605889 ], [ 116.741222, -20.616694 ], [ 116.740833, -20.622972 ], [ 116.744972, -20.62125 ], [ 116.749111, -20.627917 ], [ 116.757917, -20.628333 ], [ 116.751667, -20.633778 ], [ 116.718333, -20.640417 ], [ 116.701222, -20.6525 ], [ 116.701222, -20.655889 ], [ 116.696222, -20.659194 ], [ 116.696194, -20.665 ], [ 116.688694, -20.670833 ], [ 116.685833, -20.677083 ], [ 116.659944, -20.682083 ], [ 116.637028, -20.701667 ], [ 116.636222, -20.708333 ], [ 116.639944, -20.712111 ], [ 116.643361, -20.712139 ], [ 116.646667, -20.705417 ], [ 116.66, -20.708778 ], [ 116.655, -20.710417 ], [ 116.647472, -20.707083 ], [ 116.645417, -20.712528 ], [ 116.648306, -20.714611 ], [ 116.653333, -20.712083 ], [ 116.6525, -20.716278 ], [ 116.661639, -20.719611 ], [ 116.666667, -20.718778 ], [ 116.673306, -20.70875 ], [ 116.681667, -20.709611 ], [ 116.684972, -20.705444 ], [ 116.68, -20.719611 ], [ 116.678306, -20.711278 ], [ 116.66125, -20.725 ], [ 116.668278, -20.724556 ], [ 116.679167, -20.733778 ], [ 116.685028, -20.732917 ], [ 116.687444, -20.737972 ], [ 116.682444, -20.734583 ], [ 116.68375, -20.736694 ], [ 116.679972, -20.735444 ], [ 116.6775, -20.740417 ], [ 116.677028, -20.734167 ], [ 116.670833, -20.72875 ], [ 116.668306, -20.732944 ], [ 116.666639, -20.727083 ], [ 116.660833, -20.727083 ], [ 116.654139, -20.721278 ], [ 116.636667, -20.718778 ], [ 116.639972, -20.724639 ], [ 116.648333, -20.727111 ], [ 116.651611, -20.73125 ], [ 116.659972, -20.729611 ], [ 116.658722, -20.739194 ], [ 116.655833, -20.732111 ], [ 116.650806, -20.733778 ], [ 116.649167, -20.73125 ], [ 116.647028, -20.734167 ], [ 116.650417, -20.738361 ], [ 116.642528, -20.740472 ], [ 116.647861, -20.737556 ], [ 116.644583, -20.735028 ], [ 116.647028, -20.730833 ], [ 116.633333, -20.72375 ], [ 116.62875, -20.73 ], [ 116.633722, -20.735 ], [ 116.632056, -20.746694 ], [ 116.627056, -20.746694 ], [ 116.629139, -20.739583 ], [ 116.619972, -20.745417 ], [ 116.620417, -20.740028 ], [ 116.624139, -20.741278 ], [ 116.630361, -20.735 ], [ 116.622889, -20.730833 ], [ 116.622889, -20.727528 ], [ 116.630389, -20.722528 ], [ 116.630444, -20.719167 ], [ 116.627861, -20.710028 ], [ 116.624167, -20.70875 ], [ 116.620361, -20.713333 ], [ 116.62125, -20.725 ], [ 116.618722, -20.730833 ], [ 116.614972, -20.732083 ], [ 116.617028, -20.728361 ], [ 116.610389, -20.725028 ], [ 116.618722, -20.712528 ], [ 116.616639, -20.71125 ], [ 116.612528, -20.716306 ], [ 116.606639, -20.717083 ], [ 116.594167, -20.730444 ], [ 116.587083, -20.732472 ], [ 116.591194, -20.740861 ], [ 116.601694, -20.746278 ], [ 116.600806, -20.747944 ], [ 116.596667, -20.747944 ], [ 116.590861, -20.742944 ], [ 116.586667, -20.747917 ], [ 116.587917, -20.741722 ], [ 116.584972, -20.737917 ], [ 116.580778, -20.737917 ], [ 116.576667, -20.746278 ], [ 116.574167, -20.742944 ], [ 116.568333, -20.742944 ], [ 116.565861, -20.747056 ], [ 116.55875, -20.744167 ], [ 116.575417, -20.739167 ], [ 116.561639, -20.73625 ], [ 116.55875, -20.737528 ], [ 116.559972, -20.740444 ], [ 116.550806, -20.741278 ], [ 116.541667, -20.74625 ], [ 116.520861, -20.747917 ], [ 116.518694, -20.751694 ], [ 116.52375, -20.755028 ], [ 116.527444, -20.763778 ], [ 116.535806, -20.761278 ], [ 116.537917, -20.765 ], [ 116.533306, -20.762917 ], [ 116.527444, -20.76625 ], [ 116.522083, -20.762556 ], [ 116.52, -20.755444 ], [ 116.514972, -20.754611 ], [ 116.507056, -20.769222 ], [ 116.509111, -20.772889 ], [ 116.518333, -20.774583 ], [ 116.522083, -20.778389 ], [ 116.505028, -20.775417 ], [ 116.498278, -20.786306 ], [ 116.486278, -20.7925 ], [ 116.493306, -20.796278 ], [ 116.494556, -20.8 ], [ 116.484139, -20.797111 ], [ 116.479556, -20.800861 ], [ 116.479972, -20.804611 ], [ 116.485417, -20.805028 ], [ 116.484944, -20.810472 ], [ 116.482472, -20.805472 ], [ 116.476611, -20.804583 ], [ 116.465833, -20.810417 ], [ 116.461639, -20.809583 ], [ 116.45875, -20.819167 ], [ 116.461667, -20.824556 ], [ 116.454167, -20.817944 ], [ 116.439167, -20.817944 ], [ 116.44125, -20.83 ], [ 116.452556, -20.837972 ], [ 116.443306, -20.834611 ], [ 116.435, -20.822944 ], [ 116.422472, -20.822083 ], [ 116.396667, -20.82625 ], [ 116.395389, -20.819194 ], [ 116.3925, -20.817917 ], [ 116.388306, -20.826278 ], [ 116.365, -20.837083 ], [ 116.353278, -20.838778 ], [ 116.339139, -20.834583 ], [ 116.333778, -20.846667 ], [ 116.319194, -20.866222 ], [ 116.296667, -20.872111 ], [ 116.2925, -20.877083 ], [ 116.290806, -20.872944 ], [ 116.286639, -20.872917 ], [ 116.287472, -20.878778 ], [ 116.284139, -20.875444 ], [ 116.279972, -20.87875 ], [ 116.283722, -20.8725 ], [ 116.27, -20.863806 ], [ 116.265389, -20.864972 ], [ 116.266694, -20.874611 ], [ 116.262472, -20.864611 ], [ 116.257528, -20.864611 ], [ 116.250833, -20.872944 ], [ 116.253722, -20.866639 ], [ 116.252472, -20.86125 ], [ 116.2475, -20.862083 ], [ 116.235806, -20.871278 ], [ 116.235389, -20.868333 ], [ 116.250417, -20.854194 ], [ 116.230833, -20.854611 ], [ 116.218333, -20.838778 ], [ 116.199167, -20.828778 ], [ 116.193722, -20.840056 ], [ 116.196222, -20.856694 ], [ 116.193722, -20.863333 ], [ 116.18625, -20.869222 ], [ 116.189556, -20.877556 ], [ 116.185389, -20.883389 ], [ 116.190806, -20.887944 ], [ 116.195, -20.887889 ], [ 116.201639, -20.884611 ], [ 116.208306, -20.87625 ], [ 116.209528, -20.878333 ], [ 116.205, -20.88375 ], [ 116.215389, -20.879222 ], [ 116.209111, -20.885444 ], [ 116.199944, -20.887917 ], [ 116.192472, -20.89625 ], [ 116.182056, -20.899194 ], [ 116.186222, -20.930833 ], [ 116.179583, -20.949222 ], [ 116.183722, -20.963333 ], [ 116.175028, -20.972944 ], [ 116.1675, -20.972111 ], [ 116.158306, -20.964611 ], [ 116.14875, -20.970861 ], [ 116.144611, -20.980889 ], [ 116.134556, -20.983361 ], [ 116.133333, -20.997917 ], [ 116.130833, -20.994583 ], [ 116.123361, -20.992944 ], [ 116.107472, -20.999611 ], [ 116.095806, -20.999611 ], [ 116.094167, -21.013778 ], [ 116.092083, -21.009167 ], [ 116.09375, -21.0 ], [ 116.089139, -20.998778 ], [ 116.065806, -21.012917 ], [ 116.06, -21.01375 ], [ 116.055889, -21.022111 ], [ 116.057056, -21.014194 ], [ 116.055, -21.013778 ], [ 116.044139, -21.019583 ], [ 116.034111, -21.020444 ], [ 116.0275, -21.025444 ], [ 116.013306, -21.027083 ], [ 116.009111, -21.03125 ], [ 115.995, -21.036306 ], [ 115.983333, -21.037083 ], [ 115.96, -21.052111 ], [ 115.954139, -21.058778 ], [ 115.939222, -21.064583 ], [ 115.930028, -21.074639 ], [ 115.924167, -21.073778 ], [ 115.92, -21.089583 ], [ 115.922056, -21.074972 ], [ 115.918306, -21.072944 ], [ 115.911694, -21.077083 ], [ 115.897944, -21.098333 ], [ 115.888722, -21.104194 ], [ 115.886278, -21.113361 ], [ 115.877056, -21.117556 ], [ 115.875417, -21.125056 ], [ 115.877889, -21.129194 ], [ 115.872111, -21.134194 ], [ 115.865389, -21.149194 ], [ 115.870417, -21.156667 ], [ 115.859583, -21.157528 ], [ 115.857944, -21.1625 ], [ 115.860361, -21.165861 ], [ 115.85375, -21.166722 ], [ 115.855417, -21.17 ], [ 115.851278, -21.171694 ], [ 115.847056, -21.181694 ], [ 115.842917, -21.184194 ], [ 115.852056, -21.19 ], [ 115.851278, -21.195 ], [ 115.845833, -21.18875 ], [ 115.842917, -21.193389 ], [ 115.844167, -21.197917 ], [ 115.835889, -21.195389 ], [ 115.829583, -21.201667 ], [ 115.828806, -21.210028 ], [ 115.836278, -21.221667 ], [ 115.830778, -21.218778 ], [ 115.824583, -21.2225 ], [ 115.819583, -21.234167 ], [ 115.824583, -21.237472 ], [ 115.81875, -21.240028 ], [ 115.81625, -21.246667 ], [ 115.832917, -21.250056 ], [ 115.818361, -21.251278 ], [ 115.814167, -21.247917 ], [ 115.803333, -21.246278 ], [ 115.801639, -21.25125 ], [ 115.799167, -21.247111 ], [ 115.782472, -21.24625 ], [ 115.781222, -21.249167 ], [ 115.792944, -21.260833 ], [ 115.7925, -21.262889 ], [ 115.789194, -21.257944 ], [ 115.784139, -21.260417 ], [ 115.782472, -21.268806 ], [ 115.775861, -21.249639 ], [ 115.761667, -21.249583 ], [ 115.759583, -21.255028 ], [ 115.76375, -21.261667 ], [ 115.756694, -21.264583 ], [ 115.756667, -21.268778 ], [ 115.752917, -21.267556 ], [ 115.753722, -21.251722 ], [ 115.749167, -21.249611 ], [ 115.743722, -21.255028 ], [ 115.743722, -21.270056 ], [ 115.739583, -21.273361 ], [ 115.739194, -21.277944 ], [ 115.733306, -21.270444 ], [ 115.731222, -21.271694 ], [ 115.730028, -21.283778 ], [ 115.726694, -21.277889 ], [ 115.717472, -21.282944 ], [ 115.714972, -21.288778 ], [ 115.712917, -21.285833 ], [ 115.716222, -21.279194 ], [ 115.712083, -21.276694 ], [ 115.7125, -21.272917 ], [ 115.700833, -21.283722 ], [ 115.703806, -21.275028 ], [ 115.698333, -21.273778 ], [ 115.68625, -21.285 ], [ 115.688722, -21.295861 ], [ 115.674556, -21.305833 ], [ 115.674583, -21.310028 ], [ 115.678333, -21.312917 ], [ 115.661639, -21.31125 ], [ 115.660389, -21.3025 ], [ 115.655833, -21.302944 ], [ 115.65375, -21.310833 ], [ 115.645389, -21.314222 ], [ 115.643694, -21.325028 ], [ 115.644972, -21.329583 ], [ 115.653333, -21.332917 ], [ 115.645861, -21.33125 ], [ 115.644167, -21.33375 ], [ 115.639583, -21.328333 ], [ 115.642083, -21.323361 ], [ 115.636694, -21.322111 ], [ 115.612889, -21.341722 ], [ 115.621667, -21.35125 ], [ 115.627889, -21.349167 ], [ 115.625389, -21.353333 ], [ 115.62625, -21.366722 ], [ 115.623361, -21.36125 ], [ 115.619139, -21.36125 ], [ 115.615833, -21.367944 ], [ 115.614139, -21.36375 ], [ 115.612056, -21.365056 ], [ 115.611667, -21.372111 ], [ 115.605417, -21.368306 ], [ 115.607917, -21.360889 ], [ 115.598333, -21.357083 ], [ 115.582917, -21.375889 ], [ 115.590778, -21.385417 ], [ 115.599972, -21.377917 ], [ 115.59625, -21.383333 ], [ 115.597528, -21.386278 ], [ 115.589972, -21.387111 ], [ 115.589639, -21.394167 ], [ 115.5825, -21.39875 ], [ 115.580389, -21.395806 ], [ 115.585389, -21.393389 ], [ 115.587056, -21.385833 ], [ 115.581667, -21.379583 ], [ 115.578306, -21.379611 ], [ 115.54125, -21.414167 ], [ 115.545, -21.421278 ], [ 115.551278, -21.418333 ], [ 115.548778, -21.425028 ], [ 115.551694, -21.432111 ], [ 115.540861, -21.430417 ], [ 115.530833, -21.43875 ], [ 115.53625, -21.432556 ], [ 115.53, -21.431278 ], [ 115.509556, -21.4475 ], [ 115.509167, -21.452083 ], [ 115.507472, -21.447944 ], [ 115.503722, -21.450028 ], [ 115.502111, -21.47 ], [ 115.507056, -21.471694 ], [ 115.501667, -21.476306 ], [ 115.495, -21.476278 ], [ 115.487917, -21.483333 ], [ 115.487083, -21.495028 ], [ 115.491667, -21.501278 ], [ 115.508722, -21.505833 ], [ 115.49375, -21.507528 ], [ 115.489556, -21.515806 ], [ 115.49, -21.53125 ], [ 115.486278, -21.520028 ], [ 115.492139, -21.506667 ], [ 115.481694, -21.501306 ], [ 115.474194, -21.504611 ], [ 115.474139, -21.500417 ], [ 115.470389, -21.501694 ], [ 115.46875, -21.506694 ], [ 115.470389, -21.515806 ], [ 115.474583, -21.524167 ], [ 115.483806, -21.530861 ], [ 115.471667, -21.527139 ], [ 115.469972, -21.535417 ], [ 115.467917, -21.5275 ], [ 115.472083, -21.521694 ], [ 115.463306, -21.511278 ], [ 115.457083, -21.525833 ], [ 115.457889, -21.531694 ], [ 115.462083, -21.534139 ], [ 115.459972, -21.542111 ], [ 115.454556, -21.526694 ], [ 115.44875, -21.525028 ], [ 115.453306, -21.524611 ], [ 115.457056, -21.517528 ], [ 115.456278, -21.507528 ], [ 115.453306, -21.505444 ], [ 115.442889, -21.510861 ], [ 115.436222, -21.5225 ], [ 115.434611, -21.533333 ], [ 115.440417, -21.532528 ], [ 115.43375, -21.536694 ], [ 115.433361, -21.545417 ], [ 115.43125, -21.545 ], [ 115.431639, -21.527972 ], [ 115.425389, -21.537528 ], [ 115.4275, -21.524583 ], [ 115.409222, -21.522139 ], [ 115.403694, -21.525 ], [ 115.409167, -21.528778 ], [ 115.400806, -21.525444 ], [ 115.394111, -21.527083 ], [ 115.389139, -21.532944 ], [ 115.379972, -21.53625 ], [ 115.377056, -21.541722 ], [ 115.390833, -21.547944 ], [ 115.402139, -21.548333 ], [ 115.393306, -21.549611 ], [ 115.394139, -21.55375 ], [ 115.375833, -21.544639 ], [ 115.356667, -21.560444 ], [ 115.341667, -21.56375 ], [ 115.325861, -21.572944 ], [ 115.323722, -21.582556 ], [ 115.333361, -21.592111 ], [ 115.325389, -21.589222 ], [ 115.319972, -21.577111 ], [ 115.308306, -21.585417 ], [ 115.292528, -21.591278 ], [ 115.261667, -21.592111 ], [ 115.2425, -21.584583 ], [ 115.239611, -21.586667 ], [ 115.24, -21.592917 ], [ 115.237917, -21.585056 ], [ 115.247111, -21.582556 ], [ 115.235833, -21.574583 ], [ 115.225444, -21.589222 ], [ 115.232917, -21.597556 ], [ 115.2325, -21.600472 ], [ 115.222472, -21.592972 ], [ 115.217111, -21.598361 ], [ 115.22125, -21.599194 ], [ 115.214556, -21.603389 ], [ 115.213389, -21.611278 ], [ 115.212889, -21.604222 ], [ 115.20875, -21.601639 ], [ 115.21125, -21.599222 ], [ 115.206639, -21.599556 ], [ 115.205833, -21.594556 ], [ 115.201667, -21.594639 ], [ 115.182917, -21.608361 ], [ 115.185861, -21.614583 ], [ 115.196694, -21.620444 ], [ 115.203333, -21.619611 ], [ 115.203333, -21.622917 ], [ 115.198306, -21.623722 ], [ 115.189167, -21.617944 ], [ 115.185861, -21.619583 ], [ 115.18125, -21.615056 ], [ 115.180444, -21.609194 ], [ 115.174944, -21.607083 ], [ 115.15625, -21.622528 ], [ 115.16375, -21.625028 ], [ 115.164972, -21.631278 ], [ 115.161694, -21.62625 ], [ 115.154194, -21.625417 ], [ 115.145, -21.635417 ], [ 115.13, -21.640472 ], [ 115.128722, -21.649167 ], [ 115.1475, -21.659583 ], [ 115.134167, -21.655417 ], [ 115.130833, -21.657111 ], [ 115.129194, -21.652917 ], [ 115.127056, -21.661667 ], [ 115.123361, -21.663806 ], [ 115.126222, -21.653333 ], [ 115.124167, -21.652111 ], [ 115.120806, -21.655444 ], [ 115.120417, -21.652528 ], [ 115.126222, -21.648333 ], [ 115.124556, -21.641667 ], [ 115.115, -21.637944 ], [ 115.108306, -21.629611 ], [ 115.103306, -21.62875 ], [ 115.07, -21.660417 ], [ 115.050861, -21.674611 ], [ 115.031639, -21.680444 ], [ 115.031694, -21.684583 ], [ 115.025444, -21.684167 ], [ 115.028333, -21.680417 ], [ 115.005833, -21.681222 ], [ 114.984139, -21.672944 ], [ 114.992889, -21.679194 ], [ 114.986667, -21.681278 ], [ 114.985806, -21.677944 ], [ 114.978306, -21.677111 ], [ 114.97875, -21.673333 ], [ 114.972472, -21.669583 ], [ 114.961694, -21.672889 ], [ 114.952917, -21.680889 ], [ 114.958333, -21.680417 ], [ 114.957083, -21.685861 ], [ 114.951667, -21.683778 ], [ 114.940861, -21.68875 ], [ 114.917111, -21.715 ], [ 114.92, -21.72125 ], [ 114.915417, -21.718361 ], [ 114.913722, -21.705861 ], [ 114.917528, -21.702917 ], [ 114.922444, -21.705444 ], [ 114.923778, -21.7 ], [ 114.91, -21.692111 ], [ 114.912083, -21.687528 ], [ 114.909972, -21.686306 ], [ 114.902861, -21.6975 ], [ 114.893778, -21.705028 ], [ 114.89875, -21.710833 ], [ 114.893306, -21.709611 ], [ 114.885, -21.723778 ], [ 114.891639, -21.705389 ], [ 114.87, -21.71625 ], [ 114.862528, -21.726306 ], [ 114.852861, -21.730028 ], [ 114.861667, -21.732944 ], [ 114.865, -21.739583 ], [ 114.859972, -21.734583 ], [ 114.85, -21.732111 ], [ 114.840861, -21.743806 ], [ 114.8325, -21.749583 ], [ 114.820833, -21.751278 ], [ 114.767528, -21.790417 ], [ 114.731639, -21.797083 ], [ 114.714972, -21.795417 ], [ 114.695806, -21.80875 ], [ 114.679583, -21.825028 ], [ 114.689111, -21.827056 ], [ 114.692972, -21.837556 ], [ 114.687944, -21.850833 ], [ 114.682056, -21.854194 ], [ 114.6825, -21.86125 ], [ 114.678722, -21.861667 ], [ 114.682056, -21.85 ], [ 114.678778, -21.848361 ], [ 114.686222, -21.843361 ], [ 114.687889, -21.835028 ], [ 114.681667, -21.828806 ], [ 114.669139, -21.824611 ], [ 114.645833, -21.837917 ], [ 114.639583, -21.847528 ], [ 114.637917, -21.904194 ], [ 114.641611, -21.914639 ], [ 114.657889, -21.908333 ], [ 114.647917, -21.917528 ], [ 114.6475, -21.923778 ], [ 114.644167, -21.917083 ], [ 114.633333, -21.913778 ], [ 114.618722, -21.925028 ], [ 114.612861, -21.936694 ], [ 114.618389, -21.935444 ], [ 114.63125, -21.940056 ], [ 114.625833, -21.94375 ], [ 114.621667, -21.939639 ], [ 114.614111, -21.938778 ], [ 114.610361, -21.9425 ], [ 114.609556, -21.950861 ], [ 114.615833, -21.957944 ], [ 114.618722, -21.957528 ], [ 114.61875, -21.966694 ], [ 114.616278, -21.960889 ], [ 114.608333, -21.954556 ], [ 114.608722, -21.974194 ], [ 114.602528, -21.982111 ], [ 114.596222, -21.980028 ], [ 114.604556, -21.988333 ], [ 114.604583, -21.995056 ], [ 114.599972, -21.987139 ], [ 114.597944, -21.989167 ], [ 114.600417, -21.995056 ], [ 114.595861, -21.99125 ], [ 114.595417, -21.995028 ], [ 114.592917, -21.994194 ], [ 114.595389, -21.985 ], [ 114.5925, -21.982139 ], [ 114.580389, -21.996694 ], [ 114.579139, -22.008778 ], [ 114.578778, -21.995861 ], [ 114.576639, -21.992917 ], [ 114.573278, -21.994583 ], [ 114.568722, -22.003361 ], [ 114.570417, -22.013361 ], [ 114.565417, -22.016722 ], [ 114.570444, -22.028361 ], [ 114.563333, -22.017944 ], [ 114.5575, -22.022111 ], [ 114.555833, -22.018806 ], [ 114.5525, -22.019611 ], [ 114.547861, -22.025056 ], [ 114.546222, -22.034194 ], [ 114.54875, -22.036639 ], [ 114.542444, -22.049611 ], [ 114.537056, -22.039167 ], [ 114.535389, -22.0275 ], [ 114.530806, -22.02125 ], [ 114.524639, -22.022528 ], [ 114.531194, -22.018333 ], [ 114.532917, -22.010833 ], [ 114.520417, -22.015861 ], [ 114.53375, -22.005 ], [ 114.5275, -22.00125 ], [ 114.512583, -22.001361 ], [ 114.504222, -21.99125 ], [ 114.497917, -21.995 ], [ 114.498722, -22.000861 ], [ 114.49125, -22.010028 ], [ 114.503694, -22.025806 ], [ 114.506222, -22.035833 ], [ 114.522861, -22.051667 ], [ 114.524972, -22.05875 ], [ 114.526639, -22.053806 ], [ 114.530028, -22.06125 ], [ 114.534139, -22.05375 ], [ 114.533778, -22.057528 ], [ 114.541278, -22.061694 ], [ 114.534139, -22.061306 ], [ 114.53625, -22.063333 ], [ 114.531667, -22.065444 ], [ 114.518278, -22.06125 ], [ 114.511222, -22.066694 ], [ 114.514556, -22.073333 ], [ 114.514139, -22.082917 ], [ 114.518333, -22.079583 ], [ 114.524139, -22.081278 ], [ 114.532972, -22.074194 ], [ 114.520417, -22.086667 ], [ 114.517917, -22.1 ], [ 114.511222, -22.105 ], [ 114.512028, -22.111722 ], [ 114.522083, -22.128361 ], [ 114.522139, -22.134222 ], [ 114.513333, -22.122111 ], [ 114.512472, -22.132056 ], [ 114.508306, -22.121278 ], [ 114.497083, -22.124222 ], [ 114.495417, -22.130028 ], [ 114.499583, -22.142528 ], [ 114.509556, -22.154222 ], [ 114.507444, -22.15875 ], [ 114.497111, -22.160833 ], [ 114.496639, -22.16875 ], [ 114.491611, -22.159611 ], [ 114.486639, -22.162917 ], [ 114.483333, -22.155472 ], [ 114.479139, -22.157139 ], [ 114.474194, -22.152111 ], [ 114.466611, -22.153778 ], [ 114.466694, -22.157111 ], [ 114.456639, -22.154611 ], [ 114.44875, -22.159167 ], [ 114.449194, -22.165417 ], [ 114.464139, -22.172083 ], [ 114.469583, -22.180889 ], [ 114.478778, -22.186694 ], [ 114.468333, -22.183778 ], [ 114.467083, -22.187556 ], [ 114.47, -22.191278 ], [ 114.480778, -22.197917 ], [ 114.48875, -22.197528 ], [ 114.482083, -22.204167 ], [ 114.48875, -22.215 ], [ 114.487056, -22.220028 ], [ 114.490389, -22.225 ], [ 114.486278, -22.222528 ], [ 114.476667, -22.202944 ], [ 114.460833, -22.202139 ], [ 114.467083, -22.211694 ], [ 114.465, -22.212972 ], [ 114.459972, -22.207111 ], [ 114.458333, -22.210472 ], [ 114.448278, -22.204639 ], [ 114.448722, -22.218333 ], [ 114.443778, -22.219167 ], [ 114.447056, -22.232528 ], [ 114.460806, -22.24375 ], [ 114.470417, -22.2475 ], [ 114.452556, -22.24625 ], [ 114.442472, -22.240417 ], [ 114.437472, -22.240472 ], [ 114.439167, -22.249611 ], [ 114.462083, -22.259194 ], [ 114.452556, -22.256278 ], [ 114.443694, -22.257528 ], [ 114.445806, -22.26375 ], [ 114.45875, -22.269167 ], [ 114.448278, -22.269639 ], [ 114.435861, -22.259639 ], [ 114.431639, -22.259583 ], [ 114.425389, -22.269167 ], [ 114.429972, -22.28625 ], [ 114.4425, -22.289611 ], [ 114.453306, -22.287944 ], [ 114.459528, -22.290861 ], [ 114.449194, -22.29125 ], [ 114.443722, -22.299194 ], [ 114.450417, -22.304972 ], [ 114.450417, -22.315028 ], [ 114.456611, -22.319583 ], [ 114.460806, -22.319583 ], [ 114.462528, -22.316306 ], [ 114.472056, -22.331694 ], [ 114.458333, -22.322944 ], [ 114.456667, -22.327083 ], [ 114.453778, -22.324194 ], [ 114.444556, -22.311722 ], [ 114.442083, -22.301694 ], [ 114.435833, -22.295417 ], [ 114.428722, -22.295861 ], [ 114.434139, -22.301278 ], [ 114.419139, -22.296222 ], [ 114.412083, -22.301694 ], [ 114.401194, -22.327528 ], [ 114.406639, -22.329583 ], [ 114.405389, -22.334194 ], [ 114.415, -22.341222 ], [ 114.433306, -22.340417 ], [ 114.424611, -22.348361 ], [ 114.44375, -22.355833 ], [ 114.431639, -22.354611 ], [ 114.435361, -22.359194 ], [ 114.431667, -22.359611 ], [ 114.416694, -22.34625 ], [ 114.399583, -22.348361 ], [ 114.40375, -22.360028 ], [ 114.398333, -22.356278 ], [ 114.392861, -22.358361 ], [ 114.389583, -22.381694 ], [ 114.404167, -22.386278 ], [ 114.410389, -22.390861 ], [ 114.411222, -22.395 ], [ 114.399167, -22.387917 ], [ 114.387444, -22.387111 ], [ 114.385417, -22.395028 ], [ 114.390028, -22.399583 ], [ 114.39625, -22.400028 ], [ 114.389139, -22.402083 ], [ 114.383333, -22.399583 ], [ 114.382056, -22.401694 ], [ 114.38625, -22.418333 ], [ 114.402889, -22.425 ], [ 114.395861, -22.426278 ], [ 114.390861, -22.422917 ], [ 114.379972, -22.424583 ], [ 114.380806, -22.432111 ], [ 114.393778, -22.436667 ], [ 114.375833, -22.435472 ], [ 114.372861, -22.438333 ], [ 114.38375, -22.456694 ], [ 114.3925, -22.458778 ], [ 114.39625, -22.465028 ], [ 114.389972, -22.459611 ], [ 114.375389, -22.461667 ], [ 114.376222, -22.469167 ], [ 114.370417, -22.473389 ], [ 114.380444, -22.480028 ], [ 114.374972, -22.480444 ], [ 114.370861, -22.477111 ], [ 114.365389, -22.478333 ], [ 114.368278, -22.485444 ], [ 114.375417, -22.486694 ], [ 114.364167, -22.487083 ], [ 114.369528, -22.494167 ], [ 114.362528, -22.490444 ], [ 114.360806, -22.496278 ], [ 114.360417, -22.490806 ], [ 114.355806, -22.489583 ], [ 114.356222, -22.500028 ], [ 114.353778, -22.499194 ], [ 114.350806, -22.509583 ], [ 114.349556, -22.503361 ], [ 114.352917, -22.491667 ], [ 114.350806, -22.490444 ], [ 114.348278, -22.495444 ], [ 114.342472, -22.487083 ], [ 114.3375, -22.487917 ], [ 114.335417, -22.497528 ], [ 114.339611, -22.505833 ], [ 114.33625, -22.505028 ], [ 114.330028, -22.522139 ], [ 114.328806, -22.515861 ], [ 114.33375, -22.510833 ], [ 114.335389, -22.5025 ], [ 114.334528, -22.488333 ], [ 114.330028, -22.489639 ], [ 114.319194, -22.477056 ], [ 114.315417, -22.481639 ], [ 114.315833, -22.48875 ], [ 114.31375, -22.485861 ], [ 114.315389, -22.457528 ], [ 114.312083, -22.439167 ], [ 114.304167, -22.432917 ], [ 114.281667, -22.434583 ], [ 114.276611, -22.432111 ], [ 114.2575, -22.438778 ], [ 114.247917, -22.452472 ], [ 114.239583, -22.458361 ], [ 114.239139, -22.462083 ], [ 114.235028, -22.457083 ], [ 114.22, -22.454583 ], [ 114.218722, -22.462528 ], [ 114.227917, -22.468361 ], [ 114.220861, -22.470417 ], [ 114.215389, -22.477556 ], [ 114.212083, -22.498361 ], [ 114.191639, -22.515417 ], [ 114.174139, -22.522917 ], [ 114.154972, -22.524583 ], [ 114.146639, -22.516222 ], [ 114.143306, -22.517083 ], [ 114.139583, -22.508361 ], [ 114.130861, -22.501278 ], [ 114.109583, -22.521694 ], [ 114.132861, -22.496667 ], [ 114.116222, -22.469194 ], [ 114.117889, -22.450833 ], [ 114.122083, -22.443361 ], [ 114.117083, -22.425028 ], [ 114.117056, -22.411667 ], [ 114.121639, -22.40625 ], [ 114.134167, -22.407111 ], [ 114.139972, -22.399583 ], [ 114.144556, -22.398361 ], [ 114.141667, -22.395444 ], [ 114.135, -22.401278 ], [ 114.125, -22.402139 ], [ 114.120389, -22.399194 ], [ 114.119556, -22.394194 ], [ 114.125, -22.390444 ], [ 114.126667, -22.39375 ], [ 114.135, -22.395444 ], [ 114.14625, -22.379194 ], [ 114.148722, -22.366667 ], [ 114.165861, -22.344611 ], [ 114.169583, -22.346694 ], [ 114.157917, -22.3575 ], [ 114.15, -22.372944 ], [ 114.17375, -22.3525 ], [ 114.177083, -22.345 ], [ 114.171222, -22.326667 ], [ 114.171278, -22.309972 ], [ 114.174528, -22.302528 ], [ 114.145833, -22.299556 ], [ 114.139167, -22.30375 ], [ 114.137889, -22.310889 ], [ 114.12875, -22.321667 ], [ 114.118722, -22.3275 ], [ 114.127111, -22.333333 ], [ 114.119556, -22.35 ], [ 114.117056, -22.350806 ], [ 114.117472, -22.346278 ], [ 114.113333, -22.349611 ], [ 114.113361, -22.345417 ], [ 114.10625, -22.3525 ], [ 114.11375, -22.3375 ], [ 114.107056, -22.325 ], [ 114.110389, -22.319167 ], [ 114.108722, -22.3125 ], [ 114.115417, -22.305056 ], [ 114.1175, -22.29625 ], [ 114.117056, -22.305889 ], [ 114.119194, -22.304583 ], [ 114.119556, -22.310056 ], [ 114.122111, -22.310833 ], [ 114.12125, -22.3 ], [ 114.123722, -22.299167 ], [ 114.11875, -22.280861 ], [ 114.128722, -22.259194 ], [ 114.11375, -22.243333 ], [ 114.112917, -22.225833 ], [ 114.08375, -22.195 ], [ 114.077861, -22.152556 ], [ 114.085417, -22.120861 ], [ 114.09125, -22.109222 ], [ 114.098722, -22.071694 ], [ 114.109556, -22.053333 ], [ 114.11375, -22.019167 ], [ 114.119639, -22.012528 ], [ 114.119611, -21.998361 ], [ 114.132944, -21.957556 ], [ 114.132861, -21.927528 ], [ 114.143778, -21.878361 ], [ 114.142889, -21.865861 ], [ 114.168722, -21.829222 ], [ 114.186278, -21.814194 ], [ 114.185389, -21.810861 ], [ 114.171222, -21.800889 ], [ 114.168722, -21.789194 ], [ 114.163306, -21.783778 ], [ 114.154972, -21.784611 ], [ 114.131667, -21.801278 ], [ 114.111667, -21.802944 ], [ 114.104167, -21.79875 ], [ 114.074944, -21.812111 ], [ 114.066639, -21.825417 ], [ 114.055, -21.827917 ], [ 114.036611, -21.840472 ], [ 114.020861, -21.84625 ], [ 114.006694, -21.862972 ], [ 113.990417, -21.872528 ], [ 113.986278, -21.887528 ], [ 113.98125, -21.891667 ], [ 113.973778, -21.9075 ], [ 113.975444, -21.912528 ], [ 113.97, -21.912111 ], [ 113.96625, -21.915833 ], [ 113.95875, -21.935861 ], [ 113.942083, -21.949972 ], [ 113.936222, -21.966694 ], [ 113.928722, -21.97 ], [ 113.928722, -21.993389 ], [ 113.91875, -22.0075 ], [ 113.915417, -22.021667 ], [ 113.904583, -22.040833 ], [ 113.902944, -22.051694 ], [ 113.897139, -22.059194 ], [ 113.887111, -22.093361 ], [ 113.882056, -22.099167 ], [ 113.882917, -22.106667 ], [ 113.877972, -22.123389 ], [ 113.868722, -22.139194 ], [ 113.873778, -22.145 ], [ 113.866667, -22.14375 ], [ 113.86375, -22.148333 ], [ 113.852917, -22.178333 ], [ 113.852083, -22.191694 ], [ 113.846222, -22.203389 ], [ 113.842944, -22.224194 ], [ 113.832083, -22.238361 ], [ 113.827889, -22.274194 ], [ 113.807056, -22.320889 ], [ 113.815417, -22.325028 ], [ 113.805806, -22.322972 ], [ 113.802917, -22.325889 ], [ 113.793806, -22.346667 ], [ 113.778778, -22.363333 ], [ 113.77375, -22.3775 ], [ 113.763278, -22.38125 ], [ 113.749583, -22.400861 ], [ 113.747111, -22.405833 ], [ 113.74625, -22.436667 ], [ 113.732944, -22.470833 ], [ 113.716694, -22.494611 ], [ 113.702056, -22.494222 ], [ 113.709667, -22.505861 ], [ 113.707056, -22.516667 ], [ 113.689139, -22.537083 ], [ 113.6775, -22.537111 ], [ 113.660833, -22.544611 ], [ 113.647139, -22.575833 ], [ 113.650028, -22.582972 ], [ 113.661639, -22.587139 ], [ 113.667917, -22.595056 ], [ 113.667917, -22.612528 ], [ 113.661222, -22.625833 ], [ 113.680444, -22.658361 ], [ 113.678722, -22.675861 ], [ 113.665417, -22.699194 ], [ 113.667917, -22.709167 ], [ 113.666222, -22.718361 ], [ 113.673306, -22.72375 ], [ 113.69, -22.715444 ], [ 113.700778, -22.713778 ], [ 113.718333, -22.721278 ], [ 113.74125, -22.740833 ], [ 113.768778, -22.785806 ], [ 113.773722, -22.810028 ], [ 113.788722, -22.835833 ], [ 113.788722, -22.855056 ], [ 113.792889, -22.875833 ], [ 113.812111, -22.903361 ], [ 113.813722, -22.921667 ], [ 113.822056, -22.947528 ], [ 113.822917, -22.967528 ], [ 113.817889, -22.975861 ], [ 113.825444, -22.987528 ], [ 113.824611, -23.040028 ], [ 113.815389, -23.055028 ], [ 113.807111, -23.084167 ], [ 113.78, -23.107917 ], [ 113.76, -23.114639 ], [ 113.756222, -23.118361 ], [ 113.764556, -23.122528 ], [ 113.767111, -23.135028 ], [ 113.762083, -23.140861 ], [ 113.76375, -23.15 ], [ 113.760417, -23.155833 ], [ 113.759583, -23.17 ], [ 113.760417, -23.1775 ], [ 113.768778, -23.184167 ], [ 113.77125, -23.195833 ], [ 113.767111, -23.215833 ], [ 113.781222, -23.250833 ], [ 113.782083, -23.271694 ], [ 113.787944, -23.276694 ], [ 113.792056, -23.289167 ], [ 113.79125, -23.311694 ], [ 113.786222, -23.318333 ], [ 113.788722, -23.330833 ], [ 113.785444, -23.339139 ], [ 113.784556, -23.365806 ], [ 113.776278, -23.371694 ], [ 113.773722, -23.383361 ], [ 113.781222, -23.411722 ], [ 113.778722, -23.4175 ], [ 113.780444, -23.428361 ], [ 113.777056, -23.435 ], [ 113.779611, -23.438333 ], [ 113.77625, -23.470833 ], [ 113.773722, -23.478333 ], [ 113.763722, -23.487528 ], [ 113.758722, -23.512528 ], [ 113.745028, -23.528778 ], [ 113.735861, -23.536278 ], [ 113.720861, -23.541278 ], [ 113.699194, -23.570444 ], [ 113.674139, -23.586278 ], [ 113.645, -23.59625 ], [ 113.632472, -23.614639 ], [ 113.625861, -23.619611 ], [ 113.615806, -23.621278 ], [ 113.607944, -23.628333 ], [ 113.609583, -23.643389 ], [ 113.59375, -23.660056 ], [ 113.587056, -23.696722 ], [ 113.574556, -23.712528 ], [ 113.572917, -23.725861 ], [ 113.560389, -23.751667 ], [ 113.548361, -23.761278 ], [ 113.536639, -23.760444 ], [ 113.52125, -23.779194 ], [ 113.516278, -23.791667 ], [ 113.512056, -23.8325 ], [ 113.50625, -23.845833 ], [ 113.490389, -23.863333 ], [ 113.489556, -23.868389 ], [ 113.475833, -23.877944 ], [ 113.462889, -23.894167 ], [ 113.462889, -23.908361 ], [ 113.457917, -23.919167 ], [ 113.457917, -23.928333 ], [ 113.462139, -23.939167 ], [ 113.464556, -23.963361 ], [ 113.459556, -23.979167 ], [ 113.45875, -24.0 ], [ 113.452917, -24.015056 ], [ 113.443361, -24.027944 ], [ 113.430833, -24.025444 ], [ 113.420417, -24.033333 ], [ 113.41875, -24.040028 ], [ 113.42375, -24.052556 ], [ 113.423778, -24.076694 ], [ 113.422528, -24.080417 ], [ 113.414583, -24.085028 ], [ 113.417889, -24.096667 ], [ 113.437944, -24.134167 ], [ 113.440389, -24.145028 ], [ 113.439556, -24.180861 ], [ 113.432111, -24.194167 ], [ 113.407528, -24.217944 ], [ 113.403361, -24.220417 ], [ 113.391639, -24.220417 ], [ 113.389139, -24.217944 ], [ 113.387056, -24.220056 ], [ 113.39375, -24.265861 ], [ 113.402056, -24.292556 ], [ 113.400389, -24.330861 ], [ 113.404611, -24.351667 ], [ 113.39875, -24.3725 ], [ 113.400417, -24.395056 ], [ 113.397139, -24.398389 ], [ 113.39625, -24.406694 ], [ 113.405389, -24.4825 ], [ 113.419583, -24.494194 ], [ 113.425417, -24.514167 ], [ 113.434583, -24.520028 ], [ 113.449972, -24.542944 ], [ 113.475833, -24.558806 ], [ 113.489556, -24.574167 ], [ 113.514611, -24.613361 ], [ 113.538722, -24.637528 ], [ 113.555417, -24.662528 ], [ 113.577083, -24.685028 ], [ 113.592944, -24.709167 ], [ 113.615444, -24.735028 ], [ 113.628722, -24.766667 ], [ 113.62875, -24.801667 ], [ 113.646694, -24.802944 ], [ 113.6475, -24.806278 ], [ 113.661278, -24.810028 ], [ 113.654194, -24.813778 ], [ 113.640056, -24.811278 ], [ 113.635417, -24.815028 ], [ 113.637056, -24.819167 ], [ 113.632028, -24.822528 ], [ 113.631694, -24.82625 ], [ 113.629972, -24.817111 ], [ 113.625389, -24.823389 ], [ 113.630389, -24.806694 ], [ 113.627889, -24.804139 ], [ 113.627056, -24.813389 ], [ 113.619611, -24.8275 ], [ 113.623361, -24.823778 ], [ 113.624583, -24.826667 ], [ 113.616694, -24.845444 ], [ 113.618389, -24.829583 ], [ 113.614556, -24.833389 ], [ 113.612917, -24.856667 ], [ 113.615028, -24.859556 ], [ 113.618333, -24.857944 ], [ 113.63, -24.860444 ], [ 113.629139, -24.864583 ], [ 113.646667, -24.864611 ], [ 113.64375, -24.876722 ], [ 113.648333, -24.880417 ], [ 113.650806, -24.87875 ], [ 113.65125, -24.884194 ], [ 113.642917, -24.895 ], [ 113.646222, -24.904167 ], [ 113.650861, -24.902944 ], [ 113.6625, -24.890472 ], [ 113.66375, -24.893361 ], [ 113.660389, -24.8975 ], [ 113.665444, -24.899194 ], [ 113.666222, -24.909194 ], [ 113.675389, -24.920833 ], [ 113.67375, -24.924194 ], [ 113.687056, -24.926694 ], [ 113.678306, -24.930417 ], [ 113.667083, -24.943333 ], [ 113.66125, -24.955833 ], [ 113.65875, -24.981667 ], [ 113.666278, -25.025861 ], [ 113.678722, -25.050833 ], [ 113.689556, -25.058333 ], [ 113.695444, -25.080861 ], [ 113.709583, -25.099222 ], [ 113.735028, -25.12375 ], [ 113.7575, -25.127917 ], [ 113.776667, -25.137917 ], [ 113.777111, -25.1425 ], [ 113.785028, -25.14875 ], [ 113.804167, -25.153722 ], [ 113.81625, -25.162556 ], [ 113.822111, -25.175861 ], [ 113.83375, -25.190806 ], [ 113.843722, -25.216694 ], [ 113.840389, -25.220028 ], [ 113.842917, -25.230861 ], [ 113.848722, -25.240028 ], [ 113.847472, -25.242917 ], [ 113.844583, -25.240861 ], [ 113.837889, -25.215833 ], [ 113.834139, -25.214583 ], [ 113.832944, -25.219194 ], [ 113.842917, -25.241694 ], [ 113.842889, -25.254194 ], [ 113.840861, -25.255417 ], [ 113.838361, -25.250444 ], [ 113.836278, -25.256722 ], [ 113.842528, -25.257917 ], [ 113.846667, -25.267917 ], [ 113.849222, -25.259611 ], [ 113.855028, -25.26375 ], [ 113.848361, -25.247944 ], [ 113.860417, -25.265889 ], [ 113.859972, -25.267944 ], [ 113.8575, -25.265417 ], [ 113.85125, -25.266694 ], [ 113.856667, -25.272139 ], [ 113.859139, -25.270444 ], [ 113.864139, -25.277083 ], [ 113.863333, -25.266278 ], [ 113.868778, -25.280833 ], [ 113.87625, -25.287528 ], [ 113.879583, -25.295806 ], [ 113.878361, -25.302083 ], [ 113.874972, -25.295389 ], [ 113.874556, -25.297528 ], [ 113.878722, -25.315028 ], [ 113.890389, -25.330833 ], [ 113.890417, -25.334167 ], [ 113.887056, -25.334167 ], [ 113.889556, -25.344222 ], [ 113.90125, -25.352528 ], [ 113.90375, -25.356722 ], [ 113.902056, -25.360861 ], [ 113.905444, -25.360056 ], [ 113.902889, -25.368361 ], [ 113.907083, -25.367528 ], [ 113.907083, -25.379167 ], [ 113.910389, -25.384194 ], [ 113.908361, -25.386306 ], [ 113.905833, -25.382111 ], [ 113.905389, -25.385833 ], [ 113.912944, -25.391722 ], [ 113.919583, -25.412556 ], [ 113.927056, -25.421667 ], [ 113.930444, -25.446722 ], [ 113.943722, -25.455028 ], [ 113.948694, -25.463361 ], [ 113.947917, -25.472556 ], [ 113.950833, -25.467972 ], [ 113.964556, -25.501722 ], [ 113.973333, -25.510472 ], [ 113.9775, -25.509583 ], [ 113.986194, -25.5175 ], [ 113.997111, -25.539222 ], [ 114.007472, -25.543778 ], [ 114.011639, -25.542944 ], [ 114.014972, -25.549583 ], [ 114.02, -25.548778 ], [ 114.023722, -25.553389 ], [ 114.020361, -25.556694 ], [ 114.03625, -25.585889 ], [ 114.041194, -25.603361 ], [ 114.039528, -25.609167 ], [ 114.042056, -25.614194 ], [ 114.039556, -25.618333 ], [ 114.041667, -25.621278 ], [ 114.04375, -25.618361 ], [ 114.04375, -25.633361 ], [ 114.049111, -25.641278 ], [ 114.054139, -25.642111 ], [ 114.0625, -25.652083 ], [ 114.068306, -25.649611 ], [ 114.069972, -25.653778 ], [ 114.079167, -25.652917 ], [ 114.08, -25.656278 ], [ 114.102083, -25.670056 ], [ 114.098778, -25.673306 ], [ 114.1075, -25.681278 ], [ 114.109972, -25.680417 ], [ 114.11375, -25.686667 ], [ 114.11375, -25.700889 ], [ 114.127917, -25.713361 ], [ 114.129944, -25.720472 ], [ 114.149139, -25.727944 ], [ 114.155833, -25.73375 ], [ 114.160778, -25.732917 ], [ 114.163306, -25.737944 ], [ 114.164167, -25.729611 ], [ 114.16875, -25.735833 ], [ 114.168333, -25.742056 ], [ 114.162472, -25.741278 ], [ 114.151639, -25.747056 ], [ 114.146639, -25.745417 ], [ 114.143778, -25.752528 ], [ 114.147917, -25.7525 ], [ 114.1475, -25.756278 ], [ 114.149194, -25.754583 ], [ 114.160444, -25.759222 ], [ 114.15875, -25.7625 ], [ 114.16125, -25.765833 ], [ 114.157083, -25.774167 ], [ 114.158306, -25.777917 ], [ 114.160472, -25.776694 ], [ 114.159611, -25.7875 ], [ 114.163722, -25.798361 ], [ 114.181667, -25.807917 ], [ 114.1925, -25.804583 ], [ 114.196667, -25.800417 ], [ 114.195444, -25.805861 ], [ 114.199944, -25.810417 ], [ 114.205389, -25.808389 ], [ 114.210833, -25.822083 ], [ 114.219167, -25.809583 ], [ 114.214972, -25.822889 ], [ 114.217472, -25.822083 ], [ 114.220861, -25.826278 ], [ 114.2225, -25.822917 ], [ 114.229167, -25.83125 ], [ 114.235028, -25.830444 ], [ 114.236667, -25.823778 ], [ 114.241667, -25.827139 ], [ 114.244194, -25.824611 ], [ 114.252056, -25.829222 ], [ 114.253361, -25.83875 ], [ 114.263361, -25.842083 ], [ 114.272889, -25.837528 ], [ 114.26375, -25.844222 ], [ 114.266611, -25.851278 ], [ 114.274139, -25.843778 ], [ 114.277056, -25.846694 ], [ 114.270444, -25.855861 ], [ 114.272889, -25.8675 ], [ 114.262083, -25.880861 ], [ 114.262083, -25.894222 ], [ 114.254611, -25.900028 ], [ 114.254611, -25.908333 ], [ 114.245417, -25.919167 ], [ 114.242944, -25.951667 ], [ 114.256694, -25.965444 ], [ 114.274583, -25.970833 ], [ 114.269556, -25.985 ], [ 114.272472, -25.98625 ], [ 114.276667, -25.982111 ], [ 114.283722, -25.984194 ], [ 114.280833, -25.989639 ], [ 114.275389, -25.988333 ], [ 114.279611, -25.995861 ], [ 114.267528, -25.98875 ], [ 114.255, -25.987083 ], [ 114.252472, -25.992083 ], [ 114.24, -25.994583 ], [ 114.23, -25.987972 ], [ 114.227472, -25.995444 ], [ 114.219972, -25.995417 ], [ 114.199556, -25.985833 ], [ 114.210833, -25.986278 ], [ 114.216639, -25.992083 ], [ 114.225833, -25.989611 ], [ 114.225778, -25.986222 ], [ 114.219972, -25.990417 ], [ 114.216194, -25.989194 ], [ 114.215861, -25.972917 ], [ 114.212083, -25.973361 ], [ 114.21375, -25.9825 ], [ 114.210833, -25.985444 ], [ 114.194167, -25.981278 ], [ 114.195833, -25.97625 ], [ 114.200389, -25.9775 ], [ 114.199167, -25.975417 ], [ 114.193333, -25.975417 ], [ 114.190417, -25.978333 ], [ 114.192861, -25.997528 ], [ 114.207889, -26.010861 ], [ 114.203778, -26.020056 ], [ 114.206278, -26.030028 ], [ 114.216222, -26.037528 ], [ 114.220833, -26.04875 ], [ 114.225806, -26.047917 ], [ 114.234611, -26.056694 ], [ 114.243306, -26.069639 ], [ 114.244556, -26.0625 ], [ 114.234972, -26.05125 ], [ 114.246222, -26.061667 ], [ 114.248722, -26.069222 ], [ 114.247917, -26.081694 ], [ 114.240833, -26.088778 ], [ 114.237944, -26.085 ], [ 114.244556, -26.080833 ], [ 114.245389, -26.072528 ], [ 114.237528, -26.079611 ], [ 114.23625, -26.068361 ], [ 114.240833, -26.072111 ], [ 114.241222, -26.07 ], [ 114.236278, -26.061639 ], [ 114.229167, -26.054583 ], [ 114.227444, -26.056278 ], [ 114.224972, -26.052944 ], [ 114.218722, -26.052556 ], [ 114.231222, -26.063389 ], [ 114.235389, -26.071722 ], [ 114.235389, -26.088389 ], [ 114.227083, -26.104222 ], [ 114.229583, -26.115833 ], [ 114.227917, -26.125028 ], [ 114.245389, -26.140833 ], [ 114.236667, -26.147083 ], [ 114.222056, -26.148361 ], [ 114.220389, -26.14 ], [ 114.225444, -26.131694 ], [ 114.222889, -26.125 ], [ 114.225444, -26.115861 ], [ 114.22, -26.110444 ], [ 114.21625, -26.127556 ], [ 114.207917, -26.133361 ], [ 114.204556, -26.149167 ], [ 114.191639, -26.155444 ], [ 114.183694, -26.163361 ], [ 114.180389, -26.175056 ], [ 114.185389, -26.185861 ], [ 114.18375, -26.199167 ], [ 114.197056, -26.218333 ], [ 114.195444, -26.241694 ], [ 114.206278, -26.250833 ], [ 114.20875, -26.264167 ], [ 114.220861, -26.270417 ], [ 114.231194, -26.284139 ], [ 114.232083, -26.295 ], [ 114.224556, -26.301667 ], [ 114.230444, -26.305861 ], [ 114.231222, -26.315889 ], [ 114.219583, -26.334167 ], [ 114.21125, -26.341694 ], [ 114.215444, -26.358389 ], [ 114.200056, -26.375444 ], [ 114.190806, -26.380417 ], [ 114.178278, -26.382111 ], [ 114.172528, -26.382111 ], [ 114.168278, -26.377917 ], [ 114.157472, -26.380444 ], [ 114.161194, -26.394167 ], [ 114.156278, -26.398361 ], [ 114.154611, -26.405028 ], [ 114.134972, -26.420444 ], [ 114.124972, -26.423806 ], [ 114.104944, -26.445444 ], [ 114.085028, -26.45375 ], [ 114.083278, -26.457111 ], [ 114.08875, -26.4575 ], [ 114.083306, -26.46375 ], [ 114.073306, -26.463778 ], [ 114.068722, -26.451694 ], [ 114.070778, -26.452944 ], [ 114.071667, -26.449583 ], [ 114.075833, -26.454611 ], [ 114.07375, -26.446722 ], [ 114.055417, -26.429139 ], [ 114.049583, -26.413333 ], [ 114.019167, -26.386278 ], [ 114.0, -26.364639 ], [ 113.985806, -26.357083 ], [ 113.97125, -26.342556 ], [ 113.962139, -26.318333 ], [ 113.964611, -26.293361 ], [ 113.957861, -26.286694 ], [ 113.96125, -26.285 ], [ 113.953333, -26.277944 ], [ 113.953333, -26.282944 ], [ 113.949167, -26.282111 ], [ 113.945, -26.285389 ], [ 113.94125, -26.2825 ], [ 113.949611, -26.279167 ], [ 113.942972, -26.256694 ], [ 113.950444, -26.249194 ], [ 113.950444, -26.244222 ], [ 113.946667, -26.242111 ], [ 113.94875, -26.245056 ], [ 113.945806, -26.24625 ], [ 113.941694, -26.24125 ], [ 113.9275, -26.23625 ], [ 113.924583, -26.246694 ], [ 113.93375, -26.252528 ], [ 113.9275, -26.254583 ], [ 113.919528, -26.248389 ], [ 113.925389, -26.240889 ], [ 113.922083, -26.235861 ], [ 113.927111, -26.233333 ], [ 113.923778, -26.225861 ], [ 113.927056, -26.223389 ], [ 113.923778, -26.219139 ], [ 113.925833, -26.215444 ], [ 113.930417, -26.233389 ], [ 113.934972, -26.235417 ], [ 113.937444, -26.232972 ], [ 113.945444, -26.238361 ], [ 113.937083, -26.225861 ], [ 113.929556, -26.191694 ], [ 113.932028, -26.169194 ], [ 113.940417, -26.138361 ], [ 113.943306, -26.139639 ], [ 113.944528, -26.135889 ], [ 113.93875, -26.133361 ], [ 113.936667, -26.125444 ], [ 113.929167, -26.127944 ], [ 113.915806, -26.127111 ], [ 113.907083, -26.114972 ], [ 113.901222, -26.085833 ], [ 113.904611, -26.048333 ], [ 113.894556, -26.04 ], [ 113.889556, -26.029167 ], [ 113.893778, -25.998333 ], [ 113.909583, -25.980833 ], [ 113.90125, -25.974194 ], [ 113.900806, -25.95625 ], [ 113.885, -25.957083 ], [ 113.875833, -25.952111 ], [ 113.874583, -25.959194 ], [ 113.875833, -25.961278 ], [ 113.878361, -25.957917 ], [ 113.879556, -25.960861 ], [ 113.875361, -25.965889 ], [ 113.879972, -25.969611 ], [ 113.884972, -25.969639 ], [ 113.886278, -25.963361 ], [ 113.893778, -25.96 ], [ 113.885, -25.97875 ], [ 113.882528, -25.972944 ], [ 113.869139, -25.972944 ], [ 113.86625, -25.958389 ], [ 113.874583, -25.955 ], [ 113.871222, -25.949167 ], [ 113.87625, -25.946667 ], [ 113.870806, -25.942083 ], [ 113.862056, -25.950028 ], [ 113.861194, -25.961694 ], [ 113.86375, -25.976639 ], [ 113.869556, -25.9825 ], [ 113.872111, -26.005 ], [ 113.876222, -26.013333 ], [ 113.874583, -26.0175 ], [ 113.882083, -26.025028 ], [ 113.887083, -26.040056 ], [ 113.882056, -26.05 ], [ 113.884556, -26.058361 ], [ 113.879583, -26.056694 ], [ 113.877111, -26.067528 ], [ 113.850361, -26.108389 ], [ 113.839556, -26.120056 ], [ 113.825389, -26.151667 ], [ 113.784139, -26.205417 ], [ 113.775861, -26.21125 ], [ 113.759194, -26.208778 ], [ 113.754583, -26.201694 ], [ 113.752528, -26.189639 ], [ 113.740833, -26.200417 ], [ 113.724194, -26.202111 ], [ 113.722083, -26.200028 ], [ 113.724611, -26.1775 ], [ 113.714556, -26.165833 ], [ 113.699583, -26.127556 ], [ 113.696222, -26.089167 ], [ 113.70125, -26.084222 ], [ 113.702028, -26.074222 ], [ 113.696278, -26.041667 ], [ 113.710833, -26.026278 ], [ 113.731222, -26.010806 ], [ 113.727056, -26.004194 ], [ 113.727917, -25.986667 ], [ 113.733806, -25.979167 ], [ 113.729583, -25.949167 ], [ 113.735417, -25.930028 ], [ 113.745389, -25.923361 ], [ 113.754583, -25.904167 ], [ 113.757944, -25.881694 ], [ 113.744167, -25.870444 ], [ 113.730833, -25.868806 ], [ 113.720417, -25.861667 ], [ 113.720417, -25.842528 ], [ 113.717861, -25.839194 ], [ 113.71875, -25.825028 ], [ 113.722889, -25.817556 ], [ 113.720361, -25.789972 ], [ 113.702472, -25.791278 ], [ 113.689111, -25.785417 ], [ 113.672083, -25.770889 ], [ 113.658361, -25.745389 ], [ 113.631694, -25.733806 ], [ 113.607056, -25.715028 ], [ 113.590389, -25.681694 ], [ 113.586222, -25.6675 ], [ 113.587917, -25.655028 ], [ 113.585417, -25.640806 ], [ 113.577528, -25.62875 ], [ 113.574944, -25.633778 ], [ 113.560833, -25.634611 ], [ 113.537472, -25.625444 ], [ 113.531222, -25.619194 ], [ 113.52875, -25.61 ], [ 113.52125, -25.6025 ], [ 113.517111, -25.575806 ], [ 113.512889, -25.571694 ], [ 113.515444, -25.514194 ], [ 113.512056, -25.513333 ], [ 113.509111, -25.505417 ], [ 113.502528, -25.507139 ], [ 113.497944, -25.514194 ], [ 113.49625, -25.526667 ], [ 113.487889, -25.545028 ], [ 113.469583, -25.5575 ], [ 113.446222, -25.610833 ], [ 113.431222, -25.619167 ], [ 113.420417, -25.663361 ], [ 113.413694, -25.678306 ], [ 113.412083, -25.702528 ], [ 113.415444, -25.708361 ], [ 113.410389, -25.720833 ], [ 113.427083, -25.735861 ], [ 113.432917, -25.750028 ], [ 113.440861, -25.753806 ], [ 113.454583, -25.769222 ], [ 113.453778, -25.777528 ], [ 113.466667, -25.781278 ], [ 113.46375, -25.769167 ], [ 113.452083, -25.761694 ], [ 113.452556, -25.757944 ], [ 113.461222, -25.754194 ], [ 113.46125, -25.748361 ], [ 113.451667, -25.753778 ], [ 113.445444, -25.750861 ], [ 113.448306, -25.747139 ], [ 113.456278, -25.746667 ], [ 113.452917, -25.740861 ], [ 113.457111, -25.735 ], [ 113.452528, -25.732972 ], [ 113.448333, -25.738778 ], [ 113.444611, -25.736722 ], [ 113.449583, -25.7325 ], [ 113.444583, -25.728333 ], [ 113.446222, -25.723333 ], [ 113.441278, -25.718361 ], [ 113.453806, -25.710833 ], [ 113.449167, -25.707917 ], [ 113.444194, -25.70875 ], [ 113.442056, -25.704139 ], [ 113.459556, -25.696694 ], [ 113.458333, -25.693722 ], [ 113.446222, -25.689167 ], [ 113.451222, -25.685889 ], [ 113.455028, -25.67625 ], [ 113.459167, -25.675444 ], [ 113.460417, -25.677528 ], [ 113.451222, -25.689194 ], [ 113.463306, -25.682917 ], [ 113.467111, -25.685833 ], [ 113.465861, -25.688778 ], [ 113.459639, -25.690028 ], [ 113.46875, -25.691667 ], [ 113.46125, -25.7025 ], [ 113.467472, -25.703778 ], [ 113.470389, -25.7075 ], [ 113.464194, -25.710417 ], [ 113.460806, -25.70625 ], [ 113.45875, -25.711722 ], [ 113.471278, -25.719194 ], [ 113.472111, -25.725806 ], [ 113.469194, -25.728778 ], [ 113.457056, -25.729167 ], [ 113.461639, -25.730417 ], [ 113.46625, -25.736694 ], [ 113.465417, -25.745028 ], [ 113.474556, -25.759194 ], [ 113.473361, -25.764583 ], [ 113.465861, -25.762944 ], [ 113.462083, -25.765028 ], [ 113.470389, -25.7675 ], [ 113.474556, -25.780056 ], [ 113.46875, -25.79 ], [ 113.47125, -25.794194 ], [ 113.460444, -25.801667 ], [ 113.457917, -25.8075 ], [ 113.471639, -25.822111 ], [ 113.488306, -25.828806 ], [ 113.492056, -25.835861 ], [ 113.509583, -25.85 ], [ 113.507083, -25.857556 ], [ 113.512083, -25.860833 ], [ 113.51375, -25.873361 ], [ 113.522083, -25.881694 ], [ 113.520417, -25.891694 ], [ 113.522056, -25.903361 ], [ 113.524528, -25.904167 ], [ 113.517028, -25.909167 ], [ 113.514583, -25.918333 ], [ 113.543333, -25.932083 ], [ 113.557139, -25.945833 ], [ 113.557917, -25.954194 ], [ 113.552944, -25.964194 ], [ 113.557917, -25.976694 ], [ 113.560361, -25.996722 ], [ 113.572056, -26.009222 ], [ 113.564583, -26.040861 ], [ 113.567889, -26.044194 ], [ 113.570444, -26.057556 ], [ 113.576306, -26.0625 ], [ 113.575389, -26.065889 ], [ 113.578306, -26.06875 ], [ 113.582917, -26.067528 ], [ 113.572944, -26.080889 ], [ 113.576222, -26.091722 ], [ 113.596639, -26.091278 ], [ 113.613361, -26.095444 ], [ 113.62, -26.100444 ], [ 113.620861, -26.097111 ], [ 113.627917, -26.1 ], [ 113.612889, -26.105028 ], [ 113.632944, -26.115056 ], [ 113.637083, -26.129167 ], [ 113.660472, -26.156722 ], [ 113.662083, -26.165056 ], [ 113.678722, -26.175861 ], [ 113.68375, -26.184194 ], [ 113.679639, -26.195028 ], [ 113.68625, -26.205 ], [ 113.686667, -26.214611 ], [ 113.701667, -26.220389 ], [ 113.741639, -26.227083 ], [ 113.796639, -26.249639 ], [ 113.831639, -26.27375 ], [ 113.83625, -26.285028 ], [ 113.861278, -26.305028 ], [ 113.862889, -26.311694 ], [ 113.877083, -26.330028 ], [ 113.879556, -26.345 ], [ 113.87625, -26.350056 ], [ 113.880444, -26.3675 ], [ 113.870417, -26.381667 ], [ 113.867139, -26.3975 ], [ 113.874583, -26.409194 ], [ 113.880361, -26.429194 ], [ 113.881222, -26.465861 ], [ 113.884556, -26.48 ], [ 113.87875, -26.501694 ], [ 113.862484405205706, -26.527140664607845 ], [ 113.847602715054649, -26.528964718278299 ], [ 113.831992347213088, -26.530712365567265 ], [ 113.816364534312783, -26.532296448629609 ], [ 113.800720990119515, -26.533716793752774 ], [ 113.785063430124211, -26.534973245179909 ], [ 113.769393571354755, -26.536065665126955 ], [ 113.767329903566946, -26.536187832505941 ], [ 113.765444, -26.533333 ], [ 113.767528, -26.528778 ], [ 113.754139, -26.531278 ], [ 113.75375, -26.531667 ], [ 113.756070215238793, -26.536854396484586 ], [ 113.753713132187755, -26.53699393379776 ], [ 113.738023832160053, -26.537757949397196 ], [ 113.722327391780212, -26.53835762814235 ], [ 113.706625532339785, -26.538792904271688 ], [ 113.690919975724626, -26.53906373005227 ], [ 113.675212444225991, -26.539170075785009 ], [ 113.659504660351729, -26.539111929807888 ], [ 113.64379834663734, -26.538889298497274 ], [ 113.628095225457102, -26.538502206267196 ], [ 113.625461854655924, -26.538409690465215 ], [ 113.625417, -26.538333 ], [ 113.630472, -26.529194 ], [ 113.63375, -26.509194 ], [ 113.62875, -26.476694 ], [ 113.633722, -26.466667 ], [ 113.625833, -26.459611 ], [ 113.618778, -26.475028 ], [ 113.618778, -26.481667 ], [ 113.614556, -26.485889 ], [ 113.617917, -26.505028 ], [ 113.61625, -26.515889 ], [ 113.622028, -26.520861 ], [ 113.620861, -26.532111 ], [ 113.615806, -26.535472 ], [ 113.612889, -26.530028 ], [ 113.615417, -26.506667 ], [ 113.610361, -26.503333 ], [ 113.611639, -26.486278 ], [ 113.60375, -26.500861 ], [ 113.607056, -26.503333 ], [ 113.605, -26.511278 ], [ 113.5975, -26.512083 ], [ 113.589556, -26.507472 ], [ 113.592889, -26.519222 ], [ 113.589556, -26.524167 ], [ 113.594556, -26.530028 ], [ 113.595046876605224, -26.537141747175941 ], [ 113.581022234479931, -26.536354678695492 ], [ 113.565349097345148, -26.535310347546055 ], [ 113.559203856285691, -26.534836192334275 ], [ 113.560417, -26.530861 ], [ 113.565389, -26.525861 ], [ 113.565361, -26.515833 ], [ 113.572917, -26.504167 ], [ 113.57375, -26.4975 ], [ 113.571667, -26.492111 ], [ 113.560417, -26.490806 ], [ 113.560417, -26.485028 ], [ 113.554583, -26.480028 ], [ 113.549583, -26.467528 ], [ 113.552056, -26.461694 ], [ 113.559611, -26.456667 ], [ 113.557056, -26.442528 ], [ 113.562083, -26.429194 ], [ 113.557056, -26.425833 ], [ 113.559583, -26.420861 ], [ 113.558722, -26.400028 ], [ 113.545444, -26.3775 ], [ 113.549583, -26.360889 ], [ 113.557056, -26.350028 ], [ 113.548778, -26.3425 ], [ 113.547083, -26.330833 ], [ 113.539556, -26.323361 ], [ 113.536222, -26.314194 ], [ 113.542889, -26.300833 ], [ 113.542111, -26.291667 ], [ 113.534139, -26.279611 ], [ 113.5225, -26.278778 ], [ 113.515833, -26.272944 ], [ 113.509194, -26.272083 ], [ 113.505389, -26.275889 ], [ 113.513806, -26.280833 ], [ 113.507944, -26.2925 ], [ 113.509556, -26.298333 ], [ 113.503333, -26.304611 ], [ 113.498361, -26.304583 ], [ 113.495, -26.300417 ], [ 113.48875, -26.308306 ], [ 113.498361, -26.309639 ], [ 113.503306, -26.321306 ], [ 113.506694, -26.317111 ], [ 113.512889, -26.320028 ], [ 113.507944, -26.334222 ], [ 113.51375, -26.336694 ], [ 113.515444, -26.349222 ], [ 113.523722, -26.355833 ], [ 113.522028, -26.369222 ], [ 113.51375, -26.3775 ], [ 113.512944, -26.392528 ], [ 113.505389, -26.4 ], [ 113.501222, -26.412556 ], [ 113.499583, -26.424167 ], [ 113.504611, -26.436694 ], [ 113.497917, -26.442528 ], [ 113.495417, -26.450028 ], [ 113.504611, -26.449167 ], [ 113.498722, -26.455861 ], [ 113.49875, -26.469167 ], [ 113.507083, -26.4775 ], [ 113.5025, -26.487083 ], [ 113.501222, -26.477556 ], [ 113.497917, -26.477472 ], [ 113.495806, -26.46875 ], [ 113.490889, -26.477944 ], [ 113.485806, -26.477917 ], [ 113.484167, -26.481278 ], [ 113.472944, -26.472528 ], [ 113.476278, -26.463361 ], [ 113.473722, -26.450861 ], [ 113.483806, -26.435833 ], [ 113.481306, -26.429194 ], [ 113.485444, -26.4275 ], [ 113.487528, -26.422083 ], [ 113.495, -26.422111 ], [ 113.497944, -26.414167 ], [ 113.492056, -26.397528 ], [ 113.485778, -26.396278 ], [ 113.482083, -26.389167 ], [ 113.48125, -26.380028 ], [ 113.491222, -26.362528 ], [ 113.486278, -26.359194 ], [ 113.483722, -26.350861 ], [ 113.492917, -26.343361 ], [ 113.494556, -26.333361 ], [ 113.47875, -26.316694 ], [ 113.480417, -26.311667 ], [ 113.475444, -26.306667 ], [ 113.476222, -26.2875 ], [ 113.47875, -26.284194 ], [ 113.476278, -26.266694 ], [ 113.458778, -26.250833 ], [ 113.456278, -26.218389 ], [ 113.445417, -26.209167 ], [ 113.442889, -26.171694 ], [ 113.44625, -26.168361 ], [ 113.442056, -26.165 ], [ 113.442472, -26.160389 ], [ 113.432472, -26.164639 ], [ 113.422083, -26.157472 ], [ 113.419583, -26.150028 ], [ 113.427917, -26.135833 ], [ 113.419583, -26.131667 ], [ 113.416667, -26.122944 ], [ 113.410444, -26.124139 ], [ 113.412083, -26.128361 ], [ 113.408722, -26.134139 ], [ 113.409583, -26.145028 ], [ 113.412917, -26.148361 ], [ 113.407111, -26.1575 ], [ 113.409556, -26.170861 ], [ 113.4025, -26.174611 ], [ 113.395389, -26.165833 ], [ 113.399556, -26.161694 ], [ 113.395389, -26.158389 ], [ 113.39875, -26.155861 ], [ 113.39625, -26.145889 ], [ 113.399583, -26.135 ], [ 113.392056, -26.130028 ], [ 113.391222, -26.125833 ], [ 113.399556, -26.101694 ], [ 113.386278, -26.088333 ], [ 113.385417, -26.072528 ], [ 113.389583, -26.064139 ], [ 113.38625, -26.053389 ], [ 113.381278, -26.048361 ], [ 113.380472, -26.035889 ], [ 113.366639, -26.012083 ], [ 113.359583, -26.017528 ], [ 113.362111, -26.022472 ], [ 113.358722, -26.028333 ], [ 113.366222, -26.034222 ], [ 113.36375, -26.040861 ], [ 113.369611, -26.047528 ], [ 113.359611, -26.06 ], [ 113.368306, -26.062944 ], [ 113.370361, -26.070833 ], [ 113.377889, -26.075 ], [ 113.374583, -26.084167 ], [ 113.377917, -26.089222 ], [ 113.373722, -26.095028 ], [ 113.382917, -26.100028 ], [ 113.385417, -26.107556 ], [ 113.379583, -26.115833 ], [ 113.381222, -26.121722 ], [ 113.377889, -26.125833 ], [ 113.380389, -26.14 ], [ 113.377083, -26.148361 ], [ 113.378778, -26.156667 ], [ 113.375417, -26.176667 ], [ 113.379556, -26.183361 ], [ 113.37875, -26.203361 ], [ 113.382944, -26.205 ], [ 113.387111, -26.214222 ], [ 113.383306, -26.220472 ], [ 113.3775, -26.222111 ], [ 113.371278, -26.213333 ], [ 113.3725, -26.207944 ], [ 113.380389, -26.209167 ], [ 113.375833, -26.202944 ], [ 113.370028, -26.201278 ], [ 113.362083, -26.207528 ], [ 113.360389, -26.221722 ], [ 113.362889, -26.235028 ], [ 113.35375, -26.2425 ], [ 113.352917, -26.265861 ], [ 113.347944, -26.280889 ], [ 113.342111, -26.285 ], [ 113.342944, -26.289222 ], [ 113.33375, -26.295056 ], [ 113.3475, -26.295444 ], [ 113.352083, -26.298361 ], [ 113.354639, -26.323361 ], [ 113.360389, -26.325028 ], [ 113.359583, -26.3325 ], [ 113.367889, -26.353333 ], [ 113.377889, -26.357528 ], [ 113.377972, -26.380861 ], [ 113.386667, -26.382944 ], [ 113.393778, -26.391722 ], [ 113.38875, -26.393333 ], [ 113.388278, -26.398722 ], [ 113.381667, -26.391278 ], [ 113.375833, -26.396306 ], [ 113.364583, -26.396667 ], [ 113.36125, -26.385028 ], [ 113.36625, -26.379167 ], [ 113.360806, -26.379583 ], [ 113.353722, -26.370028 ], [ 113.357917, -26.363361 ], [ 113.357028, -26.354194 ], [ 113.362056, -26.350861 ], [ 113.362111, -26.344139 ], [ 113.351694, -26.326278 ], [ 113.343333, -26.337917 ], [ 113.334139, -26.342083 ], [ 113.326639, -26.33625 ], [ 113.320778, -26.335417 ], [ 113.319194, -26.34125 ], [ 113.317944, -26.338333 ], [ 113.320833, -26.328778 ], [ 113.323333, -26.332917 ], [ 113.328806, -26.3275 ], [ 113.322083, -26.314194 ], [ 113.326667, -26.312056 ], [ 113.334972, -26.320472 ], [ 113.337917, -26.308389 ], [ 113.327083, -26.303361 ], [ 113.328778, -26.285833 ], [ 113.320444, -26.271722 ], [ 113.320417, -26.248333 ], [ 113.31375, -26.2375 ], [ 113.322917, -26.223361 ], [ 113.317083, -26.210028 ], [ 113.322111, -26.204167 ], [ 113.322056, -26.197528 ], [ 113.317111, -26.191694 ], [ 113.320444, -26.173361 ], [ 113.319583, -26.121694 ], [ 113.312944, -26.084194 ], [ 113.306222, -26.075028 ], [ 113.311222, -26.065028 ], [ 113.307861, -26.048333 ], [ 113.310389, -26.038389 ], [ 113.304556, -26.031667 ], [ 113.30625, -26.017528 ], [ 113.300806, -26.012111 ], [ 113.285472, -26.033333 ], [ 113.292111, -26.043333 ], [ 113.287056, -26.048389 ], [ 113.283722, -26.069194 ], [ 113.291278, -26.080028 ], [ 113.285389, -26.096667 ], [ 113.289556, -26.105833 ], [ 113.285472, -26.112556 ], [ 113.288778, -26.117528 ], [ 113.288694, -26.130028 ], [ 113.281222, -26.166667 ], [ 113.274972, -26.177083 ], [ 113.269556, -26.1775 ], [ 113.274639, -26.188361 ], [ 113.274583, -26.2 ], [ 113.277889, -26.2 ], [ 113.276667, -26.206278 ], [ 113.275, -26.202111 ], [ 113.272083, -26.203361 ], [ 113.277111, -26.211722 ], [ 113.277472, -26.227917 ], [ 113.280444, -26.224222 ], [ 113.280417, -26.215833 ], [ 113.283722, -26.215861 ], [ 113.280389, -26.230861 ], [ 113.276222, -26.232528 ], [ 113.275028, -26.242917 ], [ 113.274167, -26.224583 ], [ 113.269556, -26.236694 ], [ 113.265417, -26.238361 ], [ 113.261222, -26.205833 ], [ 113.258278, -26.212056 ], [ 113.255444, -26.207528 ], [ 113.260417, -26.196667 ], [ 113.256222, -26.193361 ], [ 113.254111, -26.18375 ], [ 113.235028, -26.177139 ], [ 113.225806, -26.177111 ], [ 113.2175, -26.171278 ], [ 113.197472, -26.170417 ], [ 113.192056, -26.166667 ], [ 113.190028, -26.159583 ], [ 113.182917, -26.155861 ], [ 113.181667, -26.151306 ], [ 113.170833, -26.148778 ], [ 113.160028, -26.137917 ], [ 113.154611, -26.14 ], [ 113.152861, -26.149194 ], [ 113.164583, -26.158306 ], [ 113.171222, -26.1725 ], [ 113.188333, -26.185417 ], [ 113.219167, -26.218806 ], [ 113.227056, -26.223333 ], [ 113.27375, -26.291722 ], [ 113.282917, -26.318389 ], [ 113.295417, -26.339167 ], [ 113.295389, -26.344194 ], [ 113.287111, -26.35 ], [ 113.287944, -26.358361 ], [ 113.303722, -26.389167 ], [ 113.301694, -26.392083 ], [ 113.293278, -26.392083 ], [ 113.292917, -26.396694 ], [ 113.344167, -26.451278 ], [ 113.418582909584273, -26.517433403746406 ], [ 113.409549273989811, -26.515871060388037 ], [ 113.394100038855072, -26.513032224544361 ], [ 113.378681378487812, -26.510031763300766 ], [ 113.363294983717864, -26.506870005691638 ], [ 113.347942541836829, -26.503547298439326 ], [ 113.332625736412936, -26.500064005916126 ], [ 113.317346247106528, -26.496420510104315 ], [ 113.302105749485776, -26.492617210554268 ], [ 113.286905914843004, -26.488654524340642 ], [ 113.271748410011355, -26.48453288601663 ], [ 113.256634897182053, -26.480252747566325 ], [ 113.241567033722077, -26.475814578355145 ], [ 113.226546471992478, -26.471218865078349 ], [ 113.211574859167087, -26.466466111707689 ], [ 113.196653837051997, -26.461556839436135 ], [ 113.183343979253038, -26.4570226593614 ], [ 113.182805048918979, -26.454514926032559 ], [ 113.181777650492606, -26.449993301527918 ], [ 113.180679655473398, -26.445409553995905 ], [ 113.179511271879448, -26.44076451684947 ], [ 113.178269719125922, -26.436052553139188 ], [ 113.176955246076773, -26.431274785882543 ], [ 113.175565928311656, -26.426427563900162 ], [ 113.174099785689563, -26.421507116993531 ], [ 113.172557134392122, -26.416512695381094 ], [ 113.170935431581, -26.411440729913615 ], [ 113.169235185837508, -26.406295620864885 ], [ 113.167454528579455, -26.401069395231925 ], [ 113.165592185633059, -26.395764516086306 ], [ 113.163648959487091, -26.390385881561059 ], [ 113.161623361847049, -26.384928471686749 ], [ 113.159513853511015, -26.379387101843427 ], [ 113.157321671064722, -26.373768094454384 ], [ 113.155044845426175, -26.368065033366584 ], [ 113.15268478665196, -26.362284605963005 ], [ 113.150240047199816, -26.356418269107227 ], [ 113.147710657409732, -26.350471186060297 ], [ 113.145098721529621, -26.344452759210206 ], [ 113.14240349011142, -26.338357559089104 ], [ 113.139624826003057, -26.332185208826548 ], [ 113.136764833763479, -26.325941370259258 ], [ 113.133823796523885, -26.319626407234463 ], [ 113.130801937945279, -26.313238958000415 ], [ 113.127701952329744, -26.306785908998023 ], [ 113.124524194070389, -26.30026811958362 ], [ 113.121271703488063, -26.293694244483103 ], [ 113.117945567872894, -26.287064076007042 ], [ 113.114545286481459, -26.28037323555759 ], [ 113.11107368701505, -26.273630121586166 ], [ 113.107535291014003, -26.266844127001832 ], [ 113.103932462164209, -26.260017627435651 ], [ 113.100269215993549, -26.253157735206077 ], [ 113.096546867527408, -26.24626704904772 ], [ 113.092767655376136, -26.239346280630848 ], [ 113.088935746107154, -26.232402209539398 ], [ 113.085053459787432, -26.225439700885172 ], [ 113.081125143244648, -26.218465449879709 ], [ 113.077153065231428, -26.211480437504488 ], [ 113.073140039745113, -26.204485703842977 ], [ 113.069089760897086, -26.197489093256014 ], [ 113.065008454266632, -26.190503607371099 ], [ 113.06089801795477, -26.183526410928181 ], [ 113.056761314101252, -26.176562051960769 ], [ 113.052602916440264, -26.169616591975792 ], [ 113.048426986474539, -26.162696617340941 ], [ 113.044236984816095, -26.155804673761317 ], [ 113.040035775118398, -26.148944571501026 ], [ 113.0358272504063, -26.142120070247355 ], [ 113.031615180839168, -26.135335041189794 ], [ 113.027403213860197, -26.128597080988726 ], [ 113.023193549613609, -26.121903265139096 ], [ 113.018991227717962, -26.115264748690144 ], [ 113.01479784114521, -26.108676655618751 ], [ 113.010616197141218, -26.102143202540148 ], [ 113.006449812037204, -26.095668530275628 ], [ 113.002300799448889, -26.089250694289138 ], [ 112.998172005087497, -26.08289526713104 ], [ 112.994065287969008, -26.076599454901771 ], [ 112.98998331244529, -26.070366337800682 ], [ 112.985927206328626, -26.064190596242472 ], [ 112.981900356691753, -26.058082368538692 ], [ 112.977902879004276, -26.052031973688162 ], [ 112.973937763426875, -26.04604492542158 ], [ 112.970006753550763, -26.040123089231614 ], [ 112.966110761267942, -26.034262215391269 ], [ 112.962251380690105, -26.028465343237766 ], [ 112.958429123639064, -26.022727294625518 ], [ 112.954645743329749, -26.017050534937969 ], [ 112.950902645589608, -26.011435987150687 ], [ 112.947200049509661, -26.005878273655163 ], [ 112.94353824872924, -26.000375490042632 ], [ 112.939917964260673, -25.994923815539146 ], [ 112.936339543542118, -25.989522897494865 ], [ 112.932803563832721, -25.984170321175473 ], [ 112.92930950784617, -25.978859328034741 ], [ 112.925858649125175, -25.973592550777518 ], [ 112.922451348601996, -25.968367107666392 ], [ 112.919087985841585, -25.963182304581199 ], [ 112.915767946770643, -25.958031195056048 ], [ 112.912491240495271, -25.952910507533129 ], [ 112.909257834544491, -25.947816853335251 ], [ 112.90606766089634, -25.942746732996515 ], [ 112.902920621790969, -25.937696542281067 ], [ 112.899816595315428, -25.932662577916769 ], [ 112.896755440743519, -25.927641043083174 ], [ 112.893736982372971, -25.92262797856667 ], [ 112.89076059369863, -25.917617476353112 ], [ 112.887826534004986, -25.912607051029024 ], [ 112.884934274778615, -25.907590800393724 ], [ 112.882084052952763, -25.902566297635033 ], [ 112.879274910570402, -25.897525293881721 ], [ 112.876507921773197, -25.892468814683891 ], [ 112.873782406670387, -25.887390774127873 ], [ 112.871098667064658, -25.882288523284867 ], [ 112.868455414848555, -25.877150232626509 ], [ 112.865853380840463, -25.871974288981203 ], [ 112.863291944583281, -25.866755835066567 ], [ 112.860773181681921, -25.861503403602637 ], [ 112.85829587936891, -25.85620409697778 ], [ 112.855859800686233, -25.850851484004494 ], [ 112.853465003601528, -25.845440944875698 ], [ 112.851111251465468, -25.839966094342692 ], [ 112.848799295481101, -25.834425901023607 ], [ 112.846528337901447, -25.828812265742663 ], [ 112.844299818552273, -25.823124361727508 ], [ 112.842112558764882, -25.817352356400523 ], [ 112.839967065083101, -25.811493401516078 ], [ 112.83786366328674, -25.805544973538787 ], [ 112.835803698523208, -25.799505014665034 ], [ 112.833786467643932, -25.793367690257995 ], [ 112.831812203887822, -25.787127567291236 ], [ 112.8298824325352, -25.780784722720675 ], [ 112.827993965994594, -25.774322741675178 ], [ 112.826150554514115, -25.767752260849598 ], [ 112.824352621992489, -25.76106898153169 ], [ 112.822599639283254, -25.754270412493486 ], [ 112.820892875919554, -25.747354715522714 ], [ 112.819231030848115, -25.74031624582706 ], [ 112.817614468057101, -25.733151531221406 ], [ 112.816044694369467, -25.725864885835172 ], [ 112.814521973307265, -25.718455887446435 ], [ 112.813045314421814, -25.710920742877651 ], [ 112.811617564776427, -25.703267273047977 ], [ 112.810235951740594, -25.695487343380535 ], [ 112.808902327924258, -25.687587833043143 ], [ 112.807615003876521, -25.679565196222843 ], [ 112.806374029974322, -25.671421823939141 ], [ 112.80517998832012, -25.663162728357861 ], [ 112.804030505507825, -25.65478771795259 ], [ 112.802933398035307, -25.646316807549145 ], [ 112.801883439125803, -25.637745958156621 ], [ 112.800880247435217, -25.629080542799056 ], [ 112.799923340647481, -25.620326523320365 ], [ 112.799012270440414, -25.61148879128573 ], [ 112.79814574210512, -25.602573932277963 ], [ 112.797324206440322, -25.593592860308089 ], [ 112.796545058417635, -25.584548035575413 ], [ 112.795806695587302, -25.575447401806709 ], [ 112.795107276735848, -25.566296102458068 ], [ 112.794445107422817, -25.557104679824029 ], [ 112.793819513058764, -25.547882780750413 ], [ 112.793237393971808, -25.538657381041403 ], [ 112.792691146796813, -25.529425208005904 ], [ 112.792177300745237, -25.520191942178897 ], [ 112.791696105555616, -25.510971250996523 ], [ 112.791243936381449, -25.50176881982534 ], [ 112.790820893918777, -25.492598200449436 ], [ 112.790421968781956, -25.483458427233941 ], [ 112.790041412616191, -25.474354976890549 ], [ 112.789691210278932, -25.465326705355327 ], [ 112.789360766694827, -25.456362477257652 ], [ 112.789047699502419, -25.447468627438933 ], [ 112.788752310629192, -25.438661116259063 ], [ 112.788470781776454, -25.429943639010368 ], [ 112.7882019752481, -25.421325363359554 ], [ 112.787943281859313, -25.412809968295875 ], [ 112.787693568698856, -25.404405342636021 ], [ 112.787449146203542, -25.396113149633624 ], [ 112.787209186014778, -25.387941548740425 ], [ 112.786971550408495, -25.379893621194125 ], [ 112.786735213890481, -25.371974970347093 ], [ 112.786496958545541, -25.36418640353962 ], [ 112.786254567099775, -25.356527927389585 ], [ 112.786007525502441, -25.349005011864676 ], [ 112.785754412922344, -25.341620434766174 ], [ 112.785493187785434, -25.334372578293625 ], [ 112.785222579365382, -25.327263265009936 ], [ 112.78494208779361, -25.320295462113016 ], [ 112.784649077685984, -25.313464238225993 ], [ 112.784342489927212, -25.306770066743333 ], [ 112.784021104630156, -25.300211696905802 ], [ 112.783683963306586, -25.2937886970916 ], [ 112.78332857294653, -25.287490353379773 ], [ 112.78295443768954, -25.281317405522184 ], [ 112.782561787675732, -25.275274601965947 ], [ 112.782149732251796, -25.269359496337646 ], [ 112.781717088311154, -25.263566698754065 ], [ 112.781262917891794, -25.257891754523023 ], [ 112.780786531737533, -25.252331261395049 ], [ 112.780286728255248, -25.246880057399217 ], [ 112.779764231547674, -25.241538825725026 ], [ 112.779217590727953, -25.236299811127196 ], [ 112.778645970035811, -25.231158742664046 ], [ 112.77805011945091, -25.226115941616939 ], [ 112.777428828996108, -25.221163567356985 ], [ 112.776781416650223, -25.21629723099996 ], [ 112.776108542874923, -25.21151596664259 ], [ 112.775409333155793, -25.206813102432584 ], [ 112.774683365830825, -25.202185423524337 ], [ 112.773931248785274, -25.197630899855433 ], [ 112.773152503456672, -25.19314533258212 ], [ 112.772346519422001, -25.18872243842991 ], [ 112.771514070636556, -25.184361399240942 ], [ 112.770654234695883, -25.180054645757284 ], [ 112.769767608347522, -25.175802244429033 ], [ 112.768854558461399, -25.171601101710745 ], [ 112.767914375273861, -25.16744503334386 ], [ 112.766947970773018, -25.163333599206535 ], [ 112.765954622667707, -25.159258709365218 ], [ 112.764935376742287, -25.15522099269435 ], [ 112.763889812746214, -25.151216971991911 ], [ 112.762818916798366, -25.147246552900153 ], [ 112.761722211978935, -25.143302348550083 ], [ 112.760600810394735, -25.139386588609767 ], [ 112.759454698180889, -25.135493408503255 ], [ 112.758283990357739, -25.131622400113489 ], [ 112.757089488041373, -25.127770791895038 ], [ 112.755871675911408, -25.123937594803795 ], [ 112.754631110167878, -25.120118782096124 ], [ 112.753368664698797, -25.116314876689199 ], [ 112.752084324001729, -25.112521674640458 ], [ 112.750779335581711, -25.108740054069784 ], [ 112.749454004464766, -25.104968245582132 ], [ 112.748109160676989, -25.101202880597725 ], [ 112.746745517318473, -25.097443755231399 ], [ 112.745363871465898, -25.093689736416319 ], [ 112.74396496865522, -25.089940787692289 ], [ 112.742549842293741, -25.0861939425067 ], [ 112.7411193122188, -25.08244938447449 ], [ 112.739674311928908, -25.078706300244676 ], [ 112.73821580521701, -25.074964009151984 ], [ 112.736744368621956, -25.071218668384958 ], [ 112.7352611314641, -25.067473162437178 ], [ 112.733767799642322, -25.063728264133328 ], [ 112.73226440065072, -25.059979120717408 ], [ 112.730753274709144, -25.056228993793848 ], [ 112.729235656029019, -25.052481637453887 ], [ 112.727711609965823, -25.048732228374337 ], [ 112.726183084849893, -25.044980856730067 ], [ 112.724650668237516, -25.041228249729009 ], [ 112.723115873096148, -25.037472295181434 ], [ 112.721579737667639, -25.033715962998695 ], [ 112.720043386283663, -25.02995503482029 ], [ 112.718508053077542, -25.02619374419335 ], [ 112.716975120318281, -25.022429007356276 ], [ 112.715445185822659, -25.018661761838732 ], [ 112.713920250462934, -25.014892301723375 ], [ 112.712400529078948, -25.011119375810306 ], [ 112.710888199388933, -25.007344535595252 ], [ 112.70938361963303, -25.0035675880013 ], [ 112.707888605523351, -24.999787728899097 ], [ 112.706403922383231, -24.99600804898294 ], [ 112.704931058592081, -24.992225496908603 ], [ 112.703470583711919, -24.988442083021315 ], [ 112.702024135240748, -24.984655872481525 ], [ 112.700592210424375, -24.980868846617089 ], [ 112.699176304856209, -24.977077974625228 ], [ 112.6977774310689, -24.973286332395791 ], [ 112.696396441852912, -24.969492769634492 ], [ 112.695034185807131, -24.965696142867866 ], [ 112.693691931956025, -24.961899541328155 ], [ 112.692370344479514, -24.958100627175131 ], [ 112.691070552442497, -24.95429717411724 ], [ 112.689792909707549, -24.950493217021421 ], [ 112.688538364310318, -24.946685415415796 ], [ 112.687309058106223, -24.942872459818616 ], [ 112.686105436171687, -24.93905360513612 ], [ 112.684927031349673, -24.935230716822108 ], [ 112.683774625944523, -24.931404618421183 ], [ 112.682648848400859, -24.927574996146543 ], [ 112.681550337852315, -24.923742690924144 ], [ 112.680479909243672, -24.919904204352086 ], [ 112.679438237139053, -24.916060136143386 ], [ 112.678425958207541, -24.912211023213189 ], [ 112.677443058489061, -24.908356434398105 ], [ 112.676490884792358, -24.904493819118741 ], [ 112.675569024241881, -24.900624805102066 ], [ 112.674678358519671, -24.896747821474701 ], [ 112.673819220167829, -24.892861337027224 ], [ 112.672992666937873, -24.888965704011177 ], [ 112.672198056644277, -24.885061506482579 ], [ 112.671436028947156, -24.881145135734769 ], [ 112.670708965196383, -24.877211762108299 ], [ 112.670016070264182, -24.873264611779177 ], [ 112.669357277024275, -24.869304158007914 ], [ 112.668733200424469, -24.865333438790479 ], [ 112.668143975812029, -24.861349710633117 ], [ 112.667588206629418, -24.857354688193556 ], [ 112.667067765729797, -24.853347387410462 ], [ 112.666582102507121, -24.849324124405673 ], [ 112.666132167867374, -24.845285132284765 ], [ 112.665718613262825, -24.841226506511148 ], [ 112.665342572810232, -24.837148188522338 ], [ 112.665002560598907, -24.833050797078283 ], [ 112.664699533390447, -24.828934497624317 ], [ 112.664432986217605, -24.824797704557124 ], [ 112.664204555079678, -24.820639310383498 ], [ 112.664015089968345, -24.816455131732543 ], [ 112.663862784238901, -24.812250970357844 ], [ 112.663748154111332, -24.808023116783513 ], [ 112.663672337173551, -24.80377155750157 ], [ 112.663637328934129, -24.799489847473168 ], [ 112.663643484961966, -24.795179736749454 ], [ 112.663687118382612, -24.790845691096965 ], [ 112.663771957240641, -24.786482889633838 ], [ 112.663894101166889, -24.782096016496936 ], [ 112.66405802579439, -24.777679049107753 ], [ 112.664263276839961, -24.773230333905271 ], [ 112.664509943184939, -24.768752082205328 ], [ 112.664799634148508, -24.764238783975042 ], [ 112.665132514771628, -24.7596927788999 ], [ 112.665509015467336, -24.755111941172526 ], [ 112.665928923867227, -24.750495502728217 ], [ 112.666394616472644, -24.745841812976384 ], [ 112.666905921243071, -24.741149980158944 ], [ 112.667462704119927, -24.736419219253211 ], [ 112.668067549249471, -24.731647595308871 ], [ 112.668720206494626, -24.726833176567531 ], [ 112.669421908258954, -24.72197679251375 ], [ 112.670176740420345, -24.717070044851027 ], [ 112.670982680067553, -24.712115780099587 ], [ 112.67183775837762, -24.707120420038216 ], [ 112.672746724007482, -24.702074669017726 ], [ 112.673708963128902, -24.696978755569809 ], [ 112.674727680892815, -24.691830335157423 ], [ 112.675802133914615, -24.686628404232533 ], [ 112.676934863169336, -24.681372079007208 ], [ 112.678127964279753, -24.676056941815414 ], [ 112.67938185275473, -24.670681557273394 ], [ 112.680697558904143, -24.66524765521164 ], [ 112.682078256799414, -24.659749219141442 ], [ 112.68352450276862, -24.654184722014552 ], [ 112.685037451011596, -24.648555782422935 ], [ 112.686622258370534, -24.6428519430265 ], [ 112.688279434209264, -24.637067883913932 ], [ 112.690006948980127, -24.631213790050232 ], [ 112.691807588247016, -24.625287595165481 ], [ 112.693687028403929, -24.619287959668764 ], [ 112.69564424560572, -24.613209894959471 ], [ 112.697683254240104, -24.607047999141532 ], [ 112.699803874003194, -24.600802132257577 ], [ 112.702010573975016, -24.59446921225166 ], [ 112.704301823696213, -24.588049812976799 ], [ 112.706681971573602, -24.58154114204854 ], [ 112.709153867928308, -24.57493697661566 ], [ 112.711716567658698, -24.56823421134256 ], [ 112.714375639537735, -24.561437562095669 ], [ 112.717130350950427, -24.554546083594598 ], [ 112.719984381154319, -24.547552274018724 ], [ 112.722937172672047, -24.540458371489464 ], [ 112.725992820192175, -24.53326234241948 ], [ 112.729150422678472, -24.525965214531958 ], [ 112.732412306512956, -24.518564659754492 ], [ 112.735780839281219, -24.511058324570929 ], [ 112.739254661120114, -24.503451128293595 ], [ 112.742836787929292, -24.495738038382271 ], [ 112.746525429500252, -24.4879246096984 ], [ 112.750323178645843, -24.480008028432589 ], [ 112.754227470366573, -24.47199164547493 ], [ 112.758240446639192, -24.463874910620625 ], [ 112.762359026617276, -24.455662120127545 ], [ 112.766583365815691, -24.447354113572921 ], [ 112.770913444675401, -24.438950431705415 ], [ 112.775345220232467, -24.430461239202909 ], [ 112.779879136473156, -24.421885160814185 ], [ 112.784510157042916, -24.413226206999312 ], [ 112.789238331604963, -24.404489683893189 ], [ 112.794059187668736, -24.395682950665321 ], [ 112.798968026764811, -24.386812316146376 ], [ 112.803963426802369, -24.377881800051696 ], [ 112.809038530291474, -24.368903234307318 ], [ 112.814191201429551, -24.359879727044945 ], [ 112.819415374721203, -24.350815992991489 ], [ 112.824704624718393, -24.341723279921361 ], [ 112.830055155894854, -24.332613843411405 ], [ 112.835458916014147, -24.32349461619501 ], [ 112.840912590183237, -24.314367017637256 ], [ 112.846407197570088, -24.305245303534399 ], [ 112.851938554847365, -24.29613604165128 ], [ 112.857499123119595, -24.287046846218235 ], [ 112.863081030725724, -24.277988519659765 ], [ 112.868679838945226, -24.268966462685981 ], [ 112.874288545079693, -24.259990965764022 ], [ 112.879897055750533, -24.251079221477109 ], [ 112.88550187150571, -24.242230589331058 ], [ 112.891093926389331, -24.233457110483222 ], [ 112.896669031165246, -24.224762868327481 ], [ 112.90221846052907, -24.216159260337928 ], [ 112.907737188074165, -24.207651602437871 ], [ 112.913219191667224, -24.199246808218643 ], [ 112.918658779753002, -24.190951229928789 ], [ 112.924050549103413, -24.182770749553153 ], [ 112.929388325471578, -24.174712565356387 ], [ 112.934670543807158, -24.166774565709499 ], [ 112.939890022206782, -24.158968331162768 ], [ 112.945043774467621, -24.151294158476244 ], [ 112.950127022354039, -24.143757151214039 ], [ 112.955138548205184, -24.136356664924882 ], [ 112.960073800264851, -24.129098521641723 ], [ 112.9649292705557, -24.121987853448314 ], [ 112.969704278572593, -24.115020444601086 ], [ 112.97439839246924, -24.108191818206809 ], [ 112.979008127121347, -24.101509989907115 ], [ 112.983531027077646, -24.094979983003032 ], [ 112.987966006931856, -24.088601853174406 ], [ 112.992315564057307, -24.082365509586477 ], [ 112.996578093096787, -24.076271295139783 ], [ 113.000753588809346, -24.070319367847844 ], [ 113.004842965841192, -24.064505911591766 ], [ 113.008850742202554, -24.058821666773337 ], [ 113.01277592423132, -24.053266805619639 ], [ 113.016617375568615, -24.047843651854969 ], [ 113.020376998418982, -24.042545532865457 ], [ 113.024052445674315, -24.037378682321911 ], [ 113.02764871597951, -24.032332969602155 ], [ 113.031167605918725, -24.027404712080269 ], [ 113.034611931761958, -24.022588513956944 ], [ 113.03798118758084, -24.017885574951947 ], [ 113.041281893850325, -24.013281823967748 ], [ 113.044513761414649, -24.008779223727711 ], [ 113.047677782953244, -24.004376988496411 ], [ 113.050777310641976, -24.000069144092667 ], [ 113.053814978637405, -23.995851013446785 ], [ 113.056792287772566, -23.991720064473032 ], [ 113.059713719374258, -23.987667243216222 ], [ 113.062583023325487, -23.983687124878323 ], [ 113.065399574770112, -23.979781408569842 ], [ 113.068163223081072, -23.975951067428952 ], [ 113.070879752125734, -23.972185722717128 ], [ 113.07355005166022, -23.968484341615625 ], [ 113.076178961849621, -23.964838172467609 ], [ 113.078768176553851, -23.961244903989773 ], [ 113.081320861149919, -23.957699171573186 ], [ 113.083838624837796, -23.954198788645719 ], [ 113.086323062703457, -23.950741532830332 ], [ 113.088780536483881, -23.947315597735461 ], [ 113.091211321477147, -23.943921268562217 ], [ 113.093615453073852, -23.940559792267774 ], [ 113.095995244267613, -23.937227376487346 ], [ 113.09835370805358, -23.933918774319569 ], [ 113.100694692109258, -23.930627304770212 ], [ 113.103018085209328, -23.927353991253955 ], [ 113.105328462530352, -23.924090774490711 ], [ 113.107626388190326, -23.920837169449261 ], [ 113.109917268467257, -23.917583732588756 ], [ 113.112201331589674, -23.914329989723722 ], [ 113.114480351367092, -23.911073692609232 ], [ 113.116754806816118, -23.907814244133959 ], [ 113.119026771311141, -23.904548229326412 ], [ 113.121300754137224, -23.901267571609228 ], [ 113.123578670694641, -23.897968594074538 ], [ 113.125861949880132, -23.894649160427857 ], [ 113.128154907053613, -23.891300528997551 ], [ 113.130457436378634, -23.887925102686236 ], [ 113.132772617951588, -23.884517264000387 ], [ 113.135097355375365, -23.881082271793993 ], [ 113.137439570655999, -23.877605160178145 ], [ 113.139803337366573, -23.874079142562739 ], [ 113.142183555467724, -23.870513029941947 ], [ 113.144586635231249, -23.866894381827127 ], [ 113.147010626223931, -23.863226752625174 ], [ 113.14946085355767, -23.859501064263902 ], [ 113.151940843869724, -23.855709654538863 ], [ 113.154452108240875, -23.851849899187165 ], [ 113.156996862477058, -23.847917360546116 ], [ 113.159574944073611, -23.843912204276673 ], [ 113.162192680104553, -23.839821636282114 ], [ 113.164850753321403, -23.835644265469988 ], [ 113.167550784540381, -23.831377101518164 ], [ 113.170295331065489, -23.82701335623732 ], [ 113.17308798762727, -23.822546660910589 ], [ 113.175930047638317, -23.817973645423653 ], [ 113.178822717914187, -23.813290961747811 ], [ 113.181769618330321, -23.808492156584567 ], [ 113.184773309042797, -23.803569895801935 ], [ 113.187835301457952, -23.798520994118615 ], [ 113.190956601523794, -23.793342110023271 ], [ 113.194141509222021, -23.78802470265051 ], [ 113.197391427230372, -23.782565718789872 ], [ 113.200715847978955, -23.776946613841556 ], [ 113.204107881947778, -23.771176819238228 ], [ 113.207562378602702, -23.765261234813021 ], [ 113.211089142745536, -23.759184826975748 ], [ 113.214688702478128, -23.752942526130688 ], [ 113.218362151150941, -23.746532729406347 ], [ 113.222112002157743, -23.739947245741952 ], [ 113.225937840773383, -23.733186870571604 ], [ 113.229839780449609, -23.726248207187577 ], [ 113.233820737748943, -23.719125019139955 ], [ 113.237877693701932, -23.71182104682223 ], [ 113.242014469680598, -23.704326335634097 ], [ 113.246227986792277, -23.696646249575963 ], [ 113.250518901502346, -23.688775630665145 ], [ 113.254885361253159, -23.680717122302422 ], [ 113.259326579870262, -23.672471937788711 ], [ 113.263839445937279, -23.6640409236742 ], [ 113.26842099381129, -23.655428938863004 ], [ 113.27307079670318, -23.646637375088446 ], [ 113.277784386874657, -23.637669713813249 ], [ 113.282558291620731, -23.628533775783829 ], [ 113.287390094680276, -23.619230494395609 ], [ 113.292274763881707, -23.60976923810097 ], [ 113.297208421892961, -23.600157961865467 ], [ 113.302184429128999, -23.59040463651834 ], [ 113.307198924927363, -23.580519416322844 ], [ 113.312247346161072, -23.57050779478249 ], [ 113.317320594752928, -23.560388214189622 ], [ 113.322413779385954, -23.550167274530871 ], [ 113.327519642961448, -23.539860026036262 ], [ 113.332629161503149, -23.529484187617385 ], [ 113.337738269337834, -23.519046200864825 ], [ 113.34284003652003, -23.508562770460635 ], [ 113.34792249311684, -23.498052403559111 ], [ 113.352983434940654, -23.487525377046943 ], [ 113.358015502018745, -23.476993766778477 ], [ 113.36301018517436, -23.466477529551366 ], [ 113.367960298589509, -23.455988780204681 ], [ 113.372861481665552, -23.445540062624222 ], [ 113.377704980379789, -23.435150355648005 ], [ 113.382485783167454, -23.424828913233462 ], [ 113.387195007083406, -23.414596490120086 ], [ 113.39183142623672, -23.404456498733389 ], [ 113.396386918164538, -23.39442848155322 ], [ 113.400857224004696, -23.384521836711606 ], [ 113.405236330871517, -23.37474994157558 ], [ 113.409525467388463, -23.365113289893955 ], [ 113.413715139730371, -23.355633179155365 ], [ 113.417804402617477, -23.346313341648425 ], [ 113.421790604864611, -23.337161305734757 ], [ 113.425673699414801, -23.32817890701665 ], [ 113.429447655513499, -23.319381280863695 ], [ 113.433113292622451, -23.310768624485242 ], [ 113.43666971669802, -23.30234489159076 ], [ 113.440117074027057, -23.294110830076058 ], [ 113.443452720665078, -23.286075310349453 ], [ 113.446680314275042, -23.278233127896574 ], [ 113.449797632584506, -23.270589565153387 ], [ 113.45280897015418, -23.263137845285193 ], [ 113.45571156275976, -23.255886205578477 ], [ 113.45851014091204, -23.248826830083051 ], [ 113.46120426334987, -23.241960316132367 ], [ 113.463797380844682, -23.235283792884807 ], [ 113.466289456974465, -23.228797000539647 ], [ 113.468685306420284, -23.222492341941301 ], [ 113.47098529389423, -23.216368575732453 ], [ 113.473193338840233, -23.210421266819836 ], [ 113.475310024142829, -23.20464868515911 ], [ 113.4773404458182, -23.199042125835341 ], [ 113.479285423565983, -23.193599218184804 ], [ 113.481149000710545, -23.188314686375179 ], [ 113.482932067082942, -23.183185981438367 ], [ 113.484639707064872, -23.178203925690493 ], [ 113.486272926691171, -23.1733655952434 ], [ 113.48783564142434, -23.168665441161419 ], [ 113.48932985529305, -23.164098718006922 ], [ 113.490759330354862, -23.159658251870159 ], [ 113.492125055502328, -23.155341010753435 ], [ 113.493429634145272, -23.151143478611292 ], [ 113.494676110106425, -23.14705885083881 ], [ 113.495866943520099, -23.143082131152479 ], [ 113.497005117873186, -23.139206489070858 ], [ 113.498093424555691, -23.135426972915248 ], [ 113.499136299992998, -23.131735527209255 ], [ 113.500131841695477, -23.128133671872042 ], [ 113.501082737982117, -23.124616440379246 ], [ 113.501990139916387, -23.121181103295658 ], [ 113.502855324660132, -23.117824798294169 ], [ 113.503681697805689, -23.114541169277793 ], [ 113.504472222606793, -23.111322505426273 ], [ 113.505228121814554, -23.108166599115481 ], [ 113.505951117381372, -23.105069531037394 ], [ 113.506641454507005, -23.102030988470027 ], [ 113.507302806763306, -23.099041760836307 ], [ 113.50793613008662, -23.09610009327076 ], [ 113.508543167899674, -23.093202642574635 ], [ 113.509124757696725, -23.090345790058848 ], [ 113.509681991278455, -23.087528168359533 ], [ 113.510217361624086, -23.084742793088559 ], [ 113.510731804441619, -23.081988591231998 ], [ 113.511230021048448, -23.079254086059301 ], [ 113.511709340792734, -23.076545535065904 ], [ 113.512170398081025, -23.073859477962515 ], [ 113.512614002399715, -23.071195071691324 ], [ 113.513041702424317, -23.068547108363592 ], [ 113.513451984449844, -23.065919815481514 ], [ 113.513850459669243, -23.063299523795667 ], [ 113.514235841823819, -23.060689089467623 ], [ 113.514609369887239, -23.05808599067462 ], [ 113.514974685890564, -23.055480690723524 ], [ 113.515330577866138, -23.052876341468473 ], [ 113.515677574302615, -23.050269974369332 ], [ 113.51601550362102, -23.047662900324049 ], [ 113.516348035939544, -23.04504535202005 ], [ 113.516674753099863, -23.042419001714027 ], [ 113.516997621888009, -23.039777549637687 ], [ 113.517313953866406, -23.03712734714113 ], [ 113.517627033158831, -23.034460688051073 ], [ 113.517937701110725, -23.031775251275231 ], [ 113.518249862361401, -23.029062430087574 ], [ 113.518560019555011, -23.026328203192818 ], [ 113.518868626620176, -23.023571997780213 ], [ 113.519177376564443, -23.020789663642205 ], [ 113.5194859068434, -23.017982415044791 ], [ 113.519797266269876, -23.015141654956473 ], [ 113.520113104431942, -23.012263845064314 ], [ 113.520435087577255, -23.009343640349829 ], [ 113.520765415321165, -23.006374320842951 ], [ 113.521098595461794, -23.003374263664991 ], [ 113.521439146257464, -23.000329515883383 ], [ 113.521787171483467, -22.997240216176177 ], [ 113.522144533079498, -22.994100815460801 ], [ 113.522512913733024, -22.990907798346271 ], [ 113.522891668924998, -22.98766315893284 ], [ 113.523283640337411, -22.984359165885063 ], [ 113.523688146739886, -22.980998034230328 ], [ 113.524109291859318, -22.977570404681661 ], [ 113.524547458345822, -22.974074436716414 ], [ 113.524999730066853, -22.970518218377865 ], [ 113.525468865984394, -22.966895612942583 ], [ 113.52595738800126, -22.963200211456112 ], [ 113.526467076925542, -22.959428223859014 ], [ 113.526996582084791, -22.955584087820593 ], [ 113.527551004915793, -22.951654801770118 ], [ 113.528129092426511, -22.947644839512932 ], [ 113.528733835336624, -22.943547058977348 ], [ 113.529365129265457, -22.939363037336364 ], [ 113.530026042146588, -22.935085473398114 ], [ 113.53071736245451, -22.930713603442108 ], [ 113.531440694283972, -22.926244453089854 ], [ 113.532196886138863, -22.921677396276163 ], [ 113.532992316478314, -22.916995507923183 ], [ 113.533822402146072, -22.912213905137932 ], [ 113.534689476042232, -22.907328980395025 ], [ 113.535598123417373, -22.902328812021313 ], [ 113.536546944401167, -22.897219194416646 ], [ 113.537540894661163, -22.891988421606587 ], [ 113.538580289567662, -22.886638368801336 ], [ 113.539670542541401, -22.881156411079377 ], [ 113.540808631830245, -22.875552659768218 ], [ 113.541998281259353, -22.869819946575223 ], [ 113.543243198583539, -22.86394967600507 ], [ 113.544545833795965, -22.857939644030942 ], [ 113.545906187984286, -22.851789639642782 ], [ 113.547326443340026, -22.845498375057879 ], [ 113.548809638654376, -22.839059714933267 ], [ 113.550360978478778, -22.83246295122856 ], [ 113.551976656062322, -22.825720225419222 ], [ 113.553662500506789, -22.818818356213143 ], [ 113.555418849846447, -22.811760787851359 ], [ 113.557252056811024, -22.804533332845029 ], [ 113.559157568538225, -22.797149985607916 ], [ 113.561141422028953, -22.789597067813819 ], [ 113.563206060345763, -22.781874528815049 ], [ 113.565349614825635, -22.773986240735237 ], [ 113.567576837811359, -22.765922941075658 ], [ 113.569887462947761, -22.757690175871769 ], [ 113.572287520887542, -22.749274664000023 ], [ 113.574771273107416, -22.740692901451496 ], [ 113.577344217934652, -22.731932434970879 ], [ 113.580005288715441, -22.723001146750359 ], [ 113.582760258362768, -22.713886086091456 ], [ 113.585601960541041, -22.704606893551759 ], [ 113.588535439912178, -22.695151877106252 ], [ 113.591558637144303, -22.685531372143707 ], [ 113.594676677006234, -22.675733857481447 ], [ 113.597880879791191, -22.665781650052001 ], [ 113.601175452144034, -22.655664941480257 ], [ 113.604558295700571, -22.645392051233507 ], [ 113.608030300222239, -22.634966755806936 ], [ 113.611585499164093, -22.62439662396018 ], [ 113.615222653557765, -22.613691730665856 ], [ 113.618941700246353, -22.602849652147672 ], [ 113.622742554374241, -22.591876133435139 ], [ 113.626621663357639, -22.580783376324455 ], [ 113.630574820116948, -22.569575549398422 ], [ 113.634595968978886, -22.558271809525827 ], [ 113.63868378959161, -22.546871648738311 ], [ 113.642831655085999, -22.535395240586709 ], [ 113.64704304412669, -22.523831888021292 ], [ 113.651301492265659, -22.512220257279683 ], [ 113.655608786629415, -22.500555099674234 ], [ 113.65995864164131, -22.488853110508856 ], [ 113.664348650887149, -22.477125898189772 ], [ 113.668768307235069, -22.465385539154124 ], [ 113.673217688089139, -22.453643828243667 ], [ 113.677688768418534, -22.441912543762125 ], [ 113.682161169349712, -22.430226834499074 ], [ 113.686648944159103, -22.418565501615145 ], [ 113.691136822428717, -22.406956618901518 ], [ 113.695627774957927, -22.395401134500098 ], [ 113.700108140331551, -22.383920749029791 ], [ 113.704575119384401, -22.372527481104392 ], [ 113.709031915291035, -22.361213626357227 ], [ 113.713462792898383, -22.350006440952448 ], [ 113.717872645317982, -22.338904033848308 ], [ 113.722246091961736, -22.327932585961548 ], [ 113.726591841646183, -22.317077034794771 ], [ 113.730895067170934, -22.306361909183511 ], [ 113.73516180556102, -22.295783540056824 ], [ 113.739381061936783, -22.285352733904091 ], [ 113.743556267774196, -22.275076795798068 ], [ 113.747677065203973, -22.264964844749617 ], [ 113.75175088068606, -22.25501067526346 ], [ 113.755766332310145, -22.245228040714554 ], [ 113.759733216804193, -22.23560345289426 ], [ 113.763639068646526, -22.226155395908535 ], [ 113.767498843975844, -22.216852541080243 ], [ 113.771295368847007, -22.207731203442371 ], [ 113.775038089157249, -22.198782370052122 ], [ 113.778711275572618, -22.190038170968862 ], [ 113.782329739249363, -22.181468645544292 ], [ 113.785887018278814, -22.173074872162196 ], [ 113.789388067858212, -22.164851245002144 ], [ 113.792838754907905, -22.156791271882721 ], [ 113.79623108489433, -22.14890116315992 ], [ 113.799575532487268, -22.141169882460972 ], [ 113.802866543674298, -22.133596350934756 ], [ 113.806106799691634, -22.126185510135741 ], [ 113.809307980649166, -22.11891198389203 ], [ 113.812457868766074, -22.111798376288352 ], [ 113.815571150211042, -22.104820744345155 ], [ 113.818641284668885, -22.097982591255452 ], [ 113.821676043993705, -22.091271429107739 ], [ 113.824674804578663, -22.084707685298312 ], [ 113.827634790242868, -22.078280978172032 ], [ 113.830571223567702, -22.071967470467673 ], [ 113.833474569345171, -22.065781203079357 ], [ 113.836353614639066, -22.059708115145146 ], [ 113.839216176354824, -22.053739521281766 ], [ 113.84205749010242, -22.047872412850104 ], [ 113.844886294356911, -22.042106079092282 ], [ 113.847698343706384, -22.03643695145605 ], [ 113.850514062226239, -22.030826886021728 ], [ 113.853316798902739, -22.025312638549249 ], [ 113.856118747007116, -22.019881089572763 ], [ 113.858914411233911, -22.014533921514904 ], [ 113.861713056616438, -22.009257587149023 ], [ 113.864522762815511, -22.004043852392748 ], [ 113.867335297818144, -21.998900654177262 ], [ 113.870164974532642, -21.993810732892332 ], [ 113.873005697300158, -21.9887765675929 ], [ 113.875869648622299, -21.983787397748387 ], [ 113.878754779207767, -21.978834815245261 ], [ 113.881667156156624, -21.973925628109324 ], [ 113.884598916521256, -21.969067398119989 ], [ 113.887566055863687, -21.964238017368164 ], [ 113.89056283230606, -21.959440049465403 ], [ 113.8935983415127, -21.954661442036965 ], [ 113.896682321346404, -21.949890074091659 ], [ 113.899805363916826, -21.945136266664459 ], [ 113.902965928580485, -21.940427839488578 ], [ 113.906172414168722, -21.93572746251661 ], [ 113.909434602531277, -21.931031383096013 ], [ 113.912748594939941, -21.92634551471285 ], [ 113.916121111580537, -21.921656091065628 ], [ 113.919552509874705, -21.916966033990992 ], [ 113.923047530398094, -21.912275251616968 ], [ 113.926603495084535, -21.907577069308584 ], [ 113.930225001994458, -21.902871496083186 ], [ 113.933911831554468, -21.898161968375963 ], [ 113.937670171249763, -21.893436099967406 ], [ 113.941499662321306, -21.888697427799176 ], [ 113.945401903063882, -21.883944463131595 ], [ 113.949380546973572, -21.879178163158638 ], [ 113.953432371286809, -21.874393034187243 ], [ 113.95756071592551, -21.869590307327407 ], [ 113.961766508010498, -21.864769206569413 ], [ 113.966048092977061, -21.859934454553141 ], [ 113.970410711120948, -21.855075158364514 ], [ 113.97485238738129, -21.850196305651721 ], [ 113.979382750101706, -21.845291119381525 ], [ 113.983993041273763, -21.840365929243813 ], [ 113.988680531088875, -21.835426317686373 ], [ 113.993449714113808, -21.830462381460645 ], [ 113.998302400513026, -21.825476345020956 ], [ 114.003233281344009, -21.820472266508268 ], [ 114.008227393228239, -21.815461603394198 ], [ 114.013300279973976, -21.810433243480279 ], [ 114.018441460506452, -21.805395274433991 ], [ 114.023656025357681, -21.800341088845432 ], [ 114.028936876341248, -21.7952824467399 ], [ 114.034286864464889, -21.790211285856309 ], [ 114.039698407672375, -21.78513964547037 ], [ 114.045174065076893, -21.780059736892134 ], [ 114.050703301015048, -21.77498856168091 ], [ 114.056291133450259, -21.769913391787444 ], [ 114.061931904104753, -21.76484160962913 ], [ 114.067619508065079, -21.75978107569189 ], [ 114.073356178913841, -21.754724147706806 ], [ 114.079133012619437, -21.749683523913308 ], [ 114.084951943957833, -21.744652035227222 ], [ 114.090806840883786, -21.739637107460371 ], [ 114.096695588468592, -21.73464305988735 ], [ 114.102611631219801, -21.729669361123122 ], [ 114.108550201779636, -21.724724903520475 ], [ 114.114526999159381, -21.719791482844428 ], [ 114.120523391941575, -21.714886142872302 ], [ 114.126546079475588, -21.710005332665322 ], [ 114.132586609221093, -21.705150534390889 ], [ 114.138630174309199, -21.700335886602556 ], [ 114.14468725243519, -21.695554217146881 ], [ 114.150758521742091, -21.69079943923008 ], [ 114.156819019482384, -21.686097395117223 ], [ 114.162884357459404, -21.681429212788398 ], [ 114.168950958269178, -21.676801421617355 ], [ 114.175027206195978, -21.672201324140982 ], [ 114.181086708522628, -21.667655850684145 ], [ 114.18713695737037, -21.66315367432442 ], [ 114.193181953646345, -21.658692259866189 ], [ 114.199221705260683, -21.654272709621292 ], [ 114.20525877936997, -21.649887983862364 ], [ 114.211290834645865, -21.64554309850471 ], [ 114.217320900092247, -21.641230826148504 ], [ 114.223343737274291, -21.63695883531749 ], [ 114.229348280826997, -21.632734758970035 ], [ 114.235350226735861, -21.628545329749713 ], [ 114.241353586982854, -21.624383156856332 ], [ 114.247357316901045, -21.620250227586052 ], [ 114.253360151520909, -21.61614886854392 ], [ 114.259367843652612, -21.612071401886222 ], [ 114.265379770232627, -21.608018496508873 ], [ 114.271408384815089, -21.60397545581413 ], [ 114.277446921084092, -21.59995179890921 ], [ 114.283502052102619, -21.595939188502332 ], [ 114.28957721467259, -21.591933975038518 ], [ 114.295679122496495, -21.587928085108018 ], [ 114.301808387298223, -21.583922501473822 ], [ 114.30796939540069, -21.579911892464779 ], [ 114.314166159252267, -21.575892014737473 ], [ 114.320405889359009, -21.571854363101892 ], [ 114.326686194795002, -21.567803234996759 ], [ 114.333011287423787, -21.563733713041163 ], [ 114.339388293095155, -21.559637614918838 ], [ 114.34582154054543, -21.555510076101637 ], [ 114.352314369496824, -21.551347575999259 ], [ 114.358871183260106, -21.54714487154736 ], [ 114.365495773118312, -21.542897478216201 ], [ 114.372194906670984, -21.538597021402797 ], [ 114.378965417588631, -21.53424745085546 ], [ 114.385813957093745, -21.529840154734199 ], [ 114.392740752451587, -21.525374782319062 ], [ 114.399756988859338, -21.520836003890182 ], [ 114.406855536862324, -21.516231958458878 ], [ 114.414041683632604, -21.511554924940747 ], [ 114.421314303685264, -21.506805423085318 ], [ 114.428682820239274, -21.501968982455086 ], [ 114.436138384215596, -21.497054700405062 ], [ 114.443684482508161, -21.492056052257233 ], [ 114.451318167311442, -21.486974788038655 ], [ 114.459046395342583, -21.481797977707522 ], [ 114.4668582566852, -21.476535950791671 ], [ 114.474752604612448, -21.471187723548361 ], [ 114.482731284340659, -21.465745108172989 ], [ 114.490791430732656, -21.460208691967388 ], [ 114.498922153260551, -21.454586511565598 ], [ 114.507119991596056, -21.448879521175432 ], [ 114.51539049729034, -21.443069789141699 ], [ 114.523720305981527, -21.437174408174979 ], [ 114.53210364996113, -21.431191981284748 ], [ 114.54052475963438, -21.425141126117232 ], [ 114.548984106273807, -21.419010441862891 ], [ 114.557467756765703, -21.412811501290051 ], [ 114.565972331571089, -21.406545068723123 ], [ 114.57448908387201, -21.400212202287925 ], [ 114.583006697611125, -21.393821977150768 ], [ 114.591512028798491, -21.387383494304341 ], [ 114.600002288929588, -21.380895628652787 ], [ 114.608464017120752, -21.374368140635319 ], [ 114.61688714616929, -21.367807540904636 ], [ 114.62526160521621, -21.361220540123981 ], [ 114.63357696525631, -21.354610001089799 ], [ 114.641827682015929, -21.347982828349117 ], [ 114.64999387912701, -21.341359919113813 ], [ 114.65807471852672, -21.334738527266833 ], [ 114.666055302701182, -21.328129019824882 ], [ 114.67393542967767, -21.32152827959144 ], [ 114.681697082960667, -21.31495633187593 ], [ 114.68934090950431, -21.308409948642726 ], [ 114.696852604495106, -21.301901864611896 ], [ 114.704232470085714, -21.295431914543311 ], [ 114.711467459291597, -21.289012082413493 ], [ 114.718561071732637, -21.282635321278928 ], [ 114.725500478577331, -21.276315561561432 ], [ 114.732286188798597, -21.270057883763432 ], [ 114.738907126079127, -21.263875572889315 ], [ 114.745367734561725, -21.257764495057149 ], [ 114.751660870347436, -21.251727670929821 ], [ 114.757789474867565, -21.245768904747791 ], [ 114.763747638064558, -21.239890419732262 ], [ 114.769539383113127, -21.234095207353018 ], [ 114.775162943178273, -21.228382244176316 ], [ 114.780617189409782, -21.222758772728906 ], [ 114.785901383401267, -21.217223035264418 ], [ 114.791021521743772, -21.211776343282054 ], [ 114.79597768623691, -21.206416405476734 ], [ 114.800770590832641, -21.201148671810046 ], [ 114.805401100402477, -21.195970228624553 ], [ 114.809876370160737, -21.190881147533052 ], [ 114.814197817992309, -21.185878112180333 ], [ 114.818367423227173, -21.180965094235436 ], [ 114.822389827747699, -21.176136182098386 ], [ 114.826264697271725, -21.171396876795491 ], [ 114.830017698758098, -21.166724746561243 ], [ 114.833623710700692, -21.162144375452918 ], [ 114.837087217029008, -21.157650017681252 ], [ 114.840424295732362, -21.153233686078885 ], [ 114.843637014805623, -21.148893144152915 ], [ 114.846727548151463, -21.144625740624992 ], [ 114.849703638950672, -21.140429923488302 ], [ 114.852568071823768, -21.136300750964384 ], [ 114.855321412360681, -21.132241903347346 ], [ 114.857973330340016, -21.128243075496556 ], [ 114.860524427988395, -21.124307562468175 ], [ 114.86297681806397, -21.120432564062202 ], [ 114.865339292937776, -21.116609810097909 ], [ 114.867612290521038, -21.112842583235871 ], [ 114.869798370828818, -21.109125744089489 ], [ 114.871904244121964, -21.105457391792548 ], [ 114.873932336721907, -21.101832517694479 ], [ 114.875884874580635, -21.098252355107537 ], [ 114.877766147013787, -21.094710474375638 ], [ 114.879578306182722, -21.091207878029437 ], [ 114.881322937874742, -21.087741672008196 ], [ 114.883007492229794, -21.084304187323461 ], [ 114.884631785349839, -21.080898156534566 ], [ 114.886199644089757, -21.077517210121481 ], [ 114.887712680520764, -21.074162436336373 ], [ 114.889174502705004, -21.070827662266055 ], [ 114.890586556072734, -21.067513859183467 ], [ 114.891952289827799, -21.064214871252965 ], [ 114.893271754920008, -21.060931346614311 ], [ 114.894549052537101, -21.057659323272347 ], [ 114.895785747548857, -21.054398041041917 ], [ 114.896986569070648, -21.051140296343405 ], [ 114.898149509084547, -21.047888108284848 ], [ 114.899277684962058, -21.044639374941092 ], [ 114.900374043668307, -21.041388174429443 ], [ 114.901441275034912, -21.038132706978981 ], [ 114.902477817814813, -21.034873183981283 ], [ 114.90348641291888, -21.031607581704385 ], [ 114.904469784752962, -21.028330143266871 ], [ 114.905430900235615, -21.025037396728433 ], [ 114.906368243981461, -21.021729135447057 ], [ 114.907284860515119, -21.01840167095234 ], [ 114.908180311849989, -21.015057853681739 ], [ 114.909058434339002, -21.011691049060339 ], [ 114.909917522460901, -21.008301498992413 ], [ 114.910760354643926, -21.004885701961921 ], [ 114.911587491096697, -21.001443169039224 ], [ 114.912402649987655, -20.997967170947831 ], [ 114.913202835226087, -20.994461437976955 ], [ 114.913991195656507, -20.990921017705102 ], [ 114.914768761848222, -20.987343848182103 ], [ 114.91553783852855, -20.983726779396733 ], [ 114.916296656110902, -20.980070178312424 ], [ 114.917046935538607, -20.976372563795334 ], [ 114.917790945500769, -20.972628583533957 ], [ 114.91853016984301, -20.968837006023662 ], [ 114.919262818991598, -20.964998368099085 ], [ 114.919991148083213, -20.961109687740414 ], [ 114.920715983500656, -20.957169277737659 ], [ 114.921439365704998, -20.953174398680481 ], [ 114.922159529114722, -20.949125728881842 ], [ 114.922879393815833, -20.945018737148473 ], [ 114.923598973829385, -20.940853755362493 ], [ 114.924319459660438, -20.936630057961391 ], [ 114.925040574976848, -20.932345224703198 ], [ 114.925762812678556, -20.928000408324095 ], [ 114.926488453708842, -20.923590940523823 ], [ 114.927218984093003, -20.919117178423122 ], [ 114.927954000861959, -20.914577150934701 ], [ 114.928692578673434, -20.909973700121085 ], [ 114.929436182337952, -20.905304364640589 ], [ 114.93018632574497, -20.90056667127109 ], [ 114.930941983812062, -20.895763920279805 ], [ 114.931705827955071, -20.890892648191173 ], [ 114.932476029877719, -20.885955249890678 ], [ 114.933255323478704, -20.880948433953662 ], [ 114.934042579061099, -20.875876073896947 ], [ 114.934840420217014, -20.870735119721999 ], [ 114.935648242245151, -20.865527195380931 ], [ 114.936465446823789, -20.860254134617929 ], [ 114.937293857837503, -20.854915052232105 ], [ 114.938131918178854, -20.849513219911209 ], [ 114.938985785560561, -20.844040913406474 ], [ 114.939854052783645, -20.838501299640662 ], [ 114.940735754196467, -20.83290047852671 ], [ 114.94162884398493, -20.827242954668311 ], [ 114.942539293988233, -20.821520819697536 ], [ 114.943463293511684, -20.81574250235283 ], [ 114.944405950515659, -20.809902057007896 ], [ 114.945363439837095, -20.804008146511304 ], [ 114.946340950961229, -20.798054847491748 ], [ 114.94733465168774, -20.792051023778939 ], [ 114.948348633186114, -20.785992938633957 ], [ 114.949381330306366, -20.779885358056518 ], [ 114.950435819794734, -20.773726555456708 ], [ 114.951511799285996, -20.767519108510072 ], [ 114.952610038469516, -20.761265700147796 ], [ 114.953730283847563, -20.754969009667597 ], [ 114.954875731619126, -20.748627075551596 ], [ 114.956045048887034, -20.742244799673273 ], [ 114.957244039961054, -20.735815177940307 ], [ 114.958467935350683, -20.729349872647326 ], [ 114.959720237575056, -20.722845875655107 ], [ 114.961004422764788, -20.716300128487298 ], [ 114.962316987987066, -20.70972199095462 ], [ 114.963661257110758, -20.703108856294715 ], [ 114.965038965658906, -20.696460362671594 ], [ 114.966452420787959, -20.68977564090137 ], [ 114.967899384646074, -20.683061658576303 ], [ 114.969385314835876, -20.676311670731572 ], [ 114.970911434746228, -20.669526336048264 ], [ 114.972478823034777, -20.662706936935596 ], [ 114.974088419316161, -20.655854103541266 ], [ 114.975742776716658, -20.648966770268689 ], [ 114.977441700347327, -20.642047363371162 ], [ 114.979187825979622, -20.635093410294566 ], [ 114.980982481771207, -20.628105912115792 ], [ 114.982829723223915, -20.621079498930573 ], [ 114.984729373979931, -20.614017688501118 ], [ 114.986686297378725, -20.606914387176904 ], [ 114.988700121005024, -20.599771016695186 ], [ 114.990772563267328, -20.592588223456403 ], [ 114.992907772685641, -20.585359763876536 ], [ 114.995105724021613, -20.57808897586294 ], [ 114.997369608992813, -20.57077163225858 ], [ 114.99970245347474, -20.563403719590276 ], [ 115.002104378160823, -20.555988301869888 ], [ 115.004579400117805, -20.548518719877496 ], [ 115.007127543971222, -20.540998257008372 ], [ 115.009752757709563, -20.533420105822849 ], [ 115.012452920164733, -20.525790167719045 ], [ 115.015235843771578, -20.518096940590208 ], [ 115.018099215852274, -20.51034679101868 ], [ 115.021046681969892, -20.502532885806499 ], [ 115.024077620812406, -20.494659829127503 ], [ 115.027194434920588, -20.486723744747106 ], [ 115.030399202129345, -20.478721369878485 ], [ 115.033688848877205, -20.470659791599502 ], [ 115.037070454946871, -20.462528958054065 ], [ 115.040540504735574, -20.454336810162292 ], [ 115.044101329937163, -20.44607803954414 ], [ 115.04775112766221, -20.437759229086275 ], [ 115.05148948247799, -20.429377564404188 ], [ 115.055318691410932, -20.420936390609274 ], [ 115.059237813851112, -20.412433470283975 ], [ 115.063243954361951, -20.403877312403115 ], [ 115.067335518227836, -20.395266085961378 ], [ 115.071514824200051, -20.386602179719151 ], [ 115.075777643104701, -20.377891030141946 ], [ 115.080119591240901, -20.369138182963479 ], [ 115.084543188787194, -20.360343957414518 ], [ 115.089040872800695, -20.351516628863028 ], [ 115.093614855469824, -20.342657157082158 ], [ 115.09825937721763, -20.333772665922186 ], [ 115.102969571780022, -20.324866996147119 ], [ 115.107744870738486, -20.31594887267018 ], [ 115.112577238375835, -20.307024519961516 ], [ 115.117467898214812, -20.298096451480138 ], [ 115.122409877771702, -20.289172862225129 ], [ 115.127396233959715, -20.28026179703512 ], [ 115.13242763599186, -20.271366437431912 ], [ 115.137495100861443, -20.262493325175843 ], [ 115.142597309767041, -20.253652543489725 ], [ 115.147727816557818, -20.244848880601065 ], [ 115.15288281012009, -20.236085413222693 ], [ 115.158056333680378, -20.227372444299313 ], [ 115.16324460060747, -20.218712827797937 ], [ 115.168441862467546, -20.210116018735743 ], [ 115.173644488168748, -20.201584542094356 ], [ 115.178844145204792, -20.193129121789454 ], [ 115.184040773799609, -20.184755467119118 ], [ 115.189226409515356, -20.176472646315219 ], [ 115.194399160541153, -20.16827835995549 ], [ 115.199555087878466, -20.160177004440499 ], [ 115.204687601813433, -20.152174015741149 ], [ 115.209798682775897, -20.14427033974415 ], [ 115.214879496995763, -20.136471980571478 ], [ 115.219932514097096, -20.128779185854469 ], [ 115.224949346977894, -20.12119714947632 ], [ 115.229932976693178, -20.113725418344021 ], [ 115.234875483956017, -20.106368387386112 ], [ 115.239780364630505, -20.099124948561009 ], [ 115.244643928913248, -20.091994194896373 ], [ 115.24945997751486, -20.084984670403074 ], [ 115.254233339592091, -20.078091140338501 ], [ 115.258957763416817, -20.071315972277766 ], [ 115.263637459730148, -20.064656768409641 ], [ 115.268266600069751, -20.058115297039112 ], [ 115.272849829053243, -20.05168868393881 ], [ 115.27738379353444, -20.045371946378193 ], [ 115.281872292360674, -20.039165703236705 ], [ 115.286309170756141, -20.033073929032614 ], [ 115.290705137062091, -20.02707797817828 ], [ 115.295045337545176, -20.021207004595599 ], [ 115.299337458824183, -20.015444691144115 ], [ 115.303587770379906, -20.009774108057336 ], [ 115.307787986506838, -20.004223496758961 ], [ 115.311939709361184, -19.998776316501985 ], [ 115.316047620068019, -19.993426523794518 ], [ 115.320115455700943, -19.988171224653211 ], [ 115.324139135456164, -19.983010562314142 ], [ 115.328115369819969, -19.97795873380457 ], [ 115.332054087090469, -19.972996776240645 ], [ 115.335951640610489, -19.968124377046053 ], [ 115.339812817549841, -19.963335767879297 ], [ 115.343638901285459, -19.958629168685786 ], [ 115.347432704066634, -19.954004596474192 ], [ 115.351190363534201, -19.949462027001296 ], [ 115.354911903746441, -19.945007107109241 ], [ 115.358604260963403, -19.940630185088295 ], [ 115.362265212490144, -19.936328258297337 ], [ 115.365898453194845, -19.932098852814178 ], [ 115.369504001983515, -19.927943213601868 ], [ 115.373088585405554, -19.923853228996663 ], [ 115.376647092203825, -19.919831964962878 ], [ 115.38018333343436, -19.915877184272812 ], [ 115.383701252413644, -19.911986693898246 ], [ 115.387197246442156, -19.908160842670604 ], [ 115.390673615865865, -19.904400367633581 ], [ 115.394134385303133, -19.90069872611846 ], [ 115.397583604485817, -19.89705405850556 ], [ 115.401015802818634, -19.893469988931685 ], [ 115.40443476869379, -19.889944737282416 ], [ 115.407844432961696, -19.886476557242695 ], [ 115.411241042216687, -19.883066190105392 ], [ 115.414626984593298, -19.87971453307178 ], [ 115.418007491330883, -19.876417284263631 ], [ 115.421378951347791, -19.873175313231147 ], [ 115.424747624075152, -19.869986453192016 ], [ 115.428112183560799, -19.866850946570551 ], [ 115.431473849825778, -19.863768284282671 ], [ 115.43482994323918, -19.860741310783652 ], [ 115.438189506952028, -19.857762983495952 ], [ 115.441549815197504, -19.854836204798612 ], [ 115.444912078717181, -19.851960609239491 ], [ 115.448274917154521, -19.849136674057736 ], [ 115.451644793146556, -19.846362441574385 ], [ 115.455018883185986, -19.843640888887062 ], [ 115.458401155768641, -19.840966875368995 ], [ 115.461791485831114, -19.838342550131234 ], [ 115.465187110723903, -19.835770887970181 ], [ 115.46859726590489, -19.833245303621997 ], [ 115.472019197495214, -19.830768731658647 ], [ 115.475454153523359, -19.828340962503308 ], [ 115.478901941566775, -19.825964168061777 ], [ 115.482366654265491, -19.823633468632618 ], [ 115.485845498774836, -19.821351805689776 ], [ 115.489345165972111, -19.819117261070289 ], [ 115.492862710892183, -19.816932855012077 ], [ 115.49640238393691, -19.814793695079231 ], [ 115.49996553181785, -19.812699561917373 ], [ 115.503550307483437, -19.810651650764914 ], [ 115.507166627791761, -19.80864704642681 ], [ 115.510807496229262, -19.806691636246899 ], [ 115.51447300494327, -19.804787056098071 ], [ 115.518166213390273, -19.802926957369682 ], [ 115.521892866451765, -19.801111440138165 ], [ 115.525649850541058, -19.799343344337597 ], [ 115.529445099653771, -19.797616640952221 ], [ 115.533275694441429, -19.795934037140324 ], [ 115.5371461542791, -19.79429413698869 ], [ 115.541042364152773, -19.792701386110689 ], [ 115.544980489366878, -19.791150598003831 ], [ 115.548955906376065, -19.789643120516306 ], [ 115.552978002269242, -19.788174221431614 ], [ 115.557044866366027, -19.786744505949247 ], [ 115.561151529176811, -19.785358681796666 ], [ 115.565305925157929, -19.784013820995888 ], [ 115.56950334064679, -19.782710834757154 ], [ 115.573753605258005, -19.781444654165199 ], [ 115.578054833660616, -19.78021547051523 ], [ 115.582405335123397, -19.779023346459532 ], [ 115.586813208391504, -19.777865333726822 ], [ 115.591273200127546, -19.776742465448876 ], [ 115.595795723115231, -19.775649382898752 ], [ 115.600374881220887, -19.774590460218342 ], [ 115.605016462580167, -19.773556970145492 ], [ 115.609723071218312, -19.772552306783787 ], [ 115.614484804453468, -19.771581785926355 ], [ 115.619310773019848, -19.770641360924998 ], [ 115.624201686243993, -19.769724872555596 ], [ 115.629162069847183, -19.76883327801767 ], [ 115.634190454233249, -19.767962571732287 ], [ 115.639291393009046, -19.767113601599554 ], [ 115.644463406995683, -19.766282192676169 ], [ 115.649711073739738, -19.765469079454 ], [ 115.655032908238354, -19.764669916296082 ], [ 115.660433507278782, -19.763885321221395 ], [ 115.665911384257299, -19.763110777896397 ], [ 115.671471149350481, -19.762346786150047 ], [ 115.677108805696975, -19.761590968881443 ], [ 115.682836508425012, -19.760836782793508 ], [ 115.688642632794668, -19.760088633694714 ], [ 115.694542130047481, -19.759337483383785 ], [ 115.700522997341039, -19.758587671741004 ], [ 115.706600568660875, -19.757829955907397 ], [ 115.712762442333272, -19.757068617212653 ], [ 115.719024341518562, -19.756294217191854 ], [ 115.725373441943532, -19.755510988657491 ], [ 115.731826245630614, -19.754709193720256 ], [ 115.738373928734433, -19.753891891796616 ], [ 115.745023777779934, -19.753051634645068 ], [ 115.751771353164671, -19.752190287843234 ], [ 115.758616251073761, -19.751303794137492 ], [ 115.76557265554753, -19.750384532055545 ], [ 115.772631147489278, -19.749435297549219 ], [ 115.779798995968605, -19.748448654137917 ], [ 115.787071352936934, -19.747426196787622 ], [ 115.794450480209804, -19.746361703601856 ], [ 115.801941546547297, -19.745254185212449 ], [ 115.80954693796258, -19.744097339460168 ], [ 115.817260763052886, -19.742893100866635 ], [ 115.825087401946362, -19.741636099040353 ], [ 115.833030710648572, -19.74032139824309 ], [ 115.841084484564291, -19.738950799475703 ], [ 115.849255957528257, -19.737517087633627 ], [ 115.85753815427357, -19.736022373981697 ], [ 115.865932607617026, -19.73446085561558 ], [ 115.87444295282512, -19.732832327282509 ], [ 115.883066857018392, -19.731133494304888 ], [ 115.891807041758739, -19.729360242981048 ], [ 115.900655092752487, -19.727515213392984 ], [ 115.90962357759625, -19.7255908568109 ], [ 115.918694967957876, -19.723590668534207 ], [ 115.927875181843532, -19.721513191695209 ], [ 115.9371579808859, -19.719355386891397 ], [ 115.946542675541508, -19.717117520580782 ], [ 115.956032521777047, -19.714797815448385 ], [ 115.965607419347805, -19.712401020054774 ], [ 115.975284682904558, -19.709919873677741 ], [ 115.985049819577441, -19.707358296802607 ], [ 115.994892091055618, -19.704718307913097 ], [ 116.004814496475674, -19.702000565473583 ], [ 116.01481447942669, -19.699202948821792 ], [ 116.024882098887161, -19.696329363541924 ], [ 116.035007068879025, -19.693384048707646 ], [ 116.045212165783298, -19.690356429190441 ], [ 116.055454524532436, -19.68726372976462 ], [ 116.065744622048257, -19.684103618029575 ], [ 116.076064508769392, -19.680882425501437 ], [ 116.086405855891783, -19.677602263587914 ], [ 116.096773632673077, -19.674263966144462 ], [ 116.10714233420201, -19.6708764167835 ], [ 116.117513579324921, -19.667439303242027 ], [ 116.127886962755241, -19.663956362476558 ], [ 116.138237264417029, -19.660436663428936 ], [ 116.148568882945355, -19.656882143805344 ], [ 116.158871630264628, -19.653295538500153 ], [ 116.169145028254178, -19.649681374937021 ], [ 116.179375141760076, -19.64604558238479 ], [ 116.189548452521819, -19.642394149028899 ], [ 116.199669877709539, -19.6387295492341 ], [ 116.209726230393997, -19.635057800536728 ], [ 116.219705456366754, -19.631385873398493 ], [ 116.22961200023191, -19.627714121208584 ], [ 116.239447231798763, -19.624046691236288 ], [ 116.249193957162802, -19.62039057735138 ], [ 116.258858289696505, -19.61674690640146 ], [ 116.268431502019041, -19.613121863558067 ], [ 116.27788034203526, -19.609526587773818 ], [ 116.287228611422009, -19.605957283091779 ], [ 116.296467999658219, -19.602419635718299 ], [ 116.305602135987854, -19.598917010367884 ], [ 116.314629677307821, -19.595450419642898 ], [ 116.323538047479616, -19.592026759098388 ], [ 116.332326228809421, -19.588647546088708 ], [ 116.340999222652215, -19.585313399361009 ], [ 116.349550985166402, -19.582029414501921 ], [ 116.357982388943356, -19.578796620734412 ], [ 116.36631041967334, -19.575613079343118 ], [ 116.374520706776678, -19.572484805041793 ], [ 116.382621034366608, -19.569411333928745 ], [ 116.390613871213219, -19.566393733344114 ], [ 116.398507249473695, -19.563431926389789 ], [ 116.40630513627957, -19.56052655809756 ], [ 116.41400110726758, -19.557679876630502 ], [ 116.421593210559806, -19.554893026409452 ], [ 116.429100829885883, -19.552162868973678 ], [ 116.436517830417429, -19.549492474213164 ], [ 116.443869198276317, -19.546875762091027 ], [ 116.45114383820453, -19.54431638823015 ], [ 116.458336078961551, -19.541818190870774 ], [ 116.465453398208368, -19.539378754954789 ], [ 116.472521376704577, -19.536992864384612 ], [ 116.479525872184112, -19.534664191805202 ], [ 116.486482685754524, -19.53238959384953 ], [ 116.493407380378073, -19.530165967235142 ], [ 116.500286579711926, -19.527996604800006 ], [ 116.507141054143304, -19.525876960565483 ], [ 116.513966759108541, -19.523808545309947 ], [ 116.520779412832326, -19.521788034356291 ], [ 116.527576046003404, -19.519815831041512 ], [ 116.534367140735711, -19.517889914585432 ], [ 116.541158641316258, -19.516009042642445 ], [ 116.54796141916097, -19.514170873931178 ], [ 116.554775525291163, -19.512375568135774 ], [ 116.561603066105661, -19.510622300826697 ], [ 116.568467691341496, -19.508906290589877 ], [ 116.575351131897804, -19.507230965031688 ], [ 116.582277126491263, -19.505591485822389 ], [ 116.589232241607704, -19.503990166916772 ], [ 116.596230024880583, -19.502424004766539 ], [ 116.603284989099237, -19.500889963664214 ], [ 116.61039745071777, -19.499387669649529 ], [ 116.617562546496174, -19.497917674884995 ], [ 116.624780713678618, -19.496479627887204 ], [ 116.632066518529385, -19.495070123000396 ], [ 116.639414531820336, -19.493689805519569 ], [ 116.64684001315679, -19.492335138361206 ], [ 116.654332564001123, -19.491007698948629 ], [ 116.66189730923098, -19.489705658551316 ], [ 116.669528600541355, -19.488429794756573 ], [ 116.67723199901026, -19.487178463991302 ], [ 116.685016333419156, -19.485949050750776 ], [ 116.692876177557608, -19.484741696788678 ], [ 116.700808650653357, -19.483556466783845 ], [ 116.708816368059701, -19.482391801378906 ], [ 116.716898022189412, -19.481247008882416 ], [ 116.725060181023835, -19.480119466591461 ], [ 116.733279787744294, -19.47901336178036 ], [ 116.741571179869538, -19.477924208564211 ], [ 116.749930295170714, -19.47685149372245 ], [ 116.758346615594363, -19.475796445852481 ], [ 116.766819349200148, -19.474757698891676 ], [ 116.775343990455724, -19.473734758010234 ], [ 116.783919298811341, -19.472726167717568 ], [ 116.792532992412731, -19.471733345698564 ], [ 116.801182781381371, -19.470754966459513 ], [ 116.809866099254165, -19.469789675943019 ], [ 116.818570201574829, -19.46883886397066 ], [ 116.827291745485638, -19.467901281420119 ], [ 116.836019739859495, -19.466977742368993 ], [ 116.844759102156218, -19.466064573877837 ], [ 116.853492024457495, -19.465164455087354 ], [ 116.862214471406276, -19.464276152492154 ], [ 116.870922372977049, -19.463398398478855 ], [ 116.87959833535524, -19.462533840961498 ], [ 116.888246093447592, -19.461678979342711 ], [ 116.896854461814712, -19.46083465284876 ], [ 116.9054195540417, -19.459999574124211 ], [ 116.913928330333206, -19.459175306836997 ], [ 116.922373071640195, -19.458361829941019 ], [ 116.930757878677468, -19.457555599539177 ], [ 116.939067152088668, -19.456759193877915 ], [ 116.947293669596732, -19.455972644578367 ], [ 116.955439246364136, -19.455193377054865 ], [ 116.96350522986873, -19.454418668051115 ], [ 116.971477839005843, -19.453651185544789 ], [ 116.979346313848581, -19.452892606969723 ], [ 116.987107484215073, -19.45214215237927 ], [ 116.994762006875803, -19.451398246122743 ], [ 117.002302040029207, -19.450661787500792 ], [ 117.009731186090789, -19.44993043897615 ], [ 117.017045960410186, -19.449204003842826 ], [ 117.024235692790384, -19.448484935098406 ], [ 117.031307603223041, -19.447770041243267 ], [ 117.03825612430542, -19.447060109180541 ], [ 117.045084103316142, -19.446353716535512 ], [ 117.051787720592372, -19.445651469666256 ], [ 117.058366404153844, -19.444953107968249 ], [ 117.064820095966596, -19.444258309288625 ], [ 117.071148313808806, -19.443566803112951 ], [ 117.077355594387342, -19.442877200569313 ], [ 117.083439779884444, -19.442190088314398 ], [ 117.089399845657141, -19.441505995559925 ], [ 117.095239185611646, -19.440823844988071 ], [ 117.100959369045327, -19.440143342283871 ], [ 117.106562229695541, -19.439464170411323 ], [ 117.112047749523938, -19.438786825879607 ], [ 117.117422279865792, -19.438109349961483 ], [ 117.122683425177868, -19.437433027294571 ], [ 117.127841410108431, -19.43675504841374 ], [ 117.132889317513303, -19.436078314153303 ], [ 117.137837339798438, -19.435400145625113 ], [ 117.142686957308072, -19.434720062893046 ], [ 117.147444596681666, -19.434036918577156 ], [ 117.15210243411876, -19.433354275118926 ], [ 117.156672196591785, -19.43266889260352 ], [ 117.16115009003714, -19.431982671713424 ], [ 117.165546065358271, -19.431293106046031 ], [ 117.169858475120876, -19.430601156389216 ], [ 117.174104779872764, -19.429900956425435 ], [ 117.178271096099508, -19.429199014232406 ], [ 117.182368703354953, -19.428492222555498 ], [ 117.18639449488721, -19.427782165513563 ], [ 117.190354180999549, -19.427068106417888 ], [ 117.194248285741864, -19.426350041924678 ], [ 117.198087862235369, -19.425625003348799 ], [ 117.201870085957012, -19.424894393116119 ], [ 117.205600674285805, -19.424157409602678 ], [ 117.209282103748038, -19.423413236586434 ], [ 117.212916159478141, -19.422662309485091 ], [ 117.216507960197234, -19.421903675806703 ], [ 117.220059864794337, -19.421136471049792 ], [ 117.223575460008817, -19.420360351378989 ], [ 117.22705986512355, -19.41957430499583 ], [ 117.230511859397851, -19.418778810445179 ], [ 117.233936772645123, -19.417972757089217 ], [ 117.237337651931796, -19.417155554205564 ], [ 117.240719404878803, -19.416326150244082 ], [ 117.244081143483612, -19.415484821365297 ], [ 117.247426286923925, -19.414631118337841 ], [ 117.250763202024444, -19.413762490030042 ], [ 117.254089101982188, -19.412879882835341 ], [ 117.257407511531468, -19.411982739545785 ], [ 117.260724905302041, -19.411068857215941 ], [ 117.264042644554792, -19.410138462741092 ], [ 117.267363667474839, -19.409190058504603 ], [ 117.270691228831438, -19.408223071844727 ], [ 117.274028614383994, -19.4072368687603 ], [ 117.277378656451958, -19.406229880287835 ], [ 117.280744800767692, -19.405201395722415 ], [ 117.284128646342523, -19.404151044199363 ], [ 117.287538598895566, -19.403075964584691 ], [ 117.290970945871862, -19.401977217776594 ], [ 117.294434525977323, -19.400851754445082 ], [ 117.297932702531185, -19.399698735987627 ], [ 117.301463563874719, -19.398518361342479 ], [ 117.305036124681919, -19.397307466280814 ], [ 117.308652274189129, -19.396065385272273 ], [ 117.312317335338633, -19.394790366274282 ], [ 117.316031555464264, -19.393481662643016 ], [ 117.319798690033153, -19.39213816532957 ], [ 117.323628037721306, -19.390756437919162 ], [ 117.327519777043776, -19.389336034836031 ], [ 117.331476020492971, -19.38787567789042 ], [ 117.335504404307997, -19.386372982389513 ], [ 117.339607188379702, -19.384826589365606 ], [ 117.343788457795554, -19.383234754155346 ], [ 117.348058257808333, -19.381593219040795 ], [ 117.352422215242527, -19.379899188528892 ], [ 117.356878485976452, -19.37815421029342 ], [ 117.361431341804163, -19.37635598526991 ], [ 117.366083280300558, -19.374503374109604 ], [ 117.370832291465561, -19.37259646827642 ], [ 117.375694027602606, -19.370629642375672 ], [ 117.380668831421261, -19.368602118599128 ], [ 117.385760722854016, -19.366512027514016 ], [ 117.390971700628612, -19.364358362782976 ], [ 117.396305619996326, -19.362138899697847 ], [ 117.401767887074513, -19.359852184089913 ], [ 117.407364296032284, -19.357495178523131 ], [ 117.413094093278161, -19.355068034998631 ], [ 117.418969007820593, -19.352565749353147 ], [ 117.424983844379696, -19.34999039353831 ], [ 117.431143444226933, -19.347339336191254 ], [ 117.437450004463983, -19.344612452111186 ], [ 117.443914187237041, -19.34180493749593 ], [ 117.450524050526738, -19.338921422208553 ], [ 117.457281259986942, -19.335961530313583 ], [ 117.464188559133532, -19.332923662007257 ], [ 117.471246268980551, -19.329807227636881 ], [ 117.478460535081794, -19.326610829215927 ], [ 117.485824291274668, -19.32333681027125 ], [ 117.493340465062971, -19.319984655750766 ], [ 117.501009376446575, -19.316554018937811 ], [ 117.508826957260155, -19.313046762048721 ], [ 117.51678611287322, -19.309465475683563 ], [ 117.524888455648323, -19.305809704084435 ], [ 117.53312524801008, -19.302084412330498 ], [ 117.541488847880657, -19.298292610518526 ], [ 117.549975745504199, -19.294435858979096 ], [ 117.558582173640175, -19.290517253006886 ], [ 117.567308101091498, -19.286536584169845 ], [ 117.576142437181232, -19.282499857490507 ], [ 117.585075358218717, -19.278411377906423 ], [ 117.594091851910761, -19.274277511053601 ], [ 117.603191762527189, -19.270100247415847 ], [ 117.612359142172551, -19.265885934128683 ], [ 117.621593399706967, -19.261636796750963 ], [ 117.630880550356665, -19.257358926564866 ], [ 117.640208154349764, -19.25305789538513 ], [ 117.649563808255337, -19.248740615068659 ], [ 117.658938841891143, -19.24441089703037 ], [ 117.66832756412353, -19.240073062081109 ], [ 117.677715119466484, -19.235733377847367 ], [ 117.687098109778248, -19.231395287238136 ], [ 117.69645761440006, -19.227066621370643 ], [ 117.70579067789177, -19.222750603313266 ], [ 117.715083252455599, -19.218453251732772 ], [ 117.724333120676746, -19.214177450466547 ], [ 117.733525022165139, -19.209929629279618 ], [ 117.742655520095525, -19.205712998954777 ], [ 117.751712370497799, -19.201532840522262 ], [ 117.760693250389039, -19.197391811303234 ], [ 117.769587082755436, -19.193294699282937 ], [ 117.778392785817999, -19.189243569682471 ], [ 117.787100561571776, -19.185242645119619 ], [ 117.795710638518187, -19.181293305726392 ], [ 117.804214558689097, -19.177399180981979 ], [ 117.812613891768478, -19.173560960619017 ], [ 117.82090155298043, -19.169781627665454 ], [ 117.829080415051081, -19.166061210778516 ], [ 117.837144688088827, -19.162402141485856 ], [ 117.845098486212279, -19.158803806131658 ], [ 117.852939480318767, -19.155267406627413 ], [ 117.860668236961956, -19.15179319081901 ], [ 117.868281677379741, -19.148382513784018 ], [ 117.875790014206714, -19.145032235440972 ], [ 117.883191141702909, -19.141743228975226 ], [ 117.890485771284077, -19.138515401597459 ], [ 117.897682669714897, -19.135345748556585 ], [ 117.904779200509594, -19.132235174719916 ], [ 117.911781716935195, -19.129181574190877 ], [ 117.91869569362764, -19.126182876185315 ], [ 117.925525441088894, -19.123237433419302 ], [ 117.932273562280812, -19.120344186591396 ], [ 117.938942751634755, -19.117502063586045 ], [ 117.94553535968123, -19.114710088282767 ], [ 117.9520642283195, -19.111963509069589 ], [ 117.95852841713544, -19.10926239501072 ], [ 117.964940044457492, -19.106602288369835 ], [ 117.971302819083562, -19.103981542842121 ], [ 117.977612711562074, -19.101401082020878 ], [ 117.983881389777011, -19.098856528666001 ], [ 117.990110180776256, -19.09634709022896 ], [ 117.996307179836649, -19.093869606497666 ], [ 118.002473547749958, -19.091423342867333 ], [ 118.008615285430096, -19.089005880723366 ], [ 118.014738294049053, -19.086614818301172 ], [ 118.020850427726572, -19.084246939374683 ], [ 118.026948322137912, -19.08190322423917 ], [ 118.033039733945316, -19.079580355501626 ], [ 118.039120543464961, -19.077279555537253 ], [ 118.045197496771138, -19.074997949196955 ], [ 118.051276790141543, -19.072732863145848 ], [ 118.057358982544173, -19.07048386337587 ], [ 118.063448066381682, -19.068249270466492 ], [ 118.069544377942876, -19.066028755740888 ], [ 118.075647036643446, -19.063821486206415 ], [ 118.081761585792336, -19.06162561660409 ], [ 118.087885970701251, -19.059441234459449 ], [ 118.094024340647039, -19.057266428782789 ], [ 118.100173380328926, -19.055102162747421 ], [ 118.106335245316259, -19.052947146781012 ], [ 118.112510238302079, -19.050800710870668 ], [ 118.118697490420814, -19.048662966076364 ], [ 118.124894955512644, -19.046534157779966 ], [ 118.131102733718535, -19.044413966710259 ], [ 118.137320282729547, -19.042301946382629 ], [ 118.143544359254733, -19.040198901132445 ], [ 118.149778459473922, -19.038102988830236 ], [ 118.156014299670915, -19.036016839314183 ], [ 118.162256212181958, -19.033938319644115 ], [ 118.168495665705734, -19.031870114056733 ], [ 118.174736548395188, -19.029810236078742 ], [ 118.180973210674594, -19.027760292278476 ], [ 118.187201246919017, -19.025721484239853 ], [ 118.193422759032359, -19.023692426397609 ], [ 118.199630864065966, -19.021675059609198 ], [ 118.20582518348975, -19.019669217604338 ], [ 118.212004394452904, -19.017674843293307 ], [ 118.218163118354568, -19.015693193801791 ], [ 118.224296791683102, -19.013725475915045 ], [ 118.230408033601393, -19.011770377310402 ], [ 118.236484986988415, -19.009831706938357 ], [ 118.242533053824715, -19.007907718510531 ], [ 118.248548864837346, -19.005998385821172 ], [ 118.254528051044787, -19.004104853225169 ], [ 118.260465236712932, -19.002228036646144 ], [ 118.266361970880922, -19.000367725131635 ], [ 118.272213694383282, -18.998525187980732 ], [ 118.278021479039779, -18.996699650356945 ], [ 118.283779657048683, -18.994892927718578 ], [ 118.289489555071128, -18.99310365153422 ], [ 118.295151370795352, -18.991331749157744 ], [ 118.300761426798971, -18.989578215625301 ], [ 118.306323170067259, -18.987841409522414 ], [ 118.311834975847802, -18.986121582961566 ], [ 118.31729335582088, -18.984419929839454 ], [ 118.322702696971362, -18.982734400007768 ], [ 118.328059656854606, -18.98106615772457 ], [ 118.333361144671031, -18.979416501802003 ], [ 118.338612672724437, -18.977782955953842 ], [ 118.343809078990375, -18.976166726416892 ], [ 118.348955697297825, -18.974566144762491 ], [ 118.354053541166451, -18.972980728945466 ], [ 118.359102397661474, -18.971410570555673 ], [ 118.36410748565855, -18.969853631132146 ], [ 118.369069336997143, -18.968310172968135 ], [ 118.373985981950455, -18.966779938420267 ], [ 118.378862030199116, -18.965261339257221 ], [ 118.383696562972176, -18.963754902087256 ], [ 118.388493909045209, -18.962259106533356 ], [ 118.39325757815314, -18.960772632216933 ], [ 118.397987026035253, -18.959295865550516 ], [ 118.40268675777898, -18.957827220856043 ], [ 118.407357548382791, -18.956366346209613 ], [ 118.412003389996144, -18.954912005812318 ], [ 118.416628193724634, -18.953462846211323 ], [ 118.421231015525791, -18.952019419718113 ], [ 118.425815729434191, -18.950580376756253 ], [ 118.430384021919721, -18.949145162359773 ], [ 118.434940398307887, -18.947712302735866 ], [ 118.439485516828725, -18.946281952978737 ], [ 118.444022894862286, -18.944852677707182 ], [ 118.448552394169596, -18.943424785845309 ], [ 118.453080363597493, -18.941996252361367 ], [ 118.457605093201522, -18.940567761839347 ], [ 118.462136369829224, -18.939135923076339 ], [ 118.466668409918597, -18.937703085377152 ], [ 118.471204828008979, -18.936268313401833 ], [ 118.475745249832642, -18.934831886545137 ], [ 118.480297335275438, -18.933391243527073 ], [ 118.4848597604133, -18.931947118968136 ], [ 118.489435932909018, -18.930498381659852 ], [ 118.494023465555799, -18.929046151567249 ], [ 118.498627453553425, -18.927588835221368 ], [ 118.503246163106994, -18.926127386622483 ], [ 118.507881835635132, -18.924661105240389 ], [ 118.5125359917796, -18.923189722128651 ], [ 118.517209726762985, -18.921712998963894 ], [ 118.521902600941459, -18.920231493337749 ], [ 118.526614889640086, -18.918745171290333 ], [ 118.531349285583104, -18.917253457444186 ], [ 118.536102111770759, -18.915757740954891 ], [ 118.540875174608331, -18.914257677125796 ], [ 118.545668880988288, -18.912753465062433 ], [ 118.550483851790247, -18.911245063071735 ], [ 118.555315932995086, -18.909733984288895 ], [ 118.560166189721926, -18.908220155142732 ], [ 118.565034785920901, -18.906703712458331 ], [ 118.569923138360636, -18.905184991588442 ], [ 118.57482282414901, -18.90366614185475 ], [ 118.579735483391843, -18.902147143593726 ], [ 118.584661272041799, -18.900628198690519 ], [ 118.5895964241531, -18.899110839684727 ], [ 118.594540943215094, -18.897595350473203 ], [ 118.599493461721565, -18.896082253123478 ], [ 118.604450472492573, -18.894573094567374 ], [ 118.609411102794027, -18.893068337920297 ], [ 118.614373301300688, -18.891568896056516 ], [ 118.619337169059591, -18.890075198712822 ], [ 118.624292213316167, -18.888589504108758 ], [ 118.629241226446567, -18.887111903559248 ], [ 118.6341822274903, -18.885643020201698 ], [ 118.639111339387583, -18.884184459622542 ], [ 118.644027272261525, -18.882736733721529 ], [ 118.648927619946576, -18.881300740532957 ], [ 118.653810913535978, -18.879877033802178 ], [ 118.658672820704041, -18.878467168464454 ], [ 118.6635120232242, -18.877071619488802 ], [ 118.668331419517756, -18.875690216224918 ], [ 118.673126469802895, -18.874323859217132 ], [ 118.677889002449831, -18.872974825516202 ], [ 118.682617635231026, -18.871644197540011 ], [ 118.687312814623454, -18.870331637127389 ], [ 118.691971928837063, -18.869037846269297 ], [ 118.696594698983276, -18.867763045689451 ], [ 118.70117743207615, -18.86650844545165 ], [ 118.705720098406204, -18.865274191632984 ], [ 118.710219893045135, -18.86406077499942 ], [ 118.714677573946133, -18.862868265909519 ], [ 118.719090232331595, -18.861697392044576 ], [ 118.72345665430359, -18.860548477079771 ], [ 118.727775114682828, -18.859421750158706 ], [ 118.73204527400884, -18.858317425493642 ], [ 118.736266305888122, -18.857235667546686 ], [ 118.740438348508235, -18.856176311784463 ], [ 118.744559855754574, -18.85513973087005 ], [ 118.748629746573044, -18.854125934973428 ], [ 118.752648087045628, -18.853135190083709 ], [ 118.756616356624733, -18.852167132757351 ], [ 118.760532592223527, -18.851221644640795 ], [ 118.764397192438238, -18.850298889152359 ], [ 118.768210763881712, -18.849398118270987 ], [ 118.771973281055722, -18.8485194123162 ], [ 118.775684996483051, -18.847662559044483 ], [ 118.779347182716506, -18.846827030895767 ], [ 118.782958682884171, -18.846013029108949 ], [ 118.786522523751728, -18.845219724806611 ], [ 118.7900373355737, -18.844446709222794 ], [ 118.793504403602398, -18.843693679989123 ], [ 118.796922520744388, -18.84296124134951 ], [ 118.800294886992475, -18.842247887561189 ], [ 118.80362484173024, -18.841553989853939 ], [ 118.806909897980518, -18.840878457011787 ], [ 118.810153368062714, -18.840220479593434 ], [ 118.813356986686046, -18.83957940851187 ], [ 118.816521265626804, -18.838956147445483 ], [ 118.819645381285085, -18.838349690385456 ], [ 118.822730646977377, -18.837759578869381 ], [ 118.82577845177515, -18.837185607308317 ], [ 118.828792776092484, -18.836626588492496 ], [ 118.831774306807276, -18.83608230566243 ], [ 118.834724517559337, -18.835552594163349 ], [ 118.837645253390249, -18.835036345521072 ], [ 118.840536368174938, -18.834533555516643 ], [ 118.843400365265794, -18.834043529061589 ], [ 118.846238862614882, -18.833565841901677 ], [ 118.849054153379655, -18.833100117193577 ], [ 118.85184726593576, -18.832645894443523 ], [ 118.854621322177337, -18.832202862469458 ], [ 118.857376609184939, -18.831770821446188 ], [ 118.860115772102901, -18.831348886935441 ], [ 118.862843456342631, -18.830937149665218 ], [ 118.865558074129737, -18.830535046382611 ], [ 118.868261474498453, -18.830142277552881 ], [ 118.870956176413998, -18.829758598200566 ], [ 118.873643333201159, -18.829383944793822 ], [ 118.876326356916053, -18.82901762811959 ], [ 118.879005718461173, -18.828659571350574 ], [ 118.881684003639762, -18.828309861867933 ], [ 118.884363236764017, -18.82796779481648 ], [ 118.887045355224615, -18.827633705847731 ], [ 118.889732284859832, -18.827306959580181 ], [ 118.892426015231848, -18.826987674707713 ], [ 118.895127767813406, -18.826675973038061 ], [ 118.897841008895682, -18.826371370748426 ], [ 118.900566279818136, -18.826074233468248 ], [ 118.903308639089445, -18.825784182414022 ], [ 118.906067950554799, -18.825501408698319 ], [ 118.908846276351113, -18.825226159667576 ], [ 118.911646305061041, -18.824958058589022 ], [ 118.914467004559583, -18.82469759236804 ], [ 118.917313163420232, -18.824444515324256 ], [ 118.920185212243311, -18.824199174050108 ], [ 118.923086684845302, -18.823961723230379 ], [ 118.926017851417171, -18.82373237080397 ], [ 118.928981347303392, -18.823511318253683 ], [ 118.931979006585706, -18.823298806407806 ], [ 118.935012624535659, -18.823095099209841 ], [ 118.938083952633804, -18.822900482804737 ], [ 118.941197300911398, -18.822715126631561 ], [ 118.944352394750851, -18.822539615572136 ], [ 118.947547624951156, -18.822374190808493 ], [ 118.950790822363643, -18.822218188478086 ], [ 118.954079445753962, -18.822073184249891 ], [ 118.957414916424781, -18.821939424891404 ], [ 118.960798495863898, -18.821817306152376 ], [ 118.964229331831021, -18.821707806029423 ], [ 118.967710861311986, -18.821610798790907 ], [ 118.971245038214661, -18.821526635860831 ], [ 118.97483101079186, -18.821455904988081 ], [ 118.978473539968618, -18.821398826701706 ], [ 118.982170753152531, -18.821355949259157 ], [ 118.985920288191636, -18.821327886315554 ], [ 118.98972526375708, -18.821314833749007 ], [ 118.993585301030663, -18.821317345832806 ], [ 118.997503711977657, -18.821335284195339 ], [ 119.001479176242029, -18.821369304164001 ], [ 119.005510741616192, -18.821419852599476 ], [ 119.009601044410687, -18.821486865202445 ], [ 119.013742489140952, -18.821571661844725 ], [ 119.017943947469504, -18.821672795325036 ], [ 119.022192337449383, -18.821793491563177 ], [ 119.02649368520494, -18.821932255842242 ], [ 119.030849730858094, -18.822088920489001 ], [ 119.035256044276238, -18.822264198314851 ], [ 119.039713205900355, -18.822457928840642 ], [ 119.044221678200401, -18.82266994311011 ], [ 119.048777708572757, -18.822900691051945 ], [ 119.053382685463035, -18.823149494856253 ], [ 119.058032700939947, -18.823416835342567 ], [ 119.062727546765075, -18.82370224637225 ], [ 119.067464953368443, -18.824005869867143 ], [ 119.072240088425659, -18.824328019061163 ], [ 119.077058738581343, -18.824667399418974 ], [ 119.081911071746219, -18.825024459250461 ], [ 119.086797658678492, -18.825398520511609 ], [ 119.091716899136216, -18.825789159283598 ], [ 119.096665130855939, -18.826196215058406 ], [ 119.101643264239769, -18.826618812233747 ], [ 119.106645137889373, -18.827056960103231 ], [ 119.111672056422009, -18.827509559774928 ], [ 119.116721692627991, -18.827975896079433 ], [ 119.121794257644311, -18.828455075825254 ], [ 119.126882691609268, -18.82894701891178 ], [ 119.131983132027429, -18.82945126050565 ], [ 119.13709537767707, -18.829966787112294 ], [ 119.142218758887807, -18.830492609165862 ], [ 119.147352149163808, -18.831027774603843 ], [ 119.15249373613733, -18.831571410521395 ], [ 119.157642739909463, -18.832122486898303 ], [ 119.162800681158046, -18.832679591498124 ], [ 119.167961101368959, -18.83324246813239 ], [ 119.173122850854597, -18.833810098667843 ], [ 119.178284055130121, -18.834381642761659 ], [ 119.183444473218188, -18.834955944400239 ], [ 119.188603836661102, -18.835531876906437 ], [ 119.193758305770132, -18.836108798439167 ], [ 119.198908656794401, -18.836685429352727 ], [ 119.204053986005448, -18.837260729759443 ], [ 119.209193517015322, -18.837833664575953 ], [ 119.21432657736112, -18.838403201154907 ], [ 119.219452597528772, -18.838968306801146 ], [ 119.224573749772532, -18.839527633741945 ], [ 119.229687248665186, -18.840080495890337 ], [ 119.234790353530869, -18.840626116430776 ], [ 119.239885258746241, -18.841163203186372 ], [ 119.244971899065348, -18.841690740774965 ], [ 119.250051120481359, -18.842207627368737 ], [ 119.255123938034799, -18.842712743527514 ], [ 119.260189345871311, -18.843205150080223 ], [ 119.265244742577508, -18.843684382875924 ], [ 119.270292954233199, -18.844149112287997 ], [ 119.275334588539693, -18.8445982876292 ], [ 119.280369841393124, -18.845031149873435 ], [ 119.285400036340718, -18.845446673899648 ], [ 119.29042513979401, -18.845843936149798 ], [ 119.295445867661712, -18.84622202864195 ], [ 119.300462975196425, -18.846580057542468 ], [ 119.30547788079889, -18.8469171682911 ], [ 119.310491624252791, -18.847232333452805 ], [ 119.315504026391977, -18.847524584567825 ], [ 119.320516463858709, -18.847793461410554 ], [ 119.325531020241087, -18.848037638397784 ], [ 119.330548670985664, -18.848256517343639 ], [ 119.335570344752739, -18.848449968526502 ], [ 119.340595470007045, -18.848616750292301 ], [ 119.345625317359847, -18.84875612685553 ], [ 119.350660225993551, -18.848867490870187 ], [ 119.355703452753588, -18.848949823875859 ], [ 119.360755971704592, -18.849002619182762 ], [ 119.365816914706144, -18.849025284936474 ], [ 119.370894872458081, -18.849015761420183 ], [ 119.375983055578345, -18.848975133921563 ], [ 119.381085833900087, -18.848902335500629 ], [ 119.386203682418312, -18.84879676127094 ], [ 119.391335228927645, -18.848657824602427 ], [ 119.39648350013907, -18.848485090831058 ], [ 119.401646650267736, -18.848278619226537 ], [ 119.406827620494326, -18.848037645751269 ], [ 119.412028054307783, -18.847761575402796 ], [ 119.417250709103655, -18.847449813687003 ], [ 119.422493060253657, -18.847102385001399 ], [ 119.427759255394477, -18.846718023633894 ], [ 119.433048458348836, -18.846297192613576 ], [ 119.438360522656623, -18.845839892588014 ], [ 119.443698290498816, -18.84534538366308 ], [ 119.449060974505571, -18.844813772534341 ], [ 119.454447389427855, -18.844245357778735 ], [ 119.459860088246032, -18.843639292506161 ], [ 119.465298111971094, -18.842995924456247 ], [ 119.47075994081581, -18.842316229885025 ], [ 119.476247683991957, -18.841599517333488 ], [ 119.481761312998643, -18.840845948662071 ], [ 119.487303446506374, -18.840054832596003 ], [ 119.492871353322528, -18.839227523084169 ], [ 119.498462636648455, -18.838364567315342 ], [ 119.504079463198309, -18.837465992918098 ], [ 119.509721274740812, -18.836532012081694 ], [ 119.515386140907694, -18.835563527598499 ], [ 119.52107266208786, -18.834561321179194 ], [ 119.526781109075586, -18.83352565836973 ], [ 119.532511148833223, -18.832457236351733 ], [ 119.538260273237697, -18.831356803542572 ], [ 119.544028156075967, -18.830225387841448 ], [ 119.549815195518676, -18.829063154455895 ], [ 119.555617498583899, -18.82787148643898 ], [ 119.561433631572811, -18.826651386797081 ], [ 119.567262752635642, -18.825403867003288 ], [ 119.573103945645812, -18.824129969391425 ], [ 119.57895861638066, -18.822830497494763 ], [ 119.584818717351084, -18.821507152470573 ], [ 119.590683377224238, -18.820161229434582 ], [ 119.596551248344937, -18.81879377578953 ], [ 119.602421068980675, -18.817406040608386 ], [ 119.608290283173787, -18.815999507826671 ], [ 119.614158309471463, -18.814575111777696 ], [ 119.620021097740519, -18.813134415703352 ], [ 119.625876937693405, -18.811679002619815 ], [ 119.631724097090427, -18.810209621410056 ], [ 119.637561428351788, -18.808728299756574 ], [ 119.643386307680174, -18.807235750316323 ], [ 119.649197025544098, -18.805733017997987 ], [ 119.654989004081898, -18.80422336205088 ], [ 119.660760501465219, -18.802707054417866 ], [ 119.666509419874345, -18.801185482603909 ], [ 119.67223861046358, -18.79965930814981 ], [ 119.677939062397002, -18.798130402678947 ], [ 119.683611126836908, -18.796599771989914 ], [ 119.689252137197997, -18.795069832880404 ], [ 119.694861664932887, -18.793541027852701 ], [ 119.700438261334398, -18.792014311904733 ], [ 119.705981422233549, -18.790491286788079 ], [ 119.711487621596888, -18.788973276254467 ], [ 119.716951841537877, -18.787461069166614 ], [ 119.722376049341719, -18.785955759594348 ], [ 119.72775958610616, -18.78445784388402 ], [ 119.733100785655566, -18.782968409468506 ], [ 119.738399591728779, -18.781488016222262 ], [ 119.743652631687269, -18.780017945697978 ], [ 119.748860760778356, -18.778558139953322 ], [ 119.754022150538646, -18.777109914129053 ], [ 119.759137275931906, -18.775674106263086 ], [ 119.764204309218599, -18.774250789471111 ], [ 119.769222682242869, -18.772840417550622 ], [ 119.77419225550311, -18.771443131895232 ], [ 119.779111922382654, -18.770059274609363 ], [ 119.783982284241958, -18.768689021554291 ], [ 119.788803639904046, -18.767332758851801 ], [ 119.793574211035377, -18.765990779525723 ], [ 119.798293332874621, -18.764663669171362 ], [ 119.802963309741116, -18.763350899540558 ], [ 119.807582238144462, -18.762052776480758 ], [ 119.812151772163801, -18.760768726761839 ], [ 119.816673585704393, -18.759498189637892 ], [ 119.82114541411832, -18.758241606979041 ], [ 119.825568389694936, -18.756999261087547 ], [ 119.82994448790862, -18.755770317409446 ], [ 119.834272669593943, -18.754554342841264 ], [ 119.838552301018026, -18.753351126149337 ], [ 119.842783993352896, -18.75216023919447 ], [ 119.846970282490801, -18.750981026511653 ], [ 119.851110055546769, -18.749813019854322 ], [ 119.855203498741716, -18.748656484151802 ], [ 119.859251297189431, -18.74751041295875 ], [ 119.863255662990426, -18.746374195810983 ], [ 119.867215855206098, -18.745247156167142 ], [ 119.87113408806016, -18.744128579404517 ], [ 119.875009611769769, -18.743017755213319 ], [ 119.878843750792257, -18.741914445041079 ], [ 119.882634658968442, -18.740818645344589 ], [ 119.886385327533418, -18.739729026414949 ], [ 119.89009541496668, -18.738645025060865 ], [ 119.893766156749365, -18.737565955549794 ], [ 119.897396098017126, -18.736491503613593 ], [ 119.900989858604319, -18.735420558069169 ], [ 119.904544179349159, -18.734352677636988 ], [ 119.908056569537123, -18.733287402754545 ], [ 119.911530399857867, -18.732224125880535 ], [ 119.914966130988191, -18.731162019458829 ], [ 119.91836395920582, -18.730100475487252 ], [ 119.921724804189367, -18.729038815536441 ], [ 119.925048863769192, -18.72797622731435 ], [ 119.928335061416362, -18.726912702764167 ], [ 119.931585113351773, -18.725847259009718 ], [ 119.93479831111371, -18.724779182759775 ], [ 119.937973871567877, -18.723707783731498 ], [ 119.94110710535071, -18.722633690393742 ], [ 119.944202974452764, -18.721555457757141 ], [ 119.947261351007327, -18.720472611496309 ], [ 119.950280982752304, -18.719386366491104 ], [ 119.953262603330089, -18.718294754791284 ], [ 119.956206395798574, -18.717197833004704 ], [ 119.959110862093439, -18.716094896328833 ], [ 119.961976311763067, -18.714985780496264 ], [ 119.964803768298111, -18.7138702530773 ], [ 119.967593735408926, -18.712747027357064 ], [ 119.970342794541367, -18.711616509156535 ], [ 119.973049883056376, -18.710478872543526 ], [ 119.975716886995059, -18.709333540858605 ], [ 119.978342047329519, -18.708180526311267 ], [ 119.980925763853847, -18.707019523040749 ], [ 119.983468684029944, -18.705849586641211 ], [ 119.985969059139777, -18.704670839598066 ], [ 119.988427318817017, -18.703484393906077 ], [ 119.990841501899581, -18.702290921081612 ], [ 119.993213394748651, -18.701088521012416 ], [ 119.995541868463008, -18.699877598657711 ], [ 119.997826692714852, -18.698658120714462 ], [ 120.000066997202111, -18.697430244022307 ], [ 120.002263439374374, -18.696193506250196 ], [ 120.004415752792667, -18.694948164095237 ], [ 120.006523163371583, -18.693694415697806 ], [ 120.008586934480178, -18.692431964855686 ], [ 120.010606337595817, -18.691161047487636 ], [ 120.012581336064528, -18.689881729057287 ], [ 120.014513184632307, -18.688593764515243 ], [ 120.016400668091379, -18.687297531104349 ], [ 120.018243459836683, -18.685993048498428 ], [ 120.020042087088655, -18.684680693174752 ], [ 120.021796960381536, -18.683360349699196 ], [ 120.023508378106087, -18.682032120527392 ], [ 120.025176657371475, -18.680696131052514 ], [ 120.02680197071183, -18.679352718937434 ], [ 120.028384910358454, -18.678001814162371 ], [ 120.029925617813461, -18.676643504344941 ], [ 120.031424299092976, -18.675278285305271 ], [ 120.032883096298946, -18.673905523826445 ], [ 120.034302225724375, -18.672525693698045 ], [ 120.035683745121716, -18.671138239649284 ], [ 120.037024674773519, -18.669744706912198 ], [ 120.038328367927591, -18.668343575844993 ], [ 120.039594724107658, -18.666936377979372 ], [ 120.040827286956201, -18.66552197545964 ], [ 120.042022771701383, -18.66410144609792 ], [ 120.043183475601012, -18.66267465485134 ], [ 120.044310911954369, -18.661241892516475 ], [ 120.045405142577579, -18.659803905924555 ], [ 120.046468583007922, -18.658359663054206 ], [ 120.047501694779612, -18.656909521234496 ], [ 120.048504461440032, -18.655454216896491 ], [ 120.04947817442455, -18.653994211993819 ], [ 120.05042506793967, -18.65252860989958 ], [ 120.051345566999913, -18.651058080903034 ], [ 120.052241536474938, -18.649582298817581 ], [ 120.053113753975239, -18.6481013565 ], [ 120.053964756327588, -18.646614401332421 ], [ 120.054794271682965, -18.645122788086926 ], [ 120.055604988364479, -18.643625998915208 ], [ 120.05639816497218, -18.642123942604051 ], [ 120.057173312453656, -18.640617807737563 ], [ 120.057931921890741, -18.639107147537302 ], [ 120.058675356270996, -18.637591751540018 ], [ 120.059405668496396, -18.63607172530979 ], [ 120.060123942786618, -18.634546284462012 ], [ 120.060830798862057, -18.633016087043341 ], [ 120.061527971842338, -18.631482090014618 ], [ 120.062216132893326, -18.62994349648487 ], [ 120.062897213517473, -18.62840038202933 ], [ 120.063571666139921, -18.626852675833071 ], [ 120.06424110354051, -18.62530010978417 ], [ 120.064906420418779, -18.623743126901982 ], [ 120.065569039774473, -18.622180927099102 ], [ 120.066230389777147, -18.620613488566377 ], [ 120.066890814945296, -18.619042078025476 ], [ 120.067551171512946, -18.617466168203869 ], [ 120.068212970521785, -18.615885257719874 ], [ 120.06887672191128, -18.614299493570041 ], [ 120.069542269529165, -18.612709117743815 ], [ 120.07021191422929, -18.611113666619431 ], [ 120.070885792756044, -18.609513207368153 ], [ 120.071565502811154, -18.607907234181088 ], [ 120.072251005295101, -18.606296026106747 ], [ 120.072943755293778, -18.604678867179224 ], [ 120.073645018502631, -18.603054962063904 ], [ 120.074354052524754, -18.601425703220375 ], [ 120.075071523639494, -18.599790569515488 ], [ 120.075800828792637, -18.59814840579519 ], [ 120.076537536442473, -18.596501040545434 ], [ 120.077284036101759, -18.59484752102469 ], [ 120.078041102034419, -18.593187352919092 ], [ 120.078809681249083, -18.591520184647553 ], [ 120.079590335344193, -18.58984557047788 ], [ 120.080382488083032, -18.588163958086849 ], [ 120.081186826521531, -18.58647509607194 ], [ 120.082002841730798, -18.584779074768608 ], [ 120.082831815231287, -18.583075133310402 ], [ 120.083673132725238, -18.581363558935919 ], [ 120.084528335259137, -18.579643414186048 ], [ 120.085395768306924, -18.577915503883595 ], [ 120.086275131192664, -18.576179958332396 ], [ 120.087167583129983, -18.57443604852709 ], [ 120.088072879977517, -18.572683804096037 ], [ 120.088991525596569, -18.570922855596496 ], [ 120.089922907269454, -18.569153409676964 ], [ 120.090867158771957, -18.567375337320009 ], [ 120.091823551928712, -18.565588984272381 ], [ 120.092791728338682, -18.563794469901318 ], [ 120.093772374858474, -18.561991366784742 ], [ 120.094764784616359, -18.560180006833928 ], [ 120.095769259161258, -18.558360258448069 ], [ 120.096785653283021, -18.556532119402199 ], [ 120.097813427532188, -18.554695992912666 ], [ 120.098852653001387, -18.552851850876561 ], [ 120.099902850041119, -18.551000008594681 ], [ 120.100963423290438, -18.549141005985945 ], [ 120.102034512710944, -18.547274881869093 ], [ 120.103115854309706, -18.545401933964463 ], [ 120.104206576236635, -18.543522893963644 ], [ 120.105306445288946, -18.541638255278649 ], [ 120.106416076219759, -18.539747584633815 ], [ 120.107534528405523, -18.537851938541952 ], [ 120.108661063343362, -18.535952325420816 ], [ 120.10979515978886, -18.534049434034774 ], [ 120.110936724561753, -18.532143638308341 ], [ 120.112085847525094, -18.530235192411844 ], [ 120.113242681060726, -18.528324276041843 ], [ 120.11440669466144, -18.526411717000844 ], [ 120.115576901309453, -18.52449905511904 ], [ 120.116752545480736, -18.522587619852736 ], [ 120.117934130311127, -18.520677271795325 ], [ 120.119120511385418, -18.518769680668981 ], [ 120.120311124785317, -18.516865887703648 ], [ 120.12150610259485, -18.514966311356915 ], [ 120.122705312204928, -18.513071681419841 ], [ 120.123908304797013, -18.511183141427448 ], [ 120.125114831734777, -18.50930148755608 ], [ 120.12632528831557, -18.50742681822809 ], [ 120.127538434439472, -18.505561350426994 ], [ 120.128753733318504, -18.503706048019556 ], [ 120.129971333906369, -18.501861404436667 ], [ 120.131190406926123, -18.500029031744706 ], [ 120.132411173882161, -18.498208956768138 ], [ 120.133633177661665, -18.496402568283962 ], [ 120.134855854612624, -18.494611321028142 ], [ 120.136079266900609, -18.49283545830853 ], [ 120.137302944371882, -18.491076334285921 ], [ 120.138527141732496, -18.489333519315689 ], [ 120.139750850984655, -18.487609492863179 ], [ 120.140974314365451, -18.48590434132413 ], [ 120.142197033319874, -18.48421885254626 ], [ 120.143418759323197, -18.482553759848297 ], [ 120.144638783597003, -18.480910335196441 ], [ 120.145856930066785, -18.47928931322328 ], [ 120.147073394816658, -18.477690617919194 ], [ 120.148287943328697, -18.476114813822868 ], [ 120.149501008489977, -18.474561379343452 ], [ 120.15071095828165, -18.473032923615879 ], [ 120.151917781298934, -18.471529571811942 ], [ 120.153121927662298, -18.470050703034534 ], [ 120.154323183865216, -18.468596642369882 ], [ 120.155521159416509, -18.467168068409197 ], [ 120.156716006513705, -18.465764651967508 ], [ 120.157907678760424, -18.464386293883578 ], [ 120.159096241754213, -18.463032727821012 ], [ 120.160280827404307, -18.461705855613634 ], [ 120.161461853481143, -18.46040446849182 ], [ 120.162639703308344, -18.459127740427007 ], [ 120.163813749243957, -18.457876494271698 ], [ 120.164984191944697, -18.456650142471343 ], [ 120.166151190319368, -18.45544818007734 ], [ 120.167314201865423, -18.454271238121351 ], [ 120.168473416144067, -18.453118766920682 ], [ 120.169629049389158, -18.451990105500862 ], [ 120.170781167690649, -18.45088484838217 ], [ 120.171930003686143, -18.449802380765277 ], [ 120.173075219685657, -18.448742826562366 ], [ 120.174217465843526, -18.447704773642631 ], [ 120.175356851229992, -18.446687631175827 ], [ 120.176493657932738, -18.445690489078199 ], [ 120.177626950882839, -18.444714806918469 ], [ 120.178757616290824, -18.443758682824374 ], [ 120.179885688355867, -18.442821626903299 ], [ 120.181011270515384, -18.441903192539716 ], [ 120.182134664313494, -18.441002558014077 ], [ 120.183255879910931, -18.440119546760602 ], [ 120.184375273810986, -18.439253093359756 ], [ 120.185493269147798, -18.438402082552336 ], [ 120.18660993264136, -18.437566020878251 ], [ 120.187725695461012, -18.436743805096427 ], [ 120.188840575720135, -18.435934948835918 ], [ 120.18995465148663, -18.435139273718033 ], [ 120.191068230960212, -18.43435577988982 ], [ 120.1921816401494, -18.433582967262343 ], [ 120.19329462122657, -18.432822113076337 ], [ 120.194407773405146, -18.432071122231104 ], [ 120.195521207043157, -18.431329292081212 ], [ 120.196634937104704, -18.430596723363148 ], [ 120.197749368851319, -18.429872106397482 ], [ 120.198864794300434, -18.429154404323786 ], [ 120.199981263766617, -18.428442704515923 ], [ 120.201099025702376, -18.427736125317033 ], [ 120.20221714841027, -18.427035825039702 ], [ 120.203336311373619, -18.426339947180981 ], [ 120.204456349197386, -18.425648092217109 ], [ 120.205577382728194, -18.424959393834168 ], [ 120.206699174970993, -18.424273714233028 ], [ 120.207821786348759, -18.423590106957313 ], [ 120.208945252996429, -18.422907666924189 ], [ 120.210069442363292, -18.422225758837339 ], [ 120.211195419378498, -18.421542132043889 ], [ 120.212321131033647, -18.420858535186753 ], [ 120.213446899985527, -18.420173646142672 ], [ 120.214572300714565, -18.419487078157733 ], [ 120.215697430020313, -18.41879762771752 ], [ 120.216821747841635, -18.41810504637343 ], [ 120.217944458131598, -18.417409209649115 ], [ 120.219065724120924, -18.416708763859443 ], [ 120.220184906038909, -18.416003298208878 ], [ 120.221301354383598, -18.415292624314102 ], [ 120.222414939954632, -18.414575523439552 ], [ 120.223524717896225, -18.413852086337211 ], [ 120.224630305873063, -18.413121438241117 ], [ 120.225730829669132, -18.412383296343197 ], [ 120.226826154673319, -18.411636622818037 ], [ 120.227915356144493, -18.410881143858248 ], [ 120.228997495211374, -18.410116710859761 ], [ 120.230072576510182, -18.409341870197256 ], [ 120.231140398922207, -18.408555892499201 ], [ 120.232198368985223, -18.407759832595975 ], [ 120.233246108866069, -18.406952866732098 ], [ 120.234283153816563, -18.40613449653252 ], [ 120.235309498689489, -18.405303283662448 ], [ 120.236324358441209, -18.404458987019325 ], [ 120.237327191765317, -18.403600964441047 ], [ 120.238315825638722, -18.402730281932552 ], [ 120.23929012393944, -18.401846039717565 ], [ 120.240249868553249, -18.400947418057154 ], [ 120.241194190463744, -18.400034314102822 ], [ 120.242121840269675, -18.39910674975069 ], [ 120.243032794454805, -18.398164185961907 ], [ 120.243926324338062, -18.397206341269939 ], [ 120.244802319922655, -18.396232544084643 ], [ 120.245660410962032, -18.395242318359291 ], [ 120.246500227185436, -18.394235374557091 ], [ 120.247321075893012, -18.393211965828836 ], [ 120.248123157044603, -18.392171264555397 ], [ 120.248906536353573, -18.391112628302984 ], [ 120.249669000688826, -18.390038330247211 ], [ 120.250410526571201, -18.388948156579989 ], [ 120.251131569403029, -18.387841379988409 ], [ 120.251832704366876, -18.386717085800115 ], [ 120.252513814902329, -18.385575526762185 ], [ 120.253175411826547, -18.384416155743825 ], [ 120.25381780372804, -18.383238647479811 ], [ 120.254439839588983, -18.382044696034967 ], [ 120.255041929327518, -18.380834359290528 ], [ 120.255624063418324, -18.379608042669048 ], [ 120.256187932576921, -18.378364270171563 ], [ 120.256733207071832, -18.377104200425528 ], [ 120.257261204527509, -18.375826894741561 ], [ 120.257771998492203, -18.374533237098639 ], [ 120.258267259313982, -18.373221971596227 ], [ 120.258746797591058, -18.371894473606496 ], [ 120.259211538482461, -18.370550707468858 ], [ 120.259661899456276, -18.369191300866852 ], [ 120.260097872513128, -18.367817767549599 ], [ 120.260521647390846, -18.366428529390408 ], [ 120.260933776234097, -18.3650243188982 ], [ 120.261335030612173, -18.363605850242827 ], [ 120.261727278708591, -18.362172048811431 ], [ 120.262111119599126, -18.360723821039016 ], [ 120.262488100874407, -18.359260681096824 ], [ 120.262858509836335, -18.357784092845648 ], [ 120.263223928583869, -18.356293587617497 ], [ 120.263585026462181, -18.354789932161015 ], [ 120.26394286571896, -18.353274360414559 ], [ 120.264299043019662, -18.351746138376996 ], [ 120.264654853380648, -18.35020528145051 ], [ 120.265011395063638, -18.348652211918022 ], [ 120.265370123864685, -18.347086726958985 ], [ 120.265732005863967, -18.345509446573239 ], [ 120.266097987156627, -18.343920870503602 ], [ 120.266470091709934, -18.342320165178275 ], [ 120.266848995071484, -18.340708199524141 ], [ 120.26723606774263, -18.339084915419793 ], [ 120.267633129642832, -18.337449700620454 ], [ 120.26804021103122, -18.335804097312497 ], [ 120.268459512835378, -18.334146943297732 ], [ 120.26889134498586, -18.332479422622256 ], [ 120.269336826962117, -18.330801652388082 ], [ 120.269797515682967, -18.329113142225722 ], [ 120.270275545314632, -18.327412900976856 ], [ 120.270770498921522, -18.325702543217808 ], [ 120.271284374036796, -18.323980913335728 ], [ 120.271817644070111, -18.322248789821149 ], [ 120.272370924689483, -18.320506245264525 ], [ 120.272946168529728, -18.318752267917588 ], [ 120.273543592851254, -18.31698774749821 ], [ 120.274164939894689, -18.315211477142363 ], [ 120.274810564641783, -18.31342419285561 ], [ 120.27548148181377, -18.311625343276088 ], [ 120.276179492175345, -18.309813823673323 ], [ 120.276905666753365, -18.307989255544715 ], [ 120.277660597175569, -18.306151408552765 ], [ 120.278444445519327, -18.304300613177457 ], [ 120.27925727546743, -18.302437658992957 ], [ 120.280100671244213, -18.300561048709962 ], [ 120.280975230475065, -18.298670750289979 ], [ 120.281882562894211, -18.296765143137961 ], [ 120.282822815773613, -18.294844393040098 ], [ 120.283795574614203, -18.292908633497127 ], [ 120.284801886980176, -18.290957388081395 ], [ 120.285843889287278, -18.28898870277834 ], [ 120.28692092459535, -18.287003202282477 ], [ 120.288034775539487, -18.284999119599924 ], [ 120.289184885252709, -18.282976906806542 ], [ 120.29037318845468, -18.28093461164416 ], [ 120.291602139793994, -18.278869825426014 ], [ 120.292870853129841, -18.276783124983339 ], [ 120.294178917915247, -18.274674649194829 ], [ 120.29552331247487, -18.272546679094663 ], [ 120.296908047456199, -18.270395312068921 ], [ 120.298334464582325, -18.268218911831678 ], [ 120.299801455533654, -18.266018188157151 ], [ 120.301310460602593, -18.263791240145498 ], [ 120.302862414178577, -18.261537021130469 ], [ 120.304456574712177, -18.259255482791037 ], [ 120.306094675245504, -18.256944837001779 ], [ 120.307777562744505, -18.254603523850733 ], [ 120.309504733846495, -18.252231669202871 ], [ 120.311276876612197, -18.249827755286887 ], [ 120.31309257851342, -18.247392605210116 ], [ 120.314953772694395, -18.244923899451294 ], [ 120.316860926842395, -18.242420416142192 ], [ 120.318813503694656, -18.239882079466735 ], [ 120.320813312365985, -18.237307161595215 ], [ 120.3228602999922, -18.234693853533649 ], [ 120.324954531616356, -18.232042307452531 ], [ 120.32709602867007, -18.229352475018121 ], [ 120.329285190377547, -18.226622923634721 ], [ 120.331522738344319, -18.223851467140577 ], [ 120.333809005981323, -18.221038692614538 ], [ 120.33614175739703, -18.218186444165788 ], [ 120.338522852453153, -18.215291337761403 ], [ 120.340953100962977, -18.212352552702715 ], [ 120.34343085959074, -18.209370404096134 ], [ 120.345957521694672, -18.206343960527828 ], [ 120.348530953472633, -18.203274252581149 ], [ 120.35115537390638, -18.200157763903594 ], [ 120.353828518775174, -18.196995892841333 ], [ 120.3565475105312, -18.193789913517836 ], [ 120.359315439489961, -18.190537245953337 ], [ 120.362129230565216, -18.187240104669129 ], [ 120.364988448706626, -18.183898667376639 ], [ 120.367893154511947, -18.180513005379787 ], [ 120.370841733280628, -18.177084103559697 ], [ 120.373834434248181, -18.173611857269879 ], [ 120.37687178105999, -18.170096000236999 ], [ 120.379951299405832, -18.166538130998379 ], [ 120.383072753846733, -18.16293882393472 ], [ 120.386237089938703, -18.159297687937169 ], [ 120.389440616121306, -18.155617786420191 ], [ 120.39268163012089, -18.151900435108676 ], [ 120.395961019174578, -18.148145872845198 ], [ 120.399277179166205, -18.144355453236084 ], [ 120.402627441973195, -18.140531554288962 ], [ 120.40601472733546, -18.136673699118948 ], [ 120.409439619883827, -18.132782453798935 ], [ 120.41289128107158, -18.128864204635295 ], [ 120.416373460574903, -18.12491868787777 ], [ 120.419882761272333, -18.120949315069641 ], [ 120.423421359168671, -18.116955584750382 ], [ 120.426984430572304, -18.112941194266693 ], [ 120.43056918184125, -18.108908969549184 ], [ 120.434176227868392, -18.104860050315406 ], [ 120.437806334158481, -18.100795555045842 ], [ 120.44145702284257, -18.09671817074112 ], [ 120.4451233350336, -18.092631900944482 ], [ 120.44880584811618, -18.088538033488987 ], [ 120.452503825731611, -18.084436631068751 ], [ 120.456216126351066, -18.080331856555201 ], [ 120.459938754283485, -18.07622795280486 ], [ 120.463672484697767, -18.072126062658658 ], [ 120.467414239855742, -18.068028959041271 ], [ 120.471163918874183, -18.063938275411925 ], [ 120.474921100694203, -18.059855029627528 ], [ 120.478685544785165, -18.055781185266571 ], [ 120.482455707109111, -18.051718647193976 ], [ 120.486231060618152, -18.047668810505439 ], [ 120.490010972715481, -18.043634739762734 ], [ 120.493793324867227, -18.039619826588069 ], [ 120.497580964736116, -18.035621970782568 ], [ 120.501373058756769, -18.031643816837985 ], [ 120.505162443829221, -18.027689946059049 ], [ 120.508952662859144, -18.023760492359273 ], [ 120.512744936670458, -18.019855466405332 ], [ 120.516539634966819, -18.015975328179064 ], [ 120.520336681390091, -18.012121760846767 ], [ 120.524136428196911, -18.008295663998435 ], [ 120.527940669084487, -18.004496566208214 ], [ 120.531749495567823, -18.000726506264041 ], [ 120.535563937154478, -17.996985381099538 ], [ 120.539387214204069, -17.993272391441565 ], [ 120.543215485306078, -17.989589797027765 ], [ 120.547049065713082, -17.985939326375433 ], [ 120.550890412101083, -17.982319396499278 ], [ 120.554741665537804, -17.978729700251975 ], [ 120.558602842450824, -17.975171517122092 ], [ 120.562479865788532, -17.971641259853097 ], [ 120.566369380842048, -17.968143056377407 ], [ 120.570278149986606, -17.964673065862392 ], [ 120.574203993426025, -17.961233729540677 ], [ 120.578148807602034, -17.957823191014349 ], [ 120.582111881900218, -17.954444036582654 ], [ 120.586095055010446, -17.951096568444321 ], [ 120.590100920985037, -17.947778113763533 ], [ 120.59413124539239, -17.94448910725319 ], [ 120.598190105137562, -17.941227259560193 ], [ 120.602278982730809, -17.937991937682472 ], [ 120.606399309374723, -17.93478331713397 ], [ 120.610552976814375, -17.931600860681129 ], [ 120.614742155961864, -17.928443125949887 ], [ 120.618968904233, -17.92530995500772 ], [ 120.623236978119195, -17.922198970466209 ], [ 120.627542175132788, -17.919116152602591 ], [ 120.631890263636464, -17.916056922871146 ], [ 120.636282191192564, -17.913020978761139 ], [ 120.640721090234678, -17.910006864488519 ], [ 120.645207342826893, -17.90701518964342 ], [ 120.649743871967232, -17.904044079433358 ], [ 120.654331589250305, -17.901093761489797 ], [ 120.658971286214054, -17.898164463035805 ], [ 120.66366571453969, -17.895254524034137 ], [ 120.668415445348899, -17.892364186699005 ], [ 120.673221931541363, -17.889492700344938 ], [ 120.67808793276005, -17.886638337982788 ], [ 120.683012601213051, -17.883802271398196 ], [ 120.687997371257936, -17.880983821136564 ], [ 120.693042731985784, -17.878182770808337 ], [ 120.698147442784204, -17.875400500526609 ], [ 120.703314540273823, -17.872634384469965 ], [ 120.70854166415441, -17.869886632160547 ], [ 120.713831722515479, -17.867154616086136 ], [ 120.719185142799645, -17.864437735341806 ], [ 120.724596723673258, -17.861740061430613 ], [ 120.730067580192383, -17.859060309330623 ], [ 120.735598647617309, -17.85639699452873 ], [ 120.741190202157114, -17.853748961849774 ], [ 120.746837974721288, -17.851119171643287 ], [ 120.752541985784319, -17.848506554442157 ], [ 120.758301532966655, -17.845910118917878 ], [ 120.764113369761191, -17.843331724341358 ], [ 120.769976002246153, -17.840770913770431 ], [ 120.775889709100625, -17.838225093466455 ], [ 120.781850604838127, -17.835696143719055 ], [ 120.787854907570235, -17.833185426832735 ], [ 120.793900653845625, -17.830692298267287 ], [ 120.799986440309866, -17.828215041480078 ], [ 120.806106604080298, -17.825756341499723 ], [ 120.812266078095334, -17.823309366127031 ], [ 120.818448822626706, -17.82088237612529 ], [ 120.824655077984971, -17.818474441351622 ], [ 120.830882444585939, -17.816083905734775 ], [ 120.837127469427529, -17.813710686621693 ], [ 120.843385562641942, -17.811354402831746 ], [ 120.84965202189737, -17.809015649730306 ], [ 120.8559226749217, -17.806693881928144 ], [ 120.862193871201725, -17.804388336105571 ], [ 120.868458867012819, -17.802101030330469 ], [ 120.874713487640392, -17.799831684314199 ], [ 120.880953150678721, -17.797579693948723 ], [ 120.887172963744078, -17.795345061378089 ], [ 120.893369175813959, -17.793126369200532 ], [ 120.899535391567554, -17.790925879085535 ], [ 120.905666488137982, -17.788744231062456 ], [ 120.911758229562793, -17.786579661828519 ], [ 120.917805169619768, -17.784432112794374 ], [ 120.923802157333213, -17.782302410408523 ], [ 120.929746902782327, -17.780187810046982 ], [ 120.935633612266471, -17.778089255307616 ], [ 120.941457714037114, -17.776006511589486 ], [ 120.947215672946371, -17.773936530653529 ], [ 120.952903486035908, -17.771880766623806 ], [ 120.958515862146399, -17.769840719248652 ], [ 120.96404773877704, -17.767817385623594 ], [ 120.969496978505191, -17.765807575431822 ], [ 120.974859834392419, -17.763811970304015 ], [ 120.980133249894024, -17.761829075286187 ], [ 120.985313889389261, -17.759859557941422 ], [ 120.990398082863649, -17.757903082486504 ], [ 120.995384066394337, -17.755958459715231 ], [ 121.000269409455299, -17.754024642951709 ], [ 121.00505075670354, -17.752102359630548 ], [ 121.009727925778876, -17.750189761321689 ], [ 121.01430176794706, -17.748283962875597 ], [ 121.018766413996218, -17.746388251076286 ], [ 121.023119795431697, -17.744501548044052 ], [ 121.027360378636345, -17.742625514502169 ], [ 121.031488456665599, -17.740756718067782 ], [ 121.035502204635506, -17.738896262223044 ], [ 121.039401945040794, -17.737042388977059 ], [ 121.043186483030027, -17.735193406572147 ], [ 121.046856363648743, -17.733347828768359 ], [ 121.050411409732035, -17.731508319943497 ], [ 121.053851696730135, -17.729672690206698 ], [ 121.057179050941428, -17.727839792561479 ], [ 121.060395064032591, -17.726007142654677 ], [ 121.063492982081456, -17.724179365324311 ], [ 121.066476898661577, -17.722353458895693 ], [ 121.069349167943756, -17.720528781361995 ], [ 121.072108894125009, -17.718705288584939 ], [ 121.074757088116954, -17.716881770826038 ], [ 121.07729654227974, -17.715055954331326 ], [ 121.079726535890558, -17.713229302139027 ], [ 121.08204999750734, -17.711399590092512 ], [ 121.08426638446538, -17.709567684169421 ], [ 121.086378008760406, -17.707731394492267 ], [ 121.088386972359942, -17.705890070568628 ], [ 121.0902922649517, -17.704044466720283 ], [ 121.092097798505435, -17.702192461953373 ], [ 121.093804152412645, -17.700334323492022 ], [ 121.095413050662771, -17.698468439431078 ], [ 121.096925948997338, -17.696594613040549 ], [ 121.098344546093941, -17.694711724009398 ], [ 121.099669677502604, -17.692819441794072 ], [ 121.10090450145357, -17.690916151277321 ], [ 121.102049789058725, -17.689002067057789 ], [ 121.103107337652219, -17.687076064228929 ], [ 121.104078659280063, -17.68513788098905 ], [ 121.104964273806146, -17.683188631500506 ], [ 121.105767520030483, -17.681226082386829 ], [ 121.106490152395878, -17.679249201871567 ], [ 121.107132446246638, -17.67725816415911 ], [ 121.107696784118076, -17.675251947271665 ], [ 121.108184674069051, -17.67323038384432 ], [ 121.108598679378801, -17.671190645401381 ], [ 121.108939851158922, -17.66913384986988 ], [ 121.109209488662316, -17.667060313452918 ], [ 121.109409615161155, -17.664968708183881 ], [ 121.10954359057493, -17.662857871160483 ], [ 121.109610849937894, -17.660727974418162 ], [ 121.109614012192182, -17.658577764717929 ], [ 121.109555425794909, -17.656407208322609 ], [ 121.10943739160183, -17.654213922357869 ], [ 121.109256939688223, -17.652002458724485 ], [ 121.109018539163515, -17.649769948360877 ], [ 121.10872497869812, -17.647515692458995 ], [ 121.108377617216362, -17.6452393984796 ], [ 121.107978259064581, -17.642940791050052 ], [ 121.107529525024944, -17.640619668844391 ], [ 121.107032819640096, -17.638275613560769 ], [ 121.106488252315117, -17.635909613856022 ], [ 121.105897750504184, -17.633521823636798 ], [ 121.105265380953185, -17.631110201088919 ], [ 121.104591553303308, -17.62867628242924 ], [ 121.103879539627272, -17.626218967446604 ], [ 121.103130743654887, -17.623738689652072 ], [ 121.102347714058155, -17.621235203351532 ], [ 121.101532759250318, -17.61870876398778 ], [ 121.100687038357975, -17.616159540788505 ], [ 121.099813097118727, -17.613587810447736 ], [ 121.098910865540546, -17.610995259780083 ], [ 121.097983732739308, -17.608381416413618 ], [ 121.097034873917906, -17.605746326880169 ], [ 121.096065525314259, -17.603090373647053 ], [ 121.095078869310669, -17.600413728495464 ], [ 121.0940770555424, -17.597716591975555 ], [ 121.093062516163286, -17.594998342394664 ], [ 121.092036092756331, -17.592262051104179 ], [ 121.091001176797946, -17.58950735138021 ], [ 121.089958069747752, -17.586735831022906 ], [ 121.088910669466628, -17.583947067247824 ], [ 121.087860539529231, -17.581143921242841 ], [ 121.086810351320466, -17.578325572605284 ], [ 121.085762302756379, -17.575492840761637 ], [ 121.084718581296201, -17.572646572155772 ], [ 121.083681363341981, -17.569787637243532 ], [ 121.082652465351487, -17.566916590197931 ], [ 121.081634733214699, -17.564034607293074 ], [ 121.080629906057354, -17.561142311348227 ], [ 121.079639979035065, -17.558240957826708 ], [ 121.078666945529946, -17.555331513576355 ], [ 121.077713277577999, -17.552414004755956 ], [ 121.076780013023509, -17.549490505597308 ], [ 121.075869908377967, -17.546561408426829 ], [ 121.074983550294704, -17.543628819771332 ], [ 121.074123872153862, -17.540693126335 ], [ 121.07329187959877, -17.53775525920582 ], [ 121.072489833201047, -17.534814906672771 ], [ 121.071719707613042, -17.531872910795464 ], [ 121.070981968386135, -17.528931991363958 ], [ 121.070279058871407, -17.525991230855833 ], [ 121.069611357536189, -17.52305380882105 ], [ 121.068981027863714, -17.520119541221646 ], [ 121.068388717074015, -17.517189192469935 ], [ 121.067835997218623, -17.514263264404967 ], [ 121.06732433745961, -17.511342256475825 ], [ 121.066854059019334, -17.508427730141022 ], [ 121.066427017565999, -17.505518878535181 ], [ 121.066044302538415, -17.502616792217673 ], [ 121.065706065298812, -17.499722612544748 ], [ 121.065412728931946, -17.496837480759886 ], [ 121.065165261654613, -17.493961264062605 ], [ 121.064964260946837, -17.491094843845943 ], [ 121.064810818501556, -17.488238481564366 ], [ 121.064705483131149, -17.485391963696447 ], [ 121.064648894173018, -17.482555294020273 ], [ 121.064640616594986, -17.479730693418308 ], [ 121.064681652971814, -17.476917661905397 ], [ 121.064771720431466, -17.474117126485272 ], [ 121.06491152343277, -17.471328821765383 ], [ 121.065100853919589, -17.468553323306814 ], [ 121.06534043943438, -17.465789943895594 ], [ 121.065630323667392, -17.463039178769499 ], [ 121.065970539282063, -17.460301013186161 ], [ 121.066361104798176, -17.457575344725644 ], [ 121.066800233408941, -17.454865130250226 ], [ 121.067288966796994, -17.452168426513001 ], [ 121.067827218370866, -17.44948497839648 ], [ 121.068414835728376, -17.446815058415094 ], [ 121.069051624412324, -17.444158995548964 ], [ 121.06973708523951, -17.441516622354474 ], [ 121.070470924879658, -17.438888210095776 ], [ 121.071253137111384, -17.436272493620496 ], [ 121.072082877578936, -17.433670725128312 ], [ 121.072960052387586, -17.431081612583831 ], [ 121.073883801615807, -17.428506021875044 ], [ 121.074853651121373, -17.425943203245655 ], [ 121.075868091973419, -17.423396652541982 ], [ 121.076927246676831, -17.420863537597615 ], [ 121.07803040675239, -17.418343795156574 ], [ 121.07917681891675, -17.415837357003142 ], [ 121.08036568442057, -17.41334415096502 ], [ 121.08159615831994, -17.410864101851512 ], [ 121.082867371541838, -17.40839685073178 ], [ 121.084178331408069, -17.405942883453481 ], [ 121.085528079346545, -17.403501837845877 ], [ 121.086915585224105, -17.40107362008791 ], [ 121.088339770519781, -17.398657876844709 ], [ 121.089799552753746, -17.396254710709442 ], [ 121.091293607293352, -17.393864238207776 ], [ 121.092820814081193, -17.391486189821421 ], [ 121.094379765775528, -17.389120672930499 ], [ 121.095969223250066, -17.386767119084258 ], [ 121.097587737962414, -17.384425507935291 ], [ 121.099233953202926, -17.382095045519421 ], [ 121.100906234205198, -17.379777030926903 ], [ 121.102602922841655, -17.37747193730041 ], [ 121.104322474493074, -17.375179241016777 ], [ 121.106063278671314, -17.372897844011927 ], [ 121.107823367363665, -17.370629459646292 ], [ 121.109601125694923, -17.368373209249292 ], [ 121.111394725796529, -17.366127976300767 ], [ 121.113202217671102, -17.363894814367541 ], [ 121.115021708118107, -17.361673277197511 ], [ 121.116851232710047, -17.359462915044112 ], [ 121.11868871441898, -17.357264483841295 ], [ 121.120532116203321, -17.355077114322576 ], [ 121.122379330476818, -17.35290201023216 ], [ 121.124228199730766, -17.350737917850868 ], [ 121.126076499178467, -17.348584793672515 ], [ 121.127922105789963, -17.346443819533601 ], [ 121.129762733553932, -17.344313692683169 ], [ 121.131596011165669, -17.342192693164545 ], [ 121.133419873899257, -17.340083517764587 ], [ 121.135231921632382, -17.337985497309351 ], [ 121.137029815199625, -17.335897513540726 ], [ 121.13881140436321, -17.333820373284329 ], [ 121.140574452741674, -17.331754135998974 ], [ 121.142316767917862, -17.329699940056052 ], [ 121.14403594627251, -17.327655896228748 ], [ 121.145729822014331, -17.325622275873592 ], [ 121.147396123349537, -17.323597756550985 ], [ 121.149033034797796, -17.321584973246068 ], [ 121.150638368482092, -17.319582838952421 ], [ 121.152210131797361, -17.317591733109346 ], [ 121.153746179194357, -17.315609683944952 ], [ 121.155244760744225, -17.313638434905023 ], [ 121.156703884059937, -17.311675993693481 ], [ 121.158121980331728, -17.309724056415174 ], [ 121.159497050970316, -17.307779901775973 ], [ 121.160827527198379, -17.305843691984915 ], [ 121.162112560024141, -17.303918076483736 ], [ 121.163350396301894, -17.302001360546566 ], [ 121.164539776883402, -17.300093362738213 ], [ 121.165679604667275, -17.29819345670531 ], [ 121.166768780204052, -17.296302271098885 ], [ 121.167806668048712, -17.294418942662858 ], [ 121.168792254813795, -17.292542248263175 ], [ 121.169724922649564, -17.290674444657657 ], [ 121.170603770572569, -17.288816188340579 ], [ 121.171428702734744, -17.286965080384498 ], [ 121.172199440890978, -17.285120892507226 ], [ 121.172915684852228, -17.283282774148891 ], [ 121.173577678580699, -17.281452106478195 ], [ 121.17418532051822, -17.279625768842248 ], [ 121.174738725231819, -17.277805078427907 ], [ 121.175238279007559, -17.275989329897893 ], [ 121.175684573004645, -17.274176763138922 ], [ 121.176049590410415, -17.272498345921292 ], [ 121.179967320037832, -17.27127318344721 ] ], [ [ 113.189139, -25.993778 ], [ 113.185833, -25.987917 ], [ 113.1825, -25.990417 ], [ 113.16375, -25.975 ], [ 113.15875, -25.955028 ], [ 113.163333, -25.937917 ], [ 113.14625, -25.936694 ], [ 113.145389, -25.948333 ], [ 113.152917, -25.961694 ], [ 113.152111, -25.9675 ], [ 113.147528, -25.971278 ], [ 113.138306, -25.970444 ], [ 113.134167, -25.972917 ], [ 113.132944, -25.970889 ], [ 113.12875, -25.953333 ], [ 113.129611, -25.935 ], [ 113.125361, -25.928333 ], [ 113.123778, -25.916667 ], [ 113.139583, -25.904167 ], [ 113.13625, -25.895 ], [ 113.147472, -25.892083 ], [ 113.152056, -25.8825 ], [ 113.145806, -25.880417 ], [ 113.141667, -25.882139 ], [ 113.128333, -25.874583 ], [ 113.124167, -25.877917 ], [ 113.120028, -25.877111 ], [ 113.106306, -25.863333 ], [ 113.106306, -25.8525 ], [ 113.111278, -25.842528 ], [ 113.110361, -25.833361 ], [ 113.102111, -25.820861 ], [ 113.100444, -25.810861 ], [ 113.095417, -25.806694 ], [ 113.092111, -25.784167 ], [ 113.0825, -25.779611 ], [ 113.079611, -25.771667 ], [ 113.072917, -25.765861 ], [ 113.068722, -25.754167 ], [ 113.070417, -25.744972 ], [ 113.064583, -25.742472 ], [ 113.05875, -25.73 ], [ 113.058722, -25.725028 ], [ 113.064583, -25.716694 ], [ 113.052917, -25.704194 ], [ 113.046222, -25.685833 ], [ 113.036222, -25.641722 ], [ 113.03125, -25.634222 ], [ 113.032083, -25.619194 ], [ 113.022056, -25.607528 ], [ 113.016278, -25.585028 ], [ 113.013361, -25.589583 ], [ 113.007056, -25.5875 ], [ 113.009583, -25.58 ], [ 113.00125, -25.568306 ], [ 113.003806, -25.565861 ], [ 112.997917, -25.534194 ], [ 113.003778, -25.515028 ], [ 113.014556, -25.502556 ], [ 113.009972, -25.500444 ], [ 112.990778, -25.504611 ], [ 112.977472, -25.502083 ], [ 112.975444, -25.496667 ], [ 112.9625, -25.484639 ], [ 112.955028, -25.487139 ], [ 112.928722, -25.525028 ], [ 112.920389, -25.530806 ], [ 112.921306, -25.569167 ], [ 112.917083, -25.575861 ], [ 112.913722, -25.595 ], [ 112.92375, -25.644222 ], [ 112.931278, -25.649167 ], [ 112.952889, -25.705861 ], [ 112.961222, -25.715833 ], [ 112.96625, -25.737528 ], [ 112.975444, -25.750028 ], [ 112.972056, -25.770028 ], [ 112.961222, -25.778361 ], [ 112.995361, -25.829194 ], [ 113.018778, -25.856667 ], [ 113.027889, -25.891694 ], [ 113.042917, -25.925 ], [ 113.102056, -25.9825 ], [ 113.132917, -26.0175 ], [ 113.154611, -26.0525 ], [ 113.159583, -26.075861 ], [ 113.177056, -26.1175 ], [ 113.185861, -26.115472 ], [ 113.205028, -26.12875 ], [ 113.20875, -26.1525 ], [ 113.213389, -26.157111 ], [ 113.216222, -26.1475 ], [ 113.226222, -26.139139 ], [ 113.220472, -26.119194 ], [ 113.232472, -26.117917 ], [ 113.234611, -26.113333 ], [ 113.233778, -26.1075 ], [ 113.227472, -26.104583 ], [ 113.225444, -26.100028 ], [ 113.231639, -26.097917 ], [ 113.234194, -26.102056 ], [ 113.236278, -26.100028 ], [ 113.234583, -26.085028 ], [ 113.227083, -26.078389 ], [ 113.22875, -26.069194 ], [ 113.217889, -26.050833 ], [ 113.217861, -26.030028 ], [ 113.215861, -26.027083 ], [ 113.207528, -26.029583 ], [ 113.200389, -26.021722 ], [ 113.199583, -26.009167 ], [ 113.196222, -26.004972 ], [ 113.198306, -26.001278 ], [ 113.19875, -26.000806 ], [ 113.198306, -25.995472 ], [ 113.189139, -25.993778 ] ], [ [ 115.310833, -20.871278 ], [ 115.315361, -20.8775 ], [ 115.318333, -20.891306 ], [ 115.327111, -20.886694 ], [ 115.331194, -20.869972 ], [ 115.320806, -20.877917 ], [ 115.317083, -20.876667 ], [ 115.319194, -20.873778 ], [ 115.325806, -20.872111 ], [ 115.329167, -20.867083 ], [ 115.346639, -20.864639 ], [ 115.364611, -20.871694 ], [ 115.367889, -20.879167 ], [ 115.366222, -20.886667 ], [ 115.370861, -20.894639 ], [ 115.3775, -20.888778 ], [ 115.391611, -20.886278 ], [ 115.398333, -20.875444 ], [ 115.404611, -20.874194 ], [ 115.405861, -20.867083 ], [ 115.413306, -20.867083 ], [ 115.418722, -20.8625 ], [ 115.419583, -20.857528 ], [ 115.414583, -20.850806 ], [ 115.420444, -20.839167 ], [ 115.425806, -20.833778 ], [ 115.438333, -20.833778 ], [ 115.445444, -20.828389 ], [ 115.444556, -20.819194 ], [ 115.453694, -20.795889 ], [ 115.467917, -20.776667 ], [ 115.46625, -20.767472 ], [ 115.472944, -20.765028 ], [ 115.467917, -20.740833 ], [ 115.473722, -20.734167 ], [ 115.47375, -20.730028 ], [ 115.472111, -20.724167 ], [ 115.465389, -20.720028 ], [ 115.467083, -20.711667 ], [ 115.461639, -20.711278 ], [ 115.45875, -20.707528 ], [ 115.462083, -20.696667 ], [ 115.457889, -20.695 ], [ 115.460417, -20.693361 ], [ 115.456278, -20.689194 ], [ 115.465417, -20.680861 ], [ 115.459139, -20.67375 ], [ 115.433278, -20.664611 ], [ 115.415417, -20.680056 ], [ 115.409583, -20.691694 ], [ 115.410472, -20.698361 ], [ 115.403278, -20.700417 ], [ 115.394611, -20.709167 ], [ 115.374611, -20.742556 ], [ 115.351222, -20.756722 ], [ 115.349583, -20.768361 ], [ 115.342917, -20.775056 ], [ 115.34375, -20.777528 ], [ 115.322917, -20.797528 ], [ 115.320444, -20.801667 ], [ 115.322917, -20.8025 ], [ 115.318722, -20.806722 ], [ 115.304556, -20.840861 ], [ 115.302167, -20.860861 ], [ 115.302111, -20.861722 ], [ 115.304583, -20.869194 ], [ 115.310833, -20.871278 ] ], [ [ 113.115417, -25.0075 ], [ 113.100417, -25.026667 ], [ 113.097083, -25.043333 ], [ 113.088722, -25.054194 ], [ 113.089556, -25.062528 ], [ 113.085389, -25.07 ], [ 113.087083, -25.0925 ], [ 113.09125, -25.104194 ], [ 113.089639, -25.161694 ], [ 113.082111, -25.191667 ], [ 113.064583, -25.231694 ], [ 113.072528, -25.272917 ], [ 113.077083, -25.266667 ], [ 113.079556, -25.248333 ], [ 113.08625, -25.235 ], [ 113.087917, -25.218361 ], [ 113.085389, -25.206694 ], [ 113.090417, -25.190806 ], [ 113.088778, -25.183389 ], [ 113.102917, -25.173389 ], [ 113.100417, -25.155028 ], [ 113.110417, -25.126667 ], [ 113.107917, -25.120861 ], [ 113.109583, -25.103361 ], [ 113.117056, -25.088333 ], [ 113.117917, -25.071722 ], [ 113.125417, -25.054972 ], [ 113.119611, -25.045028 ], [ 113.117917, -25.029167 ], [ 113.123722, -25.004222 ], [ 113.121639, -25.000472 ], [ 113.12, -25.000417 ], [ 113.117528, -24.989611 ], [ 113.115417, -25.0075 ] ], [ [ 113.850417, -25.846667 ], [ 113.85625, -25.850861 ], [ 113.859167, -25.858778 ], [ 113.870417, -25.863361 ], [ 113.868389, -25.867056 ], [ 113.857444, -25.86125 ], [ 113.854528, -25.866639 ], [ 113.870806, -25.874583 ], [ 113.874556, -25.884194 ], [ 113.879194, -25.887083 ], [ 113.904139, -25.89625 ], [ 113.916667, -25.893778 ], [ 113.916278, -25.863361 ], [ 113.911222, -25.851722 ], [ 113.911222, -25.833333 ], [ 113.907083, -25.815861 ], [ 113.895806, -25.811278 ], [ 113.888306, -25.804611 ], [ 113.886667, -25.807111 ], [ 113.879194, -25.797917 ], [ 113.869167, -25.79875 ], [ 113.860861, -25.807917 ], [ 113.854972, -25.805444 ], [ 113.847056, -25.813333 ], [ 113.847083, -25.814194 ], [ 113.850444, -25.816722 ], [ 113.850417, -25.846667 ] ], [ [ 113.128778, -24.9575 ], [ 113.13375, -24.953361 ], [ 113.13375, -24.946667 ], [ 113.152889, -24.926667 ], [ 113.152917, -24.920889 ], [ 113.146667, -24.919611 ], [ 113.142917, -24.913333 ], [ 113.144611, -24.880028 ], [ 113.139556, -24.864222 ], [ 113.147889, -24.851722 ], [ 113.147917, -24.842528 ], [ 113.159611, -24.821667 ], [ 113.164583, -24.800861 ], [ 113.162083, -24.785806 ], [ 113.165417, -24.774194 ], [ 113.159611, -24.765833 ], [ 113.159167, -24.755417 ], [ 113.152111, -24.76 ], [ 113.149583, -24.771667 ], [ 113.143778, -24.775889 ], [ 113.139528, -24.790028 ], [ 113.137944, -24.816722 ], [ 113.127083, -24.843361 ], [ 113.127889, -24.861694 ], [ 113.124583, -24.880889 ], [ 113.130444, -24.910028 ], [ 113.123778, -24.929222 ], [ 113.124583, -24.945889 ], [ 113.120417, -24.956667 ], [ 113.117917, -24.983361 ], [ 113.117917, -24.984222 ], [ 113.130444, -24.967528 ], [ 113.128778, -24.9575 ] ], [ [ 116.823306, -20.512083 ], [ 116.829139, -20.515417 ], [ 116.852472, -20.507944 ], [ 116.855833, -20.512917 ], [ 116.860806, -20.513806 ], [ 116.870389, -20.505833 ], [ 116.882111, -20.475889 ], [ 116.871639, -20.480417 ], [ 116.8625, -20.489639 ], [ 116.859972, -20.488778 ], [ 116.855417, -20.485028 ], [ 116.864556, -20.477528 ], [ 116.865361, -20.461694 ], [ 116.860028, -20.46375 ], [ 116.857083, -20.4575 ], [ 116.859972, -20.452972 ], [ 116.865889, -20.454583 ], [ 116.872111, -20.440861 ], [ 116.878722, -20.435833 ], [ 116.877083, -20.424972 ], [ 116.88, -20.418778 ], [ 116.864111, -20.434611 ], [ 116.861667, -20.432944 ], [ 116.855833, -20.439583 ], [ 116.850778, -20.442111 ], [ 116.85, -20.438722 ], [ 116.847056, -20.441667 ], [ 116.846194, -20.4475 ], [ 116.832917, -20.465 ], [ 116.827056, -20.480833 ], [ 116.819556, -20.49 ], [ 116.81875, -20.498389 ], [ 116.810389, -20.503361 ], [ 116.81375, -20.508361 ], [ 116.810389, -20.511667 ], [ 116.810389, -20.512528 ], [ 116.817444, -20.515417 ], [ 116.823306, -20.512083 ] ], [ [ 116.472472, -20.612139 ], [ 116.474972, -20.60875 ], [ 116.484167, -20.615444 ], [ 116.49, -20.612083 ], [ 116.507472, -20.618778 ], [ 116.517528, -20.617083 ], [ 116.525889, -20.610444 ], [ 116.525861, -20.61625 ], [ 116.535833, -20.617139 ], [ 116.539972, -20.614639 ], [ 116.546667, -20.617917 ], [ 116.555361, -20.604167 ], [ 116.554972, -20.598778 ], [ 116.545444, -20.6 ], [ 116.549556, -20.593361 ], [ 116.547917, -20.589167 ], [ 116.556639, -20.582944 ], [ 116.569111, -20.591278 ], [ 116.567944, -20.583361 ], [ 116.578278, -20.581278 ], [ 116.580444, -20.571694 ], [ 116.561667, -20.57125 ], [ 116.548306, -20.580444 ], [ 116.544611, -20.575056 ], [ 116.548778, -20.573333 ], [ 116.54875, -20.565889 ], [ 116.545, -20.565417 ], [ 116.536222, -20.570028 ], [ 116.53875, -20.575028 ], [ 116.53125, -20.582528 ], [ 116.527917, -20.593361 ], [ 116.52, -20.597139 ], [ 116.511278, -20.594167 ], [ 116.509167, -20.579611 ], [ 116.500833, -20.58375 ], [ 116.493278, -20.582944 ], [ 116.49, -20.58625 ], [ 116.486639, -20.58625 ], [ 116.4825, -20.58125 ], [ 116.474556, -20.586667 ], [ 116.47375, -20.594194 ], [ 116.462083, -20.603333 ], [ 116.462056, -20.607528 ], [ 116.465861, -20.612972 ], [ 116.472472, -20.612139 ] ], [ [ 116.579556, -20.715889 ], [ 116.569583, -20.728361 ], [ 116.571667, -20.730444 ], [ 116.585806, -20.729611 ], [ 116.629111, -20.700444 ], [ 116.640361, -20.6875 ], [ 116.642889, -20.679194 ], [ 116.632472, -20.67125 ], [ 116.622444, -20.680417 ], [ 116.600806, -20.682944 ], [ 116.599556, -20.690861 ], [ 116.589972, -20.700417 ], [ 116.58875, -20.694222 ], [ 116.592111, -20.685833 ], [ 116.586667, -20.682917 ], [ 116.571222, -20.690056 ], [ 116.572056, -20.695028 ], [ 116.567889, -20.703333 ], [ 116.567889, -20.705 ], [ 116.575806, -20.707944 ], [ 116.579556, -20.715889 ] ], [ [ 116.59375, -20.605861 ], [ 116.595806, -20.609611 ], [ 116.605806, -20.60875 ], [ 116.607472, -20.605444 ], [ 116.620806, -20.609611 ], [ 116.6275, -20.606222 ], [ 116.63375, -20.600056 ], [ 116.640361, -20.579167 ], [ 116.664556, -20.561667 ], [ 116.660444, -20.552528 ], [ 116.663278, -20.549611 ], [ 116.667472, -20.552944 ], [ 116.670417, -20.550833 ], [ 116.669583, -20.543306 ], [ 116.664194, -20.540444 ], [ 116.6525, -20.547917 ], [ 116.650361, -20.555833 ], [ 116.643333, -20.561278 ], [ 116.635861, -20.555417 ], [ 116.633278, -20.562917 ], [ 116.63, -20.558778 ], [ 116.623361, -20.567944 ], [ 116.616639, -20.567944 ], [ 116.612889, -20.576694 ], [ 116.607111, -20.579167 ], [ 116.606222, -20.588333 ], [ 116.600806, -20.592111 ], [ 116.5975, -20.591306 ], [ 116.589556, -20.600861 ], [ 116.589556, -20.602528 ], [ 116.597944, -20.600833 ], [ 116.59375, -20.605861 ] ], [ [ 116.837083, -20.364194 ], [ 116.83875, -20.370028 ], [ 116.844139, -20.374639 ], [ 116.870889, -20.38625 ], [ 116.878333, -20.392111 ], [ 116.903361, -20.402111 ], [ 116.910833, -20.402111 ], [ 116.925861, -20.414611 ], [ 116.947028, -20.415028 ], [ 116.943333, -20.41125 ], [ 116.912472, -20.398778 ], [ 116.875806, -20.375389 ], [ 116.844944, -20.359611 ], [ 116.833278, -20.347083 ], [ 116.827083, -20.35 ], [ 116.826222, -20.355 ], [ 116.826222, -20.355861 ], [ 116.829139, -20.36125 ], [ 116.837083, -20.364194 ] ], [ [ 116.577472, -20.497083 ], [ 116.594194, -20.489611 ], [ 116.59875, -20.483389 ], [ 116.598722, -20.475 ], [ 116.603306, -20.472944 ], [ 116.606639, -20.476278 ], [ 116.609583, -20.472556 ], [ 116.609583, -20.469167 ], [ 116.604528, -20.466694 ], [ 116.605028, -20.462972 ], [ 116.600833, -20.464611 ], [ 116.597056, -20.460889 ], [ 116.599583, -20.455833 ], [ 116.597083, -20.454167 ], [ 116.600361, -20.450833 ], [ 116.589167, -20.452083 ], [ 116.58125, -20.459167 ], [ 116.568333, -20.478778 ], [ 116.5575, -20.482139 ], [ 116.557056, -20.482528 ], [ 116.570806, -20.487944 ], [ 116.577472, -20.497083 ] ], [ [ 115.513722, -20.458361 ], [ 115.516278, -20.460056 ], [ 115.516278, -20.466694 ], [ 115.512056, -20.480028 ], [ 115.512056, -20.485028 ], [ 115.517917, -20.489194 ], [ 115.516194, -20.503361 ], [ 115.52125, -20.500861 ], [ 115.520806, -20.492944 ], [ 115.525417, -20.494194 ], [ 115.525417, -20.500861 ], [ 115.529194, -20.502944 ], [ 115.532083, -20.492528 ], [ 115.528361, -20.49375 ], [ 115.527056, -20.490028 ], [ 115.534556, -20.489167 ], [ 115.52875, -20.483389 ], [ 115.536639, -20.47375 ], [ 115.544583, -20.476694 ], [ 115.542917, -20.469167 ], [ 115.546306, -20.466667 ], [ 115.547083, -20.4575 ], [ 115.542944, -20.458389 ], [ 115.542056, -20.466694 ], [ 115.53, -20.479611 ], [ 115.519167, -20.485417 ], [ 115.517889, -20.481694 ], [ 115.52125, -20.481722 ], [ 115.524556, -20.470028 ], [ 115.524639, -20.458333 ], [ 115.520389, -20.453361 ], [ 115.527917, -20.456694 ], [ 115.52625, -20.4525 ], [ 115.528722, -20.449194 ], [ 115.525417, -20.445028 ], [ 115.534583, -20.4525 ], [ 115.534556, -20.458361 ], [ 115.527917, -20.463361 ], [ 115.524583, -20.473361 ], [ 115.527472, -20.477917 ], [ 115.527944, -20.472528 ], [ 115.535444, -20.469167 ], [ 115.530389, -20.465833 ], [ 115.531194, -20.462528 ], [ 115.535861, -20.465444 ], [ 115.541278, -20.454167 ], [ 115.5375, -20.442083 ], [ 115.532444, -20.44625 ], [ 115.529583, -20.445 ], [ 115.532083, -20.443306 ], [ 115.529583, -20.436694 ], [ 115.534583, -20.434222 ], [ 115.532917, -20.428333 ], [ 115.535444, -20.422528 ], [ 115.532889, -20.421694 ], [ 115.528361, -20.431222 ], [ 115.530444, -20.422528 ], [ 115.528361, -20.413806 ], [ 115.526278, -20.425028 ], [ 115.519611, -20.435 ], [ 115.52, -20.438722 ], [ 115.522528, -20.434639 ], [ 115.52625, -20.438389 ], [ 115.521639, -20.442944 ], [ 115.513333, -20.440389 ], [ 115.515444, -20.444194 ], [ 115.513722, -20.4525 ], [ 115.51125, -20.455 ], [ 115.517083, -20.455861 ], [ 115.513722, -20.458361 ] ], [ [ 116.647472, -20.619639 ], [ 116.658361, -20.627111 ], [ 116.662917, -20.624194 ], [ 116.662917, -20.615889 ], [ 116.669556, -20.608333 ], [ 116.672083, -20.598333 ], [ 116.670806, -20.592944 ], [ 116.665417, -20.593333 ], [ 116.66625, -20.59 ], [ 116.679972, -20.577083 ], [ 116.669139, -20.583778 ], [ 116.662472, -20.592139 ], [ 116.655833, -20.592111 ], [ 116.653361, -20.587917 ], [ 116.645, -20.592083 ], [ 116.635417, -20.620889 ], [ 116.62875, -20.626667 ], [ 116.62875, -20.628389 ], [ 116.635806, -20.629611 ], [ 116.647472, -20.619639 ] ], [ [ 117.725833, -20.651278 ], [ 117.730833, -20.650472 ], [ 117.739556, -20.638361 ], [ 117.73875, -20.627528 ], [ 117.730417, -20.623333 ], [ 117.727056, -20.613361 ], [ 117.719167, -20.606278 ], [ 117.714167, -20.605444 ], [ 117.71125, -20.608361 ], [ 117.707111, -20.625028 ], [ 117.707083, -20.630833 ], [ 117.711222, -20.644167 ], [ 117.725833, -20.651278 ] ], [ [ 116.789167, -20.514583 ], [ 116.795417, -20.511667 ], [ 116.806278, -20.495028 ], [ 116.804583, -20.491694 ], [ 116.817083, -20.475833 ], [ 116.821667, -20.46125 ], [ 116.798778, -20.47 ], [ 116.80125, -20.474194 ], [ 116.79125, -20.481694 ], [ 116.790417, -20.488361 ], [ 116.785389, -20.492556 ], [ 116.787861, -20.498333 ], [ 116.780389, -20.501667 ], [ 116.781222, -20.509167 ], [ 116.779611, -20.510833 ], [ 116.785, -20.509583 ], [ 116.789167, -20.514583 ] ], [ [ 116.819528, -20.454194 ], [ 116.82375, -20.448333 ], [ 116.820417, -20.445889 ], [ 116.832111, -20.431667 ], [ 116.828778, -20.429194 ], [ 116.83375, -20.422528 ], [ 116.8325, -20.420417 ], [ 116.828333, -20.41875 ], [ 116.815361, -20.429167 ], [ 116.809972, -20.445417 ], [ 116.8075, -20.44625 ], [ 116.805778, -20.442083 ], [ 116.802083, -20.445 ], [ 116.8025, -20.448778 ], [ 116.795806, -20.444639 ], [ 116.792917, -20.446694 ], [ 116.797917, -20.451694 ], [ 116.792056, -20.466667 ], [ 116.792056, -20.467528 ], [ 116.805806, -20.466222 ], [ 116.819528, -20.454194 ] ], [ [ 114.304528, -21.706694 ], [ 114.314556, -21.698361 ], [ 114.324167, -21.682083 ], [ 114.3325, -21.673778 ], [ 114.347056, -21.666667 ], [ 114.345806, -21.657944 ], [ 114.3375, -21.659583 ], [ 114.309583, -21.684194 ], [ 114.297083, -21.708361 ], [ 114.297056, -21.71 ], [ 114.301639, -21.714611 ], [ 114.304528, -21.706694 ] ], [ [ 114.962056, -21.4625 ], [ 115.014139, -21.464556 ], [ 115.022917, -21.460028 ], [ 115.017528, -21.454611 ], [ 115.0, -21.452167 ], [ 114.999167, -21.45125 ], [ 114.974139, -21.452972 ], [ 114.962056, -21.4625 ] ], [ [ 118.545778, -20.302917 ], [ 118.560861, -20.320444 ], [ 118.565806, -20.322083 ], [ 118.567972, -20.315861 ], [ 118.562861, -20.314194 ], [ 118.561278, -20.305833 ], [ 118.572056, -20.296722 ], [ 118.5675, -20.292111 ], [ 118.563333, -20.292083 ], [ 118.524194, -20.301278 ], [ 118.523722, -20.301667 ], [ 118.534139, -20.305444 ], [ 118.545778, -20.302917 ] ], [ [ 117.040833, -20.630417 ], [ 117.04, -20.637083 ], [ 117.054194, -20.634611 ], [ 117.065833, -20.622972 ], [ 117.077472, -20.621222 ], [ 117.08375, -20.6125 ], [ 117.079111, -20.610444 ], [ 117.075833, -20.613778 ], [ 117.067472, -20.612917 ], [ 117.031222, -20.630833 ], [ 117.031222, -20.633361 ], [ 117.034139, -20.635417 ], [ 117.040833, -20.630417 ] ], [ [ 115.547056, -20.382528 ], [ 115.545, -20.387083 ], [ 115.566222, -20.400861 ], [ 115.567111, -20.4125 ], [ 115.577528, -20.420444 ], [ 115.574556, -20.408333 ], [ 115.579556, -20.402528 ], [ 115.578722, -20.398389 ], [ 115.563333, -20.393778 ], [ 115.559611, -20.387556 ], [ 115.562083, -20.385056 ], [ 115.554167, -20.375472 ], [ 115.542528, -20.378806 ], [ 115.54125, -20.38 ], [ 115.543333, -20.382944 ], [ 115.547056, -20.382528 ] ], [ [ 114.382917, -21.634167 ], [ 114.385417, -21.625028 ], [ 114.382472, -21.622917 ], [ 114.365889, -21.630444 ], [ 114.35125, -21.645028 ], [ 114.349556, -21.650028 ], [ 114.349528, -21.650833 ], [ 114.361667, -21.652056 ], [ 114.382917, -21.634167 ] ], [ [ 113.631694, -24.897083 ], [ 113.637889, -24.895028 ], [ 113.636667, -24.890417 ], [ 113.644972, -24.889583 ], [ 113.64875, -24.885056 ], [ 113.640417, -24.876667 ], [ 113.639194, -24.867111 ], [ 113.626722, -24.867083 ], [ 113.620389, -24.872528 ], [ 113.620444, -24.874194 ], [ 113.63125, -24.883361 ], [ 113.631694, -24.897083 ] ], [ [ 113.492917, -26.393333 ], [ 113.494972, -26.397083 ], [ 113.499944, -26.397972 ], [ 113.501222, -26.386667 ], [ 113.504583, -26.382528 ], [ 113.501639, -26.35875 ], [ 113.491611, -26.357083 ], [ 113.490389, -26.359167 ], [ 113.49375, -26.361694 ], [ 113.490389, -26.37 ], [ 113.48875, -26.371694 ], [ 113.49375, -26.378361 ], [ 113.492917, -26.393333 ] ], [ [ 116.654139, -20.52125 ], [ 116.669139, -20.512972 ], [ 116.673278, -20.517972 ], [ 116.684583, -20.511667 ], [ 116.683722, -20.505 ], [ 116.687056, -20.4975 ], [ 116.676667, -20.502139 ], [ 116.673333, -20.496278 ], [ 116.671278, -20.498333 ], [ 116.672889, -20.505056 ], [ 116.665028, -20.512083 ], [ 116.649972, -20.510389 ], [ 116.645833, -20.505389 ], [ 116.639556, -20.5075 ], [ 116.639556, -20.510833 ], [ 116.646639, -20.509583 ], [ 116.654139, -20.52125 ] ], [ [ 115.322083, -20.927528 ], [ 115.33375, -20.905861 ], [ 115.328333, -20.897083 ], [ 115.320806, -20.89375 ], [ 115.317056, -20.895028 ], [ 115.32125, -20.918361 ], [ 115.316222, -20.931667 ], [ 115.312889, -20.935028 ], [ 115.322083, -20.932528 ], [ 115.322083, -20.927528 ] ], [ [ 115.895833, -20.95125 ], [ 115.895417, -20.933361 ], [ 115.882472, -20.931278 ], [ 115.877083, -20.935028 ], [ 115.874583, -20.944972 ], [ 115.873778, -20.945833 ], [ 115.88, -20.945417 ], [ 115.895833, -20.95125 ] ], [ [ 117.05875, -20.444167 ], [ 117.062083, -20.448361 ], [ 117.060389, -20.456667 ], [ 117.062472, -20.457944 ], [ 117.072944, -20.448361 ], [ 117.068722, -20.435833 ], [ 117.071222, -20.426667 ], [ 117.068361, -20.424611 ], [ 117.057139, -20.425861 ], [ 117.057139, -20.427528 ], [ 117.062056, -20.431667 ], [ 117.05875, -20.444167 ] ], [ [ 115.2175, -21.593778 ], [ 115.227917, -21.579139 ], [ 115.227917, -21.571694 ], [ 115.234139, -21.572111 ], [ 115.241222, -21.568389 ], [ 115.24, -21.56625 ], [ 115.225, -21.566278 ], [ 115.20875, -21.595056 ], [ 115.207917, -21.595861 ], [ 115.2125, -21.597111 ], [ 115.2175, -21.593778 ] ], [ [ 114.67875, -21.624167 ], [ 114.671278, -21.628361 ], [ 114.674167, -21.630417 ], [ 114.685861, -21.626278 ], [ 114.687889, -21.624194 ], [ 114.682056, -21.620833 ], [ 114.677889, -21.605 ], [ 114.672917, -21.598333 ], [ 114.660861, -21.588778 ], [ 114.657083, -21.590833 ], [ 114.656222, -21.591694 ], [ 114.677917, -21.615 ], [ 114.67875, -21.624167 ] ], [ [ 118.524556, -20.307528 ], [ 118.519167, -20.304583 ], [ 118.512417, -20.305444 ], [ 118.496611, -20.31125 ], [ 118.49375, -20.315028 ], [ 118.493778, -20.318333 ], [ 118.507472, -20.320417 ], [ 118.524556, -20.307528 ] ], [ [ 114.939972, -21.686278 ], [ 114.950778, -21.68125 ], [ 114.968722, -21.665028 ], [ 114.963361, -21.665472 ], [ 114.931667, -21.687944 ], [ 114.914583, -21.690028 ], [ 114.914556, -21.690833 ], [ 114.929972, -21.698778 ], [ 114.939972, -21.686278 ] ], [ [ 114.162944, -22.470028 ], [ 114.167917, -22.454194 ], [ 114.164972, -22.442917 ], [ 114.161222, -22.458361 ], [ 114.142056, -22.484167 ], [ 114.142056, -22.486694 ], [ 114.150028, -22.477944 ], [ 114.162944, -22.470028 ] ], [ [ 116.69125, -20.646694 ], [ 116.692889, -20.641639 ], [ 116.671667, -20.647917 ], [ 116.668722, -20.656694 ], [ 116.668722, -20.658361 ], [ 116.678278, -20.659639 ], [ 116.69125, -20.646694 ] ], [ [ 115.321278, -20.971694 ], [ 115.3325, -20.968778 ], [ 115.334528, -20.965 ], [ 115.327944, -20.96 ], [ 115.322917, -20.950889 ], [ 115.311667, -20.945444 ], [ 115.31125, -20.945833 ], [ 115.320444, -20.960861 ], [ 115.321278, -20.971694 ] ], [ [ 116.814583, -20.425833 ], [ 116.827917, -20.415806 ], [ 116.829139, -20.410417 ], [ 116.81125, -20.412528 ], [ 116.810361, -20.4275 ], [ 116.806222, -20.433361 ], [ 116.806222, -20.436667 ], [ 116.808389, -20.437944 ], [ 116.814583, -20.425833 ] ], [ [ 115.425028, -21.52125 ], [ 115.447917, -21.497528 ], [ 115.437472, -21.497972 ], [ 115.431667, -21.507139 ], [ 115.420417, -21.515 ], [ 115.419583, -21.519194 ], [ 115.418722, -21.519972 ], [ 115.419972, -21.522111 ], [ 115.425028, -21.52125 ] ], [ [ 115.62375, -21.358306 ], [ 115.623722, -21.354194 ], [ 115.616639, -21.346278 ], [ 115.602056, -21.352528 ], [ 115.602056, -21.354194 ], [ 115.610861, -21.362111 ], [ 115.62375, -21.358306 ] ], [ [ 114.574528, -21.990028 ], [ 114.569167, -21.982083 ], [ 114.555417, -21.985833 ], [ 114.555389, -21.9875 ], [ 114.564139, -21.997944 ], [ 114.574528, -21.990028 ] ], [ [ 116.1525, -20.945472 ], [ 116.153722, -20.934167 ], [ 116.150861, -20.927944 ], [ 116.143306, -20.927917 ], [ 116.141306, -20.934222 ], [ 116.141278, -20.935028 ], [ 116.145778, -20.945444 ], [ 116.1525, -20.945472 ] ], [ [ 117.867917, -20.513333 ], [ 117.862528, -20.51375 ], [ 117.848306, -20.52375 ], [ 117.83875, -20.534194 ], [ 117.83875, -20.535 ], [ 117.855, -20.529583 ], [ 117.867917, -20.513333 ] ], [ [ 116.452056, -20.661694 ], [ 116.449972, -20.647056 ], [ 116.432889, -20.651667 ], [ 116.432889, -20.652528 ], [ 116.448333, -20.66375 ], [ 116.452056, -20.661694 ] ], [ [ 115.571222, -20.648389 ], [ 115.571222, -20.655833 ], [ 115.576639, -20.657944 ], [ 115.579583, -20.65 ], [ 115.572528, -20.646278 ], [ 115.565, -20.637139 ], [ 115.563694, -20.640056 ], [ 115.562889, -20.640861 ], [ 115.567444, -20.64875 ], [ 115.571222, -20.648389 ] ], [ [ 115.523306, -20.36625 ], [ 115.5275, -20.365417 ], [ 115.536222, -20.370833 ], [ 115.533361, -20.364611 ], [ 115.527889, -20.3625 ], [ 115.528361, -20.359583 ], [ 115.5125, -20.357111 ], [ 115.51375, -20.360028 ], [ 115.510806, -20.362083 ], [ 115.509583, -20.363389 ], [ 115.52, -20.362083 ], [ 115.523306, -20.36625 ] ], [ [ 116.968333, -20.44125 ], [ 116.970389, -20.435 ], [ 116.962917, -20.425889 ], [ 116.963778, -20.422556 ], [ 116.959139, -20.421222 ], [ 116.954583, -20.425028 ], [ 116.954583, -20.425889 ], [ 116.963778, -20.433333 ], [ 116.968333, -20.44125 ] ], [ [ 115.536222, -20.401694 ], [ 115.529972, -20.398778 ], [ 115.528778, -20.404167 ], [ 115.521667, -20.40875 ], [ 115.518778, -20.407528 ], [ 115.518333, -20.402917 ], [ 115.512472, -20.412111 ], [ 115.511222, -20.413361 ], [ 115.520833, -20.413778 ], [ 115.536222, -20.401694 ] ], [ [ 116.634972, -20.54875 ], [ 116.639944, -20.55375 ], [ 116.644528, -20.545833 ], [ 116.639972, -20.541306 ], [ 116.637472, -20.547083 ], [ 116.634111, -20.544611 ], [ 116.627889, -20.549194 ], [ 116.627889, -20.55 ], [ 116.631694, -20.551278 ], [ 116.634972, -20.54875 ] ], [ [ 115.37125, -21.456667 ], [ 115.373361, -21.440444 ], [ 115.362889, -21.4525 ], [ 115.362889, -21.453361 ], [ 115.366694, -21.457944 ], [ 115.37125, -21.456667 ] ], [ [ 116.174583, -20.949194 ], [ 116.174583, -20.938333 ], [ 116.170778, -20.930417 ], [ 116.16875, -20.932528 ], [ 116.171222, -20.940056 ], [ 116.167917, -20.945889 ], [ 116.167917, -20.950889 ], [ 116.171694, -20.952972 ], [ 116.174583, -20.949194 ] ], [ [ 113.872111, -25.2975 ], [ 113.865028, -25.297944 ], [ 113.862528, -25.292944 ], [ 113.855028, -25.287944 ], [ 113.852917, -25.289167 ], [ 113.852944, -25.290833 ], [ 113.867472, -25.30625 ], [ 113.872111, -25.2975 ] ], [ [ 114.509972, -22.092944 ], [ 114.49375, -22.110056 ], [ 114.492917, -22.110833 ], [ 114.507083, -22.106694 ], [ 114.509972, -22.092944 ] ], [ [ 115.357944, -21.484972 ], [ 115.353333, -21.46875 ], [ 115.349556, -21.4775 ], [ 115.349583, -21.480889 ], [ 115.352472, -21.485444 ], [ 115.357944, -21.484972 ] ], [ [ 115.517083, -21.435889 ], [ 115.514139, -21.429611 ], [ 115.509611, -21.431694 ], [ 115.506278, -21.440028 ], [ 115.50625, -21.441694 ], [ 115.510833, -21.442944 ], [ 115.517083, -21.435889 ] ], [ [ 114.182444, -22.423778 ], [ 114.184611, -22.419167 ], [ 114.182889, -22.410833 ], [ 114.177028, -22.407528 ], [ 114.177083, -22.411694 ], [ 114.177861, -22.421694 ], [ 114.182444, -22.423778 ] ], [ [ 116.245417, -20.806722 ], [ 116.242083, -20.799194 ], [ 116.238306, -20.797917 ], [ 116.235361, -20.800806 ], [ 116.235417, -20.802528 ], [ 116.243306, -20.812111 ], [ 116.245417, -20.806722 ] ], [ [ 116.532472, -20.534556 ], [ 116.542472, -20.537111 ], [ 116.544556, -20.534194 ], [ 116.542472, -20.532111 ], [ 116.535833, -20.533778 ], [ 116.5325, -20.528778 ], [ 116.527111, -20.530028 ], [ 116.528722, -20.533361 ], [ 116.527056, -20.535 ], [ 116.528361, -20.537083 ], [ 116.532472, -20.534556 ] ], [ [ 115.855417, -21.017528 ], [ 115.852917, -21.006667 ], [ 115.848333, -21.005417 ], [ 115.847111, -21.007528 ], [ 115.847083, -21.010861 ], [ 115.850806, -21.017944 ], [ 115.855417, -21.017528 ] ], [ [ 114.482111, -22.130861 ], [ 114.484194, -22.117944 ], [ 114.479556, -22.119194 ], [ 114.477056, -22.130833 ], [ 114.477056, -22.134222 ], [ 114.479167, -22.135444 ], [ 114.482111, -22.130861 ] ], [ [ 116.03375, -20.901694 ], [ 116.025389, -20.900833 ], [ 116.025444, -20.903361 ], [ 116.034167, -20.912944 ], [ 116.03375, -20.901694 ] ], [ [ 115.514139, -20.400417 ], [ 115.518306, -20.398806 ], [ 115.522917, -20.400833 ], [ 115.52, -20.39375 ], [ 115.516306, -20.395 ], [ 115.520778, -20.387111 ], [ 115.515028, -20.387917 ], [ 115.512889, -20.394222 ], [ 115.512083, -20.395 ], [ 115.515417, -20.396694 ], [ 115.514139, -20.400417 ] ], [ [ 115.5425, -21.376278 ], [ 115.53875, -21.3775 ], [ 115.537056, -21.387528 ], [ 115.537083, -21.390861 ], [ 115.544611, -21.385861 ], [ 115.5425, -21.376278 ] ], [ [ 117.77, -20.58625 ], [ 117.776278, -20.584167 ], [ 117.766694, -20.580417 ], [ 117.750833, -20.587083 ], [ 117.749611, -20.588361 ], [ 117.765028, -20.582889 ], [ 117.77, -20.58625 ] ], [ [ 116.817889, -20.4025 ], [ 116.814972, -20.401278 ], [ 116.809972, -20.407944 ], [ 116.804556, -20.407528 ], [ 116.804556, -20.408333 ], [ 116.815806, -20.411278 ], [ 116.817889, -20.4025 ] ], [ [ 118.361278, -20.359972 ], [ 118.358333, -20.352944 ], [ 118.354139, -20.35125 ], [ 118.352083, -20.353333 ], [ 118.352083, -20.354194 ], [ 118.3575, -20.362083 ], [ 118.361278, -20.359972 ] ], [ [ 115.357056, -21.503333 ], [ 115.353333, -21.502083 ], [ 115.344583, -21.506694 ], [ 115.344583, -21.508361 ], [ 115.348333, -21.511278 ], [ 115.357056, -21.503333 ] ], [ [ 116.831278, -20.382528 ], [ 116.829111, -20.375417 ], [ 116.820417, -20.389194 ], [ 116.820417, -20.390861 ], [ 116.826667, -20.388778 ], [ 116.831278, -20.382528 ] ], [ [ 116.657056, -20.674222 ], [ 116.654972, -20.670444 ], [ 116.64625, -20.670028 ], [ 116.64625, -20.671667 ], [ 116.650806, -20.677944 ], [ 116.657056, -20.674222 ] ], [ [ 115.54375, -20.430833 ], [ 115.541194, -20.429222 ], [ 115.539194, -20.413778 ], [ 115.537083, -20.4325 ], [ 115.537111, -20.436694 ], [ 115.539528, -20.431667 ], [ 115.54375, -20.430833 ] ], [ [ 113.912944, -25.400028 ], [ 113.907889, -25.395833 ], [ 113.907917, -25.397528 ], [ 113.917528, -25.418778 ], [ 113.912944, -25.400028 ] ], [ [ 114.382056, -22.398361 ], [ 114.375, -22.390444 ], [ 114.370417, -22.395028 ], [ 114.370389, -22.395833 ], [ 114.374167, -22.39875 ], [ 114.382056, -22.398361 ] ], [ [ 114.483778, -22.145056 ], [ 114.479139, -22.142917 ], [ 114.475444, -22.1475 ], [ 114.475417, -22.148361 ], [ 114.482472, -22.151278 ], [ 114.483778, -22.145056 ] ], [ [ 116.839556, -20.451694 ], [ 116.837917, -20.4475 ], [ 116.83125, -20.452472 ], [ 116.83125, -20.454194 ], [ 116.835, -20.457944 ], [ 116.839556, -20.451694 ] ], [ [ 116.307111, -20.768361 ], [ 116.304167, -20.766278 ], [ 116.30125, -20.768333 ], [ 116.30125, -20.769194 ], [ 116.309194, -20.777889 ], [ 116.307111, -20.768361 ] ], [ [ 118.921222, -19.902528 ], [ 118.921694, -19.895417 ], [ 118.912472, -19.895444 ], [ 118.912056, -19.895861 ], [ 118.918333, -19.90375 ], [ 118.921222, -19.902528 ] ], [ [ 117.924556, -20.4625 ], [ 117.919139, -20.462917 ], [ 117.912083, -20.471667 ], [ 117.912083, -20.472556 ], [ 117.918333, -20.47125 ], [ 117.924556, -20.4625 ] ], [ [ 115.421278, -21.500833 ], [ 115.408778, -21.508361 ], [ 115.408778, -21.509167 ], [ 115.4175, -21.507056 ], [ 115.421278, -21.500833 ] ], [ [ 113.634583, -22.644139 ], [ 113.630861, -22.637111 ], [ 113.626278, -22.639194 ], [ 113.62625, -22.640861 ], [ 113.629972, -22.644583 ], [ 113.634583, -22.644139 ] ], [ [ 115.641694, -21.183806 ], [ 115.633722, -21.1925 ], [ 115.633722, -21.194167 ], [ 115.637083, -21.194194 ], [ 115.641694, -21.183806 ] ], [ [ 114.754972, -21.519611 ], [ 114.749583, -21.528361 ], [ 114.749583, -21.529222 ], [ 114.756194, -21.529194 ], [ 114.754972, -21.519611 ] ], [ [ 118.46375, -20.309194 ], [ 118.446667, -20.312083 ], [ 118.446222, -20.3125 ], [ 118.456639, -20.313778 ], [ 118.46375, -20.309194 ] ], [ [ 114.420417, -21.95 ], [ 114.415778, -21.947917 ], [ 114.412056, -21.950056 ], [ 114.412083, -21.9525 ], [ 114.4175, -21.955472 ], [ 114.420417, -21.95 ] ], [ [ 114.492083, -22.148389 ], [ 114.487056, -22.149167 ], [ 114.487083, -22.151694 ], [ 114.491667, -22.157083 ], [ 114.492083, -22.148389 ] ], [ [ 115.518694, -20.369194 ], [ 115.50875, -20.368361 ], [ 115.508722, -20.369167 ], [ 115.514139, -20.374611 ], [ 115.518694, -20.369194 ] ], [ [ 115.579583, -20.660833 ], [ 115.577556, -20.659611 ], [ 115.572917, -20.664222 ], [ 115.572917, -20.666694 ], [ 115.578306, -20.667944 ], [ 115.579583, -20.660833 ] ], [ [ 113.980861, -25.525444 ], [ 113.975417, -25.519194 ], [ 113.976222, -25.514194 ], [ 113.972056, -25.515028 ], [ 113.972111, -25.516694 ], [ 113.975833, -25.523778 ], [ 113.980861, -25.525444 ] ], [ [ 116.621667, -20.45375 ], [ 116.625389, -20.454167 ], [ 116.619194, -20.449556 ], [ 116.616278, -20.450889 ], [ 116.61625, -20.451694 ], [ 116.619167, -20.458806 ], [ 116.621667, -20.45375 ] ], [ [ 113.891639, -25.372944 ], [ 113.894611, -25.373333 ], [ 113.894167, -25.367889 ], [ 113.891694, -25.367083 ], [ 113.890833, -25.370417 ], [ 113.887917, -25.3675 ], [ 113.887917, -25.3725 ], [ 113.890056, -25.376222 ], [ 113.891639, -25.372944 ] ], [ [ 114.7575, -21.710472 ], [ 114.752972, -21.715833 ], [ 114.752889, -21.718361 ], [ 114.758722, -21.718389 ], [ 114.7575, -21.710472 ] ], [ [ 114.13125, -22.443333 ], [ 114.131222, -22.447528 ], [ 114.137444, -22.435417 ], [ 114.13125, -22.443333 ] ], [ [ 117.677028, -20.631694 ], [ 117.659583, -20.639222 ], [ 117.659556, -20.640028 ], [ 117.661694, -20.641278 ], [ 117.677028, -20.631694 ] ], [ [ 115.546278, -20.442528 ], [ 115.544139, -20.433778 ], [ 115.541667, -20.439611 ], [ 115.537944, -20.439167 ], [ 115.537944, -20.440028 ], [ 115.541667, -20.444583 ], [ 115.546278, -20.442528 ] ], [ [ 113.578806, -25.620028 ], [ 113.574972, -25.61625 ], [ 113.572917, -25.617472 ], [ 113.572917, -25.62 ], [ 113.581278, -25.626667 ], [ 113.578806, -25.620028 ] ], [ [ 113.89875, -25.383333 ], [ 113.902917, -25.385889 ], [ 113.9, -25.377056 ], [ 113.893778, -25.382528 ], [ 113.893778, -25.383333 ], [ 113.898333, -25.37875 ], [ 113.89875, -25.383333 ] ], [ [ 115.523306, -20.423806 ], [ 115.52125, -20.421722 ], [ 115.522889, -20.416667 ], [ 115.519167, -20.417111 ], [ 115.517083, -20.419194 ], [ 115.518361, -20.426278 ], [ 115.523306, -20.423806 ] ], [ [ 116.667056, -20.663333 ], [ 116.663278, -20.661278 ], [ 116.657917, -20.665861 ], [ 116.657917, -20.667528 ], [ 116.665833, -20.667083 ], [ 116.667056, -20.663333 ] ], [ [ 116.642889, -20.651694 ], [ 116.640833, -20.647917 ], [ 116.632917, -20.648361 ], [ 116.632917, -20.649222 ], [ 116.640056, -20.652917 ], [ 116.642889, -20.651694 ] ], [ [ 116.86125, -20.402528 ], [ 116.8575, -20.397944 ], [ 116.85125, -20.396667 ], [ 116.85125, -20.397528 ], [ 116.856667, -20.402944 ], [ 116.86125, -20.402528 ] ], [ [ 115.65375, -21.17 ], [ 115.644583, -21.175028 ], [ 115.644583, -21.176694 ], [ 115.647472, -21.177139 ], [ 115.65375, -21.17 ] ], [ [ 115.825833, -21.072917 ], [ 115.820444, -21.075861 ], [ 115.820444, -21.077528 ], [ 115.828806, -21.077528 ], [ 115.825833, -21.072917 ] ], [ [ 113.967917, -25.5075 ], [ 113.958333, -25.501278 ], [ 113.957917, -25.501667 ], [ 113.970833, -25.513806 ], [ 113.967917, -25.5075 ] ], [ [ 114.549611, -21.805833 ], [ 114.544194, -21.802944 ], [ 114.539556, -21.804194 ], [ 114.539556, -21.805 ], [ 114.544167, -21.807944 ], [ 114.549611, -21.805833 ] ], [ [ 116.06375, -20.820056 ], [ 116.055, -20.813806 ], [ 116.053722, -20.815 ], [ 116.060833, -20.821306 ], [ 116.06375, -20.820056 ] ], [ [ 116.850417, -20.399194 ], [ 116.843694, -20.402528 ], [ 116.843694, -20.404194 ], [ 116.847472, -20.405444 ], [ 116.850417, -20.399194 ] ], [ [ 113.529611, -26.180833 ], [ 113.524139, -26.175444 ], [ 113.522083, -26.176667 ], [ 113.522056, -26.179194 ], [ 113.524972, -26.182139 ], [ 113.529611, -26.180833 ] ], [ [ 115.502972, -21.291667 ], [ 115.498278, -21.285417 ], [ 115.495444, -21.289194 ], [ 115.495417, -21.290056 ], [ 115.499972, -21.292889 ], [ 115.502972, -21.291667 ] ], [ [ 113.865, -26.37875 ], [ 113.862917, -26.385028 ], [ 113.862056, -26.385861 ], [ 113.865, -26.389639 ], [ 113.865, -26.37875 ] ], [ [ 113.909556, -25.407528 ], [ 113.906667, -25.402944 ], [ 113.90375, -25.41 ], [ 113.903722, -25.410861 ], [ 113.906694, -25.412111 ], [ 113.909556, -25.407528 ] ], [ [ 115.858306, -20.972056 ], [ 115.852917, -20.975028 ], [ 115.852917, -20.975806 ], [ 115.860389, -20.976667 ], [ 115.858306, -20.972056 ] ], [ [ 116.678722, -20.533333 ], [ 116.673306, -20.534611 ], [ 116.669583, -20.539194 ], [ 116.669583, -20.540056 ], [ 116.672528, -20.540444 ], [ 116.678722, -20.533333 ] ], [ [ 115.164167, -21.320417 ], [ 115.157083, -21.322528 ], [ 115.157083, -21.323333 ], [ 115.165444, -21.324167 ], [ 115.164167, -21.320417 ] ], [ [ 115.527056, -20.629194 ], [ 115.525806, -20.627111 ], [ 115.52, -20.627917 ], [ 115.518778, -20.629167 ], [ 115.521667, -20.632944 ], [ 115.527056, -20.629194 ] ], [ [ 116.838361, -20.69125 ], [ 116.831278, -20.689167 ], [ 116.831278, -20.690028 ], [ 116.84375, -20.696694 ], [ 116.838361, -20.69125 ] ], [ [ 113.509556, -26.391667 ], [ 113.504972, -26.391222 ], [ 113.502917, -26.394194 ], [ 113.502889, -26.395861 ], [ 113.507472, -26.396306 ], [ 113.509556, -26.391667 ] ], [ [ 116.414583, -20.685861 ], [ 116.414556, -20.694167 ], [ 116.417944, -20.69 ], [ 116.414583, -20.685861 ] ], [ [ 113.478333, -25.547083 ], [ 113.47125, -25.552528 ], [ 113.470472, -25.553333 ], [ 113.473306, -25.554611 ], [ 113.478333, -25.547083 ] ], [ [ 115.490417, -20.741722 ], [ 115.485417, -20.742528 ], [ 115.485444, -20.745056 ], [ 115.486667, -20.750444 ], [ 115.490417, -20.741722 ] ], [ [ 116.619556, -20.723389 ], [ 116.618333, -20.717917 ], [ 116.614611, -20.721694 ], [ 116.614611, -20.7225 ], [ 116.616667, -20.725444 ], [ 116.619556, -20.723389 ] ], [ [ 117.927111, -20.47 ], [ 117.921278, -20.470028 ], [ 117.921222, -20.4725 ], [ 117.924139, -20.473806 ], [ 117.927111, -20.47 ] ], [ [ 115.305833, -21.502917 ], [ 115.302917, -21.504167 ], [ 115.302917, -21.505889 ], [ 115.31125, -21.505861 ], [ 115.305833, -21.502917 ] ], [ [ 116.705389, -20.642528 ], [ 116.69875, -20.646639 ], [ 116.698722, -20.6475 ], [ 116.700806, -20.648778 ], [ 116.705389, -20.642528 ] ], [ [ 115.45875, -21.480028 ], [ 115.450389, -21.48 ], [ 115.450389, -21.480861 ], [ 115.4575, -21.482083 ], [ 115.45875, -21.480028 ] ], [ [ 116.282889, -20.855861 ], [ 116.279972, -20.852139 ], [ 116.276611, -20.852917 ], [ 116.27625, -20.853306 ], [ 116.279167, -20.857111 ], [ 116.282889, -20.855861 ] ], [ [ 113.917056, -25.9725 ], [ 113.91125, -25.974139 ], [ 113.910389, -25.975028 ], [ 113.913306, -25.977083 ], [ 113.917056, -25.9725 ] ], [ [ 115.655417, -21.094194 ], [ 115.65125, -21.095028 ], [ 115.651222, -21.096667 ], [ 115.653361, -21.101278 ], [ 115.655417, -21.094194 ] ], [ [ 116.828722, -20.685028 ], [ 116.824167, -20.68125 ], [ 116.822889, -20.6825 ], [ 116.825, -20.688778 ], [ 116.828722, -20.685028 ] ], [ [ 116.842083, -20.404972 ], [ 116.839972, -20.403778 ], [ 116.835417, -20.4075 ], [ 116.835417, -20.408361 ], [ 116.838361, -20.409639 ], [ 116.842083, -20.404972 ] ], [ [ 114.930417, -21.590861 ], [ 114.928333, -21.589556 ], [ 114.924556, -21.592556 ], [ 114.924556, -21.593361 ], [ 114.929139, -21.594556 ], [ 114.930417, -21.590861 ] ], [ [ 115.089639, -21.634167 ], [ 115.087472, -21.632944 ], [ 115.082083, -21.636722 ], [ 115.082083, -21.637528 ], [ 115.085, -21.63875 ], [ 115.089639, -21.634167 ] ], [ [ 115.543333, -20.517917 ], [ 115.539556, -20.520028 ], [ 115.540444, -20.5225 ], [ 115.539583, -20.523333 ], [ 115.542917, -20.524972 ], [ 115.543333, -20.517917 ] ], [ [ 113.927056, -25.982556 ], [ 113.923333, -25.980444 ], [ 113.920444, -25.983361 ], [ 113.920444, -25.984222 ], [ 113.925, -25.985444 ], [ 113.927056, -25.982556 ] ], [ [ 113.899639, -25.368361 ], [ 113.89625, -25.366667 ], [ 113.89625, -25.368361 ], [ 113.901667, -25.375444 ], [ 113.899639, -25.368361 ] ], [ [ 116.957083, -20.652528 ], [ 116.953722, -20.654194 ], [ 116.953722, -20.656667 ], [ 116.955028, -20.660444 ], [ 116.957083, -20.652528 ] ], [ [ 113.921278, -25.978361 ], [ 113.915417, -25.978361 ], [ 113.915417, -25.980028 ], [ 113.92, -25.98125 ], [ 113.921278, -25.978361 ] ], [ [ 114.199583, -22.3475 ], [ 114.194194, -22.350444 ], [ 114.192083, -22.352528 ], [ 114.198333, -22.35125 ], [ 114.199583, -22.3475 ] ], [ [ 116.619611, -20.464194 ], [ 116.614167, -20.465444 ], [ 116.612083, -20.4675 ], [ 116.618389, -20.467111 ], [ 116.619611, -20.464194 ] ], [ [ 115.519583, -21.42 ], [ 115.517528, -21.418778 ], [ 115.516278, -21.421694 ], [ 115.514583, -21.423361 ], [ 115.519167, -21.423806 ], [ 115.519583, -21.42 ] ], [ [ 113.91375, -25.98 ], [ 113.91125, -25.981667 ], [ 113.910389, -25.982528 ], [ 113.914194, -25.98625 ], [ 113.91375, -25.98 ] ], [ [ 115.835833, -21.043778 ], [ 115.835389, -21.044167 ], [ 115.84375, -21.046694 ], [ 115.835833, -21.043778 ] ], [ [ 115.727917, -21.135889 ], [ 115.723778, -21.135056 ], [ 115.72375, -21.136694 ], [ 115.727528, -21.140417 ], [ 115.727917, -21.135889 ] ], [ [ 113.956667, -25.489611 ], [ 113.954583, -25.491667 ], [ 113.954583, -25.494194 ], [ 113.9575, -25.499611 ], [ 113.956667, -25.489611 ] ], [ [ 115.589639, -20.420028 ], [ 115.58375, -20.423389 ], [ 115.58375, -20.424167 ], [ 115.585778, -20.42625 ], [ 115.589639, -20.420028 ] ], [ [ 113.645, -26.507944 ], [ 113.643778, -26.5125 ], [ 113.642889, -26.513389 ], [ 113.647917, -26.513333 ], [ 113.645, -26.507944 ] ], [ [ 117.689111, -20.632972 ], [ 117.684583, -20.635833 ], [ 117.684583, -20.636694 ], [ 117.690417, -20.638361 ], [ 117.689111, -20.632972 ] ], [ [ 113.639583, -24.808361 ], [ 113.634583, -24.809194 ], [ 113.634583, -24.81 ], [ 113.637472, -24.812111 ], [ 113.639583, -24.808361 ] ], [ [ 114.005444, -25.849139 ], [ 114.005472, -25.850861 ], [ 114.012111, -25.855028 ], [ 114.005444, -25.849139 ] ], [ [ 116.797111, -20.379972 ], [ 116.797111, -20.380833 ], [ 116.804583, -20.384167 ], [ 116.797111, -20.379972 ] ], [ [ 115.833333, -21.127917 ], [ 115.830389, -21.128361 ], [ 115.830389, -21.130833 ], [ 115.834583, -21.132528 ], [ 115.833333, -21.127917 ] ], [ [ 113.989111, -25.527917 ], [ 113.982917, -25.525 ], [ 113.982944, -25.525861 ], [ 113.990889, -25.532111 ], [ 113.989111, -25.527917 ] ], [ [ 114.503694, -21.5975 ], [ 114.499139, -21.595417 ], [ 114.498722, -21.595889 ], [ 114.504139, -21.601278 ], [ 114.503694, -21.5975 ] ], [ [ 116.660389, -20.651694 ], [ 116.655833, -20.650472 ], [ 116.654528, -20.651667 ], [ 116.659167, -20.654611 ], [ 116.660389, -20.651694 ] ], [ [ 114.484139, -21.957139 ], [ 114.481194, -21.96 ], [ 114.48875, -21.959194 ], [ 114.484139, -21.957139 ] ], [ [ 115.782528, -21.097972 ], [ 115.781222, -21.1 ], [ 115.780417, -21.100861 ], [ 115.785444, -21.1025 ], [ 115.782528, -21.097972 ] ], [ [ 119.374139, -19.977944 ], [ 119.372917, -19.982556 ], [ 119.372111, -19.983361 ], [ 119.377889, -19.980833 ], [ 119.374139, -19.977944 ] ], [ [ 115.127917, -21.53 ], [ 115.124167, -21.527944 ], [ 115.122111, -21.529972 ], [ 115.126667, -21.532111 ], [ 115.127917, -21.53 ] ], [ [ 114.614583, -21.599194 ], [ 114.612056, -21.599194 ], [ 114.612111, -21.600861 ], [ 114.615, -21.604583 ], [ 114.614583, -21.599194 ] ], [ [ 115.444194, -21.306278 ], [ 115.44125, -21.309167 ], [ 115.447056, -21.308361 ], [ 115.444194, -21.306278 ] ], [ [ 113.633278, -24.810417 ], [ 113.630444, -24.814194 ], [ 113.629556, -24.815 ], [ 113.633722, -24.814194 ], [ 113.633278, -24.810417 ] ], [ [ 118.980833, -20.035444 ], [ 118.97875, -20.039194 ], [ 118.978722, -20.040861 ], [ 118.982056, -20.041694 ], [ 118.980833, -20.035444 ] ], [ [ 116.415417, -20.670028 ], [ 116.412111, -20.667528 ], [ 116.412083, -20.669139 ], [ 116.414167, -20.67375 ], [ 116.415417, -20.670028 ] ], [ [ 114.429583, -21.918333 ], [ 114.425417, -21.918389 ], [ 114.425417, -21.920833 ], [ 114.4275, -21.922083 ], [ 114.429583, -21.918333 ] ], [ [ 113.614611, -24.8625 ], [ 113.614556, -24.863361 ], [ 113.621222, -24.864222 ], [ 113.614611, -24.8625 ] ], [ [ 119.487917, -20.009167 ], [ 119.487083, -20.010056 ], [ 119.49375, -20.006694 ], [ 119.487917, -20.009167 ] ], [ [ 116.190417, -20.820861 ], [ 116.187083, -20.820833 ], [ 116.187083, -20.821722 ], [ 116.190806, -20.82625 ], [ 116.190417, -20.820861 ] ], [ [ 113.927889, -25.438333 ], [ 113.926639, -25.435444 ], [ 113.924583, -25.436694 ], [ 113.924611, -25.44 ], [ 113.926639, -25.441278 ], [ 113.927889, -25.438333 ] ], [ [ 114.414556, -21.701694 ], [ 114.4125, -21.700444 ], [ 114.412083, -21.7025 ], [ 114.411222, -21.703361 ], [ 114.414194, -21.70625 ], [ 114.414556, -21.701694 ] ], [ [ 116.608778, -20.439167 ], [ 116.604556, -20.438333 ], [ 116.604528, -20.44 ], [ 116.606639, -20.442083 ], [ 116.608778, -20.439167 ] ], [ [ 116.44125, -20.549222 ], [ 116.439972, -20.546278 ], [ 116.437083, -20.547528 ], [ 116.437083, -20.548333 ], [ 116.438333, -20.550472 ], [ 116.44125, -20.549222 ] ], [ [ 115.980778, -20.958722 ], [ 115.9775, -20.958778 ], [ 115.977056, -20.959167 ], [ 115.981694, -20.962917 ], [ 115.980778, -20.958722 ] ], [ [ 113.860417, -25.802528 ], [ 113.860389, -25.804194 ], [ 113.866222, -25.8 ], [ 113.860417, -25.802528 ] ], [ [ 116.769556, -20.569194 ], [ 116.766194, -20.570833 ], [ 116.766194, -20.5725 ], [ 116.768333, -20.573778 ], [ 116.769556, -20.569194 ] ], [ [ 116.834556, -20.409222 ], [ 116.832056, -20.409222 ], [ 116.832056, -20.411694 ], [ 116.835417, -20.413361 ], [ 116.834556, -20.409222 ] ], [ [ 114.917056, -21.710028 ], [ 114.917028, -21.711694 ], [ 114.922917, -21.7075 ], [ 114.917056, -21.710028 ] ], [ [ 116.648722, -20.499194 ], [ 116.644583, -20.499194 ], [ 116.644583, -20.500861 ], [ 116.646639, -20.502139 ], [ 116.648722, -20.499194 ] ], [ [ 115.491667, -20.73375 ], [ 115.48875, -20.7375 ], [ 115.487889, -20.738361 ], [ 115.490444, -20.739194 ], [ 115.491667, -20.73375 ] ], [ [ 116.844139, -20.512111 ], [ 116.842917, -20.513389 ], [ 116.849556, -20.513389 ], [ 116.844139, -20.512111 ] ], [ [ 118.815, -20.027944 ], [ 118.812056, -20.029222 ], [ 118.812083, -20.030028 ], [ 118.81625, -20.030833 ], [ 118.815, -20.027944 ] ], [ [ 117.260833, -20.675444 ], [ 117.259611, -20.677528 ], [ 117.25875, -20.678389 ], [ 117.262917, -20.678361 ], [ 117.260833, -20.675444 ] ], [ [ 115.569556, -21.287472 ], [ 115.569556, -21.288333 ], [ 115.575389, -21.289194 ], [ 115.569556, -21.287472 ] ], [ [ 115.525806, -20.377917 ], [ 115.522917, -20.380889 ], [ 115.522056, -20.381667 ], [ 115.523306, -20.383806 ], [ 115.525806, -20.377917 ] ], [ [ 113.649583, -24.809222 ], [ 113.649639, -24.810806 ], [ 113.654611, -24.810833 ], [ 113.649583, -24.809222 ] ], [ [ 114.220806, -26.106278 ], [ 114.220361, -26.106667 ], [ 114.225833, -26.111306 ], [ 114.220806, -26.106278 ] ], [ [ 113.147472, -24.882111 ], [ 113.146278, -24.885028 ], [ 113.145389, -24.885861 ], [ 113.148722, -24.885861 ], [ 113.147472, -24.882111 ] ], [ [ 116.625444, -20.482528 ], [ 116.622028, -20.4825 ], [ 116.622111, -20.484167 ], [ 116.624167, -20.485444 ], [ 116.625444, -20.482528 ] ], [ [ 116.627889, -20.727528 ], [ 116.624556, -20.728389 ], [ 116.624556, -20.73 ], [ 116.626667, -20.73125 ], [ 116.627889, -20.727528 ] ], [ [ 115.571278, -20.630833 ], [ 115.567056, -20.631694 ], [ 115.567056, -20.6325 ], [ 115.569972, -20.634611 ], [ 115.571278, -20.630833 ] ], [ [ 115.541694, -20.506278 ], [ 115.540417, -20.511694 ], [ 115.539556, -20.5125 ], [ 115.542917, -20.511667 ], [ 115.541694, -20.506278 ] ], [ [ 113.701222, -23.551722 ], [ 113.70125, -23.552528 ], [ 113.706278, -23.548361 ], [ 113.701222, -23.551722 ] ], [ [ 115.57375, -20.455028 ], [ 115.57375, -20.456694 ], [ 115.577083, -20.458306 ], [ 115.57375, -20.455028 ] ], [ [ 113.638361, -24.804583 ], [ 113.637889, -24.805 ], [ 113.645444, -24.805833 ], [ 113.638361, -24.804583 ] ], [ [ 113.631278, -24.807528 ], [ 113.63125, -24.809194 ], [ 113.63625, -24.805028 ], [ 113.631278, -24.807528 ] ], [ [ 113.619139, -24.860472 ], [ 113.618722, -24.860861 ], [ 113.625444, -24.861667 ], [ 113.619139, -24.860472 ] ], [ [ 117.211222, -20.654167 ], [ 117.211222, -20.656694 ], [ 117.214611, -20.654167 ], [ 117.211222, -20.654167 ] ], [ [ 116.772472, -20.534639 ], [ 116.770389, -20.536694 ], [ 116.774639, -20.536722 ], [ 116.772472, -20.534639 ] ], [ [ 114.165833, -21.85375 ], [ 114.162917, -21.856694 ], [ 114.162944, -21.857556 ], [ 114.166278, -21.856694 ], [ 114.165833, -21.85375 ] ], [ [ 115.072111, -21.608333 ], [ 115.067944, -21.609194 ], [ 115.067944, -21.61 ], [ 115.070028, -21.611278 ], [ 115.072111, -21.608333 ] ], [ [ 116.529139, -20.473778 ], [ 116.526278, -20.476722 ], [ 116.531194, -20.475861 ], [ 116.529139, -20.473778 ] ], [ [ 115.545833, -21.304611 ], [ 115.544611, -21.305861 ], [ 115.549556, -21.305833 ], [ 115.545833, -21.304611 ] ], [ [ 114.223306, -26.097083 ], [ 114.222083, -26.098333 ], [ 114.22875, -26.097556 ], [ 114.223306, -26.097083 ] ], [ [ 117.565806, -20.674611 ], [ 117.564556, -20.675861 ], [ 117.569583, -20.676722 ], [ 117.565806, -20.674611 ] ], [ [ 119.093333, -19.577944 ], [ 119.092083, -19.579167 ], [ 119.09625, -19.580028 ], [ 119.093333, -19.577944 ] ], [ [ 116.672083, -20.713333 ], [ 116.672083, -20.715056 ], [ 116.675028, -20.710417 ], [ 116.672083, -20.713333 ] ], [ [ 114.534139, -21.73625 ], [ 114.532889, -21.737528 ], [ 114.537056, -21.738361 ], [ 114.534139, -21.73625 ] ], [ [ 116.405361, -20.627528 ], [ 116.405361, -20.629194 ], [ 116.408778, -20.63 ], [ 116.405361, -20.627528 ] ], [ [ 115.209972, -21.507944 ], [ 115.209528, -21.508333 ], [ 115.216278, -21.509167 ], [ 115.209972, -21.507944 ] ], [ [ 115.931667, -20.876278 ], [ 115.931222, -20.876667 ], [ 115.935861, -20.881306 ], [ 115.931667, -20.876278 ] ], [ [ 117.280444, -20.665833 ], [ 117.280444, -20.6675 ], [ 117.28375, -20.665028 ], [ 117.280444, -20.665833 ] ], [ [ 114.548306, -21.882083 ], [ 114.547917, -21.882528 ], [ 114.553778, -21.885028 ], [ 114.548306, -21.882083 ] ], [ [ 116.430833, -20.647111 ], [ 116.428722, -20.648361 ], [ 116.428722, -20.649167 ], [ 116.432139, -20.650056 ], [ 116.430833, -20.647111 ] ], [ [ 115.475417, -20.7325 ], [ 115.475417, -20.733306 ], [ 115.478778, -20.735861 ], [ 115.475417, -20.7325 ] ], [ [ 115.515778, -20.377083 ], [ 115.51375, -20.379194 ], [ 115.518778, -20.379167 ], [ 115.515778, -20.377083 ] ], [ [ 119.665, -20.003722 ], [ 119.664583, -20.004194 ], [ 119.668694, -20.006722 ], [ 119.665, -20.003722 ] ], [ [ 115.168306, -21.555444 ], [ 115.167056, -21.556694 ], [ 115.169194, -21.559583 ], [ 115.168306, -21.555444 ] ], [ [ 117.17625, -20.546694 ], [ 117.17625, -20.549194 ], [ 117.178722, -20.545889 ], [ 117.17625, -20.546694 ] ], [ [ 115.47875, -20.718361 ], [ 115.47875, -20.720028 ], [ 115.482111, -20.719194 ], [ 115.47875, -20.718361 ] ], [ [ 115.607083, -21.365 ], [ 115.607083, -21.366667 ], [ 115.610417, -21.364167 ], [ 115.607083, -21.365 ] ], [ [ 113.715389, -23.536694 ], [ 113.715417, -23.537556 ], [ 113.719583, -23.534194 ], [ 113.715389, -23.536694 ] ], [ [ 113.947917, -25.477528 ], [ 113.947917, -25.479194 ], [ 113.950806, -25.482111 ], [ 113.947917, -25.477528 ] ], [ [ 121.644611, -18.815 ], [ 121.644583, -18.815861 ], [ 121.647528, -18.812111 ], [ 121.644611, -18.815 ] ], [ [ 115.457083, -20.498361 ], [ 115.457056, -20.499167 ], [ 115.460417, -20.499194 ], [ 115.457083, -20.498361 ] ], [ [ 122.178333, -17.959583 ], [ 122.177111, -17.960833 ], [ 122.182056, -17.959194 ], [ 122.178333, -17.959583 ] ], [ [ 117.027056, -20.600889 ], [ 117.027056, -20.601694 ], [ 117.031194, -20.600889 ], [ 117.027056, -20.600889 ] ], [ [ 119.433722, -20.004194 ], [ 119.43375, -20.006667 ], [ 119.43625, -20.003361 ], [ 119.433722, -20.004194 ] ], [ [ 116.664556, -20.441694 ], [ 116.663694, -20.442556 ], [ 116.667917, -20.440028 ], [ 116.664556, -20.441694 ] ], [ [ 115.542917, -20.370833 ], [ 115.540833, -20.370417 ], [ 115.53875, -20.372528 ], [ 115.54, -20.374611 ], [ 115.542917, -20.370833 ] ], [ [ 117.647889, -20.6575 ], [ 117.647889, -20.658361 ], [ 117.65125, -20.657556 ], [ 117.647889, -20.6575 ] ], [ [ 115.416667, -21.43875 ], [ 115.415417, -21.440056 ], [ 115.419583, -21.440028 ], [ 115.416667, -21.43875 ] ], [ [ 115.1875, -21.584611 ], [ 115.185417, -21.585861 ], [ 115.185389, -21.586722 ], [ 115.18875, -21.5875 ], [ 115.1875, -21.584611 ] ], [ [ 115.424583, -21.446667 ], [ 115.422083, -21.4475 ], [ 115.421306, -21.448361 ], [ 115.423333, -21.449583 ], [ 115.424583, -21.446667 ] ], [ [ 116.391306, -20.709194 ], [ 116.391278, -20.710833 ], [ 116.394556, -20.711722 ], [ 116.391306, -20.709194 ] ], [ [ 113.642111, -22.760056 ], [ 113.642083, -22.761639 ], [ 113.644583, -22.762528 ], [ 113.642111, -22.760056 ] ], [ [ 113.952056, -25.494167 ], [ 113.952083, -25.495833 ], [ 113.955028, -25.499611 ], [ 113.952056, -25.494167 ] ], [ [ 113.562917, -26.051667 ], [ 113.562917, -26.052528 ], [ 113.566278, -26.051667 ], [ 113.562917, -26.051667 ] ], [ [ 115.595389, -21.268361 ], [ 115.595389, -21.270028 ], [ 115.597972, -21.270861 ], [ 115.595389, -21.268361 ] ], [ [ 115.534222, -20.437139 ], [ 115.532889, -20.439194 ], [ 115.532889, -20.44 ], [ 115.535472, -20.440861 ], [ 115.534222, -20.437139 ] ], [ [ 115.655417, -21.155 ], [ 115.655417, -21.155861 ], [ 115.658778, -21.155889 ], [ 115.655417, -21.155 ] ], [ [ 116.715389, -20.634222 ], [ 116.715389, -20.635833 ], [ 116.71875, -20.634167 ], [ 116.715389, -20.634222 ] ], [ [ 115.502917, -20.730056 ], [ 115.502889, -20.731667 ], [ 115.50625, -20.731694 ], [ 115.502917, -20.730056 ] ], [ [ 115.207083, -21.303333 ], [ 115.207056, -21.304194 ], [ 115.210361, -21.304167 ], [ 115.207083, -21.303333 ] ], [ [ 115.410444, -21.489222 ], [ 115.410472, -21.490833 ], [ 115.413778, -21.488389 ], [ 115.410444, -21.489222 ] ], [ [ 115.442889, -21.344167 ], [ 115.442889, -21.345028 ], [ 115.44625, -21.344194 ], [ 115.442889, -21.344167 ] ], [ [ 115.468333, -21.414611 ], [ 115.46625, -21.416667 ], [ 115.468333, -21.417944 ], [ 115.468333, -21.414611 ] ], [ [ 116.69375, -20.645028 ], [ 116.69375, -20.645833 ], [ 116.697083, -20.645028 ], [ 116.69375, -20.645028 ] ], [ [ 118.65125, -20.168361 ], [ 118.651194, -20.169167 ], [ 118.654583, -20.169194 ], [ 118.65125, -20.168361 ] ], [ [ 115.490389, -21.430028 ], [ 115.490361, -21.430833 ], [ 115.49375, -21.429194 ], [ 115.490389, -21.430028 ] ], [ [ 118.577528, -20.28875 ], [ 118.57625, -20.290028 ], [ 118.580389, -20.29 ], [ 118.577528, -20.28875 ] ], [ [ 115.088306, -21.409611 ], [ 115.087944, -21.410028 ], [ 115.092111, -21.411667 ], [ 115.088306, -21.409611 ] ], [ [ 115.142056, -21.524194 ], [ 115.142028, -21.525056 ], [ 115.14625, -21.523361 ], [ 115.142056, -21.524194 ] ], [ [ 114.180417, -22.396694 ], [ 114.1775, -22.395444 ], [ 114.177083, -22.395833 ], [ 114.179194, -22.398778 ], [ 114.180417, -22.396694 ] ], [ [ 115.540028, -20.490472 ], [ 115.539583, -20.490889 ], [ 115.542528, -20.495444 ], [ 115.540028, -20.490472 ] ], [ [ 113.492917, -26.346694 ], [ 113.492917, -26.348361 ], [ 113.495417, -26.346694 ], [ 113.492917, -26.346694 ] ], [ [ 113.498778, -26.408361 ], [ 113.49875, -26.410028 ], [ 113.502056, -26.410028 ], [ 113.498778, -26.408361 ] ], [ [ 115.211222, -21.303333 ], [ 115.211222, -21.305056 ], [ 115.213778, -21.305889 ], [ 115.211222, -21.303333 ] ], [ [ 115.327528, -21.492944 ], [ 115.327083, -21.493389 ], [ 115.332111, -21.493333 ], [ 115.327528, -21.492944 ] ], [ [ 117.830861, -20.537083 ], [ 117.828722, -20.539167 ], [ 117.832083, -20.539222 ], [ 117.830861, -20.537083 ] ], [ [ 115.55875, -20.635028 ], [ 115.558722, -20.636694 ], [ 115.562083, -20.635056 ], [ 115.55875, -20.635028 ] ], [ [ 115.407889, -21.432528 ], [ 115.407889, -21.433333 ], [ 115.411222, -21.431694 ], [ 115.407889, -21.432528 ] ], [ [ 115.735417, -21.124167 ], [ 115.735417, -21.125833 ], [ 115.737917, -21.125861 ], [ 115.735417, -21.124167 ] ], [ [ 115.408361, -21.497972 ], [ 115.407083, -21.499167 ], [ 115.410833, -21.500472 ], [ 115.408361, -21.497972 ] ], [ [ 115.595417, -20.661722 ], [ 115.595417, -20.663389 ], [ 115.597889, -20.660861 ], [ 115.595417, -20.661722 ] ], [ [ 116.070806, -20.805444 ], [ 116.069556, -20.806722 ], [ 116.072917, -20.807528 ], [ 116.070806, -20.805444 ] ], [ [ 114.709111, -21.607111 ], [ 114.707889, -21.608361 ], [ 114.712083, -21.609222 ], [ 114.709111, -21.607111 ] ], [ [ 115.498278, -20.430472 ], [ 115.497917, -20.430861 ], [ 115.502917, -20.430833 ], [ 115.498278, -20.430472 ] ], [ [ 114.534972, -21.870417 ], [ 114.534556, -21.870861 ], [ 114.539556, -21.871694 ], [ 114.534972, -21.870417 ] ], [ [ 113.898722, -25.407528 ], [ 113.898722, -25.408389 ], [ 113.902111, -25.409167 ], [ 113.898722, -25.407528 ] ], [ [ 115.554556, -20.640028 ], [ 115.554556, -20.640833 ], [ 115.55875, -20.64 ], [ 115.554556, -20.640028 ] ], [ [ 115.275, -21.584639 ], [ 115.273722, -21.585806 ], [ 115.277889, -21.585861 ], [ 115.275, -21.584639 ] ], [ [ 115.434611, -21.353333 ], [ 115.434611, -21.354194 ], [ 115.437889, -21.354222 ], [ 115.434611, -21.353333 ] ], [ [ 114.542056, -21.994194 ], [ 114.542056, -21.995028 ], [ 114.544167, -21.997944 ], [ 114.542056, -21.994194 ] ], [ [ 113.894139, -25.356278 ], [ 113.892083, -25.3575 ], [ 113.892056, -25.358306 ], [ 113.894583, -25.359194 ], [ 113.894139, -25.356278 ] ], [ [ 115.598722, -20.421667 ], [ 115.598722, -20.422528 ], [ 115.60125, -20.423333 ], [ 115.598722, -20.421667 ] ], [ [ 115.597056, -20.430889 ], [ 115.597056, -20.431694 ], [ 115.599583, -20.433361 ], [ 115.597056, -20.430889 ] ], [ [ 116.612889, -20.488333 ], [ 116.612889, -20.489139 ], [ 116.616222, -20.488361 ], [ 116.612889, -20.488333 ] ], [ [ 115.59375, -20.426667 ], [ 115.593722, -20.427528 ], [ 115.59625, -20.425889 ], [ 115.59375, -20.426667 ] ], [ [ 115.53125, -20.483333 ], [ 115.531222, -20.485 ], [ 115.533778, -20.481694 ], [ 115.53125, -20.483333 ] ], [ [ 115.57375, -20.437528 ], [ 115.573722, -20.439194 ], [ 115.577083, -20.4375 ], [ 115.57375, -20.437528 ] ], [ [ 116.834972, -20.417944 ], [ 116.83375, -20.419194 ], [ 116.837056, -20.419222 ], [ 116.834972, -20.417944 ] ], [ [ 114.112889, -22.045861 ], [ 114.112861, -22.047528 ], [ 114.115389, -22.047528 ], [ 114.112889, -22.045861 ] ], [ [ 114.851222, -21.580861 ], [ 114.851222, -21.583361 ], [ 114.85375, -21.583333 ], [ 114.851222, -21.580861 ] ], [ [ 115.399583, -21.408361 ], [ 115.399583, -21.409167 ], [ 115.402889, -21.408333 ], [ 115.399583, -21.408361 ] ], [ [ 115.198306, -21.519583 ], [ 115.197917, -21.519972 ], [ 115.202083, -21.520833 ], [ 115.198306, -21.519583 ] ], [ [ 115.547889, -20.525889 ], [ 115.547889, -20.526694 ], [ 115.55125, -20.525861 ], [ 115.547889, -20.525889 ] ], [ [ 116.002917, -21.0 ], [ 116.002889, -21.001667 ], [ 116.005389, -21.001694 ], [ 116.002917, -21.0 ] ], [ [ 113.372917, -26.1975 ], [ 113.372889, -26.198361 ], [ 113.37625, -26.198361 ], [ 113.372917, -26.1975 ] ], [ [ 117.142083, -20.574194 ], [ 117.142083, -20.575861 ], [ 117.144528, -20.574194 ], [ 117.142083, -20.574194 ] ], [ [ 113.893778, -25.361667 ], [ 113.893778, -25.362528 ], [ 113.89625, -25.363333 ], [ 113.893778, -25.361667 ] ], [ [ 113.641639, -24.807917 ], [ 113.640417, -24.809194 ], [ 113.644556, -24.809194 ], [ 113.641639, -24.807917 ] ], [ [ 113.688333, -26.527944 ], [ 113.687083, -26.529167 ], [ 113.689167, -26.53125 ], [ 113.688333, -26.527944 ] ], [ [ 113.612889, -26.403333 ], [ 113.612917, -26.405 ], [ 113.615389, -26.404222 ], [ 113.612889, -26.403333 ] ], [ [ 115.524583, -20.511694 ], [ 115.524556, -20.514139 ], [ 115.527111, -20.511694 ], [ 115.524583, -20.511694 ] ], [ [ 121.687083, -18.566694 ], [ 121.687083, -18.5675 ], [ 121.690389, -18.565861 ], [ 121.687083, -18.566694 ] ], [ [ 122.20125, -18.243361 ], [ 122.201222, -18.245028 ], [ 122.203806, -18.2425 ], [ 122.20125, -18.243361 ] ], [ [ 119.910833, -19.920417 ], [ 119.910444, -19.920889 ], [ 119.914556, -19.922528 ], [ 119.910833, -19.920417 ] ], [ [ 119.488306, -20.000444 ], [ 119.487889, -20.000861 ], [ 119.490833, -20.002944 ], [ 119.488306, -20.000444 ] ], [ [ 116.0825, -20.79375 ], [ 116.08125, -20.795 ], [ 116.084139, -20.796278 ], [ 116.0825, -20.79375 ] ], [ [ 116.9475, -20.657917 ], [ 116.946222, -20.659194 ], [ 116.949167, -20.660444 ], [ 116.9475, -20.657917 ] ], [ [ 115.436222, -21.418333 ], [ 115.436222, -21.419194 ], [ 115.43875, -21.417556 ], [ 115.436222, -21.418333 ] ], [ [ 116.577472, -20.502083 ], [ 116.57625, -20.503361 ], [ 116.579583, -20.503361 ], [ 116.577472, -20.502083 ] ], [ [ 115.439972, -21.28375 ], [ 115.437889, -21.285861 ], [ 115.441722, -21.285444 ], [ 115.439972, -21.28375 ] ], [ [ 121.805389, -18.508389 ], [ 121.804556, -18.509167 ], [ 121.807861, -18.507528 ], [ 121.805389, -18.508389 ] ], [ [ 116.949944, -20.409639 ], [ 116.94875, -20.410833 ], [ 116.952083, -20.410833 ], [ 116.949944, -20.409639 ] ], [ [ 115.575, -20.44125 ], [ 115.57375, -20.4425 ], [ 115.575806, -20.443778 ], [ 115.575, -20.44125 ] ], [ [ 115.550806, -20.455472 ], [ 115.549583, -20.456722 ], [ 115.552083, -20.457528 ], [ 115.550806, -20.455472 ] ], [ [ 115.459583, -21.4925 ], [ 115.459583, -21.493333 ], [ 115.462889, -21.492528 ], [ 115.459583, -21.4925 ] ], [ [ 115.550861, -20.529639 ], [ 115.549556, -20.530833 ], [ 115.551667, -20.532111 ], [ 115.550861, -20.529639 ] ], [ [ 116.844583, -20.39 ], [ 116.844583, -20.391667 ], [ 116.847056, -20.39 ], [ 116.844583, -20.39 ] ], [ [ 115.862528, -21.151278 ], [ 115.86125, -21.152556 ], [ 115.864583, -21.153361 ], [ 115.862528, -21.151278 ] ], [ [ 115.432528, -21.489611 ], [ 115.431222, -21.490833 ], [ 115.434611, -21.490889 ], [ 115.432528, -21.489611 ] ], [ [ 116.583333, -20.498778 ], [ 116.582111, -20.500028 ], [ 116.585389, -20.500056 ], [ 116.583333, -20.498778 ] ], [ [ 115.528361, -20.387917 ], [ 115.527139, -20.389167 ], [ 115.529611, -20.390861 ], [ 115.528361, -20.387917 ] ], [ [ 116.674611, -20.560028 ], [ 116.674611, -20.560833 ], [ 116.677028, -20.560028 ], [ 116.674611, -20.560028 ] ], [ [ 116.953306, -20.41125 ], [ 116.952861, -20.411694 ], [ 116.956278, -20.4125 ], [ 116.953306, -20.41125 ] ], [ [ 115.555389, -20.525028 ], [ 115.555389, -20.525889 ], [ 115.557944, -20.526639 ], [ 115.555389, -20.525028 ] ], [ [ 114.697028, -21.62 ], [ 114.697056, -21.620861 ], [ 114.699556, -21.619194 ], [ 114.697028, -21.62 ] ], [ [ 116.838722, -20.39 ], [ 116.838722, -20.391667 ], [ 116.841278, -20.390861 ], [ 116.838722, -20.39 ] ], [ [ 117.164556, -20.556667 ], [ 117.164556, -20.557472 ], [ 117.167056, -20.556667 ], [ 117.164556, -20.556667 ] ], [ [ 116.824528, -20.395833 ], [ 116.824528, -20.396694 ], [ 116.827083, -20.3975 ], [ 116.824528, -20.395833 ] ], [ [ 115.5125, -20.382917 ], [ 115.511278, -20.384222 ], [ 115.515417, -20.383333 ], [ 115.5125, -20.382917 ] ], [ [ 116.787083, -20.458361 ], [ 116.787083, -20.459139 ], [ 116.789583, -20.457556 ], [ 116.787083, -20.458361 ] ], [ [ 115.307861, -21.574972 ], [ 115.307917, -21.575833 ], [ 115.310417, -21.576667 ], [ 115.307861, -21.574972 ] ], [ [ 115.336694, -21.492972 ], [ 115.336222, -21.493361 ], [ 115.339611, -21.493333 ], [ 115.336694, -21.492972 ] ], [ [ 115.729583, -21.262556 ], [ 115.729583, -21.263361 ], [ 115.732083, -21.2625 ], [ 115.729583, -21.262556 ] ], [ [ 116.907889, -20.417528 ], [ 116.907889, -20.418333 ], [ 116.910389, -20.416694 ], [ 116.907889, -20.417528 ] ], [ [ 115.453778, -21.493361 ], [ 115.453778, -21.494167 ], [ 115.456278, -21.493306 ], [ 115.453778, -21.493361 ] ], [ [ 113.709556, -23.542528 ], [ 113.709583, -23.543361 ], [ 113.712056, -23.542528 ], [ 113.709556, -23.542528 ] ], [ [ 113.890861, -25.351278 ], [ 113.889583, -25.352528 ], [ 113.891639, -25.354611 ], [ 113.890861, -25.351278 ] ], [ [ 114.644167, -21.642944 ], [ 114.642917, -21.644194 ], [ 114.64625, -21.644194 ], [ 114.644167, -21.642944 ] ], [ [ 113.891306, -25.378389 ], [ 113.891222, -25.379194 ], [ 113.893778, -25.379194 ], [ 113.891306, -25.378389 ] ], [ [ 113.565, -26.045444 ], [ 113.56375, -26.046667 ], [ 113.565861, -26.047944 ], [ 113.565, -26.045444 ] ], [ [ 114.91625, -21.705833 ], [ 114.91625, -21.706694 ], [ 114.91875, -21.706722 ], [ 114.91625, -21.705833 ] ], [ [ 114.699139, -21.622972 ], [ 114.697917, -21.624222 ], [ 114.701194, -21.624194 ], [ 114.699139, -21.622972 ] ], [ [ 113.890389, -25.362528 ], [ 113.890417, -25.364194 ], [ 113.892917, -25.363333 ], [ 113.890389, -25.362528 ] ], [ [ 113.327056, -26.321694 ], [ 113.327083, -26.322556 ], [ 113.329583, -26.320833 ], [ 113.327056, -26.321694 ] ], [ [ 113.679194, -26.480444 ], [ 113.677889, -26.481667 ], [ 113.68125, -26.481667 ], [ 113.679194, -26.480444 ] ], [ [ 115.383361, -21.547111 ], [ 115.382944, -21.5475 ], [ 115.387083, -21.548361 ], [ 115.383361, -21.547111 ] ], [ [ 113.887917, -25.346694 ], [ 113.887944, -25.3475 ], [ 113.891278, -25.348361 ], [ 113.887917, -25.346694 ] ], [ [ 121.7, -18.69375 ], [ 121.698722, -18.695028 ], [ 121.700833, -18.696306 ], [ 121.7, -18.69375 ] ], [ [ 116.618306, -20.48875 ], [ 116.617083, -20.490028 ], [ 116.619611, -20.490889 ], [ 116.618306, -20.48875 ] ], [ [ 115.015389, -21.263333 ], [ 115.015361, -21.264194 ], [ 115.017889, -21.264167 ], [ 115.015389, -21.263333 ] ], [ [ 115.452889, -21.499194 ], [ 115.452889, -21.5 ], [ 115.455417, -21.499167 ], [ 115.452889, -21.499194 ] ], [ [ 115.537944, -20.514194 ], [ 115.537917, -20.515 ], [ 115.54125, -20.515833 ], [ 115.537944, -20.514194 ] ], [ [ 116.019139, -20.924611 ], [ 116.017889, -20.925861 ], [ 116.020389, -20.926694 ], [ 116.019139, -20.924611 ] ], [ [ 115.451667, -20.552917 ], [ 115.451222, -20.553389 ], [ 115.452472, -20.555444 ], [ 115.451667, -20.552917 ] ], [ [ 113.4475, -24.544583 ], [ 113.447056, -24.545 ], [ 113.450389, -24.545861 ], [ 113.4475, -24.544583 ] ], [ [ 116.952528, -20.417111 ], [ 116.952083, -20.417556 ], [ 116.955361, -20.418361 ], [ 116.952528, -20.417111 ] ], [ [ 115.857111, -21.153389 ], [ 115.857111, -21.154167 ], [ 115.859556, -21.154194 ], [ 115.857111, -21.153389 ] ], [ [ 114.145, -22.440444 ], [ 114.144556, -22.440833 ], [ 114.147861, -22.441694 ], [ 114.145, -22.440444 ] ], [ [ 113.502889, -26.333333 ], [ 113.502889, -26.334194 ], [ 113.505389, -26.334167 ], [ 113.502889, -26.333333 ] ], [ [ 113.843306, -25.817139 ], [ 113.842917, -25.8175 ], [ 113.846222, -25.815889 ], [ 113.843306, -25.817139 ] ], [ [ 116.591667, -20.727972 ], [ 116.590444, -20.729167 ], [ 116.593722, -20.728361 ], [ 116.591667, -20.727972 ] ], [ [ 113.5675, -26.482944 ], [ 113.56625, -26.484167 ], [ 113.568306, -26.485472 ], [ 113.5675, -26.482944 ] ], [ [ 113.497111, -26.276722 ], [ 113.497111, -26.2775 ], [ 113.499583, -26.277528 ], [ 113.497111, -26.276722 ] ], [ [ 115.506222, -20.434194 ], [ 115.506222, -20.435 ], [ 115.508778, -20.434167 ], [ 115.506222, -20.434194 ] ], [ [ 114.915417, -21.685 ], [ 114.915361, -21.685861 ], [ 114.917917, -21.685028 ], [ 114.915417, -21.685 ] ], [ [ 115.308389, -20.942944 ], [ 115.307917, -20.943333 ], [ 115.310417, -20.944167 ], [ 115.308389, -20.942944 ] ], [ [ 114.169528, -21.759167 ], [ 114.169583, -21.759972 ], [ 114.172056, -21.760028 ], [ 114.169528, -21.759167 ] ], [ [ 116.5625, -20.708778 ], [ 116.562083, -20.709194 ], [ 116.564583, -20.71 ], [ 116.5625, -20.708778 ] ], [ [ 115.435861, -21.490444 ], [ 115.435389, -21.490833 ], [ 115.437889, -21.491722 ], [ 115.435861, -21.490444 ] ], [ [ 116.94875, -20.415833 ], [ 116.94875, -20.416694 ], [ 116.951222, -20.416694 ], [ 116.94875, -20.415833 ] ], [ [ 115.449167, -20.546306 ], [ 115.44875, -20.546694 ], [ 115.451222, -20.547528 ], [ 115.449167, -20.546306 ] ], [ [ 113.495444, -26.315889 ], [ 113.495389, -26.316667 ], [ 113.497917, -26.315833 ], [ 113.495444, -26.315889 ] ], [ [ 113.560861, -26.044583 ], [ 113.560417, -26.045 ], [ 113.562917, -26.045889 ], [ 113.560861, -26.044583 ] ], [ [ 113.842889, -25.814222 ], [ 113.842917, -25.815028 ], [ 113.845417, -25.814167 ], [ 113.842889, -25.814222 ] ], [ [ 113.500389, -26.294194 ], [ 113.500417, -26.295056 ], [ 113.502861, -26.294194 ], [ 113.500389, -26.294194 ] ], [ [ 114.22, -26.102944 ], [ 114.219611, -26.103389 ], [ 114.221667, -26.104639 ], [ 114.22, -26.102944 ] ], [ [ 113.15125, -25.904167 ], [ 113.15125, -25.905028 ], [ 113.153778, -25.904194 ], [ 113.15125, -25.904167 ] ], [ [ 113.394556, -26.0525 ], [ 113.394556, -26.053361 ], [ 113.397083, -26.0525 ], [ 113.394556, -26.0525 ] ], [ [ 116.618306, -20.66375 ], [ 116.617917, -20.664167 ], [ 116.620417, -20.664167 ], [ 116.618306, -20.66375 ] ], [ [ 116.664111, -20.444611 ], [ 116.66375, -20.445 ], [ 116.66625, -20.445028 ], [ 116.664111, -20.444611 ] ], [ [ 115.507944, -20.390056 ], [ 115.507944, -20.390833 ], [ 115.510417, -20.39 ], [ 115.507944, -20.390056 ] ], [ [ 116.644611, -20.7275 ], [ 116.644611, -20.728361 ], [ 116.647028, -20.728306 ], [ 116.644611, -20.7275 ] ], [ [ 115.389167, -20.887917 ], [ 115.388722, -20.888361 ], [ 115.391222, -20.888333 ], [ 115.389167, -20.887917 ] ], [ [ 116.614139, -20.447083 ], [ 116.61375, -20.4475 ], [ 116.616222, -20.4475 ], [ 116.614139, -20.447083 ] ], [ [ 116.687472, -20.51375 ], [ 116.687083, -20.514194 ], [ 116.689556, -20.514194 ], [ 116.687472, -20.51375 ] ], [ [ 115.530833, -20.62875 ], [ 115.530417, -20.629167 ], [ 115.532917, -20.629194 ], [ 115.530833, -20.62875 ] ], [ [ 121.797472, -18.515444 ], [ 121.797111, -18.515833 ], [ 121.799583, -18.515861 ], [ 121.797472, -18.515444 ] ], [ [ 115.861694, -21.154611 ], [ 115.861194, -21.155 ], [ 115.86375, -21.155028 ], [ 115.861694, -21.154611 ] ], [ [ 117.065833, -20.625417 ], [ 117.065417, -20.625833 ], [ 117.067889, -20.625833 ], [ 117.065833, -20.625417 ] ] ] } }
]
}
