{
"type": "FeatureCollection",
"name": "Hydrophis_klossi",
"crs": { "type": "name", "properties": { "name": "urn:ogc:def:crs:OGC:1.3:CRS84" } },
"features": [
{ "type": "Feature", "properties": { "species": "Hydrophis klossi", "EOO_km2": 83165.214435339163, "AOO_km2": 83152.0 }, "geometry": { "type": "MultiPolygon", "coordinates": [ [ [ [ 109.678448772900353, 1.882003694575399 ], [ 109.680305742539602, 1.886899302913782 ], [ 109.68221387611365, 1.891775197037681 ], [ 109.684172964374184, 1.89663084225036 ], [ 109.68618279248507, 1.901465706075601 ], [ 109.688243140046012, 1.906279258316103 ], [ 109.690353781116684, 1.91107097111162 ], [ 109.692514484241514, 1.915840318996844 ], [ 109.694725012475047, 1.920586778959036 ], [ 109.696985123407956, 1.925309830495371 ], [ 109.699294569193611, 1.930008955670026 ], [ 109.701653096575242, 1.934683639170971 ], [ 109.704060446913758, 1.93933336836648 ], [ 109.706516356216071, 1.94395763336135 ], [ 109.709020555164031, 1.948555927052814 ], [ 109.711572769144013, 1.95312774518615 ], [ 109.714172718276998, 1.95767258640998 ], [ 109.716820117449259, 1.962189952331248 ], [ 109.71951467634365, 1.966679347569875 ], [ 109.722256099471423, 1.971140279813082 ], [ 109.725044086204619, 1.975572259869379 ], [ 109.727878330809105, 1.979974801722208 ], [ 109.730758522477998, 1.984347422583243 ], [ 109.73368434536583, 1.988689642945332 ], [ 109.736655478623163, 1.993000986635079 ], [ 109.739671596431748, 1.997280980865065 ], [ 109.742732368040265, 2.001529156285691 ], [ 109.745837457800619, 2.00574504703665 ], [ 109.748986525204742, 2.009928190798012 ], [ 109.752179224921903, 2.014078128840925 ], [ 109.755415206836588, 2.018194406077915 ], [ 109.758694116086929, 2.022276571112797 ], [ 109.762015593103555, 2.026324176290175 ], [ 109.765379273649089, 2.030336777744527 ], [ 109.768784788858071, 2.034313935448886 ], [ 109.772231765277368, 2.038255213263093 ], [ 109.775719824907171, 2.042160178981619 ], [ 109.779248585242442, 2.046028404380969 ], [ 109.78281765931483, 2.049859465266638 ], [ 109.78642665573517, 2.053652941519626 ], [ 109.790075178736302, 2.057408417142515 ], [ 109.793762828216586, 2.061125480305081 ], [ 109.797489199783683, 2.064803723389462 ], [ 109.801253884798982, 2.068442743034853 ], [ 109.805056470422329, 2.072042140181742 ], [ 109.808896539657368, 2.07560152011567 ], [ 109.812773671397238, 2.079120492510518 ], [ 109.81668744047073, 2.082598671471307 ], [ 109.820637417688985, 2.086035675576517 ], [ 109.824623169892476, 2.089431127919918 ], [ 109.828644259998555, 2.092784656151897 ], [ 109.832700247049388, 2.096095892520293 ], [ 109.836790686260287, 2.099364473910722 ], [ 109.840915129068506, 2.102590041886403 ], [ 109.845073123182388, 2.105772242727458 ], [ 109.849264212631041, 2.108910727469705 ], [ 109.853487937814279, 2.112005151942923 ], [ 109.857743835553023, 2.115055176808599 ], [ 109.862031439140139, 2.118060467597136 ], [ 109.866350278391579, 2.121020694744531 ], [ 109.870699879697952, 2.12393553362852 ], [ 109.875079766076439, 2.126804664604172 ], [ 109.879489457223158, 2.129627773038942 ], [ 109.883928469565774, 2.132404549347178 ], [ 109.888396316316573, 2.135134689024066 ], [ 109.892892507525801, 2.137817892679024 ], [ 109.897416550135432, 2.140453866068535 ], [ 109.901967948033203, 2.143042320128412 ], [ 109.906546202107052, 2.145582971005498 ], [ 109.91115081029983, 2.148075540088794 ], [ 109.915781267664343, 2.150519754040011 ], [ 109.920437066418771, 2.152915344823545 ], [ 109.925117696002317, 2.155262049735871 ], [ 109.929822643131203, 2.157559611434351 ], [ 109.934551391854953, 2.159807777965453 ], [ 109.939303423612984, 2.162006302792383 ], [ 109.944078217291462, 2.164154944822118 ], [ 109.948875249280448, 2.166253468431847 ], [ 109.953693993531331, 2.168301643494807 ], [ 109.958533921614489, 2.170299245405523 ], [ 109.963394502777291, 2.172246055104433 ], [ 109.968275204002225, 2.174141859101916 ], [ 109.973175490065401, 2.175986449501699 ], [ 109.978094823595242, 2.177779624023659 ], [ 109.983032665131361, 2.179521186026002 ], [ 109.987988473183819, 2.181210944526829 ], [ 109.992961704292412, 2.182848714225078 ], [ 109.997951813086303, 2.184434315520846 ], [ 109.998791307661833, 2.184691416937468 ], [ 110.0016237624707, 2.187144971060176 ], [ 110.005639842094297, 2.190550452174153 ], [ 110.009691562098283, 2.193913451158693 ], [ 110.013778473127502, 2.197233595041103 ], [ 110.017900121923958, 2.200510515601528 ], [ 110.022056051377064, 2.203743849413786 ], [ 110.026245800574344, 2.206933237885674 ], [ 110.03046890485254, 2.210078327298735 ], [ 110.036690904852549, 2.214661327298734 ], [ 110.040896717634197, 2.217725612763691 ], [ 110.045134193578036, 2.22074596111952 ], [ 110.049402873702562, 2.223722045217717 ], [ 110.053702295646445, 2.226653542704249 ], [ 110.058031993718544, 2.229540136054475 ], [ 110.062391498948358, 2.232381512607539 ], [ 110.066780339136841, 2.235177364600232 ], [ 110.071198038907525, 2.237927389200332 ], [ 110.075644119758024, 2.240631288539401 ], [ 110.080118100111889, 2.243288769745053 ], [ 110.084619495370688, 2.245899544972672 ], [ 110.089147817966577, 2.248463331436595 ], [ 110.093702577415087, 2.250979851440734 ], [ 110.09828328036825, 2.253448832408663 ], [ 110.102889430668014, 2.255870006913137 ], [ 110.107520529399991, 2.258243112705062 ], [ 110.112176074947556, 2.260567892741894 ], [ 110.116855563046087, 2.262844095215489 ], [ 110.121558486837642, 2.26507147357937 ], [ 110.126284336925863, 2.267249786575438 ], [ 110.131032601431087, 2.269378798260098 ], [ 110.135802766045899, 2.27145827802982 ], [ 110.140594314090734, 2.273488000646114 ], [ 110.145406726569902, 2.275467746259928 ], [ 110.150239482227789, 2.277397300435458 ], [ 110.155092057605287, 2.279276454173381 ], [ 110.159963927096555, 2.281105003933485 ], [ 110.164854563005889, 2.28288275165672 ], [ 110.169763435604892, 2.284609504786652 ], [ 110.174690013189917, 2.286285076290314 ], [ 110.179633762139545, 2.28790928467847 ], [ 110.184594146972458, 2.289481954025271 ], [ 110.18957063040547, 2.29100291398731 ], [ 110.19456267341161, 2.292471999822074 ], [ 110.199569735278615, 2.293889052405783 ], [ 110.204591273667461, 2.295253918250636 ], [ 110.209626744671084, 2.296566449521424 ], [ 110.214675602873314, 2.297826504051551 ], [ 110.219737301407946, 2.29903394535843 ], [ 110.224811292017989, 2.300188642658265 ], [ 110.229897025115037, 2.301290470880219 ], [ 110.234993949838781, 2.302339310679959 ], [ 110.240101514116716, 2.303335048452585 ], [ 110.245219164723906, 2.304277576344932 ], [ 110.250346347342898, 2.305166792267257 ], [ 110.255482506623821, 2.30600259990429 ], [ 110.260627086244455, 2.306784908725673 ], [ 110.265779528970569, 2.307513633995762 ], [ 110.270939276716206, 2.308188696782806 ], [ 110.27610577060419, 2.308810023967495 ], [ 110.281278451026651, 2.309377548250886 ], [ 110.286456757705594, 2.309891208161681 ], [ 110.291640129753617, 2.310350948062899 ], [ 110.296828005734696, 2.310756718157892 ], [ 110.302019823724947, 2.311108474495741 ], [ 110.307215021373494, 2.311406178976021 ], [ 110.312413035963417, 2.311649799352923 ], [ 110.317613304472673, 2.311839309238747 ], [ 110.32281526363505, 2.311974688106764 ], [ 110.328018350001287, 2.312055921293434 ], [ 110.333222, 2.312083 ], [ 110.33825, 2.312083 ], [ 110.343458653920891, 2.312055869188252 ], [ 110.348666742581784, 2.311974479697329 ], [ 110.35387370078395, 2.311838840359884 ], [ 110.359078963451367, 2.311648965895938 ], [ 110.364281965692058, 2.311404876911284 ], [ 110.369482142859297, 2.311106599895252 ], [ 110.374678930612973, 2.310754167217832 ], [ 110.37987176498082, 2.310347617126162 ], [ 110.385060082419599, 2.309886993740379 ], [ 110.39024331987622, 2.309372347048827 ], [ 110.39542091484897, 2.308803732902637 ], [ 110.400592305448384, 2.308181213009663 ], [ 110.405756930458395, 2.307504854927783 ], [ 110.410914229397122, 2.306774732057574 ], [ 110.416063642577726, 2.305990923634341 ], [ 110.421204611169188, 2.305153514719517 ], [ 110.42633657725689, 2.304262596191438 ], [ 110.431458983903198, 2.303318264735476 ], [ 110.436571275207939, 2.302320622833546 ], [ 110.441672896368644, 2.301269778752986 ], [ 110.446763293740815, 2.300165846534808 ], [ 110.451841914897997, 2.299008945981322 ], [ 110.456908208691758, 2.297799202643131 ], [ 110.461961625311432, 2.296536747805511 ], [ 110.467001616343822, 2.295221718474159 ], [ 110.472027634832756, 2.29385425736033 ], [ 110.477039135338387, 2.292434512865342 ], [ 110.482035573996399, 2.290962639064479 ], [ 110.487016408577048, 2.289438795690264 ], [ 110.491981098544002, 2.28786314811513 ], [ 110.496929105112969, 2.286235867333465 ], [ 110.501859891310232, 2.284557129943065 ], [ 110.506772922030834, 2.282827118125962 ], [ 110.511667664096748, 2.281046019628655 ], [ 110.516543586314683, 2.279214027741738 ], [ 110.521400159533698, 2.277331341278917 ], [ 110.52623685670271, 2.275398164555442 ], [ 110.53105315292764, 2.273414707365927 ], [ 110.535848525528394, 2.271381184961585 ], [ 110.540622454095541, 2.269297818026873 ], [ 110.545374420546878, 2.267164832655534 ], [ 110.550103909183562, 2.264982460326067 ], [ 110.554810406746142, 2.262750937876602 ], [ 110.559493402470196, 2.260470507479202 ], [ 110.564152388141849, 2.258141416613577 ], [ 110.568786858152833, 2.255763918040232 ], [ 110.57339630955542, 2.253338269773032 ], [ 110.577980242116965, 2.250864735051201 ], [ 110.578090040741074, 2.250804001354827 ], [ 110.580196883489734, 2.250494454320825 ], [ 110.585386340368217, 2.249676203590671 ], [ 110.590566913432511, 2.24880347243126 ], [ 110.595738030747412, 2.247876357192099 ], [ 110.600899121421619, 2.246894960226701 ], [ 110.606049615670798, 2.245859389881278 ], [ 110.611188944880439, 2.244769760482784 ], [ 110.616316541668652, 2.243626192326292 ], [ 110.621431839948826, 2.242428811661711 ], [ 110.626534274992096, 2.241177750679852 ], [ 110.631623283489702, 2.239873147497833 ], [ 110.636698303615134, 2.238515146143829 ], [ 110.641758775086259, 2.237103896541173 ], [ 110.6468041392271, 2.235639554491803 ], [ 110.651833839029479, 2.234122281659065 ], [ 110.656847319214634, 2.232552245549861 ], [ 110.661844026294403, 2.230929619496156 ], [ 110.663531982566269, 2.230361800280428 ], [ 110.664178174300744, 2.235273269533749 ], [ 110.66491936617858, 2.240482349391367 ], [ 110.665715331898028, 2.245683341309864 ], [ 110.666565983317426, 2.250875669354729 ], [ 110.667471226239442, 2.25605875855085 ], [ 110.668430960421546, 2.261232034946183 ], [ 110.669445079587078, 2.266394925675311 ], [ 110.670513471437019, 2.271546859022878 ], [ 110.671636017662479, 2.276687264486899 ], [ 110.672812593957687, 2.281815572841936 ], [ 110.674043070033903, 2.28693121620213 ], [ 110.675327309633687, 2.292033628084087 ], [ 110.67666517054613, 2.297122243469607 ], [ 110.678056504622518, 2.302196498868254 ], [ 110.679501157792757, 2.30725583237975 ], [ 110.680998970082427, 2.3122996837562 ], [ 110.68254977563052, 2.317327494464133 ], [ 110.684153402707793, 2.322338707746349 ], [ 110.684296291739443, 2.322769553012161 ], [ 110.684562558561396, 2.325172946525196 ], [ 110.685204810520759, 2.330455710125066 ], [ 110.685903251463742, 2.335731338910394 ], [ 110.686657802270744, 2.340999235256285 ], [ 110.687468377466033, 2.346258802413782 ], [ 110.688334885227363, 2.351509444577458 ], [ 110.689257227396467, 2.356750566952913 ], [ 110.690235299490155, 2.361981575824152 ], [ 110.691268990712089, 2.36720187862084 ], [ 110.69235818396541, 2.37241088398543 ], [ 110.693502755865964, 2.377608001840153 ], [ 110.698105663954976, 2.39799122636698 ], [ 110.698921106320071, 2.410838723833507 ], [ 110.699278726360546, 2.41604344318359 ], [ 110.699690632143813, 2.421244147869704 ], [ 110.700156778826553, 2.426440271701624 ], [ 110.700677115660312, 2.431631248987831 ], [ 110.701251585997042, 2.436816514597101 ], [ 110.70188012729534, 2.441995504020029 ], [ 110.702562671127183, 2.447167653430486 ], [ 110.70329914318539, 2.452332399746999 ], [ 110.704089463291751, 2.45748918069406 ], [ 110.704933545405694, 2.462637434863328 ], [ 110.705831297633708, 2.467776601774761 ], [ 110.706782622239317, 2.472906121937625 ], [ 110.70778741565374, 2.47802543691141 ], [ 110.708845568487121, 2.483133989366622 ], [ 110.709956965540528, 2.488231223145463 ], [ 110.711121485818396, 2.493316583322375 ], [ 110.712339002541725, 2.498389516264456 ], [ 110.713609383161966, 2.503449469691732 ], [ 110.714932489375329, 2.508495892737281 ], [ 110.715957999400146, 2.512247266131815 ], [ 110.716837990718517, 2.516752019381939 ], [ 110.717890938331962, 2.521858564201864 ], [ 110.718997078729956, 2.526953851445436 ], [ 110.720156291628584, 2.532037327040956 ], [ 110.721368450972719, 2.537108438201147 ], [ 110.72263342494972, 2.542166633483267 ], [ 110.723951076003829, 2.547211362849071 ], [ 110.725321260851004, 2.552242077724626 ], [ 110.726743830494641, 2.557258231059961 ], [ 110.72821863024167, 2.562259277388556 ], [ 110.729745499719414, 2.567244672886658 ], [ 110.731324272893048, 2.572213875432418 ], [ 110.732954778083638, 2.577166344664836 ], [ 110.734636837986784, 2.582101542042532 ], [ 110.736370269691946, 2.587018930902296 ], [ 110.738154884702283, 2.591917976517457 ], [ 110.739990488955229, 2.596798146156022 ], [ 110.741876882843499, 2.601658909138609 ], [ 110.743813861236845, 2.606499736896157 ], [ 110.745801213504407, 2.611320103027399 ], [ 110.747838723537512, 2.616119483356107 ], [ 110.749926169773246, 2.620897355988089 ], [ 110.752063325218572, 2.625653201367947 ], [ 110.754249957474926, 2.630386502335568 ], [ 110.756485828763545, 2.635096744182361 ], [ 110.758770695951341, 2.639783414707234 ], [ 110.761104310577295, 2.644446004272285 ], [ 110.763486418879495, 2.649084005858224 ], [ 110.765916761822723, 2.653696915119507 ], [ 110.768395075126662, 2.65828423043918 ], [ 110.770921089294575, 2.662845452983425 ], [ 110.773494529642619, 2.667380086755804 ], [ 110.776115116329791, 2.671887638651195 ], [ 110.778782564388237, 2.676367618509415 ], [ 110.781496583754347, 2.680819539168517 ], [ 110.784256879300244, 2.685242916517767 ], [ 110.78706315086589, 2.689637269550291 ], [ 110.788154764404325, 2.691307966074323 ], [ 110.788112356789, 2.692453756979845 ], [ 110.787972719329076, 2.697736853966499 ], [ 110.787888930612382, 2.703021131764037 ], [ 110.787861, 2.708306 ], [ 110.787861, 2.711639 ], [ 110.787883914733086, 2.716425878733225 ], [ 110.787952656832019, 2.721212318706256 ], [ 110.788067219995966, 2.725997881199115 ], [ 110.788227593724201, 2.730782127572253 ], [ 110.789088593724202, 2.753254127572253 ], [ 110.789311633873282, 2.758386217922482 ], [ 110.789587387981641, 2.763515745965366 ], [ 110.78991582694276, 2.768642170266945 ], [ 110.790296916089147, 2.773764949720867 ], [ 110.790730615195898, 2.778883543605501 ], [ 110.791216878485059, 2.783997411641012 ], [ 110.791755654630379, 2.789106014046393 ], [ 110.792346886762715, 2.794208811596433 ], [ 110.792990512476123, 2.799305265678639 ], [ 110.793686463834376, 2.804394838350089 ], [ 110.794434667378127, 2.809476992394205 ], [ 110.79523504413271, 2.814551191377467 ], [ 110.796087509616441, 2.819616899706029 ], [ 110.796991973849543, 2.824673582682254 ], [ 110.797948341363664, 2.829720706561153 ], [ 110.798956511211912, 2.834757738606723 ], [ 110.800016376979556, 2.839784147148176 ], [ 110.801127826795209, 2.844799401636064 ], [ 110.802290743342709, 2.849802972698271 ], [ 110.803505003873425, 2.854794332195901 ], [ 110.804770480219233, 2.859772953279011 ], [ 110.806087038806098, 2.864738310442233 ], [ 110.807454540668104, 2.869689879580236 ], [ 110.808872841462161, 2.874627138043047 ], [ 110.810341791483211, 2.879549564691222 ], [ 110.811861235680084, 2.884456639950845 ], [ 110.821083235680092, 2.913706639950845 ], [ 110.82266368657784, 2.918630519459966 ], [ 110.824294978048087, 2.923537789841717 ], [ 110.825976935592152, 2.928427926167064 ], [ 110.827709379291619, 2.933300405339798 ], [ 110.829492123827563, 2.938154706152489 ], [ 110.831324978500419, 2.94299030934224 ], [ 110.833207747250341, 2.947806697646232 ], [ 110.835140228678213, 2.952603355857056 ], [ 110.837122216067144, 2.957379770877825 ], [ 110.839153497404638, 2.962135431777059 ], [ 110.841233855405207, 2.966869829843337 ], [ 110.843363067533687, 2.971582458639719 ], [ 110.845540906028958, 2.976272814057915 ], [ 110.847767137928415, 2.980940394372211 ], [ 110.850041525092763, 2.985584700293137 ], [ 110.852363824231603, 2.990205235020879 ], [ 110.854733786929387, 2.994801504298417 ], [ 110.857151159672014, 2.999373016464399 ], [ 110.859615683873955, 3.003919282505734 ], [ 110.86212709590589, 3.008439816109897 ], [ 110.864685127122939, 3.012934133716958 ], [ 110.867289503893389, 3.017401754571297 ], [ 110.869939947627913, 3.021842200773043 ], [ 110.872636174809486, 3.026254997329183 ], [ 110.875377897023597, 3.03063967220438 ], [ 110.878164820989156, 3.034995756371463 ], [ 110.880996648589871, 3.039322783861599 ], [ 110.883873076906099, 3.043620291814137 ], [ 110.886793798247297, 3.047887820526123 ], [ 110.889758500184882, 3.052124913501471 ], [ 110.892766865585727, 3.056331117499794 ], [ 110.895818572646021, 3.06050598258489 ], [ 110.898913294925677, 3.06464906217287 ], [ 110.902050701383317, 3.068759913079927 ], [ 110.905230456411658, 3.072838095569746 ], [ 110.920619456411671, 3.092366095569747 ], [ 110.923889259019091, 3.096470843560475 ], [ 110.927201963629415, 3.100541046666422 ], [ 110.930557205307608, 3.104576256504813 ], [ 110.93395461443265, 3.10857602854781 ], [ 110.937393816738293, 3.112539922171482 ], [ 110.940874433354224, 3.116467500704347 ], [ 110.944396080847838, 3.120358331475475 ], [ 110.947958371266509, 3.124211985862152 ], [ 110.951560912180256, 3.128028039337101 ], [ 110.955203306725039, 3.131806071515242 ], [ 110.958885153646435, 3.13554566620001 ], [ 110.962606047343854, 3.139246411429202 ], [ 110.966365577915241, 3.142907899520357 ], [ 110.970163331202215, 3.146529727115668 ], [ 110.973998888835695, 3.150111495226422 ], [ 110.977871828281963, 3.153652809276945 ], [ 110.981781722889266, 3.157153279148076 ], [ 110.985728141934771, 3.160612519220142 ], [ 110.989710650672023, 3.164030148415435 ], [ 110.993728810378883, 3.167405790240196 ], [ 110.997782178405785, 3.170739072826093 ], [ 111.001870308224525, 3.17402962897118 ], [ 111.005992749477514, 3.177277096180353 ], [ 111.010149048027273, 3.180481116705282 ], [ 111.014338746006558, 3.183641337583825 ], [ 111.018561381868793, 3.186757410678904 ], [ 111.022816490438856, 3.189828992716864 ], [ 111.02710360296436, 3.192855745325283 ], [ 111.031422247167299, 3.195837335070252 ], [ 111.03577194729607, 3.198773433493103 ], [ 111.040152224177874, 3.201663717146598 ], [ 111.044562595271501, 3.204507867630555 ], [ 111.049002574720504, 3.207305571626927 ], [ 111.053471673406719, 3.210056520934317 ], [ 111.057969399004108, 3.212760412501931 ], [ 111.062495256033074, 3.215416948462961 ], [ 111.067048745914974, 3.218025836167401 ], [ 111.071629367027057, 3.220586788214282 ], [ 111.076236614757761, 3.223099522483339 ], [ 111.08086998156223, 3.225563762166083 ], [ 111.08552895701834, 3.227979235796301 ], [ 111.090213027882811, 3.230345677279956 ], [ 111.094921678147799, 3.232662825924506 ], [ 111.099654389097751, 3.234930426467618 ], [ 111.10441063936652, 3.237148229105288 ], [ 111.109189904994849, 3.239315989519366 ], [ 111.113991659488008, 3.241433468904464 ], [ 111.118815373873872, 3.243500433994265 ], [ 111.123660516761177, 3.245516657087222 ], [ 111.128526554398007, 3.247481916071642 ], [ 111.133412950730659, 3.249395994450153 ], [ 111.138319167462683, 3.251258681363554 ], [ 111.151625167462669, 3.256230681363554 ], [ 111.156571502234613, 3.258049309301517 ], [ 111.161536730577154, 3.259815701885071 ], [ 111.166520300880549, 3.261529662877642 ], [ 111.171521659497316, 3.263191001867518 ], [ 111.176540250803839, 3.264799534289008 ], [ 111.181575517262004, 3.266355081442941 ], [ 111.186626899481212, 3.267857470516518 ], [ 111.19169383628045, 3.269306534602517 ], [ 111.196775764750726, 3.270702112717828 ], [ 111.201872120317503, 3.272044049821338 ], [ 111.20698233680352, 3.273332196831165 ], [ 111.21210584649161, 3.274566410641204 ], [ 111.217242080187816, 3.275746554137041 ], [ 111.222390467284626, 3.276872496211174 ], [ 111.227550435824327, 3.277944111777587 ], [ 111.232721412562583, 3.27896128178564 ], [ 111.237902823032101, 3.279923893233296 ], [ 111.24309409160648, 3.28083183917968 ], [ 111.248294641564115, 3.281685018756954 ], [ 111.253503895152278, 3.282483337181523 ], [ 111.258721273651361, 3.283226705764569 ], [ 111.263946197439068, 3.283915041921901 ], [ 111.269178086054893, 3.284548269183128 ], [ 111.274416358264588, 3.285126317200159 ], [ 111.2796604321247, 3.285649121755015 ], [ 111.284909725047243, 3.286116624766963 ], [ 111.29016365386444, 3.286528774298972 ], [ 111.295421634893472, 3.286885524563478 ], [ 111.300683084001349, 3.287186835927474 ], [ 111.305947416669795, 3.287432674916912 ], [ 111.311214048060208, 3.287623014220423 ], [ 111.316482393078573, 3.28775783269235 ], [ 111.321751866440508, 3.287837115355095 ], [ 111.327021882736318, 3.287860853400788 ], [ 111.332291856495942, 3.287829044192262 ], [ 111.337561202254065, 3.287741691263346 ], [ 111.342829334615146, 3.287598804318474 ], [ 111.348095668318436, 3.287400399231605 ], [ 111.353359618303003, 3.287146498044461 ], [ 111.358620599772735, 3.286837128964077 ], [ 111.36387802826134, 3.286472326359672 ], [ 111.369131319697175, 3.286052130758821 ], [ 111.374379890468262, 3.285576588842962 ], [ 111.379623157487032, 3.285045753442207 ], [ 111.384860538255154, 3.28445968352947 ], [ 111.39009145092821, 3.28381844421392 ], [ 111.391166573351867, 3.283675131118883 ], [ 111.394154690987648, 3.28542879874666 ], [ 111.398692318986804, 3.288028424460756 ], [ 111.403256888132717, 3.290580449191085 ], [ 111.407847899095842, 3.293084593765314 ], [ 111.412464849654057, 3.295540584248841 ], [ 111.417107234747647, 3.29794815197476 ], [ 111.421774546534579, 3.30030703357325 ], [ 111.426466274446, 3.302616971000386 ], [ 111.431181905242141, 3.30487771156637 ], [ 111.435920923068409, 3.307089007963167 ], [ 111.440682809511856, 3.309250618291567 ], [ 111.445467043657885, 3.31136230608764 ], [ 111.450273102147221, 3.313423840348606 ], [ 111.455100459233194, 3.315434995558106 ], [ 111.459948586839189, 3.31739555171087 ], [ 111.464816954616467, 3.319305294336785 ], [ 111.469705030002189, 3.321164014524356 ], [ 111.474612278277604, 3.322971508943559 ], [ 111.479538162626653, 3.324727579868085 ], [ 111.484482144194573, 3.326432035196968 ], [ 111.489443682146941, 3.328084688475601 ], [ 111.49442223372877, 3.329685358916131 ], [ 111.49941725432393, 3.33123387141724 ], [ 111.504428197514684, 3.332730056583293 ], [ 111.509454515141513, 3.334173750742874 ], [ 111.514495657363014, 3.33556479596669 ], [ 111.519551072716112, 3.336903040084843 ], [ 111.524620208176358, 3.338188336703482 ], [ 111.529702509218396, 3.339420545220812 ], [ 111.534797419876696, 3.340599530842481 ], [ 111.539904382806299, 3.341725164596318 ], [ 111.545022839343829, 3.342797323346449 ], [ 111.55015222956861, 3.343815889806761 ], [ 111.555291992363877, 3.344780752553737 ], [ 111.560441565478214, 3.34569180603864 ], [ 111.565600385586976, 3.346548950599065 ], [ 111.570767888354041, 3.347352092469836 ], [ 111.575943508493395, 3.348101143793268 ], [ 111.581126679831115, 3.348796022628771 ], [ 111.586316835367171, 3.349436652961824 ], [ 111.591513407337558, 3.350022964712281 ], [ 111.596715827276341, 3.350554893742042 ], [ 111.601923526077869, 3.351032381862066 ], [ 111.607135934059002, 3.35145537683874 ], [ 111.612352481021489, 3.351823832399594 ], [ 111.617572596314275, 3.352137708238355 ], [ 111.622795708895964, 3.352396970019367 ], [ 111.628021247397285, 3.352601589381338 ], [ 111.633248640183595, 3.352751543940447 ], [ 111.63847731541739, 3.352846817292791 ], [ 111.643706701120877, 3.352887399016183 ], [ 111.647377058726022, 3.352877492819756 ], [ 111.775993264514952, 3.373897407474379 ], [ 111.781104294196496, 3.374705578740627 ], [ 111.786223413876229, 3.375460813078955 ], [ 111.791350075280761, 3.376163029601451 ], [ 111.796483729328969, 3.376812153098578 ], [ 111.801623826190777, 3.377408114047223 ], [ 111.806769815346101, 3.377950848618143 ], [ 111.811921145643751, 3.378440298682804 ], [ 111.817077265360467, 3.378876411819607 ], [ 111.822237622260047, 3.3792591413195 ], [ 111.827401663652481, 3.379588446190982 ], [ 111.832568836453135, 3.379864291164493 ], [ 111.837738587241972, 3.380086646696192 ], [ 111.842910362322868, 3.380255488971122 ], [ 111.848083607782883, 3.380370799905757 ], [ 111.85325776955159, 3.380432567149945 ], [ 111.858432293460424, 3.380440784088222 ], [ 111.865960293460432, 3.380413784088223 ], [ 111.869702301876899, 3.380380907119569 ], [ 111.874363211049342, 3.380886526223825 ], [ 111.876011477412632, 3.381184928006419 ], [ 111.881185456831119, 3.382065637913004 ], [ 111.88214342768876, 3.3822183738517 ], [ 111.884878864674022, 3.38283634081985 ], [ 111.890003861304578, 3.383937795281078 ], [ 111.895140123815608, 3.384985459259291 ], [ 111.900287087653936, 3.385979217600326 ], [ 111.905444187090154, 3.386918961075066 ], [ 111.910610855280822, 3.387804586391448 ], [ 111.915786524330713, 3.388635996205815 ], [ 111.919822894140907, 3.38924105285543 ], [ 111.920731808093052, 3.389487812143586 ], [ 111.925988814177202, 3.3908538870647 ], [ 111.931260349799032, 3.392162774319845 ], [ 111.936545792869381, 3.393414319448421 ], [ 111.94184451965792, 3.394608374756719 ], [ 111.94715590486669, 3.395744799335355 ], [ 111.952479321703933, 3.396823459075893 ], [ 111.957814141958053, 3.397844226686673 ], [ 111.963159736071717, 3.398806981707834 ], [ 111.989021799972747, 3.403319915566532 ], [ 112.060507322565513, 3.421566810096115 ], [ 112.062493669944004, 3.422420886673555 ], [ 112.067448950879111, 3.424488760589804 ], [ 112.072426152423333, 3.426503301844677 ], [ 112.077424700587628, 3.428464278113931 ], [ 112.082444018921194, 3.430371463250632 ], [ 112.087483528577934, 3.432224637311235 ], [ 112.09254264838323, 3.434023586580949 ], [ 112.097620794900934, 3.435768103598384 ], [ 112.102717382500657, 3.437457987179475 ], [ 112.107831823425357, 3.439093042440686 ], [ 112.112963527859023, 3.440673080821481 ], [ 112.118111903994816, 3.442197920106073 ], [ 112.123276358103197, 3.443667384444434 ], [ 112.128456294600511, 3.445081304372578 ], [ 112.133651116117562, 3.446439516832104 ], [ 112.138860223568628, 3.447741865188996 ], [ 112.144083016220407, 3.448988199251692 ], [ 112.201555016220411, 3.462377199251693 ], [ 112.207104489389422, 3.463636785332471 ], [ 112.212667938570164, 3.464833130918793 ], [ 112.218244643113252, 3.465966081044618 ], [ 112.223833880652336, 3.467035488955702 ], [ 112.229434927197602, 3.468041216128602 ], [ 112.279443287924948, 3.476727287349362 ], [ 112.290315828229566, 3.480540824388551 ], [ 112.295345210090218, 3.48227488501025 ], [ 112.300392757170144, 3.483955336323441 ], [ 112.305457898053717, 3.485581988089955 ], [ 112.310540059333619, 3.48715465616209 ], [ 112.315638665675678, 3.488673162503451 ], [ 112.320753139884033, 3.49013733520911 ], [ 112.325882902966512, 3.491547008525063 ], [ 112.33102737420009, 3.492902022866999 ], [ 112.336185971196727, 3.49420222483836 ], [ 112.341358109969221, 3.495447467247712 ], [ 112.346543204997374, 3.496637609125405 ], [ 112.351740669294244, 3.497772515739532 ], [ 112.356949914472608, 3.498852058611182 ], [ 112.362170350811553, 3.499876115528985 ], [ 112.367401387323298, 3.500844570562948 ], [ 112.372642431820012, 3.501757314077576 ], [ 112.377892890980903, 3.502614242744285 ], [ 112.383152170419379, 3.503415259553101 ], [ 112.388419674750352, 3.50416027382364 ], [ 112.393694807657567, 3.504849201215376 ], [ 112.398976971961247, 3.505481963737187 ], [ 112.404265569685549, 3.506058489756182 ], [ 112.409560002126341, 3.506578714005816 ], [ 112.414859669918968, 3.507042577593275 ], [ 112.420163973106099, 3.507450028006142 ], [ 112.425472311205652, 3.507801019118344 ], [ 112.437720984274534, 3.508545485270561 ], [ 112.442055100068075, 3.51058388860982 ], [ 112.446777492154069, 3.512745291492858 ], [ 112.451522079764416, 3.514857526764913 ], [ 112.456288351002712, 3.516920366535659 ], [ 112.461075791633107, 3.518933588244081 ], [ 112.465883885135753, 3.520896974682484 ], [ 112.470712112762584, 3.522810314019932 ], [ 112.475559953593248, 3.5246733998251 ], [ 112.480426884591267, 3.526486031088548 ], [ 112.485312380660574, 3.528248012244404 ], [ 112.490215914702063, 3.52995915319147 ], [ 112.49513695767051, 3.531619269313723 ], [ 112.500074978631673, 3.533228181500246 ], [ 112.505029444819499, 3.534785716164539 ], [ 112.509999821693668, 3.536291705263257 ], [ 112.514985572997247, 3.537745986314335 ], [ 112.519986160814568, 3.539148402414522 ], [ 112.52500104562921, 3.540498802256307 ], [ 112.530029686382235, 3.541797040144242 ], [ 112.535071540530623, 3.543042976010668 ], [ 112.540126064105678, 3.544236475430818 ], [ 112.545192711771861, 3.545377409637326 ], [ 112.550270936885511, 3.546465655534119 ], [ 112.555360191553874, 3.547501095709696 ], [ 112.56045992669425, 3.548483618449798 ], [ 112.608046327277009, 3.557395625218199 ], [ 112.609251556289493, 3.557840625275714 ], [ 112.614193599321823, 3.55960662938074 ], [ 112.619153906200239, 3.56132066424164 ], [ 112.624131930446524, 3.562982541022784 ], [ 112.629127123630582, 3.56459207663481 ], [ 112.634138935430769, 3.566149093754794 ], [ 112.639166813694573, 3.567653420845787 ], [ 112.644210204499458, 3.569104892175714 ], [ 112.64926855221384, 3.570503347835631 ], [ 112.653168133279522, 3.571537511603693 ], [ 112.654994936332869, 3.574065852902799 ], [ 112.658078104434793, 3.578241042962226 ], [ 112.661204445955292, 3.582384004013722 ], [ 112.664373624023099, 3.586494289642667 ], [ 112.667585297151206, 3.590571456955302 ], [ 112.670839119273637, 3.594615066626452 ], [ 112.674134739782758, 3.598624682946861 ], [ 112.677471803567059, 3.602599873870147 ], [ 112.680849951049396, 3.606540211059347 ], [ 112.684268818225775, 3.610445269933082 ], [ 112.687728036704527, 3.614314629711299 ], [ 112.691227233746034, 3.618147873460613 ], [ 112.694766032302923, 3.621944588139235 ], [ 112.698344051060587, 3.625704364641475 ], [ 112.701960904478398, 3.629426797841826 ], [ 112.70561620283118, 3.633111486638618 ], [ 112.709309552251199, 3.636758033997236 ], [ 112.713040554770643, 3.640366046992902 ], [ 112.71680880836449, 3.643935136853014 ], [ 112.720613906993776, 3.647464918999038 ], [ 112.724455440649436, 3.650955013087944 ], [ 112.728332995396428, 3.654405043053196 ], [ 112.73224615341833, 3.657814637145264 ], [ 112.736194493062385, 3.66118342797169 ], [ 112.740177588884933, 3.664511052536672 ], [ 112.744195011697229, 3.667797152280175 ], [ 112.748246328611728, 3.671041373116572 ], [ 112.752331103088693, 3.674243365472794 ], [ 112.756448894983279, 3.677402784325998 ], [ 112.760599260592883, 3.680519289240745 ], [ 112.761304483723592, 3.681037480446073 ], [ 112.762892628456243, 3.683282848276505 ], [ 112.76596834049468, 3.687535970302513 ], [ 112.76908852933731, 3.691756571337662 ], [ 112.772252851151137, 3.69594418628773 ], [ 112.775460957239915, 3.700098353693436 ], [ 112.790488957239916, 3.719348353693436 ], [ 112.793747670484649, 3.723477611814577 ], [ 112.797049644458681, 3.727572358756355 ], [ 112.800394513699729, 3.731632141312432 ], [ 112.803781907997887, 3.735656510146325 ], [ 112.807211452436547, 3.739645019841138 ], [ 112.81068276743396, 3.743597228948861 ], [ 112.814195468785172, 3.747512700039237 ], [ 112.817749167704633, 3.751390999748162 ], [ 112.821343470869138, 3.755231698825665 ], [ 112.824977980461469, 3.759034372183407 ], [ 112.828652294214308, 3.762798598941735 ], [ 112.83236600545483, 3.766523962476263 ], [ 112.836118703149708, 3.770210050463982 ], [ 112.839909971950604, 3.773856454928901 ], [ 112.843739392240096, 3.777462772287199 ], [ 112.847606540178205, 3.78102860339189 ], [ 112.851510987749222, 3.784553553577009 ], [ 112.857064600988664, 3.789514603044598 ], [ 112.858588878686803, 3.792263408581316 ], [ 112.86117659302522, 3.796816839369559 ], [ 112.863811860710186, 3.801342915116739 ], [ 112.866494392600131, 3.805841139221871 ], [ 112.869223894367707, 3.810311018139853 ], [ 112.872000066531996, 3.814752061435615 ], [ 112.874822604491413, 3.819163781837933 ], [ 112.87769119855713, 3.823545695292888 ], [ 112.880605533987037, 3.827897321016981 ], [ 112.883565291020275, 3.832218181549884 ], [ 112.886570144912341, 3.836507802806821 ], [ 112.889619765970679, 3.840765714130593 ], [ 112.892713819590924, 3.844991448343213 ], [ 112.89585196629352, 3.849184541797167 ], [ 112.89903386176104, 3.853344534426283 ], [ 112.902259156875971, 3.857470969796213 ], [ 112.905527497758953, 3.86156339515451 ], [ 112.908838525807667, 3.865621361480307 ], [ 112.91219187773612, 3.869644423533578 ], [ 112.915587185614612, 3.873632139903997 ], [ 112.919024076909963, 3.877584073059365 ], [ 112.922502174526514, 3.881499789393616 ], [ 112.926021096847435, 3.885378859274394 ], [ 112.929580457776595, 3.889220857090192 ], [ 112.933179866780947, 3.893025361297048 ], [ 112.936818928933377, 3.8967919544648 ], [ 112.94049724495602, 3.900520223322884 ], [ 112.94421441126407, 3.904209758805679 ], [ 112.946610179766026, 3.906538411080847 ], [ 112.947804386861279, 3.907988890814841 ], [ 112.948715476286949, 3.910541245959489 ], [ 112.950537862102394, 3.915481580995132 ], [ 112.952412175157548, 3.920402449911901 ], [ 112.954338207568597, 3.925303306926374 ], [ 112.956315745715429, 3.930183608474693 ], [ 112.958344570265353, 3.935042813272846 ], [ 112.960424456197345, 3.939880382376704 ], [ 112.962555172827123, 3.944695779241795 ], [ 112.964736483832624, 3.949488469782818 ], [ 112.966968147280284, 3.954257922432872 ], [ 112.969249915651844, 3.959003608202419 ], [ 112.971581535871806, 3.963725000737952 ], [ 112.973962749335513, 3.968421576380377 ], [ 112.976393291937796, 3.973092814223089 ], [ 112.978872894102338, 3.977738196169752 ], [ 112.981401280811468, 3.982357206991756 ], [ 112.983978171636778, 3.986949334385367 ], [ 112.986603280770154, 3.991514069028547 ], [ 112.98927631705547, 3.996050904637439 ], [ 112.991996984020929, 4.000559338022528 ], [ 112.994764979911906, 4.005038869144443 ], [ 112.997579997724458, 4.009489001169424 ], [ 113.000441725239313, 4.013909240524421 ], [ 113.003349845056547, 4.018299096951841 ], [ 113.006304034630759, 4.022658083563925 ], [ 113.017138034630761, 4.038464083563925 ], [ 113.020096586284211, 4.042732680253747 ], [ 113.023099316881442, 4.046970315743847 ], [ 113.026145902440476, 4.051176532811228 ], [ 113.029236014247601, 4.055350877622807 ], [ 113.032369318892776, 4.059492899784385 ], [ 113.03554547830565, 4.063602152389241 ], [ 113.038764149792016, 4.06767819206635 ], [ 113.042024986070786, 4.071720579028223 ], [ 113.045327635311494, 4.075728877118354 ], [ 113.048671741172214, 4.079702653858287 ], [ 113.052056942838007, 4.08364148049427 ], [ 113.055482875059923, 4.087544932043523 ], [ 113.058949168194303, 4.091412587340086 ], [ 113.062455448242744, 4.095244029080266 ], [ 113.066001336892413, 4.099038843867659 ], [ 113.069586451556887, 4.102796622257753 ], [ 113.073210405417413, 4.106516958802111 ], [ 113.076872807464653, 4.110199452092109 ], [ 113.080573262540867, 4.113843704802254 ], [ 113.084311371382569, 4.117449323733048 ], [ 113.088086730663562, 4.121015919853416 ], [ 113.091898933038536, 4.124543108342678 ], [ 113.095747567186905, 4.128030508632074 ], [ 113.099632217857291, 4.131477744445821 ], [ 113.103552465912259, 4.134884443841713 ], [ 113.10750788837359, 4.138250239251255 ], [ 113.111498058467873, 4.141574767519318 ], [ 113.115522545672604, 4.144857669943322 ], [ 113.119580915762555, 4.148098592311944 ], [ 113.12367273085674, 4.151297184943327 ], [ 113.127797549465541, 4.154453102722817 ], [ 113.131954926538455, 4.157566005140198 ], [ 113.136144413512014, 4.160635556326427 ], [ 113.140365558358241, 4.163661425089877 ], [ 113.197448558358246, 4.204133425089878 ], [ 113.201758190897465, 4.20715500679 ], [ 113.20609939152196, 4.21013105546762 ], [ 113.210471679176536, 4.213061241342158 ], [ 113.213788255996491, 4.215233678480393 ], [ 113.214310075876185, 4.215585594508346 ], [ 113.218696973037652, 4.218477525232456 ], [ 113.223114017948788, 4.2213231963785 ], [ 113.227560722824194, 4.224122293691842 ], [ 113.23203659660301, 4.226874508061111 ], [ 113.236541145003258, 4.229579535552339 ], [ 113.241073870576287, 4.232237077442522 ], [ 113.245634272761777, 4.234846840252613 ], [ 113.254522650350552, 4.239871543806703 ], [ 113.26381814641249, 4.246928651184383 ], [ 113.318018649913995, 4.29354916411812 ], [ 113.318023918720016, 4.293555690034392 ], [ 113.321334259362885, 4.297569675859791 ], [ 113.324686189156878, 4.301548997916942 ], [ 113.328079345149163, 4.305493225317894 ], [ 113.331513359922866, 4.309401930974802 ], [ 113.334987861636876, 4.313274691646179 ], [ 113.338502474066047, 4.317111087982724 ], [ 113.342056816642014, 4.32091070457273 ], [ 113.34565050449433, 4.324673129987065 ], [ 113.349283148492205, 4.328397956823724 ], [ 113.352954355286585, 4.332084781751939 ], [ 113.356663727352768, 4.335733205555857 ], [ 113.360410863033465, 4.339342833177765 ], [ 113.362277058633097, 4.341103475762832 ], [ 113.364943708596257, 4.345211407514371 ], [ 113.36616532146563, 4.347051374450769 ], [ 113.368011993891372, 4.350399961712833 ], [ 113.370574278143749, 4.354933851095164 ], [ 113.373183646185637, 4.359440807046044 ], [ 113.375839814937606, 4.363920340624687 ], [ 113.378542496243057, 4.368371965865246 ], [ 113.381291396899371, 4.372795199829533 ], [ 113.384086218689859, 4.377189562659411 ], [ 113.386926658415973, 4.381554577628851 ], [ 113.389812407930322, 4.385889771195649 ], [ 113.39274315417002, 4.390194673052804 ], [ 113.395718579190643, 4.394468816179532 ], [ 113.398738360200824, 4.398711736891936 ], [ 113.401802169597133, 4.40292297489331 ], [ 113.404909674999743, 4.40710207332407 ], [ 113.408060539288371, 4.411248578811321 ], [ 113.411254420638954, 4.415362041518039 ], [ 113.414490972560671, 4.419442015191875 ], [ 113.417769843933556, 4.423488057213561 ], [ 113.421090679046571, 4.427499728644937 ], [ 113.424453117636219, 4.431476594276563 ], [ 113.444313354632854, 4.454719348450938 ], [ 113.461227867914744, 4.480063002662392 ], [ 113.464096967389736, 4.484314493713512 ], [ 113.46700952735327, 4.488536330092849 ], [ 113.469965241323592, 4.492728067546556 ], [ 113.471074006162397, 4.494266737473711 ], [ 113.470514298127554, 4.497200390529899 ], [ 113.469587387588064, 4.502350972166252 ], [ 113.468714436381788, 4.507510973186838 ], [ 113.467895540141086, 4.512679828310357 ], [ 113.467130788576554, 4.51785697128554 ], [ 113.466420265467164, 4.523041834953178 ], [ 113.465764048651195, 4.528233851308256 ], [ 113.465162210017581, 4.533432451562176 ], [ 113.464614815498123, 4.53863706620507 ], [ 113.46412192506024, 4.543847125068194 ], [ 113.463683592700363, 4.549062057386378 ], [ 113.463299866438092, 4.554281291860572 ], [ 113.462970788310869, 4.559504256720413 ], [ 113.462696394369402, 4.56473037978688 ], [ 113.462476714673713, 4.569959088534961 ], [ 113.462311773289869, 4.575189810156388 ], [ 113.462201588287272, 4.580421971622376 ], [ 113.462146171736791, 4.585654999746406 ], [ 113.462145529709304, 4.590888321247018 ], [ 113.462199662275168, 4.596121362810609 ], [ 113.462308563504138, 4.601353551154247 ], [ 113.462472221465987, 4.606584313088467 ], [ 113.462690618231917, 4.61181307558007 ], [ 113.462963729876392, 4.617039265814898 ], [ 113.463291526479892, 4.622262311260584 ], [ 113.463673972132099, 4.627481639729274 ], [ 113.464111024935818, 4.632696679440313 ], [ 113.464602637011694, 4.63790685908288 ], [ 113.465148754503275, 4.643111607878581 ], [ 113.465749317583089, 4.64831035564397 ], [ 113.466404260459058, 4.653502532853019 ], [ 113.467113511381797, 4.658687570699512 ], [ 113.467876992652421, 4.66386490115935 ], [ 113.468694620631084, 4.669033957052786 ], [ 113.469566305746156, 4.674194172106555 ], [ 113.470491952503963, 4.679344981015911 ], [ 113.471471459499355, 4.68448581950656 ], [ 113.472504719426738, 4.68961612439647 ], [ 113.473591619091835, 4.694735333657575 ], [ 113.474732039424126, 4.699842886477338 ], [ 113.475925855489848, 4.704938223320196 ], [ 113.477172936505724, 4.710020785988851 ], [ 113.478473145853258, 4.715090017685426 ], [ 113.479826341093698, 4.720145363072457 ], [ 113.481232373983701, 4.725186268333737 ], [ 113.482691090491471, 4.730212181234984 ], [ 113.48420233081373, 4.735222551184336 ], [ 113.485765929393153, 4.74021682929267 ], [ 113.487381714936546, 4.745194468433739 ], [ 113.489049510433631, 4.750154923304099 ], [ 113.490769133176357, 4.755097650482859 ], [ 113.492540394779013, 4.760022108491204 ], [ 113.494363101198772, 4.764927757851718 ], [ 113.496237052757039, 4.769814061147487 ], [ 113.498162044161248, 4.774680483080968 ], [ 113.500137864527417, 4.779526490532633 ], [ 113.502164297403198, 4.784351552619373 ], [ 113.504241120791633, 4.78915514075266 ], [ 113.506368107175405, 4.793936728696448 ], [ 113.508545023541885, 4.798695792624823 ], [ 113.510771631408502, 4.803431811179397 ], [ 113.513047686849006, 4.808144265526411 ], [ 113.515372940520123, 4.812832639413584 ], [ 113.517747137688872, 4.817496419226661 ], [ 113.520170018260487, 4.822135094045684 ], [ 113.522641316806912, 4.826748155700964 ], [ 113.52516076259586, 4.831335098828748 ], [ 113.527728079620488, 4.835895420926584 ], [ 113.530342986629634, 4.840428622408372 ], [ 113.533005197158616, 4.84493420665909 ], [ 113.535714419560634, 4.849411680089203 ], [ 113.538470357038705, 4.853860552188731 ], [ 113.541272707678161, 4.858280335580989 ], [ 113.544121164479776, 4.86267054607598 ], [ 113.547015415393332, 4.867030702723431 ], [ 113.549955143351866, 4.871360327865491 ], [ 113.552940026306374, 4.875658947189053 ], [ 113.555969737261066, 4.879926089777715 ], [ 113.559043944309238, 4.884161288163374 ], [ 113.562162310669635, 4.88836407837743 ], [ 113.564928058759534, 4.892011226225734 ], [ 113.565663871620373, 4.893046364551628 ], [ 113.568752676720351, 4.897296396218434 ], [ 113.571885969180045, 4.901513737143301 ], [ 113.575063403040275, 4.905697921672981 ], [ 113.578284627468022, 4.909848487815156 ], [ 113.581549286795209, 4.913964977289448 ], [ 113.584857020557905, 4.918046935578015 ], [ 113.588207463536193, 4.922093911975743 ], [ 113.591600245794453, 4.926105459640004 ], [ 113.595034992722191, 4.930081135639997 ], [ 113.598511325075449, 4.934020501005652 ], [ 113.602028859018688, 4.937923120776103 ], [ 113.605587206167087, 4.941788564047704 ], [ 113.609185973629522, 4.945616404021619 ], [ 113.612824764051865, 4.949406218050936 ], [ 113.61650317566091, 4.95315758768734 ], [ 113.620220802308737, 4.956870098727313 ], [ 113.623977233517508, 4.960543341257866 ], [ 113.62777205452484, 4.964176909701802 ], [ 113.631604846329594, 4.967770402862498 ], [ 113.635475185738088, 4.971323423968199 ], [ 113.63938264541089, 4.974835580715831 ], [ 113.643326793909978, 4.978306485314312 ], [ 113.647307195746322, 4.981735754527376 ], [ 113.651323411428095, 4.985123009715882 ], [ 113.655374997509057, 4.988467876879624 ], [ 113.659461506637612, 4.991769986698624 ], [ 113.663582487606178, 4.995028974573913 ], [ 113.667737485400977, 4.998244480667784 ], [ 113.67192604125232, 5.001416149943526 ], [ 113.676147692685234, 5.004543632204624 ], [ 113.680401973570525, 5.007626582133424 ], [ 113.684688414176279, 5.010664659329266 ], [ 113.689006541219669, 5.013657528346061 ], [ 113.693355877919245, 5.016604858729337 ], [ 113.697735944047608, 5.019506325052721 ], [ 113.70214625598436, 5.02236160695387 ], [ 113.706586326769582, 5.025170389169848 ], [ 113.711055666157534, 5.027932361571932 ], [ 113.715553780670817, 5.030647219199853 ], [ 113.720080173654878, 5.033314662295473 ], [ 113.724634345332802, 5.035934396335876 ], [ 113.729215792860543, 5.038506132065896 ], [ 113.733824010382406, 5.041029585530046 ], [ 113.738458489086923, 5.043504478103874 ], [ 113.743118717263002, 5.045930536524731 ], [ 113.747804180356468, 5.048307492921935 ], [ 113.752514361026883, 5.050635084846355 ], [ 113.757248739204599, 5.052913055299388 ], [ 113.762006792148242, 5.055141152761328 ], [ 113.766787994502451, 5.057319131219146 ], [ 113.771591818355773, 5.059446750193651 ], [ 113.776417733299112, 5.061523774766038 ], [ 113.781265206484122, 5.063549975603832 ], [ 113.786133702682193, 5.065525128986208 ], [ 113.791022684343446, 5.067449016828686 ], [ 113.79593161165613, 5.069321426707225 ], [ 113.800859942606237, 5.071142151881661 ], [ 113.805807133037277, 5.072910991318548 ], [ 113.810772636710468, 5.074627749713346 ], [ 113.815755905364938, 5.076292237511989 ], [ 113.820756388778364, 5.077904270931814 ], [ 113.825773534827619, 5.079463671981853 ], [ 113.830806789549854, 5.080970268482483 ], [ 113.835855597203533, 5.082423894084443 ], [ 113.840919400329895, 5.083824388287197 ], [ 113.84599763981447, 5.085171596456655 ], [ 113.851089754948788, 5.08646536984225 ], [ 113.85619518349236, 5.087705565593358 ], [ 113.861313361734659, 5.088892046775074 ], [ 113.866443724557442, 5.090024682383333 ], [ 113.871585705497125, 5.091103347359367 ], [ 113.876738736807283, 5.092127922603523 ], [ 113.881902249521445, 5.093098294988406 ], [ 113.887075673515767, 5.094014357371376 ], [ 113.89225843757211, 5.094876008606368 ], [ 113.897449969441055, 5.095683153555073 ], [ 113.902649695905097, 5.096435703097432 ], [ 113.907857042841911, 5.097133574141482 ], [ 113.91307143528779, 5.09777668963253 ], [ 113.918292297501111, 5.098364978561656 ], [ 113.923519053025856, 5.098898375973559 ], [ 113.928751124755351, 5.099376822973728 ], [ 113.933987934995912, 5.099800266734941 ], [ 113.939228905530655, 5.100168660503102 ], [ 113.944473457683358, 5.100481963602403 ], [ 113.949721012382341, 5.100740141439814 ], [ 113.954970990224382, 5.100943165508899 ], [ 113.960222811538713, 5.101091013392971 ], [ 113.965475896451039, 5.101183668767563 ], [ 113.970729664947527, 5.101221121402228 ], [ 113.97598353693887, 5.101203367161673 ], [ 113.98123693232435, 5.101130408006214 ], [ 113.986489271055859, 5.101002251991559 ], [ 113.991739973201945, 5.10081891326792 ], [ 113.996988459011888, 5.100580412078449 ], [ 114.002234148979653, 5.100286774757 ], [ 114.007476463907935, 5.099938033725231 ], [ 114.012714824972051, 5.099534227489015 ], [ 114.017948653783918, 5.099075400634188 ], [ 114.02317737245582, 5.098561603821636 ], [ 114.028400403664321, 5.097992893781692 ], [ 114.033617170713939, 5.097369333307872 ], [ 114.038827097600858, 5.09669099124995 ], [ 114.044029609076475, 5.095957942506348 ], [ 114.049224130711011, 5.095170268015868 ], [ 114.054410088956814, 5.094328054748757 ], [ 114.059586911211781, 5.093431395697107 ], [ 114.064754025882564, 5.092480389864578 ], [ 114.069910862447642, 5.091475142255476 ], [ 114.074137894169269, 5.090604944902491 ], [ 114.08817138556303, 5.090175349980621 ], [ 114.128660181484079, 5.09360490793208 ], [ 114.134115944273091, 5.094036972902353 ], [ 114.139576109417817, 5.094409295800943 ], [ 114.145040022746187, 5.094721832020545 ], [ 114.150507029637069, 5.094974544116785 ], [ 114.155976475098697, 5.095167401812705 ], [ 114.158210099578767, 5.095221690861965 ], [ 114.172656214896406, 5.098880244287444 ], [ 114.174775729914529, 5.09958726185559 ], [ 114.20517127511927, 5.112710388964166 ], [ 114.210437005897077, 5.114948185936926 ], [ 114.215727998648831, 5.117125581540956 ], [ 114.221043560558073, 5.119242290662361 ], [ 114.226382995591166, 5.121298036133693 ], [ 114.231745604588497, 5.12329254877025 ], [ 114.234651474921009, 5.124354441777211 ], [ 114.250042692963746, 5.134751672882214 ], [ 114.25371081163145, 5.138214886495857 ], [ 114.257554550504764, 5.141768537993743 ], [ 114.261435283273073, 5.145281753141666 ], [ 114.265352584565122, 5.148754146852355 ], [ 114.269306025001299, 5.152185338513021 ], [ 114.270127784034671, 5.152883594570228 ], [ 114.270725483812427, 5.153440322958428 ], [ 114.274620640271394, 5.156992516910431 ], [ 114.278553031582675, 5.160503446173096 ], [ 114.282522220616528, 5.163972720466954 ], [ 114.28652776615273, 5.167399954142956 ], [ 114.301222418928987, 5.179839449401033 ], [ 114.317029674894613, 5.196051857496474 ], [ 114.320665194582062, 5.199742118460959 ], [ 114.324338751614675, 5.203394516044988 ], [ 114.328049951672455, 5.207008658199777 ], [ 114.331798396394703, 5.210584156982881 ], [ 114.335583683422954, 5.21412062859984 ], [ 114.339405406444044, 5.217617693445376 ], [ 114.343263155233771, 5.221074976144136 ], [ 114.347156515700917, 5.224492105590991 ], [ 114.351085069931742, 5.227868714990863 ], [ 114.35504839623475, 5.231204441898102 ], [ 114.359046069186036, 5.23449892825539 ], [ 114.3630776596749, 5.237751820432175 ], [ 114.367142734949979, 5.240962769262627 ], [ 114.371240858665587, 5.244131430083122 ], [ 114.375371590928651, 5.247257462769236 ], [ 114.379534488345882, 5.250340531772251 ], [ 114.383729104071392, 5.253380306155179 ], [ 114.387954987854627, 5.256376459628281 ], [ 114.392211686088729, 5.25932867058409 ], [ 114.396498741859205, 5.262236622131935 ], [ 114.400815694992986, 5.265100002131958 ], [ 114.501400789704235, 5.331069077782462 ], [ 114.531634983470155, 5.356592259403044 ], [ 114.535650506397886, 5.359946270588493 ], [ 114.539700905372442, 5.363258080299554 ], [ 114.543785736894307, 5.366527325908756 ], [ 114.547904553693783, 5.369753649449198 ], [ 114.55205690477996, 5.372936697653738 ], [ 114.556242335490069, 5.376076121993679 ], [ 114.560460387539266, 5.379171578716933 ], [ 114.56471059907085, 5.382222728885657 ], [ 114.568992504706799, 5.385229238413364 ], [ 114.573305635598715, 5.388190778101505 ], [ 114.577649519479223, 5.391107023675519 ], [ 114.582023680713618, 5.393977655820333 ], [ 114.586427640351971, 5.39680236021533 ], [ 114.590860916181555, 5.399580827568761 ], [ 114.595323022779695, 5.402312753651618 ], [ 114.599813471566833, 5.40499783933094 ], [ 114.604331770860142, 5.407635790602566 ], [ 114.608877425927218, 5.410226318623333 ], [ 114.613449939040407, 5.412769139742697 ], [ 114.61804880953116, 5.415263975533795 ], [ 114.62267353384496, 5.417710552823927 ], [ 114.627323605596416, 5.420108603724475 ], [ 114.631998515624701, 5.422457865660226 ], [ 114.636697752049315, 5.424758081398132 ], [ 114.641420800326131, 5.427008999075466 ], [ 114.646167143303757, 5.42921037222741 ], [ 114.650936261280108, 5.431361959814034 ], [ 114.655727632059381, 5.433463526246694 ], [ 114.660540731009164, 5.435514841413821 ], [ 114.665375031117932, 5.437515680706125 ], [ 114.670230003052737, 5.439465825041184 ], [ 114.67510511521715, 5.441365060887434 ], [ 114.679999833809489, 5.443213180287549 ], [ 114.684913622881268, 5.445009980881212 ], [ 114.68984594439587, 5.446755265927271 ], [ 114.691905921837204, 5.447460015842419 ], [ 114.692381437191202, 5.448614703529376 ], [ 114.692579834228169, 5.449245153133197 ], [ 114.69421830015105, 5.454265897544959 ], [ 114.695909706347365, 5.459269055558422 ], [ 114.697653864107338, 5.464254068972346 ], [ 114.699450578835638, 5.469220381609881 ], [ 114.702811578835636, 5.47835938160988 ], [ 114.704632681292551, 5.483232781677749 ], [ 114.70650439261793, 5.488086969467125 ], [ 114.708426510169502, 5.49292141943563 ], [ 114.710398825847747, 5.497735608177821 ], [ 114.712421126118372, 5.502529014481845 ], [ 114.714493192035505, 5.507301119385883 ], [ 114.716614799265315, 5.512051406234326 ], [ 114.718785718110368, 5.51677936073371 ], [ 114.721005713534481, 5.521484471008405 ], [ 114.723274545188104, 5.526166227656025 ], [ 114.725591967434468, 5.530824123802585 ], [ 114.727957729376058, 5.535457655157374 ], [ 114.730371574881829, 5.540066320067554 ], [ 114.732833242614959, 5.544649619572473 ], [ 114.73534246606107, 5.549207057457682 ], [ 114.736632911721912, 5.551494207490643 ], [ 114.737312967681902, 5.553053663877274 ], [ 114.739442918774927, 5.557802392389918 ], [ 114.741622183593279, 5.562528693162928 ], [ 114.743850526016985, 5.567232054108911 ], [ 114.746127704608568, 5.571911965625967 ], [ 114.748453472639255, 5.576567920652906 ], [ 114.750827578115675, 5.581199414724187 ], [ 114.753249763807148, 5.585805946024577 ], [ 114.755719767273604, 5.590387015443517 ], [ 114.758237320893983, 5.594942126629209 ], [ 114.76080215189522, 5.599470786042384 ], [ 114.763413982381849, 5.603972503009786 ], [ 114.766072529366056, 5.608446789777327 ], [ 114.768777504798393, 5.612893161562944 ], [ 114.771528615598939, 5.617311136609116 ], [ 114.774325563689075, 5.621700236235065 ], [ 114.777168046023817, 5.626059984888621 ], [ 114.78005575462457, 5.630389910197747 ], [ 114.782988376612565, 5.634689543021716 ], [ 114.785965594242754, 5.638958417501952 ], [ 114.788987084938171, 5.64319607111249 ], [ 114.79205252132499, 5.647402044710103 ], [ 114.795161571267911, 5.651575882584043 ], [ 114.798313897906155, 5.65571713250542 ], [ 114.801509159689999, 5.659825345776195 ], [ 114.804747010417756, 5.663900077277801 ], [ 114.808027099273318, 5.667940885519369 ], [ 114.811349070864097, 5.671947332685563 ], [ 114.814712565259612, 5.675918984684015 ], [ 114.818117218030423, 5.679855411192363 ], [ 114.821562660287682, 5.683756185704868 ], [ 114.822579173855118, 5.684883173483815 ], [ 114.824462483323956, 5.687182445720253 ], [ 114.827866996198424, 5.691250101110017 ], [ 114.831314469725427, 5.695281410396444 ], [ 114.834804515905248, 5.699275919871341 ], [ 114.838336741946733, 5.703233179968194 ], [ 114.84191075031157, 5.70715274531276 ], [ 114.861494750311564, 5.72840274531276 ], [ 114.865043570594111, 5.732213450171013 ], [ 114.868631884573205, 5.735986989584071 ], [ 114.872259303051763, 5.73972295426484 ], [ 114.875925432591302, 5.74342093900167 ], [ 114.87962987555467, 5.747080542702308 ], [ 114.883372230149121, 5.750701368437397 ], [ 114.887152090469954, 5.754283023483535 ], [ 114.890969046544484, 5.757825119365862 ], [ 114.89482268437655, 5.761327271900202 ], [ 114.89871258599139, 5.764789101234729 ], [ 114.902638329480979, 5.768210231891167 ], [ 114.906599489049825, 5.771590292805518 ], [ 114.910595635061071, 5.774928917368304 ], [ 114.914626334083209, 5.778225743464334 ], [ 114.918691148936986, 5.781480413511976 ], [ 114.922789638742884, 5.784692574501948 ], [ 114.926921358968912, 5.787861878035598 ], [ 114.931085861478806, 5.790987980362699 ], [ 114.935282694580721, 5.794070542418726 ], [ 114.939511403076082, 5.797109229861642 ], [ 114.943771528309085, 5.800103713108148 ], [ 114.948062608216389, 5.803053667369443 ], [ 114.952384177377198, 5.805958772686443 ], [ 114.956735767063805, 5.808818713964492 ], [ 114.961116905292414, 5.811633181007527 ], [ 114.965527116874313, 5.814401868551734 ], [ 114.969965923467413, 5.817124476298652 ], [ 114.974432843628151, 5.819800708947742 ], [ 114.97892739286371, 5.822430276228424 ], [ 114.983449083684548, 5.825012892931549 ], [ 114.987997425657284, 5.827548278940346 ], [ 114.992571925457881, 5.830036159260792 ], [ 114.997172086925161, 5.832476264051449 ], [ 115.001797411114651, 5.834868328652725 ], [ 115.006447396352627, 5.837212093615582 ], [ 115.011121538290595, 5.839507304729675 ], [ 115.015819329959953, 5.841753713050927 ], [ 115.020540261827009, 5.84395107492853 ], [ 115.02528382184822, 5.846099152031364 ], [ 115.030049495525731, 5.848197711373863 ], [ 115.049243495525729, 5.856530711373863 ], [ 115.054073024415729, 5.858597348679908 ], [ 115.058923999075958, 5.860613132373608 ], [ 115.06379588404927, 5.862577839950021 ], [ 115.068688141570391, 5.864491254542064 ], [ 115.073600231625292, 5.866353164944436 ], [ 115.078531612010835, 5.868163365636944 ], [ 115.083481738394539, 5.869921656807178 ], [ 115.088450064374754, 5.871627844372576 ], [ 115.093436041540926, 5.87328174000184 ], [ 115.09843911953412, 5.874883161135728 ], [ 115.10345874610779, 5.876431931007201 ], [ 115.108494367188783, 5.877927878660943 ], [ 115.113545426938387, 5.879370838972221 ], [ 115.118611367813784, 5.880760652665121 ], [ 115.123691630629551, 5.882097166330121 ], [ 115.128785654619392, 5.883380232441031 ], [ 115.133892877498027, 5.884609709371273 ], [ 115.139012735523252, 5.885785461409516 ], [ 115.144144663558222, 5.886907358774656 ], [ 115.149147876818716, 5.887946164424234 ], [ 115.149390529657936, 5.888715613057447 ], [ 115.151023373682975, 5.89370975359266 ], [ 115.152708608204165, 5.898686459722637 ], [ 115.154446047120246, 5.903645181867347 ], [ 115.156235498565024, 5.908585372432736 ], [ 115.158076764928509, 5.913506485871203 ], [ 115.159969642878778, 5.918407978741842 ], [ 115.161913923384418, 5.923289309770458 ], [ 115.163909391737619, 5.928149939909335 ], [ 115.165955827577847, 5.932989332396767 ], [ 115.168053004916203, 5.937806952816334 ], [ 115.170200692160407, 5.942602269155912 ], [ 115.172398652140345, 5.94737475186643 ], [ 115.174646642134221, 5.952123873920346 ], [ 115.176944413895441, 5.956849110869846 ], [ 115.179291713679959, 5.961549940904757 ], [ 115.181688282274365, 5.966225844910175 ], [ 115.184133855024427, 5.970876306523791 ], [ 115.186628161864377, 5.975500812192909 ], [ 115.189170927346737, 5.980098851231161 ], [ 115.191761870672693, 5.984669915874902 ], [ 115.19440070572314, 5.989213501339282 ], [ 115.19708714109025, 5.993729105873991 ], [ 115.199820880109698, 5.998216230818666 ], [ 115.202601620893375, 6.002674380657956 ], [ 115.205429056362746, 6.007103063076248 ], [ 115.208302874282765, 6.011501789012029 ], [ 115.211222757296355, 6.015870072711896 ], [ 115.214188382959435, 6.020207431784193 ], [ 115.217199423776549, 6.024513387252291 ], [ 115.220255547237016, 6.028787463607472 ], [ 115.223356415851683, 6.033029188861444 ], [ 115.226501687190122, 6.037238094598463 ], [ 115.22969101391854, 6.041413716027059 ], [ 115.232924043838068, 6.045555592031368 ], [ 115.236200419923648, 6.049663265222045 ], [ 115.239519780363509, 6.053736281986779 ], [ 115.242881758599111, 6.057774192540385 ], [ 115.246285983365581, 6.061776550974474 ], [ 115.249732078732748, 6.065742915306695 ], [ 115.25321966414667, 6.069672847529541 ], [ 115.256748354471625, 6.073565913658721 ], [ 115.260317760032635, 6.077421683781087 ], [ 115.263927486658574, 6.081239732102103 ], [ 115.267577135725574, 6.085019636992871 ], [ 115.271266304201177, 6.088760981036689 ], [ 115.274994584688727, 6.092463351075152 ], [ 115.278761565472436, 6.096126338253766 ], [ 115.282566830562828, 6.099749538067113 ], [ 115.286409959742656, 6.103332550403506 ], [ 115.290290528613326, 6.106874979589183 ], [ 115.294208108641769, 6.110376434432 ], [ 115.298162267207758, 6.113836528264627 ], [ 115.302152567651675, 6.117254878987251 ], [ 115.306178569322725, 6.120631109109771 ], [ 115.31023982762764, 6.123964845793485 ], [ 115.31896282762763, 6.131048845793484 ], [ 115.323038026916436, 6.134323134479227 ], [ 115.327147236603906, 6.137554637439987 ], [ 115.331290007500584, 6.140743001430923 ], [ 115.335465886748324, 6.143887877922839 ], [ 115.339674417869787, 6.146988923140285 ], [ 115.343915140818424, 6.150045798099131 ], [ 115.348187592028651, 6.153058168643624 ], [ 115.352491304466582, 6.156025705482918 ], [ 115.356825807681119, 6.158948084227065 ], [ 115.361190627855294, 6.161824985422479 ], [ 115.365585287858124, 6.164656094586856 ], [ 115.370009307296726, 6.167441102243548 ], [ 115.374462202568907, 6.170179703955396 ], [ 115.378943486915901, 6.172871600358008 ], [ 115.383452670475705, 6.175516497192483 ], [ 115.387989260336568, 6.178114105337576 ], [ 115.392552760590846, 6.180664140841304 ], [ 115.397142672389265, 6.183166324951988 ], [ 115.40175849399543, 6.185620384148719 ], [ 115.406399720840682, 6.188026050171263 ], [ 115.411065845579202, 6.190383060049378 ], [ 115.415756358143568, 6.192691156131569 ], [ 115.420470745800401, 6.194950086113246 ], [ 115.425208493206512, 6.197159603064307 ], [ 115.429969082465149, 6.199319465456127 ], [ 115.434751993182672, 6.201429437187968 ], [ 115.439556702525437, 6.203489287612778 ], [ 115.444382685276906, 6.205498791562412 ], [ 115.449229413895097, 6.207457729372239 ], [ 115.454096358570197, 6.209365886905161 ], [ 115.458982987282596, 6.211223055575016 ], [ 115.463888765860887, 6.21302903236938 ], [ 115.46881315804039, 6.21478361987176 ], [ 115.47375562552169, 6.216486626283173 ], [ 115.478715628029533, 6.218137865443113 ], [ 115.483692623371823, 6.219737156849901 ], [ 115.488686067498975, 6.221284325680417 ], [ 115.493695414563305, 6.222779202809204 ], [ 115.498720116978745, 6.224221624826966 ], [ 115.503759625480683, 6.225611434058424 ], [ 115.508813389186045, 6.226948478579549 ], [ 115.513880855653426, 6.228232612234181 ], [ 115.51896147094358, 6.229463694649993 ], [ 115.524054679679907, 6.23064159125384 ], [ 115.529159925109155, 6.231766173286475 ], [ 115.534276649162351, 6.232837317816616 ], [ 115.539404292515755, 6.233854907754388 ], [ 115.544542294651961, 6.234818831864121 ], [ 115.54541770399257, 6.23497360797702 ], [ 115.545818326113107, 6.235957627739731 ], [ 115.547841607447097, 6.240782106351165 ], [ 115.549915256475501, 6.245585151316149 ], [ 115.552039046181349, 6.250366236811513 ], [ 115.554212744058418, 6.255124839418146 ], [ 115.556436112136694, 6.259860438178296 ], [ 115.558708907008409, 6.264572514652605 ], [ 115.561030879854698, 6.269260552976865 ], [ 115.563401776472844, 6.273924039918495 ], [ 115.565821337304072, 6.278562464932725 ], [ 115.568289297462016, 6.283175320218491 ], [ 115.570805386761705, 6.287762100774027 ], [ 115.573369329749099, 6.292322304452154 ], [ 115.575980845731323, 6.296855432015247 ], [ 115.578639648807297, 6.301360987189899 ], [ 115.581345447899125, 6.305838476721241 ], [ 115.584097946783928, 6.310287410426952 ], [ 115.586896844126258, 6.314707301250916 ], [ 115.589741833511098, 6.319097665316547 ], [ 115.592632603477412, 6.323458021979762 ], [ 115.595568837552278, 6.327787893881596 ], [ 115.598550214285424, 6.332086807000472 ], [ 115.601576407284568, 6.336354290704083 ], [ 115.604647085251031, 6.340589877800925 ], [ 115.607761912016059, 6.344793104591439 ], [ 115.610920546577631, 6.348963510918775 ], [ 115.614122643137762, 6.353100640219175 ], [ 115.617367851140386, 6.357204039571947 ], [ 115.620655815309732, 6.361273259749057 ], [ 115.623986175689183, 6.365307855264303 ], [ 115.627358567680716, 6.369307384422093 ], [ 115.630772622084848, 6.373271409365792 ], [ 115.63422796514098, 6.377199496125663 ], [ 115.637724218568366, 6.381091214666378 ], [ 115.641260999607525, 6.384946138934088 ], [ 115.644837921062091, 6.388763846903077 ], [ 115.648454591341292, 6.392543920621959 ], [ 115.652110614502746, 6.396285946259434 ], [ 115.655805590295856, 6.399989514149592 ], [ 115.659539114205572, 6.403654218836765 ], [ 115.663310777496747, 6.407279659119914 ], [ 115.667120167258815, 6.41086543809655 ], [ 115.670966866451053, 6.414411163206187 ], [ 115.674850453948181, 6.417916446273317 ], [ 115.678770504586552, 6.421380903549909 ], [ 115.682726589210574, 6.424804155757418 ], [ 115.686718274719794, 6.428185828128309 ], [ 115.690745124116305, 6.431525550447083 ], [ 115.694806696552504, 6.434822957090811 ], [ 115.698902547379461, 6.438077687069155 ], [ 115.703032228195539, 6.441289384063898 ], [ 115.707195286895455, 6.444457696467943 ], [ 115.711391267719875, 6.44758227742381 ], [ 115.715289171832524, 6.450421980110745 ], [ 115.717305571091742, 6.452723202539495 ], [ 115.720787477088663, 6.456614201957127 ], [ 115.724309825995547, 6.460468628505586 ], [ 115.727872233685545, 6.464286061843534 ], [ 115.731474311663163, 6.468066085663897 ], [ 115.73511566710674, 6.471808287739261 ], [ 115.738795902911235, 6.475512259966837 ], [ 115.742514617731544, 6.479177598412958 ], [ 115.746271406026239, 6.482803903357133 ], [ 115.750065858101863, 6.486390779335637 ], [ 115.75389756015754, 6.489937835184641 ], [ 115.757766094330108, 6.493444684082864 ], [ 115.761671038739763, 6.496910943593766 ], [ 115.765611967535961, 6.500336235707244 ], [ 115.769588450943928, 6.503720186880865 ], [ 115.770840357465801, 6.504763204380151 ], [ 115.772947161401248, 6.507776586199665 ], [ 115.775990293877896, 6.512033630120425 ], [ 115.779077812320565, 6.516258592614926 ], [ 115.782209378546213, 6.520451010913252 ], [ 115.785384649547154, 6.524610425810133 ], [ 115.787399821284822, 6.527193672391839 ], [ 115.794952651029377, 6.537504015734255 ], [ 115.798061265568336, 6.541701409830992 ], [ 115.801213557376769, 6.545866101645473 ], [ 115.804409182456411, 6.549997636699849 ], [ 115.807647792080161, 6.554095564134546 ], [ 115.810929032830202, 6.558159436757472 ], [ 115.814252546636538, 6.562188811092811 ], [ 115.81761797081603, 6.566183247429421 ], [ 115.821024938112032, 6.570142309868825 ], [ 115.824473076734449, 6.574065566372761 ], [ 115.827962010400327, 6.577952588810349 ], [ 115.831491358374834, 6.581802953004799 ], [ 115.83506073551294, 6.585616238779703 ], [ 115.838669752301342, 6.589392030004891 ], [ 115.841633369557883, 6.592428450522992 ], [ 115.84288633605864, 6.59395693353899 ], [ 115.846220550631742, 6.597939212793587 ], [ 115.849595951068366, 6.601886643194927 ], [ 115.853012173155605, 6.605798798806826 ], [ 115.856468848275782, 6.609675257499321 ], [ 115.859965603446241, 6.613515600994226 ], [ 115.86350206135964, 6.617319414910261 ], [ 115.867077840424585, 6.621086288807767 ], [ 115.87069255480688, 6.624815816232991 ], [ 115.874345814471098, 6.628507594761945 ], [ 115.878037225222712, 6.632161226043825 ], [ 115.881766388750592, 6.635776315844 ], [ 115.885532902670022, 6.639352474086547 ], [ 115.889336360566105, 6.642889314896338 ], [ 115.893176352037571, 6.646386456640684 ], [ 115.897052462741158, 6.649843521970508 ], [ 115.900964274436191, 6.653260137861065 ], [ 115.904911365029832, 6.65663593565219 ], [ 115.908704422598092, 6.659812371486024 ], [ 115.911271068609267, 6.663439107885973 ], [ 115.91433627606861, 6.667675656832968 ], [ 115.917445622258455, 6.671879917769297 ], [ 115.920598767092912, 6.676051430852343 ], [ 115.923795365695568, 6.680189739821298 ], [ 115.927035068437263, 6.684294392047067 ], [ 115.930317520974285, 6.688364938581773 ], [ 115.933642364287181, 6.692400934207864 ], [ 115.937009234719937, 6.696401937486804 ], [ 115.940417764019841, 6.700367510807358 ], [ 115.943867579377738, 6.704297220433459 ], [ 115.947358303468775, 6.708190636551641 ], [ 115.950889554493699, 6.712047333318057 ], [ 115.954460946220593, 6.715866888905052 ], [ 115.958072088027151, 6.719648885547301 ], [ 115.961722584943388, 6.723392909587504 ], [ 115.965412037694819, 6.727098551521626 ], [ 115.969140042746204, 6.730765406043691 ], [ 115.972906192345548, 6.734393072090112 ], [ 115.972928870421526, 6.734414463595973 ], [ 115.974207776317741, 6.735767507957305 ], [ 115.977833601530193, 6.739524157766913 ], [ 115.981498455605674, 6.74324274229179 ], [ 115.98520193894278, 6.746922856071967 ], [ 115.988943647728092, 6.750564097842169 ], [ 115.992723173980295, 6.754166070575575 ], [ 115.996540105594534, 6.75772838152711 ], [ 116.000394026387468, 6.761250642276261 ], [ 116.00428451614259, 6.764732468769436 ], [ 116.008211150656038, 6.768173481361835 ], [ 116.012173501782883, 6.771573304858848 ], [ 116.016171137483781, 6.774931568556963 ], [ 116.020203621872128, 6.778247906284187 ], [ 116.02427051526152, 6.78152195643997 ], [ 116.028371374213734, 6.784753362034635 ], [ 116.032505751587095, 6.787941770728303 ], [ 116.036673196585198, 6.79108683486931 ], [ 116.040873254806073, 6.79418821153211 ], [ 116.045105468291709, 6.797245562554672 ], [ 116.049369375578067, 6.80025855457535 ], [ 116.053664511745268, 6.803226859069227 ], [ 116.057990408468427, 6.806150152383943 ], [ 116.062346594068586, 6.809028115774982 ], [ 116.066732593564254, 6.811860435440426 ], [ 116.071147928723121, 6.814646802555169 ], [ 116.07559211811423, 6.817386913304594 ], [ 116.080064677160507, 6.820080468917697 ], [ 116.0831393665447, 6.821888691976178 ], [ 116.083957538505189, 6.82306413063768 ], [ 116.086989640656924, 6.827324516290022 ], [ 116.0900661331913, 6.831552958444202 ], [ 116.090330846353368, 6.83190890443928 ], [ 116.091573396357248, 6.833845845902302 ], [ 116.094452061543151, 6.838231305302312 ], [ 116.097376578605605, 6.842586321645913 ], [ 116.10034662562586, 6.846910415550895 ], [ 116.103361875673414, 6.851203111038862 ], [ 116.10548754002636, 6.854162824840537 ], [ 116.106506914930165, 6.85594602636287 ], [ 116.109159162188746, 6.860474632376068 ], [ 116.111858795963045, 6.864975150727116 ], [ 116.114605518832377, 6.869447085590521 ], [ 116.117399028188217, 6.873889944289861 ], [ 116.120239016267533, 6.87830323735205 ], [ 116.120396127735745, 6.878541844675572 ], [ 116.120718457034585, 6.879193270585554 ], [ 116.123085615839045, 6.883854053957474 ], [ 116.125501372727342, 6.888489834485297 ], [ 116.127965463644287, 6.893100105453317 ], [ 116.130477619251494, 6.897684362934161 ], [ 116.133037564956879, 6.90224210584387 ], [ 116.135645020944622, 6.90677283599667 ], [ 116.138299702205785, 6.911276058159427 ], [ 116.139760552372593, 6.913695953454242 ], [ 116.139883181034918, 6.915044012285922 ], [ 116.140412552245692, 6.920257225495324 ], [ 116.140996528334739, 6.925464604660787 ], [ 116.141635045163227, 6.93066557784907 ], [ 116.142328032601995, 6.935859573830508 ], [ 116.143075414539339, 6.941046022141753 ], [ 116.143877108889328, 6.946224353148428 ], [ 116.144733027600822, 6.951393998107688 ], [ 116.145643076667156, 6.956554389230688 ], [ 116.146607156136469, 6.961704959744948 ], [ 116.147625160122629, 6.966845143956593 ], [ 116.14869697681695, 6.971974377312492 ], [ 116.149822488500391, 6.97709209646226 ], [ 116.151001571556563, 6.982197739320133 ], [ 116.152234096485216, 6.987290745126701 ], [ 116.153519927916534, 6.992370554510498 ], [ 116.154858924625984, 6.99743660954944 ], [ 116.156250939549807, 7.002488353832096 ], [ 116.157695819801191, 7.007525232518809 ], [ 116.159193406687038, 7.012546692402627 ], [ 116.160743535725459, 7.017552181970068 ], [ 116.162346036663735, 7.022541151461686 ], [ 116.164000733497119, 7.027513052932461 ], [ 116.165707444488078, 7.032467340311975 ], [ 116.167465982186343, 7.037403469464385 ], [ 116.169276153449417, 7.042320898248195 ], [ 116.171137759463832, 7.047219086575791 ], [ 116.173050595766966, 7.052097496472765 ], [ 116.175014452269522, 7.056955592137 ], [ 116.177029113278564, 7.061792839997518 ], [ 116.179094357521279, 7.06660870877308 ], [ 116.181209958169191, 7.071402669530542 ], [ 116.183375682863101, 7.076174195742946 ], [ 116.185591293738653, 7.08092276334735 ], [ 116.187856547452441, 7.085647850802382 ], [ 116.190171195208663, 7.090348939145531 ], [ 116.192534982786555, 7.095025512050135 ], [ 116.194947650568253, 7.099677055882098 ], [ 116.197408933567289, 7.104303059756298 ], [ 116.199918561457764, 7.108903015592698 ], [ 116.202476258603966, 7.113476418172156 ], [ 116.205081744090691, 7.118022765191904 ], [ 116.207734731754059, 7.122541557320724 ], [ 116.210434930212998, 7.127032298253786 ], [ 116.213182042901167, 7.131494494767161 ], [ 116.215975768099611, 7.135927656771988 ], [ 116.218815798969857, 7.140331297368308 ], [ 116.221701823587608, 7.144704932898535 ], [ 116.224633524977008, 7.149048083000578 ], [ 116.227610581145484, 7.153360270660598 ], [ 116.23063266511906, 7.157641022265406 ], [ 116.233699444978342, 7.161889867654475 ], [ 116.236810583894894, 7.166106340171575 ], [ 116.239965740168245, 7.170289976716036 ], [ 116.243164567263506, 7.174440317793603 ], [ 116.246406713849311, 7.178556907566905 ], [ 116.249691823836471, 7.182639293905523 ], [ 116.253019536417085, 7.186687028435643 ], [ 116.25638948610414, 7.190699666589308 ], [ 116.258243421968885, 7.192860770487513 ], [ 116.259085075948335, 7.194443929626568 ], [ 116.261602601107867, 7.199061569328054 ], [ 116.264168557685579, 7.20365247296274 ], [ 116.265460404413489, 7.205907757579719 ], [ 116.26748009938882, 7.210154646357448 ], [ 116.269777011727356, 7.214856915161217 ], [ 116.272123014085707, 7.219534885995728 ], [ 116.274517849462683, 7.224188046396042 ], [ 116.27696125550753, 7.228815886615174 ], [ 116.279452964548682, 7.233417899679925 ], [ 116.28199270362299, 7.237993581446423 ], [ 116.284580194505736, 7.242542430655353 ], [ 116.28721515374103, 7.247063948986869 ], [ 116.28989729267289, 7.25155764111518 ], [ 116.292626317476902, 7.256023014762816 ], [ 116.295401929192323, 7.260459580754556 ], [ 116.29822382375491, 7.264866853071019 ], [ 116.301091692030226, 7.269244348901899 ], [ 116.304005219847411, 7.273591588698863 ], [ 116.306964088033737, 7.277908096228083 ], [ 116.309967972449471, 7.282193398622407 ], [ 116.313016544023412, 7.286447026433157 ], [ 116.31610946878898, 7.290668513681565 ], [ 116.317867389017991, 7.293015937081444 ], [ 116.3186102047828, 7.294252388508817 ], [ 116.321347346149636, 7.298702483428325 ], [ 116.324130836405658, 7.303123735473769 ], [ 116.32696037164618, 7.307515661927762 ], [ 116.329835642939315, 7.311877783274721 ], [ 116.332756336359608, 7.316209623253219 ], [ 116.335722133022415, 7.320510708907981 ], [ 116.338732709118617, 7.324780570641527 ], [ 116.341787735950078, 7.329018742265442 ], [ 116.344886879965443, 7.333224761051268 ], [ 116.348029802796589, 7.337398167781037 ], [ 116.351216161295611, 7.3415385067974 ], [ 116.354445607572202, 7.345645326053379 ], [ 116.35771778903171, 7.349718177161722 ], [ 116.361032348413602, 7.353756615443858 ], [ 116.364388923830461, 7.35776019997845 ], [ 116.367787148807523, 7.361728493649531 ], [ 116.371226652322676, 7.365661063194232 ], [ 116.37470705884698, 7.369557479250087 ], [ 116.378227988385618, 7.373417316401905 ], [ 116.38178905651948, 7.377240153228226 ], [ 116.385389874447043, 7.381025572347327 ], [ 116.38776840610906, 7.383474289240813 ], [ 116.387779179930021, 7.383510461672577 ], [ 116.389325364929434, 7.388509819060976 ], [ 116.39092378777913, 7.39349272049919 ], [ 116.392574273392583, 7.398458620174898 ], [ 116.394276640980451, 7.4034069741381 ], [ 116.396030704070427, 7.408337240360707 ], [ 116.397836270527606, 7.4132488787959 ], [ 116.399693142575586, 7.4181413514373 ], [ 116.401601116818057, 7.423014122377889 ], [ 116.40355998426115, 7.427866657868716 ], [ 116.405569530336336, 7.43269842637736 ], [ 116.40640579526324, 7.434651251756796 ], [ 116.407534437143042, 7.437528018719849 ], [ 116.409504150346464, 7.442397481443805 ], [ 116.411524910341114, 7.447245982899692 ], [ 116.413596494104311, 7.452072987979013 ], [ 116.41571867300415, 7.456877963945735 ], [ 116.417091504228992, 7.459899980254399 ], [ 116.417737322199415, 7.461609804467904 ], [ 116.419631043369819, 7.466469521123617 ], [ 116.421575354002684, 7.47130921966878 ], [ 116.42357004253347, 7.476128373485613 ], [ 116.425614891915899, 7.480926458191853 ], [ 116.427709679645631, 7.48570295169781 ], [ 116.429854177784406, 7.49045733426318 ], [ 116.432048152984876, 7.495189088553595 ], [ 116.434291366515964, 7.49989769969692 ], [ 116.436583574288903, 7.504582655339269 ], [ 116.438924526883739, 7.509243445700768 ], [ 116.441313969576498, 7.513879563631011 ], [ 116.443751642366891, 7.518490504664257 ], [ 116.446237280006628, 7.523075767074312 ], [ 116.448770612028227, 7.52763485192913 ], [ 116.451351362774517, 7.532167263145098 ], [ 116.453979251428578, 7.536672507541017 ], [ 116.456653992044323, 7.541150094891769 ], [ 116.459375293577594, 7.545599537981657 ], [ 116.462142859917833, 7.550020352657419 ], [ 116.46495638992036, 7.55441205788091 ], [ 116.467815577439026, 7.55877417578145 ], [ 116.470720111359626, 7.563106231707812 ], [ 116.473669675633744, 7.567407754279881 ], [ 116.47666394931305, 7.571678275439938 ], [ 116.479702606584354, 7.575917330503591 ], [ 116.48278531680495, 7.580124458210345 ], [ 116.485911744538654, 7.584299200773783 ], [ 116.489081549592314, 7.588441103931387 ], [ 116.492294387052738, 7.59254971699396 ], [ 116.495549907324346, 7.596624592894676 ], [ 116.498847756167137, 7.600665288237715 ], [ 116.502187574735217, 7.604671363346518 ], [ 116.505568999615932, 7.608642382311626 ], [ 116.508991662869306, 7.612577913038114 ], [ 116.512455192068145, 7.616477527292605 ], [ 116.515959210338579, 7.62034080074987 ], [ 116.519503336400987, 7.624167313038996 ], [ 116.523087184611569, 7.627956647789135 ], [ 116.526710365004263, 7.631708392674801 ], [ 116.530372483333181, 7.635422139460742 ], [ 116.534073141115542, 7.639097484046359 ], [ 116.537811935674966, 7.642734026509676 ], [ 116.541588460185366, 7.64633137115086 ], [ 116.545402303715164, 7.649889126535273 ], [ 116.549253051272018, 7.653406905536069 ], [ 116.553140283848009, 7.656884325376315 ], [ 116.557063578465161, 7.660321007670644 ], [ 116.561022508221527, 7.663716578466428 ], [ 116.565016642337667, 7.667070668284464 ], [ 116.569045546203412, 7.670382912159186 ], [ 116.57310878142529, 7.673652949678371 ], [ 116.577205905874095, 7.676880425022358 ], [ 116.581336473733131, 7.680064987002766 ], [ 116.585500035546602, 7.683206289100708 ], [ 116.589696138268579, 7.686303989504496 ], [ 116.593924325312329, 7.689357751146831 ], [ 116.598184136599912, 7.692367241741488 ], [ 116.602475108612296, 7.695332133819464 ], [ 116.606796774439786, 7.698252104764617 ], [ 116.611148663832864, 7.701126836848765 ], [ 116.615530303253252, 7.703956017266264 ], [ 116.619941215925579, 7.706739338168042 ], [ 116.624380921889127, 7.709476496695097 ], [ 116.628848938050183, 7.712167195011453 ], [ 116.633344778234502, 7.714811140336566 ], [ 116.63786795324026, 7.717408044977184 ], [ 116.642417970891259, 7.719957626358651 ], [ 116.646994336090501, 7.722459607055654 ], [ 116.651596550874089, 7.724913714822412 ], [ 116.656224114465346, 7.727319682622294 ], [ 116.658001922506074, 7.728220570737545 ], [ 116.66153490274867, 7.730249926689641 ], [ 116.666095183467306, 7.732806329737366 ], [ 116.670681943986921, 7.735314911948697 ], [ 116.675294682857938, 7.737775399071811 ], [ 116.679932895790728, 7.740187522112903 ], [ 116.682987796139045, 7.741735873794508 ], [ 116.683344592335729, 7.74202771533221 ], [ 116.687411753432485, 7.745284308013006 ], [ 116.691512628875032, 7.7484983422195 ], [ 116.695646773354255, 7.751669468943634 ], [ 116.699813737948475, 7.754797343836622 ], [ 116.704013070172081, 7.757881627246343 ], [ 116.708244314024697, 7.760921984254221 ], [ 116.712507010040724, 7.763918084711593 ], [ 116.716800695339188, 7.766869603275564 ], [ 116.721124903674024, 7.769776219444329 ], [ 116.725479165484757, 7.772637617591982 ], [ 116.729863007947358, 7.775453487002785 ], [ 116.734275955025751, 7.778223521904913 ], [ 116.738717527523377, 7.780947421503651 ], [ 116.743187243135296, 7.783624890014061 ], [ 116.747684616500536, 7.786255636693102 ], [ 116.752209159254818, 7.788839375871199 ], [ 116.756760380083534, 7.791375826983264 ], [ 116.761337784775179, 7.793864714599162 ], [ 116.765940876274954, 7.79630576845362 ], [ 116.770569154738766, 7.798698723475575 ], [ 116.775222117587504, 7.80104331981696 ], [ 116.779899259561574, 7.803339302880914 ], [ 116.784600072775874, 7.805586423349436 ], [ 116.78932404677478, 7.807784437210453 ], [ 116.79407066858775, 7.809933105784318 ], [ 116.798839422784894, 7.812032195749731 ], [ 116.803629791533012, 7.81408147916907 ], [ 116.808441254651797, 7.816080733513148 ], [ 116.81327328967032, 7.818029741685371 ], [ 116.818125371883809, 7.819928292045319 ], [ 116.822996974410557, 7.82177617843172 ], [ 116.827887568249196, 7.823573200184845 ], [ 116.832796622336076, 7.825319162168292 ], [ 116.837723603603038, 7.827013874790179 ], [ 116.842667977035148, 7.828657154023726 ], [ 116.847629205728964, 7.830248821427245 ], [ 116.852606750950684, 7.831788704163513 ], [ 116.857600072194728, 7.833276635018539 ], [ 116.862608627242466, 7.834712452419726 ], [ 116.867631872220983, 7.836096000453414 ], [ 116.872669261662224, 7.837427128881806 ], [ 116.877720248562227, 7.838705693159291 ], [ 116.882784284440476, 7.83993155444813 ], [ 116.887860819399492, 7.841104579633541 ], [ 116.893277819399486, 7.842326579633541 ], [ 116.898410762243216, 7.843456183040292 ], [ 116.903555295216066, 7.844531769663837 ], [ 116.90871084988612, 7.845553220660004 ], [ 116.91387685660365, 7.846520423166194 ], [ 116.919052744564041, 7.847433270313857 ], [ 116.924237941870885, 7.848291661240301 ], [ 116.929431875599164, 7.849095501099829 ], [ 116.934633971858545, 7.849844701074229 ], [ 116.939843655856805, 7.850539178382576 ], [ 116.94506035196332, 7.851178856290391 ], [ 116.950283483772694, 7.85176366411811 ], [ 116.955512474168444, 7.852293537248899 ], [ 116.960746745386729, 7.85276841713579 ], [ 116.965985719080223, 7.853188251308155 ], [ 116.971228816382052, 7.853552993377497 ], [ 116.976475457969656, 7.853862603042581 ], [ 116.981277026465435, 7.85409533016573 ], [ 116.986667, 7.850389 ], [ 116.992472, 7.852917 ], [ 116.997889, 7.851639 ], [ 116.996222, 7.845833 ], [ 116.989528, 7.84 ], [ 116.989528, 7.831667 ], [ 116.99375, 7.822472 ], [ 116.989528, 7.816667 ], [ 116.994139, 7.810417 ], [ 116.999167, 7.80875 ], [ 117.0, 7.808778 ], [ 117.007556, 7.804639 ], [ 117.023417, 7.8055 ], [ 117.023778, 7.809222 ], [ 117.011278, 7.821694 ], [ 117.017528, 7.822139 ], [ 117.026667, 7.812972 ], [ 117.042111, 7.825889 ], [ 117.041694, 7.832139 ], [ 117.047556, 7.831333 ], [ 117.060417, 7.843389 ], [ 117.064525245633803, 7.85081635051382 ], [ 117.065648373714566, 7.850681204430969 ], [ 117.070859612478486, 7.84999849172498 ], [ 117.076063387079998, 7.849261039360239 ], [ 117.081259122541411, 7.848468928819644 ], [ 117.086446244773327, 7.847622247625409 ], [ 117.090990983929615, 7.846831289702999 ], [ 117.094112840635802, 7.847397264159683 ], [ 117.099271839104475, 7.84830467463042 ], [ 117.104440060711866, 7.849157988393914 ], [ 117.10961693822172, 7.849957111795023 ], [ 117.114801903447699, 7.85070195712625 ], [ 117.119994387315856, 7.851392442637366 ], [ 117.125193819927006, 7.852028492544386 ], [ 117.130399630619323, 7.852610037037883 ], [ 117.135611248030941, 7.853137012290654 ], [ 117.140828100162707, 7.853609360464721 ], [ 117.146049614440884, 7.854027029717683 ], [ 117.151275217780096, 7.854389974208403 ], [ 117.156504336646151, 7.85469815410204 ], [ 117.158064109827791, 7.85477369176591 ], [ 117.164542961261105, 7.855532586970011 ], [ 117.169746488897545, 7.856114495365487 ], [ 117.174955824840353, 7.856641881636506 ], [ 117.180170397827155, 7.857114687949218 ], [ 117.185389636021242, 7.857532862455083 ], [ 117.19061296707433, 7.857896359296555 ], [ 117.195839818189313, 7.85820513861211 ], [ 117.201069616183062, 7.858459166540615 ], [ 117.206301787549307, 7.858658415225046 ], [ 117.211535758521478, 7.858802862815537 ], [ 117.216770955135686, 7.858892493471785 ], [ 117.22200680329361, 7.858927297364777 ], [ 117.22724272882553, 7.858907270677873 ], [ 117.232478157553189, 7.858832415607227 ], [ 117.237712515352811, 7.858702740361541 ], [ 117.242945228218119, 7.858518259161165 ], [ 117.24817572232314, 7.858278992236542 ], [ 117.253403424085278, 7.857984965825988 ], [ 117.258627760228109, 7.857636212172811 ], [ 117.263848157844308, 7.85723276952178 ], [ 117.26906404445846, 7.856774682114928 ], [ 117.274274848089803, 7.856262000186701 ], [ 117.279479997314994, 7.855694779958449 ], [ 117.284678921330794, 7.855073083632263 ], [ 117.289871050016558, 7.854396979384151 ], [ 117.295055813996896, 7.853666541356563 ], [ 117.300232644703996, 7.852881849650259 ], [ 117.305400974440047, 7.852042990315529 ], [ 117.310560236439429, 7.851150055342751 ], [ 117.315709864930938, 7.850203142652307 ], [ 117.320849295199793, 7.849202356083845 ], [ 117.325977963649521, 7.84814780538489 ], [ 117.331095307863848, 7.847039606198809 ], [ 117.336200766668313, 7.845877880052131 ], [ 117.341293780191819, 7.844662754341221 ], [ 117.346373789928037, 7.843394362318305 ], [ 117.35144023879667, 7.842072843076862 ], [ 117.356492571204484, 7.84069834153637 ], [ 117.361530233106322, 7.839271008426411 ], [ 117.366552672065765, 7.837791000270145 ], [ 117.371559337315787, 7.836258479367146 ], [ 117.376549679819121, 7.834673613775599 ], [ 117.381523152328498, 7.833036577293877 ], [ 117.386479209446577, 7.831347549441477 ], [ 117.391417307685884, 7.829606715439339 ], [ 117.396336905528258, 7.827814266189526 ], [ 117.401237463484392, 7.825970398254299 ], [ 117.406118444152867, 7.824075313834555 ], [ 117.410979312279139, 7.822129220747656 ], [ 117.415819534814261, 7.82013233240464 ], [ 117.420638580973275, 7.818084867786817 ], [ 117.42543592229346, 7.815987051421754 ], [ 117.430211032692284, 7.813839113358656 ], [ 117.434963388525105, 7.811641289143139 ], [ 117.439692468642505, 7.809393819791391 ], [ 117.444397754447593, 7.807096951763757 ], [ 117.449078729952745, 7.804750936937698 ], [ 117.453734881836255, 7.802356032580177 ], [ 117.458365699498586, 7.799912501319445 ], [ 117.462970675118399, 7.797420611116241 ], [ 117.467549303708239, 7.794880635234406 ], [ 117.472101083169861, 7.792292852210919 ], [ 117.476625514349365, 7.789657545825351 ], [ 117.481122101091898, 7.786975005068743 ], [ 117.485590350296036, 7.784245524111919 ], [ 117.490029771967912, 7.781469402273224 ], [ 117.494439879274893, 7.778646943985702 ], [ 117.498820188599026, 7.775778458763711 ], [ 117.503170219590046, 7.772864261168981 ], [ 117.507489495218024, 7.769904670776116 ], [ 117.511777541825708, 7.766900012137556 ], [ 117.516033889180463, 7.763850614747978 ], [ 117.520258070525855, 7.760756813008172 ], [ 117.524449622632773, 7.757618946188361 ], [ 117.528608085850308, 7.754437358391004 ], [ 117.532733004156114, 7.751212398513054 ], [ 117.536823925206406, 7.747944420207706 ], [ 117.540880400385589, 7.744633781845606 ], [ 117.544901984855457, 7.74128084647556 ], [ 117.548888237603933, 7.737885981784712 ], [ 117.552838721493501, 7.734449560058235 ], [ 117.553473814070074, 7.73388531883403 ], [ 117.555416869468814, 7.732600755396075 ], [ 117.559754156885219, 7.729667624796974 ], [ 117.564060491375002, 7.72668923588581 ], [ 117.568335400700022, 7.72366591527649 ], [ 117.572578416068325, 7.720597994510189 ], [ 117.576789072185449, 7.717485810018992 ], [ 117.580966907305509, 7.714329703088999 ], [ 117.585111463281791, 7.7111300198229 ], [ 117.589222285617041, 7.707887111102025 ], [ 117.59329892351326, 7.704601332547856 ], [ 117.597340929921174, 7.701273044483042 ], [ 117.601347861589204, 7.697902611891873 ], [ 117.605319279112166, 7.694490404380266 ], [ 117.60925474697936, 7.691036796135226 ], [ 117.613153833622391, 7.687542165883816 ], [ 117.617016111462476, 7.684006896851622 ], [ 117.620841156957312, 7.680431376720736 ], [ 117.624628550647557, 7.676815997587229 ], [ 117.628377877202823, 7.673161155918168 ], [ 117.632088725467199, 7.669467252508125 ], [ 117.635760688504348, 7.665734692435238 ], [ 117.639393363642156, 7.661963885016779 ], [ 117.642986352516843, 7.658155243764277 ], [ 117.646539261116715, 7.654309186338163 ], [ 117.650051699825269, 7.650426134501975 ], [ 117.653523283464054, 7.646506514076106 ], [ 117.656953631334787, 7.642550754891105 ], [ 117.660342367261165, 7.638559290740544 ], [ 117.663689119630106, 7.634532559333446 ], [ 117.666993521432502, 7.630471002246289 ], [ 117.670255210303466, 7.626375064874576 ], [ 117.673473828562038, 7.622245196383997 ], [ 117.676649023250476, 7.618081849661171 ], [ 117.679780446172884, 7.613885481263983 ], [ 117.682867753933465, 7.609656551371517 ], [ 117.685910607974122, 7.60539552373359 ], [ 117.688908674611639, 7.601102865619902 ], [ 117.691861625074196, 7.596779047768787 ], [ 117.694769135537499, 7.592424544335599 ], [ 117.697630887160287, 7.588039832840709 ], [ 117.700446566119226, 7.583625394117145 ], [ 117.703215863643408, 7.579181712257857 ], [ 117.705938476048118, 7.57470927456264 ], [ 117.708614104768259, 7.570208571484684 ], [ 117.711242456390963, 7.5656800965768 ], [ 117.71382324268788, 7.561124346437295 ], [ 117.716356180646699, 7.55654182065551 ], [ 117.718840992502223, 7.551933021757035 ], [ 117.721277405766827, 7.547298455148608 ], [ 117.72366515326037, 7.542638629062684 ], [ 117.726003973139399, 7.537954054501705 ], [ 117.728293608925981, 7.53324524518206 ], [ 117.730533809535729, 7.528512717477756 ], [ 117.732724329305412, 7.523756990363788 ], [ 117.73486492801986, 7.518978585359223 ], [ 117.73695537093829, 7.51417802647002 ], [ 117.73899542882009, 7.509355840131557 ], [ 117.740984877949913, 7.504512555150908 ], [ 117.742850587687272, 7.49983163438334 ], [ 117.745163419995407, 7.496014916949797 ], [ 117.747836188959084, 7.491497912484989 ], [ 117.750461396093073, 7.486953101072845 ], [ 117.753038752130792, 7.482380983497467 ], [ 117.755567973078314, 7.477782063551771 ], [ 117.758048780245588, 7.473156847981979 ], [ 117.760480900277216, 7.468505846431772 ], [ 117.762864065182526, 7.463829571386142 ], [ 117.765198012365119, 7.45912853811492 ], [ 117.767482484651808, 7.454403264615997 ], [ 117.76971723032095, 7.449654271558249 ], [ 117.77190200313018, 7.444882082224166 ], [ 117.774036562343539, 7.440087222452188 ], [ 117.77612067275804, 7.435270220578773 ], [ 117.778154104729495, 7.430431607380171 ], [ 117.780136634197959, 7.425571916013941 ], [ 117.78206804271224, 7.420691681960211 ], [ 117.783948117454159, 7.415791442962662 ], [ 117.785776651261841, 7.410871738969287 ], [ 117.787553442652651, 7.405933112072886 ], [ 117.789278295845307, 7.400976106451341 ], [ 117.790951020781549, 7.396001268307647 ], [ 117.792571433147003, 7.391009145809734 ], [ 117.794139354391504, 7.386000289030058 ], [ 117.79565461174883, 7.380975249884998 ], [ 117.797117038255621, 7.375934582074035 ], [ 117.798526472769922, 7.370878841018742 ], [ 117.799882759988833, 7.365808583801586 ], [ 117.801185750465621, 7.36072436910454 ], [ 117.802435300626271, 7.355626757147527 ], [ 117.803631272785239, 7.350516309626688 ], [ 117.804773535160635, 7.345393589652488 ], [ 117.805861961888723, 7.340259161687675 ], [ 117.806896433037849, 7.335113591485075 ], [ 117.807876834621624, 7.329957446025255 ], [ 117.808803058611446, 7.324791293454052 ], [ 117.809675002948481, 7.319615703019966 ], [ 117.810492571554818, 7.314431245011437 ], [ 117.811255674344153, 7.309238490694007 ], [ 117.811964227231641, 7.304038012247372 ], [ 117.812618152143187, 7.298830382702335 ], [ 117.813217377024046, 7.293616175877665 ], [ 117.81376183584679, 7.28839596631687 ], [ 117.814251468618522, 7.283170329224886 ], [ 117.814686221387547, 7.277939840404699 ], [ 117.815066046249271, 7.272705076193898 ], [ 117.815390901351549, 7.267466613401169 ], [ 117.815660750899198, 7.262225029242738 ], [ 117.815875565158009, 7.256980901278768 ], [ 117.816035320458013, 7.251734807349719 ], [ 117.816139999196068, 7.246487325512678 ], [ 117.816189589837833, 7.241239033977662 ], [ 117.81624558983782, 7.227906033977661 ], [ 117.816240271631273, 7.222686981873697 ], [ 117.816180477418371, 7.217468269599646 ], [ 117.816141491381671, 7.215687988685989 ], [ 117.817433670746908, 7.212104201308836 ], [ 117.819155683552083, 7.20716708590451 ], [ 117.82082597244154, 7.202212232562321 ], [ 117.82244435474955, 7.197240183153683 ], [ 117.824010653487008, 7.192251481430604 ], [ 117.825524697360763, 7.187246672966218 ], [ 117.826986320792301, 7.182226305095118 ], [ 117.828395363935968, 7.177190926853502 ], [ 117.829751672696318, 7.17214108891913 ], [ 117.831055098745054, 7.167077343551097 ], [ 117.832305499537256, 7.16200024452944 ], [ 117.833502738326871, 7.156910347094575 ], [ 117.834646684181806, 7.151808207886575 ], [ 117.835737211998136, 7.146694384884295 ], [ 117.836774202513823, 7.14156943734435 ], [ 117.837757542321782, 7.136433925739952 ], [ 117.838687123882252, 7.13128841169962 ], [ 117.839562845534573, 7.126133457945755 ], [ 117.840384611508298, 7.120969628233104 ], [ 117.841152331933657, 7.115797487287102 ], [ 117.841865922851397, 7.110617600742115 ], [ 117.842525306221987, 7.105430535079584 ], [ 117.843130409934105, 7.100236857566068 ], [ 117.843681167812548, 7.09503713619121 ], [ 117.844177519625475, 7.08983193960562 ], [ 117.844206201135705, 7.089493771478068 ], [ 117.846673588773854, 7.086696429124244 ], [ 117.850094123705247, 7.082735674139625 ], [ 117.853473016046237, 7.078739335088311 ], [ 117.856809895637284, 7.074707849771469 ], [ 117.860104396921372, 7.070641659840565 ], [ 117.863356158984047, 7.066541210748968 ], [ 117.866564825592974, 7.062406951703161 ], [ 117.869730045236921, 7.058239335613526 ], [ 117.872851471164338, 7.054038819044727 ], [ 117.87592876142125, 7.049805862165694 ], [ 117.878961578888806, 7.04554092869921 ], [ 117.881949591320165, 7.041244485871115 ], [ 117.884892471376901, 7.03691700435911 ], [ 117.887789896664856, 7.03255895824121 ], [ 117.890641549769484, 7.028170824943792 ], [ 117.893447118290595, 7.023753085189303 ], [ 117.896206294876606, 7.019306222943595 ], [ 117.89891877725816, 7.014830725362904 ], [ 117.901584268281326, 7.010327082740483 ], [ 117.904202475940068, 7.005795788452891 ], [ 117.906773113408278, 7.001237338905939 ], [ 117.909295899071182, 6.996652233480318 ], [ 117.91177055655622, 6.992040974476877 ], [ 117.914196814763287, 6.987404067061613 ], [ 117.916574407894416, 6.982742019210313 ], [ 117.918903075482987, 6.978055341652918 ], [ 117.92118256242216, 6.973344547817564 ], [ 117.92341261899287, 6.968610153774341 ], [ 117.925593000891169, 6.963852678178753 ], [ 117.926653466324325, 6.961473359623773 ], [ 117.927427192408416, 6.960235454710861 ], [ 117.93014740055024, 6.95578051072765 ], [ 117.932820953479165, 6.951297412137984 ], [ 117.935447559820076, 6.946786647528924 ], [ 117.938026933314276, 6.94224870850269 ], [ 117.940558792850737, 6.937684089623087 ], [ 117.943042862496696, 6.933093288361601 ], [ 117.945478871527712, 6.928476805043186 ], [ 117.947866554457235, 6.923835142791734 ], [ 117.950205651065431, 6.919168807475248 ], [ 117.9524959064277, 6.914478307650701 ], [ 117.954737070942272, 6.909764154508619 ], [ 117.956928900357582, 6.905026861817366 ], [ 117.959071155798782, 6.900266945867151 ], [ 117.961163603793779, 6.895484925413764 ], [ 117.96320601629877, 6.890681321622036 ], [ 117.965198170722957, 6.885856658009039 ], [ 117.967139849952957, 6.881011460387039 ], [ 117.969030842376313, 6.876146256806179 ], [ 117.970870941904693, 6.871261577496941 ], [ 117.974258941904679, 6.862123577496942 ], [ 117.976050517889732, 6.857212794770657 ], [ 117.977790655581884, 6.852283550172609 ], [ 117.979479164780372, 6.847336382479715 ], [ 117.981115860927559, 6.842371832427919 ], [ 117.982700565129079, 6.837390442653099 ], [ 117.984233104173398, 6.832392757631746 ], [ 117.985713310550736, 6.827379323621459 ], [ 117.98685985056153, 6.823341022079682 ], [ 117.989770552565219, 6.819774334463738 ], [ 117.993038391291392, 6.815683301916375 ], [ 117.996263210430257, 6.811558273581253 ], [ 117.999444656344053, 6.807399701814218 ], [ 118.002582380151367, 6.803208042649524 ], [ 118.005676037765426, 6.798983755749834 ], [ 118.008725289931817, 6.794727304355813 ], [ 118.011729802265677, 6.790439155235318 ], [ 118.01468924528838, 6.786119778632226 ], [ 118.01760329446364, 6.781769648214856 ], [ 118.020471630233118, 6.77738924102403 ], [ 118.023293938051481, 6.772979037420757 ], [ 118.02606990842088, 6.768539521033563 ], [ 118.028799236924868, 6.764071178705449 ], [ 118.031481624261843, 6.759574500440503 ], [ 118.03411677627777, 6.75504997935017 ], [ 118.036704403998556, 6.750498111599176 ], [ 118.039244223661655, 6.745919396351113 ], [ 118.041735956747232, 6.741314335713705 ], [ 118.04417933000866, 6.736683434683747 ], [ 118.046574075502534, 6.732027201091722 ], [ 118.048919930618027, 6.727346145546114 ], [ 118.051216638105672, 6.722640781377414 ], [ 118.053463946105637, 6.717911624581827 ], [ 118.055661608175271, 6.713159193764691 ], [ 118.05780938331614, 6.708384010083598 ], [ 118.05990703600051, 6.70358659719125 ], [ 118.061954336197132, 6.698767481178034 ], [ 118.063951059396473, 6.693927190514326 ], [ 118.065896986635309, 6.689066255992542 ], [ 118.067791904520817, 6.684185210668932 ], [ 118.069635605253879, 6.679284589805119 ], [ 118.071427886651932, 6.674364930809405 ], [ 118.07316855217114, 6.66942677317784 ], [ 118.074857410927905, 6.664470658435055 ], [ 118.076494277719817, 6.659497130074882 ], [ 118.078078973046019, 6.654506733500754 ], [ 118.079611323126784, 6.64950001596589 ], [ 118.081091159922664, 6.644477526513288 ], [ 118.082518321152875, 6.639439815915517 ], [ 118.083892650313118, 6.634387436614311 ], [ 118.085213996692701, 6.629320942659998 ], [ 118.086482215391115, 6.624240889650733 ], [ 118.087697167333872, 6.619147834671576 ], [ 118.088858719287813, 6.614042336233399 ], [ 118.089966743875678, 6.608924954211639 ], [ 118.091021119590067, 6.603796249784903 ], [ 118.09202173080682, 6.598656785373426 ], [ 118.092968467797633, 6.593507124577397 ], [ 118.093861226742135, 6.588347832115154 ], [ 118.094699909739234, 6.583179473761256 ], [ 118.095484424817897, 6.578002616284439 ], [ 118.096214685947203, 6.572817827385461 ], [ 118.096890613045801, 6.567625675634854 ], [ 118.097512131990641, 6.562426730410568 ], [ 118.098079174625184, 6.557221561835532 ], [ 118.098591678766809, 6.552010740715137 ], [ 118.099049588213674, 6.546794838474642 ], [ 118.099452852750844, 6.541574427096503 ], [ 118.0998014281558, 6.536350079057658 ], [ 118.100095276203348, 6.531122367266741 ], [ 118.10033436466972, 6.525891865001261 ], [ 118.100518667336175, 6.520659145844736 ], [ 118.100648163991849, 6.515424783623787 ], [ 118.100722840435964, 6.510189352345217 ], [ 118.100742688479428, 6.504953426133064 ], [ 118.10070770594568, 6.499717579165642 ], [ 118.100617896670926, 6.494482385612573 ], [ 118.10047327050377, 6.489248419571823 ], [ 118.100273843304123, 6.484016255006754 ], [ 118.100019636941397, 6.478786465683169 ], [ 118.099710679292215, 6.473559625106401 ], [ 118.099347004237231, 6.468336306458423 ], [ 118.098928651657531, 6.463117082534985 ], [ 118.098455667430187, 6.457902525682804 ], [ 118.097928103423257, 6.452693207736804 ], [ 118.097346017490068, 6.4474896999574 ], [ 118.096709473462909, 6.442292572967858 ], [ 118.096018541146009, 6.43710239669172 ], [ 118.095273296307866, 6.431919740290301 ], [ 118.094473820672988, 6.42674517210028 ], [ 118.093620201912898, 6.421579259571371 ], [ 118.092712533636487, 6.416422569204097 ], [ 118.091750915379833, 6.411275666487667 ], [ 118.090735452595197, 6.406139115837965 ], [ 118.089666256639518, 6.401013480535653 ], [ 118.088543444762195, 6.395899322664402 ], [ 118.087367140092198, 6.390797203049255 ], [ 118.086137471624582, 6.385707681195122 ], [ 118.084854574206361, 6.380631315225429 ], [ 118.083518588521684, 6.37556866182091 ], [ 118.082129661076451, 6.370520276158563 ], [ 118.080687944182202, 6.365486711850764 ], [ 118.079193595939429, 6.360468520884562 ], [ 118.077646780220263, 6.355466253561149 ], [ 118.076047666650496, 6.350480458435505 ], [ 118.074396430590923, 6.345511682256252 ], [ 118.072693253118203, 6.340560469905689 ], [ 118.070938321004945, 6.335627364340048 ], [ 118.069131826699206, 6.330712906529943 ], [ 118.067273968303468, 6.325817635401055 ], [ 118.065364949552844, 6.320942087775027 ], [ 118.063404979792722, 6.3160867983106 ], [ 118.061394273955898, 6.311252299444978 ], [ 118.059333052538932, 6.30643912133544 ], [ 118.05722154157796, 6.301647791801206 ], [ 118.055059972623951, 6.296878836265552 ], [ 118.052848582717331, 6.292132777698195 ], [ 118.050587614361888, 6.28741013655794 ], [ 118.048277315498297, 6.282711430735607 ], [ 118.045917939476851, 6.278037175497239 ], [ 118.043509745029752, 6.273387883427597 ], [ 118.041052996242612, 6.268764064373949 ], [ 118.038547962525669, 6.26416622539016 ], [ 118.035994918584052, 6.259594870681088 ], [ 118.033394144387842, 6.255050501547291 ], [ 118.030745925141204, 6.250533616330055 ], [ 118.028050551251241, 6.246044710356744 ], [ 118.025308318296055, 6.241584275886485 ], [ 118.022519526992411, 6.237152802056181 ], [ 118.019684483162706, 6.232750774826875 ], [ 118.016803497701432, 6.228378676930459 ], [ 118.013876886541098, 6.224036987816739 ], [ 118.010904970617631, 6.219726183600851 ], [ 118.007888075835069, 6.215446737011055 ], [ 118.004826533029942, 6.211199117336895 ], [ 118.001720677934912, 6.206983790377734 ], [ 117.998570851141992, 6.202801218391677 ], [ 117.995377398065187, 6.198651860044875 ], [ 117.992140668902621, 6.194536170361229 ], [ 117.988861018598101, 6.190454600672494 ], [ 117.985538806802253, 6.186407598568779 ], [ 117.982174397833035, 6.182395607849474 ], [ 117.978768160635809, 6.178419068474567 ], [ 117.975320468742865, 6.174478416516417 ], [ 117.971831700232471, 6.170574084111916 ], [ 117.968302237687425, 6.166706499415111 ], [ 117.964732468153031, 6.162876086550246 ], [ 117.96112278309478, 6.159083265565258 ], [ 117.957473578355305, 6.155328452385708 ], [ 117.953785254111025, 6.151612058769176 ], [ 117.95005821482826, 6.1479344922601 ], [ 117.94629286921888, 6.144296156145091 ], [ 117.942489630195439, 6.140697449408705 ], [ 117.938648914825961, 6.137138766689688 ], [ 117.934771144288177, 6.133620498237704 ], [ 117.930856743823327, 6.130143029870535 ], [ 117.926906142689518, 6.126706742931776 ], [ 117.922919774114689, 6.123312014249012 ], [ 117.918898075249075, 6.119959216092499 ], [ 117.9148414871173, 6.116648716134338 ], [ 117.910750454569936, 6.113380877408154 ], [ 117.906625426234811, 6.110156058269291 ], [ 117.902466854467775, 6.106974612355505 ], [ 117.898275195303086, 6.103836888548194 ], [ 117.894050908403386, 6.10074323093413 ], [ 117.889794457009373, 6.097693978767737 ], [ 117.885506307888875, 6.094689466433873 ], [ 117.881186931285782, 6.091730023411174 ], [ 117.876836800868418, 6.088815974235919 ], [ 117.872456393677581, 6.085947638466438 ], [ 117.86804619007431, 6.08312533064807 ], [ 117.863606673687116, 6.080349360278673 ], [ 117.859138331359006, 6.077620031774678 ], [ 117.853784120682448, 6.074387973751681 ], [ 117.849279103895242, 6.071700671387636 ], [ 117.84474614216542, 6.069060779684429 ], [ 117.840185734422818, 6.066468589207235 ], [ 117.83559838261823, 6.063924385270892 ], [ 117.83098459166807, 6.061428447908501 ], [ 117.826344869398838, 6.058981051840602 ], [ 117.821679726491226, 6.056582466444937 ], [ 117.816989676423887, 6.054232955726799 ], [ 117.812275235416948, 6.051932778289973 ], [ 117.807536922375178, 6.049682187308276 ], [ 117.802775258830835, 6.047481430497688 ], [ 117.797990768886365, 6.045330750089088 ], [ 117.793183979156581, 6.043230382801589 ], [ 117.788355418710793, 6.041180559816489 ], [ 117.783505619014576, 6.039181506751819 ], [ 117.778635113871232, 6.037233443637516 ], [ 117.773744439363014, 6.0353365848912 ], [ 117.768834133792211, 6.033491139294576 ], [ 117.763904737621814, 6.031697309970453 ], [ 117.758956793416075, 6.02995529436039 ], [ 117.753990845780777, 6.028265284202961 ], [ 117.749007441303277, 6.026627465512649 ], [ 117.744007128492342, 6.025042018559378 ], [ 117.738990457717833, 6.023509117848665 ], [ 117.733957981150041, 6.022028932102417 ], [ 117.728910252698967, 6.020601624240358 ], [ 117.723847827953378, 6.019227351362099 ], [ 117.718771264119553, 6.017906264729844 ], [ 117.71640496307478, 6.017316912083789 ], [ 117.718722, 6.021639 ], [ 117.715861, 6.032917 ], [ 117.7125, 6.032917 ], [ 117.708278, 6.026194 ], [ 117.701694, 6.032917 ], [ 117.69125, 6.025806 ], [ 117.69125, 6.022472 ], [ 117.704139, 6.014556 ], [ 117.705832614895286, 6.014801338090695 ], [ 117.703462333126467, 6.01426354702494 ], [ 117.703335674300348, 6.014236203478496 ], [ 117.702472, 6.014611 ], [ 117.701776041909994, 6.013899504631625 ], [ 117.699448302989879, 6.013396984284478 ], [ 117.693306, 6.017889 ], [ 117.690389, 6.016694 ], [ 117.690389, 6.011694 ], [ 117.690729670958873, 6.011625001298256 ], [ 117.688046352142138, 6.011104387212665 ], [ 117.68288653942308, 6.01015934596851 ], [ 117.677717096105283, 6.009268489059242 ], [ 117.672538591174259, 6.008431914538881 ], [ 117.667351594612938, 6.007649714486743 ], [ 117.662156677338871, 6.006921974997306 ], [ 117.65695441114147, 6.006248776170729 ], [ 117.651745368618975, 6.005630192104042 ], [ 117.650061294217423, 6.005448100654897 ], [ 117.65125, 6.007472 ], [ 117.649583, 6.018333 ], [ 117.638361, 6.027083 ], [ 117.632917, 6.024167 ], [ 117.62875, 6.0125 ], [ 117.62375, 6.008306 ], [ 117.62375, 6.004194 ], [ 117.625053398194083, 6.003327405876893 ], [ 117.621130185707528, 6.003110425877554 ], [ 117.620417, 6.003333 ], [ 117.623722, 6.025778 ], [ 117.620389, 6.028306 ], [ 117.620417, 6.036639 ], [ 117.615373, 6.042531 ], [ 117.608778, 6.039972 ], [ 117.603306, 6.027861 ], [ 117.593778, 6.028333 ], [ 117.594972, 6.030417 ], [ 117.603306, 6.029528 ], [ 117.605389, 6.038333 ], [ 117.611639, 6.044583 ], [ 117.625833, 6.037889 ], [ 117.639972, 6.052083 ], [ 117.643306, 6.050389 ], [ 117.651639, 6.052917 ], [ 117.654583, 6.055833 ], [ 117.654611, 6.064972 ], [ 117.639528, 6.101639 ], [ 117.635861, 6.104583 ], [ 117.631694, 6.102056 ], [ 117.626333, 6.103083 ], [ 117.626222, 6.118306 ], [ 117.610417, 6.133333 ], [ 117.612083, 6.136667 ], [ 117.605694, 6.144806 ], [ 117.609556, 6.147444 ], [ 117.604583, 6.157444 ], [ 117.605417, 6.164167 ], [ 117.5875, 6.172917 ], [ 117.583778, 6.171611 ], [ 117.580722, 6.175528 ], [ 117.588778, 6.19 ], [ 117.603778, 6.204972 ], [ 117.602083, 6.219944 ], [ 117.598361, 6.222889 ], [ 117.588306, 6.220361 ], [ 117.583333, 6.203722 ], [ 117.576222, 6.206667 ], [ 117.572056, 6.215 ], [ 117.579355, 6.205806 ], [ 117.5825, 6.205389 ], [ 117.584583, 6.223306 ], [ 117.586639, 6.224556 ], [ 117.585361, 6.222444 ], [ 117.588306, 6.221222 ], [ 117.593333, 6.230361 ], [ 117.592111, 6.224972 ], [ 117.599139, 6.224556 ], [ 117.605806, 6.220417 ], [ 117.609972, 6.212889 ], [ 117.626639, 6.216194 ], [ 117.629583, 6.219111 ], [ 117.627056, 6.230833 ], [ 117.614139, 6.237056 ], [ 117.614139, 6.228722 ], [ 117.612889, 6.239139 ], [ 117.623361, 6.233722 ], [ 117.634111, 6.232028 ], [ 117.639583, 6.233361 ], [ 117.638722, 6.2375 ], [ 117.644583, 6.242472 ], [ 117.645, 6.247083 ], [ 117.651694, 6.236278 ], [ 117.660833, 6.245389 ], [ 117.675806, 6.241222 ], [ 117.678333, 6.236222 ], [ 117.695833, 6.234556 ], [ 117.694556, 6.231611 ], [ 117.699944, 6.22875 ], [ 117.703333, 6.229528 ], [ 117.71875, 6.2475 ], [ 117.71875, 6.254167 ], [ 117.713139, 6.2595 ], [ 117.717917, 6.271667 ], [ 117.724583, 6.275 ], [ 117.727917, 6.294972 ], [ 117.723402, 6.299983 ], [ 117.719167, 6.300389 ], [ 117.708306, 6.294556 ], [ 117.707056, 6.300806 ], [ 117.708333, 6.304611 ], [ 117.709167, 6.296222 ], [ 117.719972, 6.302917 ], [ 117.728333, 6.29625 ], [ 117.730417, 6.2975 ], [ 117.72625, 6.326639 ], [ 117.715861, 6.338722 ], [ 117.713694, 6.338306 ], [ 117.715417, 6.331639 ], [ 117.712889, 6.3325 ], [ 117.713694, 6.341639 ], [ 117.711639, 6.343722 ], [ 117.697889, 6.342472 ], [ 117.709167, 6.34625 ], [ 117.715444, 6.344111 ], [ 117.720389, 6.391667 ], [ 117.716194, 6.398333 ], [ 117.716222, 6.404139 ], [ 117.709639, 6.408333 ], [ 117.72, 6.40625 ], [ 117.725, 6.402056 ], [ 117.73125, 6.405778 ], [ 117.724583, 6.396667 ], [ 117.725444, 6.385806 ], [ 117.728361, 6.383722 ], [ 117.737889, 6.424139 ], [ 117.731694, 6.431222 ], [ 117.720028, 6.432056 ], [ 117.718389, 6.436139 ], [ 117.723722, 6.440833 ], [ 117.722944, 6.444167 ], [ 117.708278, 6.450389 ], [ 117.686667, 6.469528 ], [ 117.675028, 6.465417 ], [ 117.667472, 6.467889 ], [ 117.674139, 6.467028 ], [ 117.675417, 6.472472 ], [ 117.657917, 6.486639 ], [ 117.653278, 6.497889 ], [ 117.651222, 6.4975 ], [ 117.651028, 6.489583 ], [ 117.648722, 6.489111 ], [ 117.628306, 6.509583 ], [ 117.612444, 6.507083 ], [ 117.610861, 6.504556 ], [ 117.601694, 6.50625 ], [ 117.595389, 6.502444 ], [ 117.592472, 6.51125 ], [ 117.564222, 6.527944 ], [ 117.556667, 6.537944 ], [ 117.552083, 6.537472 ], [ 117.551667, 6.532083 ], [ 117.548778, 6.536639 ], [ 117.55375, 6.551611 ], [ 117.538722, 6.5575 ], [ 117.54125, 6.565 ], [ 117.531222, 6.574167 ], [ 117.532083, 6.582472 ], [ 117.522917, 6.595 ], [ 117.523778, 6.601611 ], [ 117.516611, 6.627944 ], [ 117.509556, 6.625 ], [ 117.50875, 6.620028 ], [ 117.485389, 6.587472 ], [ 117.479583, 6.574944 ], [ 117.482889, 6.559167 ], [ 117.4775, 6.567028 ], [ 117.469583, 6.554111 ], [ 117.481222, 6.544167 ], [ 117.477917, 6.524972 ], [ 117.465444, 6.516667 ], [ 117.46625, 6.510806 ], [ 117.474556, 6.5 ], [ 117.479556, 6.498333 ], [ 117.477472, 6.497056 ], [ 117.471222, 6.498278 ], [ 117.462917, 6.516667 ], [ 117.47625, 6.525833 ], [ 117.477861, 6.544167 ], [ 117.463306, 6.549583 ], [ 117.461222, 6.537528 ], [ 117.45625, 6.531667 ], [ 117.457056, 6.521667 ], [ 117.455028, 6.519611 ], [ 117.452083, 6.527472 ], [ 117.460361, 6.538333 ], [ 117.462889, 6.5525 ], [ 117.460833, 6.559583 ], [ 117.455, 6.557056 ], [ 117.434972, 6.557083 ], [ 117.426639, 6.552889 ], [ 117.425389, 6.558278 ], [ 117.420861, 6.561222 ], [ 117.410806, 6.560361 ], [ 117.398333, 6.569556 ], [ 117.385833, 6.570389 ], [ 117.382083, 6.568306 ], [ 117.381667, 6.56125 ], [ 117.381667, 6.572028 ], [ 117.392341, 6.570261 ], [ 117.402111, 6.578306 ], [ 117.394556, 6.584972 ], [ 117.39625, 6.593306 ], [ 117.392528, 6.596222 ], [ 117.388306, 6.592889 ], [ 117.390389, 6.598306 ], [ 117.385806, 6.602083 ], [ 117.379222, 6.602083 ], [ 117.377472, 6.607083 ], [ 117.37, 6.602917 ], [ 117.363333, 6.603778 ], [ 117.355833, 6.617056 ], [ 117.349972, 6.61625 ], [ 117.344167, 6.609528 ], [ 117.3325, 6.603722 ], [ 117.316639, 6.620417 ], [ 117.312917, 6.619139 ], [ 117.313722, 6.612472 ], [ 117.308306, 6.606222 ], [ 117.291667, 6.611222 ], [ 117.286194, 6.619167 ], [ 117.286194, 6.630833 ], [ 117.282083, 6.635833 ], [ 117.28375, 6.642472 ], [ 117.277889, 6.645806 ], [ 117.277889, 6.654139 ], [ 117.282083, 6.658333 ], [ 117.282083, 6.664139 ], [ 117.274972, 6.665417 ], [ 117.264583, 6.677472 ], [ 117.262917, 6.697472 ], [ 117.260417, 6.7 ], [ 117.269139, 6.710389 ], [ 117.276667, 6.71125 ], [ 117.280389, 6.714972 ], [ 117.284556, 6.730833 ], [ 117.27, 6.730389 ], [ 117.257472, 6.717056 ], [ 117.245806, 6.714528 ], [ 117.241222, 6.707472 ], [ 117.242917, 6.712472 ], [ 117.239139, 6.71625 ], [ 117.256694, 6.717917 ], [ 117.270806, 6.733778 ], [ 117.273333, 6.731222 ], [ 117.277472, 6.732028 ], [ 117.280417, 6.7375 ], [ 117.277472, 6.73875 ], [ 117.274139, 6.735361 ], [ 117.271667, 6.739556 ], [ 117.265028, 6.740361 ], [ 117.242889, 6.759972 ], [ 117.243722, 6.765833 ], [ 117.239583, 6.769167 ], [ 117.237111, 6.778306 ], [ 117.243722, 6.789167 ], [ 117.235389, 6.790833 ], [ 117.232917, 6.802472 ], [ 117.230806, 6.805417 ], [ 117.227444, 6.802083 ], [ 117.222861, 6.805833 ], [ 117.22, 6.817083 ], [ 117.213722, 6.813306 ], [ 117.214528, 6.819139 ], [ 117.22875, 6.828278 ], [ 117.226694, 6.832083 ], [ 117.221278, 6.831667 ], [ 117.226222, 6.838333 ], [ 117.226222, 6.843333 ], [ 117.239139, 6.857917 ], [ 117.244556, 6.859111 ], [ 117.252889, 6.8725 ], [ 117.249972, 6.877889 ], [ 117.244167, 6.874556 ], [ 117.242028, 6.879167 ], [ 117.255472, 6.893333 ], [ 117.253722, 6.909944 ], [ 117.247083, 6.922472 ], [ 117.248722, 6.925806 ], [ 117.244611, 6.928333 ], [ 117.24875, 6.944194 ], [ 117.245806, 6.94625 ], [ 117.219139, 6.946278 ], [ 117.21, 6.94875 ], [ 117.200806, 6.957889 ], [ 117.19, 6.959556 ], [ 117.185389, 6.965806 ], [ 117.185389, 6.975806 ], [ 117.173778, 6.990806 ], [ 117.175417, 6.994139 ], [ 117.162472, 6.995417 ], [ 117.15075, 7.007917 ], [ 117.126611, 7.005389 ], [ 117.124556, 7.000778 ], [ 117.128722, 6.991611 ], [ 117.125833, 6.986222 ], [ 117.124972, 6.992889 ], [ 117.116667, 6.989556 ], [ 117.112528, 6.994556 ], [ 117.095833, 6.999556 ], [ 117.069194, 6.987028 ], [ 117.064972, 6.977917 ], [ 117.054972, 6.977917 ], [ 117.052083, 6.964972 ], [ 117.056222, 6.955806 ], [ 117.0625, 6.952056 ], [ 117.082028, 6.948333 ], [ 117.066639, 6.937917 ], [ 117.049139, 6.937861 ], [ 117.045806, 6.949583 ], [ 117.034139, 6.955389 ], [ 117.02875, 6.954139 ], [ 117.022889, 6.937472 ], [ 117.030417, 6.927472 ], [ 117.027111, 6.895833 ], [ 117.035, 6.891222 ], [ 117.041278, 6.891694 ], [ 117.05375, 6.873306 ], [ 117.05375, 6.865833 ], [ 117.047083, 6.849972 ], [ 117.048278, 6.84275 ], [ 117.02125, 6.827472 ], [ 117.021556, 6.818861 ], [ 117.017889, 6.817472 ], [ 117.017889, 6.810806 ], [ 117.010417, 6.796611 ], [ 117.000833, 6.784556 ], [ 116.989583, 6.779972 ], [ 116.987861, 6.756639 ], [ 116.997083, 6.755833 ], [ 116.986667, 6.755444 ], [ 116.987056, 6.760833 ], [ 116.984139, 6.761222 ], [ 116.972861, 6.749972 ], [ 116.969583, 6.739972 ], [ 116.97375, 6.731639 ], [ 116.974611, 6.72 ], [ 116.970417, 6.715 ], [ 116.973278, 6.711194 ], [ 116.975444, 6.713333 ], [ 116.974611, 6.705 ], [ 116.967472, 6.705389 ], [ 116.95625, 6.697472 ], [ 116.954139, 6.690417 ], [ 116.946667, 6.689611 ], [ 116.941722, 6.684611 ], [ 116.9325, 6.682083 ], [ 116.931222, 6.672472 ], [ 116.925, 6.667083 ], [ 116.919972, 6.667889 ], [ 116.913306, 6.675417 ], [ 116.904972, 6.672889 ], [ 116.899583, 6.659139 ], [ 116.889583, 6.651667 ], [ 116.887056, 6.641694 ], [ 116.877917, 6.6325 ], [ 116.87625, 6.624167 ], [ 116.860028, 6.620361 ], [ 116.854556, 6.615833 ], [ 116.859556, 6.609167 ], [ 116.851222, 6.603278 ], [ 116.852083, 6.589167 ], [ 116.849556, 6.579972 ], [ 116.844167, 6.578778 ], [ 116.839944, 6.582056 ], [ 116.833306, 6.577056 ], [ 116.827528, 6.58125 ], [ 116.825389, 6.574167 ], [ 116.827028, 6.564972 ], [ 116.812917, 6.554972 ], [ 116.813333, 6.549583 ], [ 116.810389, 6.561639 ], [ 116.815, 6.557056 ], [ 116.82125, 6.563306 ], [ 116.818306, 6.56625 ], [ 116.809194, 6.568778 ], [ 116.808306, 6.56625 ], [ 116.800806, 6.566222 ], [ 116.797472, 6.557056 ], [ 116.795, 6.564556 ], [ 116.785806, 6.567889 ], [ 116.781194, 6.565833 ], [ 116.780833, 6.560361 ], [ 116.780417, 6.566694 ], [ 116.777472, 6.565361 ], [ 116.772083, 6.569944 ], [ 116.770806, 6.582889 ], [ 116.767889, 6.582472 ], [ 116.762889, 6.57 ], [ 116.764139, 6.555361 ], [ 116.761278, 6.570806 ], [ 116.765806, 6.580417 ], [ 116.763333, 6.577083 ], [ 116.760806, 6.581222 ], [ 116.753724, 6.580862 ], [ 116.738361, 6.572917 ], [ 116.74, 6.557889 ], [ 116.73625, 6.571667 ], [ 116.739139, 6.576194 ], [ 116.742474, 6.575695 ], [ 116.757083, 6.583333 ], [ 116.751222, 6.589139 ], [ 116.754944, 6.595389 ], [ 116.745417, 6.590806 ], [ 116.754528, 6.600806 ], [ 116.757056, 6.618306 ], [ 116.753722, 6.6225 ], [ 116.75625, 6.623306 ], [ 116.755389, 6.633306 ], [ 116.777889, 6.659167 ], [ 116.767889, 6.664972 ], [ 116.7775, 6.662889 ], [ 116.780833, 6.667028 ], [ 116.787944, 6.669167 ], [ 116.789556, 6.6825 ], [ 116.797056, 6.694167 ], [ 116.799528, 6.704139 ], [ 116.808722, 6.713333 ], [ 116.815389, 6.733333 ], [ 116.840361, 6.751667 ], [ 116.839556, 6.754944 ], [ 116.848278, 6.772056 ], [ 116.857083, 6.772472 ], [ 116.849611, 6.795778 ], [ 116.852056, 6.8175 ], [ 116.854167, 6.82125 ], [ 116.867056, 6.825778 ], [ 116.864139, 6.829583 ], [ 116.858278, 6.824583 ], [ 116.848278, 6.826222 ], [ 116.841194, 6.838306 ], [ 116.835389, 6.840833 ], [ 116.839139, 6.847889 ], [ 116.856194, 6.856611 ], [ 116.853306, 6.861222 ], [ 116.84, 6.85875 ], [ 116.830861, 6.864556 ], [ 116.8225, 6.862083 ], [ 116.806639, 6.863722 ], [ 116.807056, 6.858333 ], [ 116.8025, 6.853722 ], [ 116.794972, 6.853722 ], [ 116.79875, 6.86 ], [ 116.794583, 6.861667 ], [ 116.797917, 6.867472 ], [ 116.78625, 6.868306 ], [ 116.792056, 6.873306 ], [ 116.787028, 6.879972 ], [ 116.789194, 6.883778 ], [ 116.8, 6.878722 ], [ 116.800778, 6.872917 ], [ 116.810778, 6.87125 ], [ 116.813722, 6.873333 ], [ 116.812083, 6.877472 ], [ 116.814111, 6.879528 ], [ 116.819583, 6.879139 ], [ 116.821222, 6.889111 ], [ 116.825833, 6.887917 ], [ 116.83, 6.892056 ], [ 116.837917, 6.885861 ], [ 116.840778, 6.879528 ], [ 116.843333, 6.882056 ], [ 116.848306, 6.877944 ], [ 116.855444, 6.897472 ], [ 116.836222, 6.934972 ], [ 116.839556, 6.949972 ], [ 116.827, 6.969139 ], [ 116.806667, 6.973722 ], [ 116.8025, 6.977056 ], [ 116.79875, 6.9875 ], [ 116.79125, 6.994111 ], [ 116.790417, 7.0 ], [ 116.778722, 7.006639 ], [ 116.777861, 7.010833 ], [ 116.760833, 7.027889 ], [ 116.745861, 7.034528 ], [ 116.744556, 7.030806 ], [ 116.748778, 7.027472 ], [ 116.748722, 7.022472 ], [ 116.743722, 7.012472 ], [ 116.734972, 7.00875 ], [ 116.733722, 7.006611 ], [ 116.737056, 7.003333 ], [ 116.727667, 6.99925 ], [ 116.722444, 6.990806 ], [ 116.717889, 6.993056 ], [ 116.721972, 6.985056 ], [ 116.718611, 6.978333 ], [ 116.72525, 6.973917 ], [ 116.718528, 6.973528 ], [ 116.722111, 6.967306 ], [ 116.713778, 6.962778 ], [ 116.70525, 6.963056 ], [ 116.699333, 6.957417 ], [ 116.700222, 6.951444 ], [ 116.704528, 6.947139 ], [ 116.702583, 6.933583 ], [ 116.690972, 6.915028 ], [ 116.678389, 6.886528 ], [ 116.658861, 6.872889 ], [ 116.6545, 6.873583 ], [ 116.637583, 6.867139 ], [ 116.640917, 6.840417 ], [ 116.650278, 6.831944 ], [ 116.653778, 6.833028 ], [ 116.658556, 6.829306 ], [ 116.660528, 6.832389 ], [ 116.663722, 6.830972 ], [ 116.666167, 6.823972 ], [ 116.672694, 6.820806 ], [ 116.665861, 6.822111 ], [ 116.647722, 6.816139 ], [ 116.636667, 6.789083 ], [ 116.626722, 6.787694 ], [ 116.624556, 6.784694 ], [ 116.633611, 6.765806 ], [ 116.630167, 6.762083 ], [ 116.629306, 6.754194 ], [ 116.64175, 6.730306 ], [ 116.642722, 6.72125 ], [ 116.637889, 6.706417 ], [ 116.630278, 6.699694 ], [ 116.626944, 6.690278 ], [ 116.612417, 6.668833 ], [ 116.602611, 6.665833 ], [ 116.594333, 6.657833 ], [ 116.587333, 6.660833 ], [ 116.578806, 6.652361 ], [ 116.574694, 6.6515 ], [ 116.567694, 6.655111 ], [ 116.571833, 6.649083 ], [ 116.561222, 6.625639 ], [ 116.539278, 6.605528 ], [ 116.54225, 6.600861 ], [ 116.538167, 6.583694 ], [ 116.516194, 6.561167 ], [ 116.511, 6.561667 ], [ 116.509944, 6.5515 ], [ 116.502694, 6.546944 ], [ 116.499667, 6.538278 ], [ 116.492833, 6.535278 ], [ 116.494222, 6.529944 ], [ 116.506444, 6.528306 ], [ 116.506694, 6.521583 ], [ 116.504444, 6.528 ], [ 116.498417, 6.526167 ], [ 116.491972, 6.4975 ], [ 116.48525, 6.484333 ], [ 116.480028, 6.477944 ], [ 116.430167, 6.442389 ], [ 116.38625, 6.41875 ], [ 116.357306, 6.395444 ], [ 116.352611, 6.398139 ], [ 116.346889, 6.397083 ], [ 116.348299, 6.382321 ], [ 116.358528, 6.381306 ], [ 116.3575, 6.37625 ], [ 116.349972, 6.377111 ], [ 116.345833, 6.387889 ], [ 116.335778, 6.390417 ], [ 116.332861, 6.385806 ], [ 116.33625, 6.383306 ], [ 116.33375, 6.380028 ], [ 116.339167, 6.380417 ], [ 116.342111, 6.3775 ], [ 116.344194, 6.368722 ], [ 116.3325, 6.362083 ], [ 116.329944, 6.370417 ], [ 116.324944, 6.369556 ], [ 116.322472, 6.374556 ], [ 116.317889, 6.372472 ], [ 116.317889, 6.367472 ], [ 116.312889, 6.365 ], [ 116.309611, 6.359139 ], [ 116.321667, 6.349556 ], [ 116.325444, 6.350028 ], [ 116.310389, 6.342472 ], [ 116.312472, 6.340417 ], [ 116.324972, 6.341222 ], [ 116.327056, 6.336639 ], [ 116.308306, 6.327056 ], [ 116.307139, 6.323333 ], [ 116.316722, 6.324556 ], [ 116.31875, 6.319167 ], [ 116.315833, 6.315361 ], [ 116.327028, 6.314167 ], [ 116.327889, 6.310806 ], [ 116.324972, 6.307917 ], [ 116.318778, 6.308306 ], [ 116.320833, 6.302917 ], [ 116.313333, 6.30125 ], [ 116.308361, 6.304556 ], [ 116.304139, 6.299556 ], [ 116.290833, 6.299556 ], [ 116.295389, 6.315 ], [ 116.288333, 6.322028 ], [ 116.284556, 6.309139 ], [ 116.275361, 6.307444 ], [ 116.274583, 6.304167 ], [ 116.278722, 6.299972 ], [ 116.275, 6.29625 ], [ 116.266667, 6.290389 ], [ 116.255833, 6.291222 ], [ 116.253361, 6.287889 ], [ 116.2425, 6.287056 ], [ 116.227917, 6.274972 ], [ 116.227083, 6.271639 ], [ 116.231222, 6.268333 ], [ 116.228722, 6.260806 ], [ 116.224139, 6.256194 ], [ 116.20625, 6.248306 ], [ 116.206278, 6.241639 ], [ 116.208306, 6.24125 ], [ 116.210028, 6.24625 ], [ 116.214944, 6.243722 ], [ 116.244167, 6.257083 ], [ 116.255806, 6.257917 ], [ 116.275861, 6.268722 ], [ 116.281667, 6.277944 ], [ 116.287917, 6.2675 ], [ 116.272917, 6.258333 ], [ 116.274583, 6.252472 ], [ 116.27125, 6.242472 ], [ 116.288306, 6.243694 ], [ 116.288722, 6.240778 ], [ 116.277861, 6.240833 ], [ 116.282889, 6.234167 ], [ 116.2775, 6.227083 ], [ 116.2725, 6.227083 ], [ 116.267444, 6.222083 ], [ 116.265389, 6.223333 ], [ 116.274167, 6.231222 ], [ 116.256491, 6.231082 ], [ 116.252472, 6.227917 ], [ 116.240806, 6.22625 ], [ 116.242472, 6.228778 ], [ 116.251667, 6.228722 ], [ 116.260417, 6.233306 ], [ 116.244167, 6.252083 ], [ 116.206639, 6.238722 ], [ 116.198306, 6.242028 ], [ 116.184611, 6.223333 ], [ 116.187917, 6.215833 ], [ 116.183306, 6.221278 ], [ 116.181222, 6.219139 ], [ 116.162917, 6.18 ], [ 116.145806, 6.162056 ], [ 116.139556, 6.159972 ], [ 116.143778, 6.152444 ], [ 116.136194, 6.141639 ], [ 116.137472, 6.139556 ], [ 116.150861, 6.144528 ], [ 116.1575, 6.142083 ], [ 116.169139, 6.142889 ], [ 116.172028, 6.133306 ], [ 116.164972, 6.12625 ], [ 116.16, 6.127028 ], [ 116.159556, 6.136639 ], [ 116.150861, 6.142056 ], [ 116.141194, 6.135 ], [ 116.140417, 6.13 ], [ 116.136667, 6.127917 ], [ 116.13875, 6.134194 ], [ 116.145389, 6.14 ], [ 116.143306, 6.140389 ], [ 116.128306, 6.127111 ], [ 116.127917, 6.123306 ], [ 116.119139, 6.118694 ], [ 116.138722, 6.138306 ], [ 116.128306, 6.142083 ], [ 116.105833, 6.117056 ], [ 116.099194, 6.11625 ], [ 116.091639, 6.12125 ], [ 116.08875, 6.113306 ], [ 116.08375, 6.109972 ], [ 116.088694, 6.095833 ], [ 116.094167, 6.09625 ], [ 116.095833, 6.091194 ], [ 116.100444, 6.089139 ], [ 116.099972, 6.079556 ], [ 116.107028, 6.084167 ], [ 116.112861, 6.094167 ], [ 116.112444, 6.099556 ], [ 116.128306, 6.092861 ], [ 116.130389, 6.090806 ], [ 116.128722, 6.078333 ], [ 116.122889, 6.070806 ], [ 116.122889, 6.064944 ], [ 116.138333, 6.058694 ], [ 116.140028, 6.062056 ], [ 116.14375, 6.061639 ], [ 116.135833, 6.052889 ], [ 116.136667, 6.057889 ], [ 116.125833, 6.062083 ], [ 116.124972, 6.05875 ], [ 116.115778, 6.06125 ], [ 116.107083, 6.0525 ], [ 116.109528, 6.036667 ], [ 116.105417, 6.026667 ], [ 116.107889, 6.018333 ], [ 116.110806, 6.017083 ], [ 116.1125, 6.019556 ], [ 116.113722, 6.014167 ], [ 116.113361, 6.012028 ], [ 116.109556, 6.014944 ], [ 116.108306, 5.999583 ], [ 116.094167, 5.992083 ], [ 116.085833, 5.992083 ], [ 116.081639, 5.999583 ], [ 116.075833, 5.998722 ], [ 116.064583, 5.976639 ], [ 116.06625, 5.971667 ], [ 116.062472, 5.97125 ], [ 116.051639, 5.959583 ], [ 116.035361, 5.955806 ], [ 116.040361, 5.943361 ], [ 116.03875, 5.920833 ], [ 116.032861, 5.905833 ], [ 116.026222, 5.899167 ], [ 116.032889, 5.8975 ], [ 116.036222, 5.885806 ], [ 116.032889, 5.883306 ], [ 116.037056, 5.871667 ], [ 116.039194, 5.882917 ], [ 116.042917, 5.881667 ], [ 116.043694, 5.874139 ], [ 116.037056, 5.865 ], [ 116.034611, 5.855 ], [ 116.036222, 5.846667 ], [ 116.02875, 5.834139 ], [ 116.014972, 5.827917 ], [ 116.008333, 5.827917 ], [ 116.010806, 5.822028 ], [ 116.003361, 5.825417 ], [ 115.997889, 5.818278 ], [ 115.9975, 5.80875 ], [ 115.972472, 5.787056 ], [ 115.966611, 5.790444 ], [ 115.963306, 5.783694 ], [ 115.94875, 5.775806 ], [ 115.949972, 5.772889 ], [ 115.944972, 5.774556 ], [ 115.930833, 5.767056 ], [ 115.902889, 5.762472 ], [ 115.903722, 5.756667 ], [ 115.907917, 5.752472 ], [ 115.90125, 5.753333 ], [ 115.891194, 5.739167 ], [ 115.892056, 5.731639 ], [ 115.88875, 5.729972 ], [ 115.893778, 5.710806 ], [ 115.888722, 5.678278 ], [ 115.882056, 5.6575 ], [ 115.883722, 5.6525 ], [ 115.880444, 5.6475 ], [ 115.880389, 5.6325 ], [ 115.874583, 5.618306 ], [ 115.877111, 5.615778 ], [ 115.871278, 5.605833 ], [ 115.872472, 5.602111 ], [ 115.877056, 5.603278 ], [ 115.86375, 5.580833 ], [ 115.840833, 5.56125 ], [ 115.827917, 5.555833 ], [ 115.831639, 5.552917 ], [ 115.823333, 5.55375 ], [ 115.81, 5.545417 ], [ 115.793333, 5.540444 ], [ 115.792472, 5.537056 ], [ 115.788333, 5.53875 ], [ 115.767528, 5.533722 ], [ 115.74, 5.532056 ], [ 115.685833, 5.53625 ], [ 115.660806, 5.542056 ], [ 115.659139, 5.539583 ], [ 115.653361, 5.540361 ], [ 115.650861, 5.544611 ], [ 115.640833, 5.545389 ], [ 115.619167, 5.555389 ], [ 115.604167, 5.565389 ], [ 115.598306, 5.573778 ], [ 115.589556, 5.568306 ], [ 115.601222, 5.579167 ], [ 115.615417, 5.615 ], [ 115.611667, 5.626222 ], [ 115.598333, 5.630389 ], [ 115.595806, 5.635389 ], [ 115.589167, 5.635417 ], [ 115.582889, 5.624972 ], [ 115.584556, 5.621639 ], [ 115.57375, 5.603333 ], [ 115.572917, 5.594972 ], [ 115.562472, 5.582083 ], [ 115.557111, 5.580806 ], [ 115.557889, 5.575 ], [ 115.552889, 5.558333 ], [ 115.539583, 5.543306 ], [ 115.508333, 5.520361 ], [ 115.497472, 5.516222 ], [ 115.48875, 5.503333 ], [ 115.475, 5.49375 ], [ 115.440417, 5.456639 ], [ 115.430444, 5.441611 ], [ 115.409167, 5.422028 ], [ 115.3975, 5.418722 ], [ 115.380806, 5.41875 ], [ 115.370417, 5.410806 ], [ 115.362028, 5.394167 ], [ 115.36625, 5.383333 ], [ 115.367083, 5.369167 ], [ 115.364583, 5.359972 ], [ 115.359556, 5.354139 ], [ 115.361278, 5.3375 ], [ 115.351222, 5.316639 ], [ 115.339611, 5.307472 ], [ 115.34, 5.301278 ], [ 115.362444, 5.300417 ], [ 115.369639, 5.304972 ], [ 115.377056, 5.319167 ], [ 115.37625, 5.326694 ], [ 115.388806, 5.334139 ], [ 115.391278, 5.349167 ], [ 115.397472, 5.357917 ], [ 115.392917, 5.345861 ], [ 115.397056, 5.339139 ], [ 115.387111, 5.314139 ], [ 115.375389, 5.299972 ], [ 115.392528, 5.288722 ], [ 115.399972, 5.287056 ], [ 115.402111, 5.281667 ], [ 115.414167, 5.270389 ], [ 115.425028, 5.272083 ], [ 115.429139, 5.27875 ], [ 115.43125, 5.278306 ], [ 115.430806, 5.270389 ], [ 115.438333, 5.274528 ], [ 115.424611, 5.258306 ], [ 115.43125, 5.257472 ], [ 115.430389, 5.255 ], [ 115.438722, 5.249139 ], [ 115.440806, 5.242083 ], [ 115.445833, 5.243722 ], [ 115.452472, 5.239528 ], [ 115.466639, 5.237917 ], [ 115.465389, 5.230833 ], [ 115.484167, 5.220389 ], [ 115.489167, 5.209528 ], [ 115.504194, 5.207083 ], [ 115.507472, 5.217111 ], [ 115.518333, 5.201222 ], [ 115.547472, 5.206222 ], [ 115.547528, 5.202028 ], [ 115.557528, 5.197917 ], [ 115.561639, 5.204528 ], [ 115.564972, 5.202056 ], [ 115.57125, 5.2075 ], [ 115.578806, 5.219167 ], [ 115.582889, 5.230833 ], [ 115.574972, 5.231222 ], [ 115.575833, 5.23375 ], [ 115.583333, 5.233694 ], [ 115.585, 5.237083 ], [ 115.594972, 5.224556 ], [ 115.607111, 5.229972 ], [ 115.601667, 5.22375 ], [ 115.588306, 5.217861 ], [ 115.574583, 5.199972 ], [ 115.578306, 5.198722 ], [ 115.585806, 5.207056 ], [ 115.588361, 5.206278 ], [ 115.587083, 5.199139 ], [ 115.590417, 5.194944 ], [ 115.590417, 5.189167 ], [ 115.577472, 5.18625 ], [ 115.570833, 5.192889 ], [ 115.568722, 5.189972 ], [ 115.565361, 5.174972 ], [ 115.57, 5.175389 ], [ 115.570444, 5.171667 ], [ 115.55125, 5.144167 ], [ 115.55125, 5.103333 ], [ 115.54875, 5.087472 ], [ 115.542056, 5.074139 ], [ 115.535833, 5.069583 ], [ 115.531694, 5.074583 ], [ 115.530361, 5.073306 ], [ 115.523722, 5.053306 ], [ 115.517083, 5.050028 ], [ 115.515444, 5.044167 ], [ 115.504972, 5.032083 ], [ 115.495028, 5.030389 ], [ 115.484194, 5.032889 ], [ 115.472528, 5.022056 ], [ 115.456639, 5.017028 ], [ 115.451333, 4.988194 ], [ 115.445889, 4.982778 ], [ 115.430917, 4.976944 ], [ 115.420889, 4.978639 ], [ 115.417972, 4.973194 ], [ 115.422972, 4.965722 ], [ 115.421722, 4.963667 ], [ 115.41425, 4.972778 ], [ 115.410472, 4.971556 ], [ 115.410472, 4.956556 ], [ 115.403028, 4.944889 ], [ 115.400083, 4.941944 ], [ 115.392556, 4.947806 ], [ 115.387139, 4.944056 ], [ 115.388, 4.939861 ], [ 115.394694, 4.936556 ], [ 115.395472, 4.927417 ], [ 115.392556, 4.928611 ], [ 115.389639, 4.92575 ], [ 115.390528, 4.919028 ], [ 115.375889, 4.906111 ], [ 115.370917, 4.906972 ], [ 115.353389, 4.900278 ], [ 115.34675, 4.8945 ], [ 115.345056, 4.897833 ], [ 115.339222, 4.897833 ], [ 115.33425, 4.894472 ], [ 115.325944, 4.895333 ], [ 115.323417, 4.891972 ], [ 115.312583, 4.897806 ], [ 115.298444, 4.913611 ], [ 115.2955, 4.911556 ], [ 115.297972, 4.908222 ], [ 115.291722, 4.906944 ], [ 115.292972, 4.913222 ], [ 115.287611, 4.916972 ], [ 115.278417, 4.917833 ], [ 115.272528, 4.913611 ], [ 115.270944, 4.917806 ], [ 115.260111, 4.921167 ], [ 115.24425, 4.917778 ], [ 115.248806, 4.928194 ], [ 115.242944, 4.92825 ], [ 115.240472, 4.939889 ], [ 115.243056, 4.94575 ], [ 115.236333, 4.944056 ], [ 115.236306, 4.954861 ], [ 115.227972, 4.966556 ], [ 115.22425, 4.968667 ], [ 115.220944, 4.960333 ], [ 115.219278, 4.965333 ], [ 115.213444, 4.962778 ], [ 115.206722, 4.965278 ], [ 115.204278, 4.962806 ], [ 115.20175, 4.967 ], [ 115.19675, 4.967861 ], [ 115.195056, 4.960333 ], [ 115.190528, 4.96325 ], [ 115.198028, 4.945694 ], [ 115.195472, 4.933222 ], [ 115.189222, 4.927 ], [ 115.182556, 4.928639 ], [ 115.177194, 4.924917 ], [ 115.176722, 4.921167 ], [ 115.173444, 4.923639 ], [ 115.15925, 4.915333 ], [ 115.158417, 4.903667 ], [ 115.154667, 4.906583 ], [ 115.157139, 4.912389 ], [ 115.152556, 4.913639 ], [ 115.142528, 4.910333 ], [ 115.14175, 4.906139 ], [ 115.133389, 4.910306 ], [ 115.11175, 4.906111 ], [ 115.096333, 4.894889 ], [ 115.097139, 4.889889 ], [ 115.102194, 4.887444 ], [ 115.101361, 4.884889 ], [ 115.106333, 4.88325 ], [ 115.103833, 4.880722 ], [ 115.104667, 4.876583 ], [ 115.109278, 4.872 ], [ 115.11425, 4.872833 ], [ 115.113417, 4.870306 ], [ 115.131361, 4.859889 ], [ 115.125889, 4.859472 ], [ 115.115056, 4.865306 ], [ 115.114694, 4.861583 ], [ 115.119667, 4.85825 ], [ 115.111333, 4.854889 ], [ 115.119639, 4.85325 ], [ 115.11675, 4.853667 ], [ 115.113417, 4.848639 ], [ 115.103361, 4.852 ], [ 115.102111, 4.849083 ], [ 115.106722, 4.840306 ], [ 115.102611, 4.845278 ], [ 115.098417, 4.842806 ], [ 115.098806, 4.849056 ], [ 115.095889, 4.850333 ], [ 115.075083, 4.843667 ], [ 115.075083, 4.839472 ], [ 115.067528, 4.838639 ], [ 115.0655, 4.835722 ], [ 115.068806, 4.83325 ], [ 115.059667, 4.829083 ], [ 115.060889, 4.796139 ], [ 115.052972, 4.803222 ], [ 115.053, 4.816556 ], [ 115.042583, 4.817833 ], [ 115.037611, 4.8245 ], [ 115.035472, 4.81575 ], [ 115.041333, 4.798194 ], [ 115.039194, 4.796139 ], [ 115.031278, 4.80075 ], [ 115.030861, 4.806972 ], [ 115.023833, 4.805722 ], [ 115.028028, 4.81075 ], [ 115.022167, 4.814111 ], [ 115.01925, 4.823639 ], [ 115.013833, 4.824083 ], [ 115.0205, 4.826556 ], [ 115.023, 4.833222 ], [ 115.020083, 4.8345 ], [ 115.027194, 4.834917 ], [ 115.022167, 4.852417 ], [ 115.023806, 4.857417 ], [ 115.02175, 4.858667 ], [ 115.017556, 4.855333 ], [ 115.017194, 4.857389 ], [ 115.030528, 4.87575 ], [ 115.030083, 4.877806 ], [ 115.02425, 4.876972 ], [ 115.017972, 4.870722 ], [ 115.027139, 4.892389 ], [ 115.026722, 4.896167 ], [ 115.017194, 4.896556 ], [ 115.024639, 4.905722 ], [ 115.020944, 4.924444 ], [ 115.004667, 4.904083 ], [ 115.008861, 4.919889 ], [ 115.022167, 4.947361 ], [ 115.032611, 4.954472 ], [ 115.038028, 4.96325 ], [ 115.048833, 4.972417 ], [ 115.047611, 4.974472 ], [ 115.038, 4.97325 ], [ 115.038861, 4.982389 ], [ 115.045528, 4.984056 ], [ 115.040528, 4.986583 ], [ 115.038389, 4.991972 ], [ 115.033806, 4.993222 ], [ 115.035528, 4.997417 ], [ 115.031778, 4.997 ], [ 115.03125, 5.0 ], [ 115.043333, 5.002889 ], [ 115.053444, 4.997 ], [ 115.057611, 4.997833 ], [ 115.06375, 5.005806 ], [ 115.062917, 5.022472 ], [ 115.070778, 5.032083 ], [ 115.0925, 5.042083 ], [ 115.117056, 5.046611 ], [ 115.110806, 5.047917 ], [ 115.07, 5.04125 ], [ 115.059972, 5.043694 ], [ 115.057917, 5.049139 ], [ 115.054972, 5.049528 ], [ 114.947528, 5.011222 ], [ 114.927556, 4.999472 ], [ 114.898417, 4.989472 ], [ 114.860833, 4.971222 ], [ 114.854167, 4.974528 ], [ 114.800861, 4.929528 ], [ 114.675028, 4.847 ], [ 114.642528, 4.813667 ], [ 114.609583, 4.785778 ], [ 114.604194, 4.777028 ], [ 114.615833, 4.785333 ], [ 114.61625, 4.780806 ], [ 114.606694, 4.767861 ], [ 114.606667, 4.772861 ], [ 114.597528, 4.767889 ], [ 114.599583, 4.773278 ], [ 114.595056, 4.772861 ], [ 114.585806, 4.761972 ], [ 114.548333, 4.732861 ], [ 114.486694, 4.691222 ], [ 114.44, 4.667056 ], [ 114.438361, 4.663722 ], [ 114.435861, 4.665361 ], [ 114.403361, 4.653667 ], [ 114.353306, 4.632056 ], [ 114.313333, 4.618722 ], [ 114.240833, 4.600361 ], [ 114.1875, 4.595333 ], [ 114.185, 4.592056 ], [ 114.18, 4.595361 ], [ 114.170861, 4.595389 ], [ 114.101667, 4.589528 ], [ 114.02, 4.592028 ], [ 114.001722, 4.592861 ], [ 113.971667, 4.601222 ], [ 113.970389, 4.598306 ], [ 113.973333, 4.592889 ], [ 113.99625, 4.58 ], [ 113.991667, 4.577083 ], [ 113.981639, 4.581194 ], [ 113.969167, 4.59125 ], [ 113.962139, 4.588333 ], [ 113.968722, 4.573333 ], [ 113.972972, 4.5525 ], [ 113.990444, 4.510833 ], [ 113.996222, 4.458306 ], [ 113.984556, 4.414139 ], [ 113.974583, 4.390833 ], [ 113.979556, 4.392472 ], [ 113.967111, 4.381667 ], [ 113.957083, 4.364972 ], [ 113.967917, 4.354139 ], [ 113.963722, 4.332472 ], [ 113.929583, 4.266667 ], [ 113.925389, 4.264111 ], [ 113.900889, 4.227889 ], [ 113.877111, 4.2025 ], [ 113.843722, 4.152472 ], [ 113.804583, 4.106667 ], [ 113.800417, 4.094167 ], [ 113.782917, 4.070806 ], [ 113.779583, 4.058306 ], [ 113.724556, 3.994944 ], [ 113.72625, 3.991667 ], [ 113.7225, 3.992028 ], [ 113.705417, 3.977444 ], [ 113.704583, 3.968333 ], [ 113.702556, 3.969556 ], [ 113.68, 3.945389 ], [ 113.578306, 3.857917 ], [ 113.529972, 3.821222 ], [ 113.491694, 3.799583 ], [ 113.491667, 3.794583 ], [ 113.486639, 3.79625 ], [ 113.429556, 3.755778 ], [ 113.418722, 3.739972 ], [ 113.422917, 3.726639 ], [ 113.41375, 3.694194 ], [ 113.382944, 3.645833 ], [ 113.367861, 3.634167 ], [ 113.371222, 3.626639 ], [ 113.36375, 3.615 ], [ 113.354556, 3.609167 ], [ 113.35375, 3.604167 ], [ 113.34, 3.589583 ], [ 113.333306, 3.589583 ], [ 113.32375, 3.574972 ], [ 113.294583, 3.5475 ], [ 113.29125, 3.532472 ], [ 113.297111, 3.527472 ], [ 113.299556, 3.517472 ], [ 113.295417, 3.515806 ], [ 113.274556, 3.482444 ], [ 113.259167, 3.467111 ], [ 113.246611, 3.461222 ], [ 113.24, 3.453722 ], [ 113.224139, 3.444583 ], [ 113.205028, 3.42625 ], [ 113.199972, 3.425389 ], [ 113.184611, 3.411667 ], [ 113.169583, 3.392417 ], [ 113.16375, 3.370833 ], [ 113.152944, 3.358306 ], [ 113.155389, 3.354944 ], [ 113.152056, 3.351611 ], [ 113.156222, 3.349944 ], [ 113.136667, 3.331222 ], [ 113.120889, 3.31875 ], [ 113.114167, 3.317889 ], [ 113.091694, 3.298667 ], [ 113.05875, 3.279139 ], [ 113.052889, 3.268306 ], [ 113.062472, 3.264556 ], [ 113.073333, 3.26625 ], [ 113.077083, 3.253333 ], [ 113.063722, 3.230778 ], [ 113.039583, 3.209139 ], [ 113.043722, 3.2 ], [ 113.029611, 3.185861 ], [ 113.035, 3.167917 ], [ 113.031222, 3.17 ], [ 113.028722, 3.177472 ], [ 113.024972, 3.17875 ], [ 113.000833, 3.15875 ], [ 112.959972, 3.134528 ], [ 112.919972, 3.120444 ], [ 112.905, 3.117889 ], [ 112.865, 3.099583 ], [ 112.800028, 3.089583 ], [ 112.797056, 3.084139 ], [ 112.804528, 3.077444 ], [ 112.804167, 3.074528 ], [ 112.793333, 3.083722 ], [ 112.779972, 3.087889 ], [ 112.758306, 3.077889 ], [ 112.741639, 3.073722 ], [ 112.6525, 3.057028 ], [ 112.639167, 3.047056 ], [ 112.632472, 3.047083 ], [ 112.609139, 3.025389 ], [ 112.601694, 3.024556 ], [ 112.594167, 3.019556 ], [ 112.581639, 3.002861 ], [ 112.57, 3.016278 ], [ 112.538306, 3.012056 ], [ 112.526639, 3.007889 ], [ 112.49, 3.010417 ], [ 112.479167, 3.004556 ], [ 112.469972, 3.009583 ], [ 112.455806, 3.008722 ], [ 112.405833, 2.991194 ], [ 112.315, 2.975417 ], [ 112.257528, 2.962028 ], [ 112.223278, 2.947083 ], [ 112.099111, 2.915389 ], [ 112.09375, 2.912472 ], [ 112.093333, 2.905417 ], [ 112.092111, 2.911611 ], [ 112.087472, 2.912944 ], [ 112.049111, 2.90625 ], [ 112.007472, 2.893722 ], [ 111.9925, 2.894556 ], [ 111.969972, 2.88625 ], [ 111.9625, 2.888722 ], [ 111.938333, 2.882889 ], [ 111.934972, 2.884528 ], [ 111.889139, 2.879556 ], [ 111.879139, 2.877028 ], [ 111.877889, 2.8725 ], [ 111.880389, 2.868361 ], [ 111.868278, 2.862917 ], [ 111.874583, 2.871639 ], [ 111.864167, 2.880417 ], [ 111.856639, 2.880444 ], [ 111.703333, 2.855389 ], [ 111.681611, 2.85125 ], [ 111.668694, 2.845806 ], [ 111.672472, 2.839556 ], [ 111.705833, 2.82125 ], [ 111.728333, 2.813722 ], [ 111.748361, 2.802917 ], [ 111.750833, 2.797917 ], [ 111.736667, 2.799583 ], [ 111.710833, 2.810389 ], [ 111.703306, 2.810389 ], [ 111.687472, 2.816278 ], [ 111.669944, 2.827056 ], [ 111.666667, 2.832083 ], [ 111.660806, 2.832889 ], [ 111.653722, 2.840806 ], [ 111.651222, 2.850806 ], [ 111.644972, 2.852889 ], [ 111.639556, 2.839167 ], [ 111.609167, 2.809583 ], [ 111.593333, 2.797889 ], [ 111.5275, 2.759528 ], [ 111.499167, 2.749556 ], [ 111.487889, 2.734972 ], [ 111.470806, 2.722917 ], [ 111.468333, 2.717917 ], [ 111.462528, 2.718722 ], [ 111.451667, 2.712056 ], [ 111.433306, 2.707056 ], [ 111.429556, 2.701667 ], [ 111.42875, 2.669972 ], [ 111.422889, 2.635833 ], [ 111.409583, 2.591667 ], [ 111.398722, 2.57 ], [ 111.402111, 2.538306 ], [ 111.409167, 2.526222 ], [ 111.439139, 2.512889 ], [ 111.4625, 2.491194 ], [ 111.4725, 2.492083 ], [ 111.486667, 2.502889 ], [ 111.493278, 2.500417 ], [ 111.496194, 2.495 ], [ 111.485028, 2.482889 ], [ 111.474139, 2.477889 ], [ 111.451639, 2.480361 ], [ 111.431639, 2.49125 ], [ 111.404167, 2.497917 ], [ 111.394167, 2.497917 ], [ 111.389556, 2.490861 ], [ 111.409583, 2.466667 ], [ 111.410472, 2.426611 ], [ 111.417056, 2.415778 ], [ 111.432472, 2.401222 ], [ 111.4575, 2.38875 ], [ 111.480833, 2.371222 ], [ 111.48875, 2.360806 ], [ 111.492083, 2.350806 ], [ 111.488306, 2.351222 ], [ 111.475, 2.362889 ], [ 111.463306, 2.367083 ], [ 111.459583, 2.364167 ], [ 111.46375, 2.348306 ], [ 111.4625, 2.340417 ], [ 111.453806, 2.370028 ], [ 111.444194, 2.382083 ], [ 111.415, 2.365361 ], [ 111.386667, 2.367917 ], [ 111.375417, 2.345806 ], [ 111.356667, 2.338722 ], [ 111.352917, 2.340806 ], [ 111.352056, 2.349139 ], [ 111.328361, 2.374583 ], [ 111.322528, 2.374583 ], [ 111.308694, 2.365806 ], [ 111.307139, 2.359944 ], [ 111.317083, 2.350806 ], [ 111.308306, 2.352083 ], [ 111.302083, 2.356667 ], [ 111.302083, 2.365806 ], [ 111.315, 2.380389 ], [ 111.327028, 2.387472 ], [ 111.327917, 2.395778 ], [ 111.310861, 2.40125 ], [ 111.308694, 2.385806 ], [ 111.305806, 2.383722 ], [ 111.305389, 2.400806 ], [ 111.301639, 2.407917 ], [ 111.293278, 2.408722 ], [ 111.284167, 2.41625 ], [ 111.260861, 2.425389 ], [ 111.256667, 2.43125 ], [ 111.247111, 2.422472 ], [ 111.240389, 2.406667 ], [ 111.237528, 2.405389 ], [ 111.23875, 2.418333 ], [ 111.253722, 2.439167 ], [ 111.253722, 2.443306 ], [ 111.246639, 2.449583 ], [ 111.228306, 2.443722 ], [ 111.217917, 2.434194 ], [ 111.216194, 2.428333 ], [ 111.207056, 2.418333 ], [ 111.207056, 2.410806 ], [ 111.210806, 2.405417 ], [ 111.217917, 2.415 ], [ 111.214611, 2.404139 ], [ 111.202944, 2.390806 ], [ 111.197917, 2.379167 ], [ 111.194583, 2.326639 ], [ 111.181222, 2.267472 ], [ 111.182056, 2.242472 ], [ 111.186639, 2.235361 ], [ 111.189139, 2.235417 ], [ 111.194194, 2.24375 ], [ 111.2075, 2.251222 ], [ 111.219194, 2.251222 ], [ 111.239583, 2.228278 ], [ 111.247111, 2.2025 ], [ 111.259556, 2.194167 ], [ 111.250833, 2.19375 ], [ 111.240417, 2.201694 ], [ 111.224556, 2.231667 ], [ 111.219194, 2.239611 ], [ 111.216667, 2.239556 ], [ 111.209583, 2.233278 ], [ 111.20125, 2.2175 ], [ 111.190389, 2.2075 ], [ 111.189556, 2.199972 ], [ 111.192944, 2.198306 ], [ 111.19, 2.197028 ], [ 111.186639, 2.199556 ], [ 111.182528, 2.192056 ], [ 111.182917, 2.195833 ], [ 111.18, 2.197028 ], [ 111.170417, 2.186639 ], [ 111.159556, 2.167444 ], [ 111.162861, 2.158333 ], [ 111.176694, 2.142056 ], [ 111.183306, 2.143722 ], [ 111.185861, 2.150389 ], [ 111.187472, 2.14625 ], [ 111.201639, 2.150389 ], [ 111.203306, 2.157917 ], [ 111.205028, 2.15125 ], [ 111.209972, 2.154583 ], [ 111.231694, 2.153722 ], [ 111.236639, 2.157056 ], [ 111.250833, 2.155389 ], [ 111.27, 2.147056 ], [ 111.28, 2.14625 ], [ 111.285028, 2.148778 ], [ 111.284167, 2.145389 ], [ 111.299167, 2.140389 ], [ 111.323333, 2.122917 ], [ 111.331667, 2.122917 ], [ 111.336222, 2.128306 ], [ 111.334583, 2.148306 ], [ 111.340833, 2.160361 ], [ 111.348361, 2.161222 ], [ 111.353722, 2.149972 ], [ 111.349583, 2.126639 ], [ 111.342917, 2.113306 ], [ 111.343333, 2.103722 ], [ 111.34, 2.109583 ], [ 111.314139, 2.105389 ], [ 111.2925, 2.11625 ], [ 111.286694, 2.11625 ], [ 111.287944, 2.119111 ], [ 111.285, 2.122056 ], [ 111.271639, 2.13125 ], [ 111.255833, 2.137056 ], [ 111.241667, 2.13625 ], [ 111.239556, 2.13 ], [ 111.242861, 2.128333 ], [ 111.239167, 2.123722 ], [ 111.234583, 2.124139 ], [ 111.23875, 2.118333 ], [ 111.233333, 2.121222 ], [ 111.227917, 2.115 ], [ 111.228306, 2.111167 ], [ 111.232083, 2.115 ], [ 111.229556, 2.105806 ], [ 111.224583, 2.105 ], [ 111.220417, 2.093333 ], [ 111.2275, 2.087083 ], [ 111.255833, 2.072889 ], [ 111.256694, 2.069556 ], [ 111.249139, 2.069556 ], [ 111.224139, 2.082083 ], [ 111.220806, 2.081222 ], [ 111.222083, 2.085 ], [ 111.209972, 2.09875 ], [ 111.202083, 2.094139 ], [ 111.198722, 2.078278 ], [ 111.187861, 2.054972 ], [ 111.187861, 2.049167 ], [ 111.190833, 2.050361 ], [ 111.197056, 2.043306 ], [ 111.189972, 2.042111 ], [ 111.179583, 2.033306 ], [ 111.177083, 2.020778 ], [ 111.170389, 2.008333 ], [ 111.170389, 1.994972 ], [ 111.173694, 1.995833 ], [ 111.173694, 1.988306 ], [ 111.170389, 1.983306 ], [ 111.167028, 1.957444 ], [ 111.153722, 1.929139 ], [ 111.134528, 1.903333 ], [ 111.100361, 1.828306 ], [ 111.101222, 1.81 ], [ 111.1125, 1.796194 ], [ 111.117889, 1.798333 ], [ 111.124556, 1.811639 ], [ 111.136222, 1.825833 ], [ 111.130806, 1.832917 ], [ 111.139944, 1.827056 ], [ 111.151639, 1.825444 ], [ 111.154583, 1.819972 ], [ 111.153694, 1.810833 ], [ 111.147472, 1.805389 ], [ 111.150389, 1.819972 ], [ 111.146611, 1.823722 ], [ 111.139944, 1.822028 ], [ 111.1345, 1.814972 ], [ 111.132944, 1.802528 ], [ 111.1275, 1.796194 ], [ 111.099972, 1.787917 ], [ 111.079528, 1.764139 ], [ 111.081639, 1.759611 ], [ 111.102083, 1.750806 ], [ 111.106194, 1.739944 ], [ 111.106194, 1.7225 ], [ 111.112083, 1.718306 ], [ 111.121667, 1.702889 ], [ 111.144083, 1.700361 ], [ 111.154583, 1.690833 ], [ 111.158722, 1.676639 ], [ 111.157, 1.655833 ], [ 111.161611, 1.647056 ], [ 111.175778, 1.642056 ], [ 111.195806, 1.654583 ], [ 111.204944, 1.65625 ], [ 111.212833, 1.650833 ], [ 111.214556, 1.644972 ], [ 111.210778, 1.642917 ], [ 111.203306, 1.645389 ], [ 111.182444, 1.632917 ], [ 111.171611, 1.63125 ], [ 111.157444, 1.637056 ], [ 111.147056, 1.649111 ], [ 111.143694, 1.658306 ], [ 111.142889, 1.679167 ], [ 111.138278, 1.684583 ], [ 111.122472, 1.683778 ], [ 111.094139, 1.692056 ], [ 111.087472, 1.692056 ], [ 111.081639, 1.687917 ], [ 111.074972, 1.689583 ], [ 111.072444, 1.687056 ], [ 111.054111, 1.685389 ], [ 111.042472, 1.682056 ], [ 111.031639, 1.674583 ], [ 111.017, 1.654944 ], [ 111.011194, 1.638333 ], [ 111.012056, 1.629139 ], [ 111.004528, 1.613333 ], [ 111.002917, 1.602472 ], [ 110.988639, 1.586611 ], [ 110.996167, 1.562417 ], [ 110.996167, 1.541556 ], [ 110.991167, 1.528222 ], [ 110.993222, 1.526167 ], [ 111.01, 1.527917 ], [ 111.023306, 1.522056 ], [ 111.035389, 1.510778 ], [ 111.050417, 1.483278 ], [ 111.055361, 1.459944 ], [ 111.066611, 1.447083 ], [ 111.075806, 1.441222 ], [ 111.128306, 1.424556 ], [ 111.153361, 1.405417 ], [ 111.178722, 1.378306 ], [ 111.177861, 1.370833 ], [ 111.170778, 1.364583 ], [ 111.149972, 1.372917 ], [ 111.129111, 1.390361 ], [ 111.117444, 1.396222 ], [ 111.096639, 1.402889 ], [ 111.071667, 1.404556 ], [ 111.053306, 1.41375 ], [ 111.027, 1.439139 ], [ 111.009528, 1.47325 ], [ 110.997833, 1.48825 ], [ 110.946583, 1.523639 ], [ 110.932444, 1.5295 ], [ 110.929944, 1.526972 ], [ 110.927389, 1.531167 ], [ 110.91575, 1.5295 ], [ 110.901583, 1.533694 ], [ 110.895778, 1.531972 ], [ 110.889889, 1.536972 ], [ 110.882417, 1.536167 ], [ 110.870778, 1.541972 ], [ 110.862444, 1.551167 ], [ 110.857417, 1.551167 ], [ 110.85075, 1.559472 ], [ 110.842417, 1.559472 ], [ 110.834056, 1.563667 ], [ 110.828222, 1.571194 ], [ 110.825722, 1.569472 ], [ 110.822417, 1.574472 ], [ 110.807417, 1.581194 ], [ 110.802417, 1.579472 ], [ 110.799917, 1.583667 ], [ 110.781528, 1.585333 ], [ 110.778222, 1.579472 ], [ 110.766111, 1.572389 ], [ 110.762806, 1.55575 ], [ 110.763222, 1.552806 ], [ 110.765361, 1.553278 ], [ 110.765361, 1.531556 ], [ 110.760306, 1.50075 ], [ 110.751167, 1.477444 ], [ 110.732389, 1.463639 ], [ 110.706583, 1.456972 ], [ 110.703694, 1.461583 ], [ 110.706583, 1.471167 ], [ 110.734917, 1.481972 ], [ 110.742, 1.491556 ], [ 110.742833, 1.51575 ], [ 110.740333, 1.527417 ], [ 110.732, 1.548278 ], [ 110.724917, 1.555333 ], [ 110.719083, 1.560333 ], [ 110.694083, 1.561972 ], [ 110.691583, 1.564528 ], [ 110.67325, 1.565333 ], [ 110.67075, 1.562861 ], [ 110.659083, 1.573694 ], [ 110.655806, 1.572833 ], [ 110.646583, 1.5795 ], [ 110.643278, 1.578694 ], [ 110.639917, 1.585306 ], [ 110.627417, 1.5895 ], [ 110.628278, 1.5945 ], [ 110.616611, 1.601222 ], [ 110.604917, 1.601222 ], [ 110.599944, 1.607833 ], [ 110.595722, 1.607833 ], [ 110.596167, 1.604944 ], [ 110.589028, 1.599556 ], [ 110.585722, 1.602028 ], [ 110.582417, 1.597833 ], [ 110.560722, 1.600333 ], [ 110.544139, 1.591194 ], [ 110.54075, 1.592 ], [ 110.536139, 1.577417 ], [ 110.5395, 1.576611 ], [ 110.531556, 1.561222 ], [ 110.533667, 1.587417 ], [ 110.523694, 1.597472 ], [ 110.514472, 1.634111 ], [ 110.487417, 1.641167 ], [ 110.48325, 1.637833 ], [ 110.463694, 1.633306 ], [ 110.463694, 1.636639 ], [ 110.472389, 1.646167 ], [ 110.490722, 1.651167 ], [ 110.495333, 1.654972 ], [ 110.491583, 1.658694 ], [ 110.481611, 1.657889 ], [ 110.477833, 1.662472 ], [ 110.477806, 1.669083 ], [ 110.492833, 1.679083 ], [ 110.489528, 1.687472 ], [ 110.493611, 1.692472 ], [ 110.491111, 1.694944 ], [ 110.496167, 1.699944 ], [ 110.497778, 1.712472 ], [ 110.51075, 1.725389 ], [ 110.52325, 1.727 ], [ 110.526194, 1.729944 ], [ 110.52325, 1.735389 ], [ 110.517833, 1.734944 ], [ 110.520333, 1.737472 ], [ 110.517833, 1.739139 ], [ 110.521222, 1.739944 ], [ 110.512389, 1.744528 ], [ 110.5145, 1.748333 ], [ 110.504917, 1.756194 ], [ 110.4995, 1.753306 ], [ 110.499889, 1.750389 ], [ 110.495333, 1.751583 ], [ 110.498667, 1.748306 ], [ 110.496194, 1.747444 ], [ 110.500278, 1.742444 ], [ 110.500278, 1.736611 ], [ 110.495722, 1.735389 ], [ 110.492444, 1.729528 ], [ 110.47825, 1.727861 ], [ 110.474889, 1.732 ], [ 110.471972, 1.731583 ], [ 110.471583, 1.738722 ], [ 110.46575, 1.741194 ], [ 110.464028, 1.739528 ], [ 110.461583, 1.744528 ], [ 110.458667, 1.744111 ], [ 110.456583, 1.736167 ], [ 110.45325, 1.739528 ], [ 110.444056, 1.737028 ], [ 110.441139, 1.729972 ], [ 110.444444, 1.724972 ], [ 110.437778, 1.720778 ], [ 110.440306, 1.717444 ], [ 110.438639, 1.708306 ], [ 110.431972, 1.703306 ], [ 110.431556, 1.699528 ], [ 110.427861, 1.699111 ], [ 110.429472, 1.693333 ], [ 110.425333, 1.69 ], [ 110.425333, 1.685806 ], [ 110.42825, 1.681194 ], [ 110.419861, 1.682861 ], [ 110.412389, 1.691194 ], [ 110.399083, 1.692917 ], [ 110.397361, 1.697917 ], [ 110.39075, 1.701222 ], [ 110.382361, 1.701222 ], [ 110.373222, 1.697028 ], [ 110.372806, 1.711639 ], [ 110.356639, 1.719556 ], [ 110.352, 1.724944 ], [ 110.356139, 1.729944 ], [ 110.352833, 1.735806 ], [ 110.356139, 1.739139 ], [ 110.352, 1.756667 ], [ 110.354472, 1.764944 ], [ 110.349444, 1.766667 ], [ 110.350306, 1.769111 ], [ 110.346139, 1.770778 ], [ 110.341972, 1.782444 ], [ 110.336944, 1.78575 ], [ 110.336139, 1.7925 ], [ 110.345333, 1.801639 ], [ 110.344472, 1.806639 ], [ 110.33825, 1.812083 ], [ 110.333222, 1.812083 ], [ 110.327, 1.8075 ], [ 110.323639, 1.799972 ], [ 110.323639, 1.789167 ], [ 110.316972, 1.7825 ], [ 110.315306, 1.769972 ], [ 110.318639, 1.765778 ], [ 110.316167, 1.759167 ], [ 110.303667, 1.751639 ], [ 110.305333, 1.748306 ], [ 110.301167, 1.742444 ], [ 110.311944, 1.737444 ], [ 110.314028, 1.72125 ], [ 110.329111, 1.722056 ], [ 110.339472, 1.714944 ], [ 110.335722, 1.71375 ], [ 110.328222, 1.718722 ], [ 110.323222, 1.718722 ], [ 110.311556, 1.710389 ], [ 110.3095, 1.708333 ], [ 110.311139, 1.705806 ], [ 110.306139, 1.703333 ], [ 110.307444, 1.700417 ], [ 110.292, 1.693333 ], [ 110.292806, 1.687472 ], [ 110.299472, 1.680806 ], [ 110.287417, 1.684528 ], [ 110.287417, 1.674556 ], [ 110.279917, 1.682861 ], [ 110.276528, 1.682056 ], [ 110.275333, 1.687472 ], [ 110.287806, 1.703333 ], [ 110.286167, 1.712472 ], [ 110.277361, 1.714583 ], [ 110.272389, 1.712056 ], [ 110.264056, 1.717056 ], [ 110.229083, 1.712083 ], [ 110.212444, 1.706222 ], [ 110.204472, 1.695778 ], [ 110.2095, 1.685778 ], [ 110.208194, 1.682889 ], [ 110.200722, 1.689556 ], [ 110.196139, 1.689972 ], [ 110.201167, 1.696639 ], [ 110.201167, 1.705806 ], [ 110.196528, 1.712083 ], [ 110.161556, 1.710389 ], [ 110.146556, 1.707056 ], [ 110.137806, 1.702528 ], [ 110.137806, 1.693333 ], [ 110.13075, 1.673722 ], [ 110.128667, 1.675 ], [ 110.131139, 1.689139 ], [ 110.129472, 1.699111 ], [ 110.133639, 1.702528 ], [ 110.132444, 1.707056 ], [ 110.111583, 1.702917 ], [ 110.089944, 1.704556 ], [ 110.090694, 1.701222 ], [ 110.084083, 1.707028 ], [ 110.067417, 1.701222 ], [ 110.009083, 1.704583 ], [ 109.983194, 1.68875 ], [ 109.983194, 1.685389 ], [ 109.988583, 1.684111 ], [ 109.980722, 1.682056 ], [ 109.974889, 1.67625 ], [ 109.976972, 1.685833 ], [ 109.965694, 1.696222 ], [ 109.954028, 1.702056 ], [ 109.947361, 1.702056 ], [ 109.938972, 1.68875 ], [ 109.925667, 1.687083 ], [ 109.923167, 1.683722 ], [ 109.903194, 1.698722 ], [ 109.892333, 1.697917 ], [ 109.900667, 1.703722 ], [ 109.9065, 1.703722 ], [ 109.917333, 1.697917 ], [ 109.919444, 1.701667 ], [ 109.909861, 1.712917 ], [ 109.882333, 1.721222 ], [ 109.869833, 1.732083 ], [ 109.868167, 1.727889 ], [ 109.866056, 1.729139 ], [ 109.870278, 1.735806 ], [ 109.869417, 1.740861 ], [ 109.874444, 1.744139 ], [ 109.873583, 1.747472 ], [ 109.879861, 1.747944 ], [ 109.881111, 1.750861 ], [ 109.871111, 1.76 ], [ 109.870667, 1.763778 ], [ 109.861556, 1.763778 ], [ 109.861556, 1.76625 ], [ 109.848583, 1.7725 ], [ 109.844389, 1.780028 ], [ 109.852778, 1.784167 ], [ 109.851472, 1.787083 ], [ 109.838167, 1.787889 ], [ 109.783972, 1.808722 ], [ 109.782722, 1.805833 ], [ 109.790667, 1.802028 ], [ 109.793583, 1.7975 ], [ 109.79525, 1.791639 ], [ 109.792333, 1.790444 ], [ 109.779417, 1.8025 ], [ 109.776111, 1.815806 ], [ 109.769833, 1.820417 ], [ 109.731444, 1.833694 ], [ 109.729, 1.831222 ], [ 109.7265, 1.834556 ], [ 109.703167, 1.842083 ], [ 109.703167, 1.845389 ], [ 109.68025, 1.860833 ], [ 109.681889, 1.864972 ], [ 109.679361, 1.870833 ], [ 109.684389, 1.876694 ], [ 109.678417021378934, 1.881917268044263 ], [ 109.678448772900353, 1.882003694575399 ] ], [ [ 117.057056, 7.178306 ], [ 117.056639, 7.170361 ], [ 117.060778, 7.172083 ], [ 117.064556, 7.169972 ], [ 117.063722, 7.161639 ], [ 117.060333, 7.159167 ], [ 117.060389, 7.142444 ], [ 117.054528, 7.126667 ], [ 117.05825, 7.12625 ], [ 117.060778, 7.130389 ], [ 117.066194, 7.123333 ], [ 117.066194, 7.103333 ], [ 117.069917, 7.097889 ], [ 117.073278, 7.097889 ], [ 117.082056, 7.104139 ], [ 117.082056, 7.111667 ], [ 117.089528, 7.117472 ], [ 117.089528, 7.120806 ], [ 117.083667, 7.124139 ], [ 117.087, 7.128306 ], [ 117.084972, 7.13625 ], [ 117.093306, 7.134583 ], [ 117.100778, 7.137861 ], [ 117.111583, 7.147889 ], [ 117.127444, 7.154556 ], [ 117.130778, 7.159556 ], [ 117.136583, 7.158694 ], [ 117.149083, 7.168694 ], [ 117.159083, 7.172056 ], [ 117.16575, 7.169583 ], [ 117.191639, 7.178722 ], [ 117.199917, 7.17625 ], [ 117.200778, 7.172917 ], [ 117.204917, 7.174583 ], [ 117.207472, 7.170389 ], [ 117.222028, 7.184167 ], [ 117.221194, 7.191639 ], [ 117.230806, 7.195417 ], [ 117.238306, 7.206278 ], [ 117.235361, 7.1775 ], [ 117.242444, 7.176222 ], [ 117.254083, 7.182083 ], [ 117.253694, 7.188333 ], [ 117.2445, 7.194139 ], [ 117.255389, 7.203333 ], [ 117.258667, 7.215806 ], [ 117.263278, 7.217917 ], [ 117.271611, 7.21625 ], [ 117.268667, 7.219972 ], [ 117.276222, 7.226639 ], [ 117.27375, 7.235833 ], [ 117.277889, 7.245833 ], [ 117.270361, 7.2525 ], [ 117.2745, 7.26 ], [ 117.267028, 7.279139 ], [ 117.270389, 7.297528 ], [ 117.277889, 7.314972 ], [ 117.277056, 7.319167 ], [ 117.283694, 7.3325 ], [ 117.272889, 7.350028 ], [ 117.252472, 7.347917 ], [ 117.246667, 7.352111 ], [ 117.240778, 7.35125 ], [ 117.228306, 7.359583 ], [ 117.214083, 7.357917 ], [ 117.198333, 7.347944 ], [ 117.190806, 7.349611 ], [ 117.183306, 7.355417 ], [ 117.174111, 7.35375 ], [ 117.172861, 7.346694 ], [ 117.164167, 7.339556 ], [ 117.159139, 7.339556 ], [ 117.151611, 7.34875 ], [ 117.145806, 7.347889 ], [ 117.144528, 7.3375 ], [ 117.127056, 7.324194 ], [ 117.121611, 7.312917 ], [ 117.110806, 7.313722 ], [ 117.108278, 7.307083 ], [ 117.092444, 7.30875 ], [ 117.087056, 7.305861 ], [ 117.084972, 7.295417 ], [ 117.080361, 7.297472 ], [ 117.081639, 7.301222 ], [ 117.076639, 7.302083 ], [ 117.073694, 7.3 ], [ 117.0725, 7.292083 ], [ 117.058278, 7.291222 ], [ 117.057028, 7.2875 ], [ 117.066222, 7.270833 ], [ 117.066194, 7.2575 ], [ 117.062861, 7.24 ], [ 117.057861, 7.235806 ], [ 117.058722, 7.228333 ], [ 117.051222, 7.205 ], [ 117.059139, 7.202889 ], [ 117.060833, 7.207083 ], [ 117.062861, 7.201667 ], [ 117.04875, 7.188306 ], [ 117.04875, 7.181639 ], [ 117.057056, 7.178306 ] ], [ [ 111.294556, 2.655806 ], [ 111.294528, 2.619167 ], [ 111.299556, 2.596639 ], [ 111.302917, 2.543333 ], [ 111.30875, 2.531667 ], [ 111.302056, 2.483278 ], [ 111.297083, 2.466639 ], [ 111.297917, 2.436639 ], [ 111.324167, 2.422917 ], [ 111.33875, 2.409972 ], [ 111.344583, 2.398306 ], [ 111.342917, 2.375806 ], [ 111.345361, 2.37 ], [ 111.361639, 2.352056 ], [ 111.366611, 2.352056 ], [ 111.37125, 2.356667 ], [ 111.378333, 2.373722 ], [ 111.397472, 2.377917 ], [ 111.414194, 2.373694 ], [ 111.422083, 2.380833 ], [ 111.421222, 2.388306 ], [ 111.410472, 2.399167 ], [ 111.402139, 2.417472 ], [ 111.39625, 2.464139 ], [ 111.377889, 2.493333 ], [ 111.382083, 2.515833 ], [ 111.377917, 2.539972 ], [ 111.377917, 2.5725 ], [ 111.384556, 2.607472 ], [ 111.382944, 2.718333 ], [ 111.37125, 2.750806 ], [ 111.359583, 2.765806 ], [ 111.344972, 2.78125 ], [ 111.336694, 2.78625 ], [ 111.326639, 2.787861 ], [ 111.313333, 2.782889 ], [ 111.297944, 2.763361 ], [ 111.288722, 2.734111 ], [ 111.287861, 2.711639 ], [ 111.287861, 2.708306 ], [ 111.294556, 2.655806 ] ], [ [ 117.320417, 6.651639 ], [ 117.3425, 6.632056 ], [ 117.374972, 6.632083 ], [ 117.391667, 6.622889 ], [ 117.395, 6.617083 ], [ 117.413333, 6.623722 ], [ 117.430778, 6.62125 ], [ 117.436667, 6.62875 ], [ 117.447472, 6.635417 ], [ 117.476667, 6.639583 ], [ 117.489194, 6.650417 ], [ 117.494167, 6.651222 ], [ 117.507083, 6.670861 ], [ 117.505444, 6.688306 ], [ 117.502056, 6.697444 ], [ 117.48875, 6.71 ], [ 117.486194, 6.720833 ], [ 117.47875, 6.728333 ], [ 117.469972, 6.757917 ], [ 117.460833, 6.752056 ], [ 117.444194, 6.747083 ], [ 117.419194, 6.750389 ], [ 117.408333, 6.754583 ], [ 117.383722, 6.740806 ], [ 117.382056, 6.732472 ], [ 117.387028, 6.726611 ], [ 117.387889, 6.715833 ], [ 117.42, 6.70625 ], [ 117.43, 6.694583 ], [ 117.44125, 6.698306 ], [ 117.430806, 6.690389 ], [ 117.420778, 6.687083 ], [ 117.418333, 6.682083 ], [ 117.41, 6.680417 ], [ 117.401639, 6.672889 ], [ 117.376667, 6.679583 ], [ 117.346667, 6.679556 ], [ 117.34, 6.675361 ], [ 117.330028, 6.674556 ], [ 117.317889, 6.660833 ], [ 117.317889, 6.657444 ], [ 117.320417, 6.651639 ] ], [ [ 117.01575, 7.269583 ], [ 117.019167, 7.269583 ], [ 117.022889, 7.274111 ], [ 117.014556, 7.284972 ], [ 117.018694, 7.315806 ], [ 117.012889, 7.327472 ], [ 117.012083, 7.34 ], [ 117.003306, 7.354583 ], [ 116.997889, 7.353361 ], [ 116.995417, 7.345833 ], [ 116.987889, 7.339167 ], [ 116.987889, 7.324111 ], [ 116.983333, 7.31625 ], [ 116.959167, 7.30625 ], [ 116.955833, 7.299583 ], [ 116.941722, 7.295389 ], [ 116.930806, 7.286194 ], [ 116.920806, 7.286194 ], [ 116.917889, 7.294111 ], [ 116.9125, 7.29625 ], [ 116.908306, 7.295389 ], [ 116.9025, 7.286194 ], [ 116.884556, 7.2825 ], [ 116.87875, 7.262528 ], [ 116.872028, 7.252472 ], [ 116.870417, 7.241667 ], [ 116.866222, 7.238278 ], [ 116.86125, 7.204972 ], [ 116.855417, 7.201694 ], [ 116.85375, 7.191694 ], [ 116.861639, 7.18875 ], [ 116.8775, 7.19875 ], [ 116.890806, 7.197917 ], [ 116.889583, 7.201639 ], [ 116.896222, 7.206639 ], [ 116.896222, 7.209972 ], [ 116.891194, 7.210833 ], [ 116.886667, 7.220361 ], [ 116.875806, 7.211222 ], [ 116.869111, 7.211222 ], [ 116.867028, 7.216667 ], [ 116.883306, 7.225417 ], [ 116.892528, 7.224556 ], [ 116.896667, 7.219556 ], [ 116.9, 7.219556 ], [ 116.903361, 7.235417 ], [ 116.909139, 7.23375 ], [ 116.919139, 7.237083 ], [ 116.926694, 7.229556 ], [ 116.931639, 7.22875 ], [ 116.937056, 7.2325 ], [ 116.936694, 7.244556 ], [ 116.940361, 7.244139 ], [ 116.939556, 7.238306 ], [ 116.9425, 7.236222 ], [ 116.952444, 7.24375 ], [ 116.964139, 7.24375 ], [ 116.968333, 7.240361 ], [ 116.984139, 7.237889 ], [ 116.983778, 7.253278 ], [ 116.975806, 7.26375 ], [ 116.970861, 7.262083 ], [ 116.963778, 7.270806 ], [ 116.967083, 7.286667 ], [ 116.982472, 7.304583 ], [ 116.998694, 7.298333 ], [ 116.991222, 7.29 ], [ 116.992083, 7.284139 ], [ 116.996611, 7.281194 ], [ 117.0, 7.277917 ], [ 117.01575, 7.269583 ] ], [ [ 115.159139, 5.252056 ], [ 115.168333, 5.254556 ], [ 115.169583, 5.260833 ], [ 115.191639, 5.280417 ], [ 115.210806, 5.284556 ], [ 115.212472, 5.280417 ], [ 115.218722, 5.2775 ], [ 115.222083, 5.266667 ], [ 115.233333, 5.262028 ], [ 115.232917, 5.281667 ], [ 115.230417, 5.284139 ], [ 115.232028, 5.292472 ], [ 115.235833, 5.291222 ], [ 115.2375, 5.294556 ], [ 115.239556, 5.2875 ], [ 115.236278, 5.2825 ], [ 115.239167, 5.279583 ], [ 115.252472, 5.276222 ], [ 115.261222, 5.2825 ], [ 115.267889, 5.294167 ], [ 115.248722, 5.324167 ], [ 115.249583, 5.332472 ], [ 115.245417, 5.339139 ], [ 115.246278, 5.345 ], [ 115.241222, 5.360833 ], [ 115.241222, 5.368333 ], [ 115.247111, 5.381639 ], [ 115.254556, 5.389111 ], [ 115.248361, 5.397889 ], [ 115.229167, 5.389556 ], [ 115.209583, 5.368306 ], [ 115.204583, 5.359167 ], [ 115.194583, 5.350806 ], [ 115.182056, 5.321667 ], [ 115.172083, 5.305778 ], [ 115.168722, 5.296639 ], [ 115.168806, 5.284139 ], [ 115.153722, 5.255833 ], [ 115.153722, 5.254972 ], [ 115.159139, 5.252056 ] ], [ [ 117.261167, 7.058278 ], [ 117.264111, 7.047889 ], [ 117.27575, 7.044556 ], [ 117.282056, 7.036611 ], [ 117.276194, 7.026639 ], [ 117.277, 7.020778 ], [ 117.282417, 7.017028 ], [ 117.288278, 7.017889 ], [ 117.296611, 7.009528 ], [ 117.304083, 7.009528 ], [ 117.318694, 7.018333 ], [ 117.317833, 7.025806 ], [ 117.311556, 7.033722 ], [ 117.320778, 7.030389 ], [ 117.321583, 7.026194 ], [ 117.329889, 7.025389 ], [ 117.332833, 7.025778 ], [ 117.33325, 7.029528 ], [ 117.3445, 7.032444 ], [ 117.340333, 7.040833 ], [ 117.346194, 7.044972 ], [ 117.337861, 7.050833 ], [ 117.3325, 7.060361 ], [ 117.323278, 7.065361 ], [ 117.32075, 7.06125 ], [ 117.31325, 7.059528 ], [ 117.305333, 7.065833 ], [ 117.301583, 7.073722 ], [ 117.294917, 7.067056 ], [ 117.274944, 7.072028 ], [ 117.258694, 7.061611 ], [ 117.258694, 7.059139 ], [ 117.261167, 7.058278 ] ], [ [ 116.067056, 6.001611 ], [ 116.060389, 6.005 ], [ 116.062083, 6.013333 ], [ 116.059972, 6.020389 ], [ 116.053278, 6.009583 ], [ 116.049944, 6.009528 ], [ 116.048278, 6.015361 ], [ 116.04375, 6.015806 ], [ 116.049583, 6.0275 ], [ 116.047528, 6.034611 ], [ 116.039111, 6.033722 ], [ 116.036694, 6.028722 ], [ 116.026694, 6.02625 ], [ 116.024556, 6.036639 ], [ 116.016639, 6.029556 ], [ 116.014556, 6.044139 ], [ 116.007917, 6.045 ], [ 116.001222, 6.028306 ], [ 116.002889, 6.015 ], [ 116.005833, 6.012083 ], [ 116.010833, 6.011222 ], [ 116.014139, 6.014556 ], [ 116.021611, 6.00625 ], [ 116.024528, 6.013306 ], [ 116.027444, 6.012917 ], [ 116.03625, 6.004139 ], [ 116.033722, 5.998306 ], [ 116.036694, 5.993722 ], [ 116.047056, 6.0 ], [ 116.048306, 6.007083 ], [ 116.055, 6.00625 ], [ 116.057472, 5.99875 ], [ 116.064556, 5.996639 ], [ 116.064556, 5.998306 ], [ 116.067056, 6.001611 ] ], [ [ 115.095083, 4.991167 ], [ 115.132972, 4.991556 ], [ 115.125444, 4.999972 ], [ 115.119139, 5.015389 ], [ 115.094194, 5.017056 ], [ 115.074194, 5.026222 ], [ 115.072083, 5.016639 ], [ 115.082083, 5.007472 ], [ 115.083806, 5.0 ], [ 115.084694, 4.999056 ], [ 115.095083, 4.991167 ] ], [ [ 117.292833, 7.213306 ], [ 117.299556, 7.209167 ], [ 117.297, 7.199972 ], [ 117.303278, 7.197889 ], [ 117.310361, 7.204167 ], [ 117.310361, 7.218278 ], [ 117.31625, 7.225806 ], [ 117.316194, 7.239139 ], [ 117.313333, 7.240389 ], [ 117.30825, 7.236222 ], [ 117.298306, 7.237083 ], [ 117.291667, 7.226222 ], [ 117.286222, 7.224167 ], [ 117.286222, 7.2225 ], [ 117.292833, 7.213306 ] ], [ [ 117.119111, 7.127861 ], [ 117.126583, 7.129583 ], [ 117.126583, 7.12125 ], [ 117.139139, 7.119583 ], [ 117.148694, 7.134972 ], [ 117.148694, 7.153278 ], [ 117.134917, 7.150361 ], [ 117.124917, 7.139556 ], [ 117.115, 7.137917 ], [ 117.112833, 7.132444 ], [ 117.112833, 7.129972 ], [ 117.119111, 7.127861 ] ], [ [ 115.628333, 5.728722 ], [ 115.643306, 5.72625 ], [ 115.649556, 5.72 ], [ 115.650444, 5.711667 ], [ 115.653333, 5.70875 ], [ 115.66375, 5.708306 ], [ 115.66625, 5.719972 ], [ 115.660389, 5.725 ], [ 115.6525, 5.739583 ], [ 115.644167, 5.73875 ], [ 115.634167, 5.742917 ], [ 115.625444, 5.735833 ], [ 115.625389, 5.7325 ], [ 115.628333, 5.728722 ] ], [ [ 117.162472, 7.142889 ], [ 117.176611, 7.152889 ], [ 117.184972, 7.154528 ], [ 117.188333, 7.152056 ], [ 117.202861, 7.165778 ], [ 117.197444, 7.172056 ], [ 117.187444, 7.172917 ], [ 117.174944, 7.166194 ], [ 117.164944, 7.164556 ], [ 117.159556, 7.150806 ], [ 117.159556, 7.146611 ], [ 117.162472, 7.142889 ] ], [ [ 115.601667, 6.193722 ], [ 115.607083, 6.201667 ], [ 115.604583, 6.211667 ], [ 115.595861, 6.213694 ], [ 115.585833, 6.211194 ], [ 115.58375, 6.195806 ], [ 115.58375, 6.194139 ], [ 115.601667, 6.193722 ] ], [ [ 117.640417, 6.206639 ], [ 117.645, 6.205417 ], [ 117.650389, 6.214167 ], [ 117.654611, 6.229944 ], [ 117.648306, 6.23375 ], [ 117.641639, 6.232028 ], [ 117.63875, 6.229167 ], [ 117.639556, 6.224167 ], [ 117.634556, 6.219111 ], [ 117.634611, 6.2175 ], [ 117.640417, 6.206639 ] ], [ [ 111.392889, 2.724139 ], [ 111.396639, 2.722083 ], [ 111.405417, 2.753333 ], [ 111.397528, 2.75625 ], [ 111.389583, 2.751667 ], [ 111.389583, 2.745806 ], [ 111.392889, 2.724139 ] ], [ [ 117.255, 6.815389 ], [ 117.257472, 6.816194 ], [ 117.261667, 6.822028 ], [ 117.277056, 6.831639 ], [ 117.279583, 6.839972 ], [ 117.269139, 6.837917 ], [ 117.257472, 6.827056 ], [ 117.248722, 6.823333 ], [ 117.248722, 6.822472 ], [ 117.255, 6.815389 ] ], [ [ 115.320778, 5.268722 ], [ 115.322056, 5.284167 ], [ 115.309139, 5.287056 ], [ 115.302889, 5.277444 ], [ 115.302889, 5.274167 ], [ 115.320778, 5.268722 ] ], [ [ 116.342083, 6.715806 ], [ 116.341667, 6.711222 ], [ 116.354167, 6.707111 ], [ 116.364583, 6.709194 ], [ 116.356667, 6.71625 ], [ 116.346667, 6.717889 ], [ 116.346639, 6.722889 ], [ 116.337056, 6.72 ], [ 116.337056, 6.719139 ], [ 116.342083, 6.715806 ] ], [ [ 117.720806, 6.225389 ], [ 117.723722, 6.228278 ], [ 117.724583, 6.244972 ], [ 117.727861, 6.25 ], [ 117.727028, 6.264139 ], [ 117.723306, 6.270417 ], [ 117.720389, 6.27 ], [ 117.720389, 6.265 ], [ 117.724556, 6.252472 ], [ 117.717889, 6.241639 ], [ 117.720389, 6.230833 ], [ 117.717111, 6.228278 ], [ 117.717111, 6.226639 ], [ 117.720806, 6.225389 ] ], [ [ 117.282444, 7.284583 ], [ 117.289944, 7.287056 ], [ 117.294556, 7.294972 ], [ 117.295389, 7.303361 ], [ 117.289167, 7.303722 ], [ 117.278667, 7.291667 ], [ 117.278722, 7.286667 ], [ 117.282444, 7.284583 ] ], [ [ 117.329111, 7.212944 ], [ 117.332861, 7.218333 ], [ 117.332861, 7.225861 ], [ 117.319111, 7.225417 ], [ 117.313694, 7.219139 ], [ 117.313694, 7.218333 ], [ 117.329111, 7.212944 ] ], [ [ 117.039111, 7.082889 ], [ 117.045778, 7.073694 ], [ 117.057056, 7.079944 ], [ 117.050778, 7.087028 ], [ 117.039972, 7.087889 ], [ 117.035361, 7.084944 ], [ 117.035361, 7.083278 ], [ 117.039111, 7.082889 ] ], [ [ 115.1275, 5.22125 ], [ 115.138722, 5.2225 ], [ 115.133333, 5.232861 ], [ 115.125806, 5.232917 ], [ 115.120889, 5.237889 ], [ 115.11875, 5.236611 ], [ 115.11875, 5.232472 ], [ 115.1275, 5.22125 ] ], [ [ 117.469139, 6.884528 ], [ 117.480417, 6.884972 ], [ 117.476694, 6.894556 ], [ 117.465389, 6.894167 ], [ 117.465389, 6.889972 ], [ 117.469139, 6.884528 ] ], [ [ 115.036778, 4.885361 ], [ 115.04425, 4.888639 ], [ 115.053778, 4.898194 ], [ 115.045889, 4.898639 ], [ 115.039194, 4.891944 ], [ 115.038389, 4.895333 ], [ 115.033, 4.889056 ], [ 115.033, 4.886556 ], [ 115.036778, 4.885361 ] ], [ [ 116.072056, 6.061639 ], [ 116.077056, 6.069167 ], [ 116.076639, 6.078778 ], [ 116.068778, 6.075833 ], [ 116.063694, 6.0625 ], [ 116.063694, 6.060833 ], [ 116.072056, 6.061639 ] ], [ [ 115.382472, 5.313722 ], [ 115.384583, 5.315861 ], [ 115.389972, 5.33125 ], [ 115.377917, 5.325833 ], [ 115.377889, 5.316639 ], [ 115.377889, 5.314972 ], [ 115.382472, 5.313722 ] ], [ [ 117.262417, 7.034556 ], [ 117.269972, 7.034556 ], [ 117.277028, 7.040778 ], [ 117.264111, 7.046222 ], [ 117.2595, 7.043306 ], [ 117.2595, 7.040778 ], [ 117.262417, 7.034556 ] ], [ [ 117.333278, 7.25625 ], [ 117.341167, 7.254167 ], [ 117.341222, 7.263361 ], [ 117.335778, 7.267889 ], [ 117.328694, 7.266639 ], [ 117.328694, 7.264167 ], [ 117.333278, 7.25625 ] ], [ [ 117.093306, 7.119528 ], [ 117.098278, 7.119528 ], [ 117.11075, 7.12625 ], [ 117.11125, 7.129167 ], [ 117.102417, 7.129583 ], [ 117.091222, 7.124111 ], [ 117.091222, 7.123306 ], [ 117.093306, 7.119528 ] ], [ [ 117.460806, 6.782056 ], [ 117.469583, 6.789972 ], [ 117.4675, 6.792889 ], [ 117.455028, 6.792056 ], [ 117.452083, 6.787444 ], [ 117.452083, 6.785833 ], [ 117.460806, 6.782056 ] ], [ [ 117.319194, 7.190417 ], [ 117.324972, 7.192083 ], [ 117.333722, 7.188333 ], [ 117.324139, 7.200417 ], [ 117.316222, 7.1975 ], [ 117.316222, 7.193306 ], [ 117.319194, 7.190417 ] ], [ [ 117.200806, 6.972861 ], [ 117.207083, 6.977472 ], [ 117.207083, 6.981667 ], [ 117.201667, 6.984583 ], [ 117.192972, 6.980806 ], [ 117.192972, 6.978333 ], [ 117.200806, 6.972861 ] ], [ [ 116.334972, 6.391222 ], [ 116.340417, 6.398278 ], [ 116.340417, 6.403333 ], [ 116.335806, 6.40375 ], [ 116.33, 6.397944 ], [ 116.324583, 6.397472 ], [ 116.323694, 6.396667 ], [ 116.334972, 6.391222 ] ], [ [ 116.821667, 6.564583 ], [ 116.824583, 6.566639 ], [ 116.824583, 6.574167 ], [ 116.821667, 6.57625 ], [ 116.818306, 6.577028 ], [ 116.814583, 6.571639 ], [ 116.814583, 6.569167 ], [ 116.821667, 6.564583 ] ], [ [ 110.158667, 1.784167 ], [ 110.162417, 1.782889 ], [ 110.167833, 1.793361 ], [ 110.156139, 1.790778 ], [ 110.156139, 1.789944 ], [ 110.158667, 1.784167 ] ], [ [ 117.401639, 6.591222 ], [ 117.405444, 6.596667 ], [ 117.402528, 6.607889 ], [ 117.397917, 6.593278 ], [ 117.397917, 6.590833 ], [ 117.401639, 6.591222 ] ], [ [ 117.604556, 6.179167 ], [ 117.591639, 6.185389 ], [ 117.582056, 6.177472 ], [ 117.582056, 6.176611 ], [ 117.604556, 6.179167 ] ], [ [ 117.693722, 6.034139 ], [ 117.695806, 6.047917 ], [ 117.6925, 6.048722 ], [ 117.689556, 6.045806 ], [ 117.687944, 6.035 ], [ 117.687944, 6.033278 ], [ 117.693722, 6.034139 ] ], [ [ 117.154083, 7.157889 ], [ 117.159556, 7.165778 ], [ 117.147861, 7.162472 ], [ 117.147861, 7.157472 ], [ 117.154083, 7.157889 ] ], [ [ 115.550833, 5.188722 ], [ 115.558722, 5.195806 ], [ 115.546694, 5.199556 ], [ 115.549556, 5.194167 ], [ 115.546278, 5.191639 ], [ 115.546306, 5.189167 ], [ 115.550833, 5.188722 ] ], [ [ 117.224583, 7.825083 ], [ 117.224194, 7.828 ], [ 117.215028, 7.833806 ], [ 117.210417, 7.827556 ], [ 117.210417, 7.826694 ], [ 117.224583, 7.825083 ] ], [ [ 115.03925, 4.900333 ], [ 115.044278, 4.9045 ], [ 115.0455, 4.91075 ], [ 115.040917, 4.911139 ], [ 115.0355, 4.904861 ], [ 115.035528, 4.902389 ], [ 115.03925, 4.900333 ] ], [ [ 117.277028, 7.075 ], [ 117.277444, 7.084528 ], [ 117.270361, 7.079139 ], [ 117.271167, 7.073333 ], [ 117.270361, 7.072472 ], [ 117.277028, 7.075 ] ], [ [ 117.728306, 6.433694 ], [ 117.73125, 6.438278 ], [ 117.725833, 6.440417 ], [ 117.720389, 6.436639 ], [ 117.720389, 6.434972 ], [ 117.728306, 6.433694 ] ], [ [ 116.630472, 6.864944 ], [ 116.629556, 6.871667 ], [ 116.626639, 6.873722 ], [ 116.622028, 6.869139 ], [ 116.622028, 6.868333 ], [ 116.630472, 6.864944 ] ], [ [ 110.497417, 1.753722 ], [ 110.500333, 1.759917 ], [ 110.490361, 1.757444 ], [ 110.490361, 1.755778 ], [ 110.497417, 1.753722 ] ], [ [ 109.778556, 1.914139 ], [ 109.780667, 1.92375 ], [ 109.774778, 1.920417 ], [ 109.772722, 1.915778 ], [ 109.772722, 1.914139 ], [ 109.778556, 1.914139 ] ], [ [ 116.31875, 6.707444 ], [ 116.315806, 6.71125 ], [ 116.3025, 6.715417 ], [ 116.30125, 6.714139 ], [ 116.31875, 6.707444 ] ], [ [ 110.088222, 1.734556 ], [ 110.091167, 1.741667 ], [ 110.085722, 1.74375 ], [ 110.081167, 1.739139 ], [ 110.081167, 1.738333 ], [ 110.088222, 1.734556 ] ], [ [ 115.048, 4.914889 ], [ 115.048472, 4.923667 ], [ 115.044667, 4.922389 ], [ 115.042972, 4.916528 ], [ 115.042972, 4.914889 ], [ 115.048, 4.914889 ] ], [ [ 116.7525, 7.047056 ], [ 116.752889, 7.052472 ], [ 116.7475, 7.052917 ], [ 116.745417, 7.05 ], [ 116.745417, 7.047472 ], [ 116.7525, 7.047056 ] ], [ [ 117.719583, 6.395 ], [ 117.7225, 6.392861 ], [ 117.724583, 6.4 ], [ 117.718722, 6.403333 ], [ 117.718722, 6.401667 ], [ 117.719583, 6.395 ] ], [ [ 117.307444, 7.50125 ], [ 117.308722, 7.505833 ], [ 117.304194, 7.507972 ], [ 117.300389, 7.505028 ], [ 117.300389, 7.501639 ], [ 117.307444, 7.50125 ] ], [ [ 117.290778, 7.51625 ], [ 117.300389, 7.516694 ], [ 117.294972, 7.521306 ], [ 117.289583, 7.520028 ], [ 117.289583, 7.518361 ], [ 117.290778, 7.51625 ] ], [ [ 115.993278, 5.982889 ], [ 115.98875, 5.98 ], [ 115.987917, 5.975806 ], [ 115.996667, 5.980417 ], [ 116.001972, 5.977583 ], [ 116.0, 5.98125 ], [ 115.993278, 5.982889 ] ], [ [ 115.064639, 4.982389 ], [ 115.060056, 4.983639 ], [ 115.057972, 4.979111 ], [ 115.057972, 4.975722 ], [ 115.064639, 4.982389 ] ], [ [ 117.232889, 6.831667 ], [ 117.229167, 6.838722 ], [ 117.224611, 6.835 ], [ 117.224611, 6.833278 ], [ 117.232889, 6.831667 ] ], [ [ 115.987111, 5.850833 ], [ 115.985833, 5.857889 ], [ 115.98125, 5.848361 ], [ 115.98125, 5.8475 ], [ 115.987111, 5.850833 ] ], [ [ 117.276556, 7.032028 ], [ 117.280361, 7.034944 ], [ 117.278278, 7.038694 ], [ 117.272889, 7.036639 ], [ 117.272861, 7.034111 ], [ 117.276556, 7.032028 ] ], [ [ 117.092, 7.101667 ], [ 117.087472, 7.102861 ], [ 117.083667, 7.099139 ], [ 117.083667, 7.095806 ], [ 117.092, 7.101667 ] ], [ [ 117.47125, 6.570833 ], [ 117.472056, 6.575833 ], [ 117.469972, 6.577028 ], [ 117.46625, 6.571639 ], [ 117.46625, 6.569167 ], [ 117.47125, 6.570833 ] ], [ [ 117.632917, 6.114167 ], [ 117.629194, 6.119583 ], [ 117.627083, 6.110833 ], [ 117.627083, 6.109972 ], [ 117.632917, 6.114167 ] ], [ [ 117.261667, 6.806194 ], [ 117.265389, 6.807528 ], [ 117.265028, 6.811194 ], [ 117.258722, 6.812472 ], [ 117.258722, 6.81 ], [ 117.261667, 6.806194 ] ], [ [ 117.251667, 6.80375 ], [ 117.25625, 6.81 ], [ 117.249583, 6.809139 ], [ 117.249583, 6.805806 ], [ 117.251667, 6.80375 ] ], [ [ 117.047056, 7.337472 ], [ 117.044944, 7.344583 ], [ 117.042056, 7.337472 ], [ 117.042056, 7.335861 ], [ 117.047056, 7.337472 ] ], [ [ 115.242917, 5.250806 ], [ 115.243306, 5.259528 ], [ 115.23875, 5.252472 ], [ 115.23875, 5.251667 ], [ 115.242917, 5.250806 ] ], [ [ 117.324528, 7.329194 ], [ 117.324556, 7.336667 ], [ 117.321222, 7.335806 ], [ 117.321194, 7.33 ], [ 117.324528, 7.329194 ] ], [ [ 117.025778, 7.068694 ], [ 117.027028, 7.072444 ], [ 117.023306, 7.072889 ], [ 117.0195, 7.069111 ], [ 117.0195, 7.068306 ], [ 117.025778, 7.068694 ] ], [ [ 116.785, 6.56875 ], [ 116.788722, 6.569167 ], [ 116.785806, 6.57375 ], [ 116.78125, 6.574167 ], [ 116.78125, 6.573278 ], [ 116.785, 6.56875 ] ], [ [ 117.295417, 7.554194 ], [ 117.294139, 7.557083 ], [ 117.287861, 7.558361 ], [ 117.287861, 7.555889 ], [ 117.295417, 7.554194 ] ], [ [ 117.25825, 7.063694 ], [ 117.258694, 7.066611 ], [ 117.252833, 7.065806 ], [ 117.252833, 7.063278 ], [ 117.25825, 7.063694 ] ], [ [ 116.007111, 6.009139 ], [ 116.00125, 6.013333 ], [ 116.00125, 6.008333 ], [ 116.007111, 6.009139 ] ], [ [ 116.63625, 6.866667 ], [ 116.635833, 6.871278 ], [ 116.630444, 6.871667 ], [ 116.630444, 6.870806 ], [ 116.63625, 6.866667 ] ], [ [ 117.40375, 6.573306 ], [ 117.404583, 6.5775 ], [ 117.399556, 6.574167 ], [ 117.399556, 6.5725 ], [ 117.40375, 6.573306 ] ], [ [ 117.331667, 6.929556 ], [ 117.33875, 6.930806 ], [ 117.330417, 6.932472 ], [ 117.330417, 6.931611 ], [ 117.331667, 6.929556 ] ], [ [ 109.767722, 1.890833 ], [ 109.767306, 1.897083 ], [ 109.764444, 1.890833 ], [ 109.764444, 1.889167 ], [ 109.767722, 1.890833 ] ], [ [ 116.762472, 6.587861 ], [ 116.762889, 6.592472 ], [ 116.759167, 6.592917 ], [ 116.758722, 6.589139 ], [ 116.758722, 6.588333 ], [ 116.762472, 6.587861 ] ], [ [ 110.164889, 1.758722 ], [ 110.167, 1.7625 ], [ 110.16575, 1.764556 ], [ 110.162, 1.763306 ], [ 110.162, 1.761639 ], [ 110.164889, 1.758722 ] ], [ [ 110.807, 1.636583 ], [ 110.804972, 1.641167 ], [ 110.801167, 1.642417 ], [ 110.801167, 1.641583 ], [ 110.807, 1.636583 ] ], [ [ 117.388722, 6.609139 ], [ 117.387472, 6.612889 ], [ 117.383722, 6.611694 ], [ 117.383722, 6.609972 ], [ 117.388722, 6.609139 ] ], [ [ 116.844944, 7.197889 ], [ 116.847083, 7.201694 ], [ 116.844139, 7.202889 ], [ 116.842111, 7.199944 ], [ 116.842111, 7.198278 ], [ 116.844944, 7.197889 ] ], [ [ 117.717917, 6.5475 ], [ 117.714972, 6.55125 ], [ 117.712056, 6.549972 ], [ 117.712056, 6.549167 ], [ 117.717917, 6.5475 ] ], [ [ 117.2745, 7.274139 ], [ 117.274111, 7.277944 ], [ 117.2695, 7.276667 ], [ 117.2695, 7.275 ], [ 117.2745, 7.274139 ] ], [ [ 116.309528, 6.306639 ], [ 116.308306, 6.310417 ], [ 116.305389, 6.310028 ], [ 116.305389, 6.3075 ], [ 116.309528, 6.306639 ] ], [ [ 115.425778, 5.262889 ], [ 115.429556, 5.266639 ], [ 115.422917, 5.265833 ], [ 115.422917, 5.264972 ], [ 115.425778, 5.262889 ] ], [ [ 116.961222, 7.840833 ], [ 116.961222, 7.844167 ], [ 116.958306, 7.844583 ], [ 116.957056, 7.841639 ], [ 116.957056, 7.839972 ], [ 116.961222, 7.840833 ] ], [ [ 115.030528, 4.950722 ], [ 115.025556, 4.946583 ], [ 115.025472, 4.944917 ], [ 115.030528, 4.950722 ] ], [ [ 115.986667, 5.962889 ], [ 115.989583, 5.965833 ], [ 115.984528, 5.967472 ], [ 115.984556, 5.964139 ], [ 115.986667, 5.962889 ] ], [ [ 115.266694, 5.254556 ], [ 115.272139, 5.259167 ], [ 115.264556, 5.257472 ], [ 115.264556, 5.255806 ], [ 115.266694, 5.254556 ] ], [ [ 115.35125, 5.2925 ], [ 115.349972, 5.295444 ], [ 115.34625, 5.294167 ], [ 115.34625, 5.2925 ], [ 115.35125, 5.2925 ] ], [ [ 117.373333, 7.578778 ], [ 117.375389, 7.581667 ], [ 117.372444, 7.583778 ], [ 117.370389, 7.580861 ], [ 117.370389, 7.580056 ], [ 117.373333, 7.578778 ] ], [ [ 115.670833, 5.747083 ], [ 115.672083, 5.7525 ], [ 115.66875, 5.755806 ], [ 115.66875, 5.753333 ], [ 115.670833, 5.747083 ] ], [ [ 116.761278, 6.582472 ], [ 116.762083, 6.586667 ], [ 116.759167, 6.587056 ], [ 116.757861, 6.584139 ], [ 116.757917, 6.582472 ], [ 116.761278, 6.582472 ] ], [ [ 117.462917, 6.569972 ], [ 117.462917, 6.573306 ], [ 117.459583, 6.5725 ], [ 117.459583, 6.569111 ], [ 117.462917, 6.569972 ] ], [ [ 117.279944, 7.228694 ], [ 117.282056, 7.230028 ], [ 117.277833, 7.233306 ], [ 117.277833, 7.231639 ], [ 117.279944, 7.228694 ] ], [ [ 118.009583, 6.3075 ], [ 118.008333, 6.310417 ], [ 118.005389, 6.308306 ], [ 118.005389, 6.306639 ], [ 118.009583, 6.3075 ] ], [ [ 116.1625, 6.137889 ], [ 116.16375, 6.139972 ], [ 116.157889, 6.139944 ], [ 116.157889, 6.139139 ], [ 116.1625, 6.137889 ] ], [ [ 115.140028, 5.189611 ], [ 115.140417, 5.191667 ], [ 115.137472, 5.192917 ], [ 115.136222, 5.190806 ], [ 115.135417, 5.19 ], [ 115.140028, 5.189611 ] ], [ [ 117.285389, 7.28 ], [ 117.280389, 7.277528 ], [ 117.280389, 7.276667 ], [ 117.285389, 7.28 ] ], [ [ 117.334528, 7.232472 ], [ 117.331611, 7.232917 ], [ 117.330389, 7.23 ], [ 117.330389, 7.229139 ], [ 117.334528, 7.232472 ] ], [ [ 116.094583, 6.087472 ], [ 116.090389, 6.085861 ], [ 116.090389, 6.084139 ], [ 116.094583, 6.087472 ] ], [ [ 117.339556, 7.396667 ], [ 117.335417, 7.397528 ], [ 117.335417, 7.395 ], [ 117.339556, 7.396667 ] ], [ [ 117.309528, 7.315833 ], [ 117.30625, 7.314972 ], [ 117.30625, 7.3125 ], [ 117.309528, 7.315833 ] ], [ [ 117.275389, 7.281667 ], [ 117.271167, 7.282528 ], [ 117.271167, 7.280806 ], [ 117.275389, 7.281667 ] ], [ [ 115.3775, 5.307917 ], [ 115.37875, 5.310833 ], [ 115.374583, 5.309167 ], [ 115.374583, 5.308306 ], [ 115.3775, 5.307917 ] ], [ [ 116.778722, 6.5675 ], [ 116.774556, 6.570806 ], [ 116.774556, 6.569944 ], [ 116.778722, 6.5675 ] ], [ [ 117.051583, 7.020389 ], [ 117.052889, 7.024111 ], [ 117.0495, 7.022444 ], [ 117.0495, 7.021583 ], [ 117.051583, 7.020389 ] ], [ [ 116.772861, 6.585806 ], [ 116.767861, 6.585 ], [ 116.767861, 6.584139 ], [ 116.772861, 6.585806 ] ], [ [ 116.78625, 6.576694 ], [ 116.785, 6.579556 ], [ 116.782861, 6.578278 ], [ 116.782861, 6.575833 ], [ 116.78625, 6.576694 ] ], [ [ 117.314917, 7.317889 ], [ 117.31625, 7.320806 ], [ 117.312083, 7.319139 ], [ 117.312083, 7.318361 ], [ 117.314917, 7.317889 ] ], [ [ 117.212056, 7.1675 ], [ 117.211583, 7.170444 ], [ 117.20875, 7.169972 ], [ 117.20875, 7.168306 ], [ 117.212056, 7.1675 ] ], [ [ 116.732917, 7.006611 ], [ 116.727917, 7.007472 ], [ 116.727917, 7.006611 ], [ 116.732917, 7.006611 ] ], [ [ 116.766306, 6.585 ], [ 116.762083, 6.584139 ], [ 116.762083, 6.582472 ], [ 116.766306, 6.585 ] ], [ [ 117.322028, 7.364972 ], [ 117.317889, 7.366722 ], [ 117.317889, 7.364972 ], [ 117.322028, 7.364972 ] ], [ [ 116.825389, 6.578306 ], [ 116.822917, 6.580833 ], [ 116.822917, 6.577444 ], [ 116.825389, 6.578306 ] ], [ [ 117.072833, 7.024111 ], [ 117.072444, 7.027056 ], [ 117.069528, 7.026583 ], [ 117.069528, 7.024972 ], [ 117.072833, 7.024111 ] ], [ [ 116.087472, 6.078722 ], [ 116.087917, 6.081667 ], [ 116.084639, 6.080861 ], [ 116.084639, 6.079111 ], [ 116.087472, 6.078722 ] ], [ [ 117.22825, 7.372111 ], [ 117.229528, 7.375028 ], [ 117.225417, 7.373306 ], [ 117.225417, 7.3725 ], [ 117.22825, 7.372111 ] ], [ [ 117.126222, 7.327444 ], [ 117.122417, 7.328778 ], [ 117.121222, 7.327472 ], [ 117.126222, 7.327444 ] ], [ [ 115.039611, 5.0 ], [ 115.034639, 5.0 ], [ 115.035917, 4.998667 ], [ 115.039611, 5.0 ] ], [ [ 117.25875, 7.480833 ], [ 117.255361, 7.483361 ], [ 117.255361, 7.481694 ], [ 117.25875, 7.480833 ] ], [ [ 117.286194, 7.271667 ], [ 117.283306, 7.272944 ], [ 117.282861, 7.270806 ], [ 117.282083, 7.27 ], [ 117.286194, 7.271667 ] ], [ [ 116.797056, 6.564972 ], [ 116.795778, 6.567889 ], [ 116.792889, 6.566639 ], [ 116.792889, 6.565833 ], [ 116.797056, 6.564972 ] ], [ [ 117.217861, 7.1725 ], [ 117.214528, 7.171639 ], [ 117.214528, 7.169972 ], [ 117.217861, 7.1725 ] ], [ [ 117.304528, 7.247528 ], [ 117.301222, 7.25 ], [ 117.301222, 7.247528 ], [ 117.304528, 7.247528 ] ], [ [ 110.986139, 1.524028 ], [ 110.982861, 1.52325 ], [ 110.982861, 1.521583 ], [ 110.986139, 1.524028 ] ], [ [ 116.008306, 5.837028 ], [ 116.008722, 5.839972 ], [ 116.005389, 5.838361 ], [ 116.005389, 5.8375 ], [ 116.008306, 5.837028 ] ], [ [ 117.68875, 6.529167 ], [ 117.685361, 6.530833 ], [ 117.685361, 6.529167 ], [ 117.68875, 6.529167 ] ], [ [ 117.284556, 7.370861 ], [ 117.281194, 7.371667 ], [ 117.281194, 7.369139 ], [ 117.284556, 7.370861 ] ], [ [ 114.612083, 4.779111 ], [ 114.607111, 4.776639 ], [ 114.607111, 4.775778 ], [ 114.612083, 4.779111 ] ], [ [ 117.047861, 7.098333 ], [ 117.043694, 7.097472 ], [ 117.043694, 7.096611 ], [ 117.047861, 7.098333 ] ], [ [ 116.009583, 5.968333 ], [ 116.00625, 5.969139 ], [ 116.00625, 5.967472 ], [ 116.009583, 5.968333 ] ], [ [ 117.277056, 7.298333 ], [ 117.273694, 7.295806 ], [ 117.273722, 7.294139 ], [ 117.277056, 7.298333 ] ], [ [ 117.300389, 7.245806 ], [ 117.297056, 7.245 ], [ 117.297056, 7.243333 ], [ 117.300389, 7.245806 ] ], [ [ 115.030528, 4.812417 ], [ 115.026722, 4.814472 ], [ 115.025472, 4.81325 ], [ 115.030528, 4.812417 ] ], [ [ 117.277056, 7.373333 ], [ 117.273722, 7.374139 ], [ 117.273722, 7.372472 ], [ 117.277056, 7.373333 ] ], [ [ 115.098833, 4.879028 ], [ 115.0955, 4.881556 ], [ 115.0955, 4.88075 ], [ 115.098833, 4.879028 ] ], [ [ 117.242028, 7.173361 ], [ 117.238667, 7.171639 ], [ 117.238667, 7.170806 ], [ 117.242028, 7.173361 ] ], [ [ 116.969556, 7.354167 ], [ 116.969556, 7.3575 ], [ 116.967083, 7.356639 ], [ 116.967083, 7.354972 ], [ 116.969556, 7.354167 ] ], [ [ 115.146222, 5.204139 ], [ 115.142083, 5.205806 ], [ 115.142083, 5.205 ], [ 115.146222, 5.204139 ] ], [ [ 115.372889, 5.298306 ], [ 115.370361, 5.297444 ], [ 115.370361, 5.295806 ], [ 115.372889, 5.298306 ] ], [ [ 117.327861, 7.317472 ], [ 117.324528, 7.319194 ], [ 117.324528, 7.318333 ], [ 117.327861, 7.317472 ] ], [ [ 116.26375, 6.236667 ], [ 116.261222, 6.236667 ], [ 116.26125, 6.234139 ], [ 116.26375, 6.236667 ] ], [ [ 117.207861, 7.165833 ], [ 117.2045, 7.164972 ], [ 117.2045, 7.164111 ], [ 117.207861, 7.165833 ] ], [ [ 117.276194, 7.305 ], [ 117.273694, 7.304139 ], [ 117.273694, 7.302528 ], [ 117.276194, 7.305 ] ], [ [ 117.475361, 7.083278 ], [ 117.472833, 7.081611 ], [ 117.472833, 7.080806 ], [ 117.475361, 7.083278 ] ], [ [ 116.79875, 6.571639 ], [ 116.796278, 6.570833 ], [ 116.796278, 6.569167 ], [ 116.79875, 6.571639 ] ], [ [ 115.421306, 4.980722 ], [ 115.417972, 4.979028 ], [ 115.417167, 4.978167 ], [ 115.421306, 4.980722 ] ], [ [ 117.276194, 7.300833 ], [ 117.272056, 7.298333 ], [ 117.272056, 7.297528 ], [ 117.276194, 7.300833 ] ], [ [ 112.581278, 3.008333 ], [ 112.578722, 3.01 ], [ 112.578722, 3.008333 ], [ 112.581278, 3.008333 ] ], [ [ 116.78125, 6.571694 ], [ 116.777861, 6.572472 ], [ 116.777861, 6.571694 ], [ 116.78125, 6.571694 ] ], [ [ 113.360417, 3.615806 ], [ 113.356222, 3.614972 ], [ 113.356222, 3.614167 ], [ 113.360417, 3.615806 ] ], [ [ 117.138722, 7.3525 ], [ 117.13625, 7.351694 ], [ 117.13625, 7.350833 ], [ 117.138722, 7.3525 ] ], [ [ 117.122861, 7.037444 ], [ 117.119528, 7.037444 ], [ 117.119528, 7.036639 ], [ 117.122861, 7.037444 ] ], [ [ 116.783722, 6.569167 ], [ 116.781667, 6.570361 ], [ 116.779611, 6.568306 ], [ 116.783722, 6.569167 ] ], [ [ 116.800389, 6.568306 ], [ 116.797861, 6.5675 ], [ 116.797861, 6.565833 ], [ 116.800389, 6.568306 ] ], [ [ 117.195333, 7.174972 ], [ 117.192833, 7.175778 ], [ 117.192833, 7.174111 ], [ 117.195333, 7.174972 ] ], [ [ 116.822111, 6.578306 ], [ 116.818722, 6.579167 ], [ 116.818722, 6.578306 ], [ 116.822111, 6.578306 ] ], [ [ 117.344583, 7.3375 ], [ 117.342917, 7.339167 ], [ 117.342028, 7.338306 ], [ 117.344583, 7.3375 ] ], [ [ 117.280389, 7.271667 ], [ 117.277917, 7.273333 ], [ 117.277917, 7.271667 ], [ 117.280389, 7.271667 ] ], [ [ 117.314528, 7.130806 ], [ 117.311972, 7.13 ], [ 117.311972, 7.129139 ], [ 117.314528, 7.130806 ] ], [ [ 115.188722, 5.240778 ], [ 115.186639, 5.242111 ], [ 115.185389, 5.240833 ], [ 115.188722, 5.240778 ] ], [ [ 115.463722, 5.234111 ], [ 115.46125, 5.235833 ], [ 115.46125, 5.234972 ], [ 115.463722, 5.234111 ] ], [ [ 117.223722, 7.1825 ], [ 117.221194, 7.181639 ], [ 117.221194, 7.180833 ], [ 117.223722, 7.1825 ] ], [ [ 113.212917, 3.437472 ], [ 113.210417, 3.436611 ], [ 113.210417, 3.435833 ], [ 113.212917, 3.437472 ] ], [ [ 117.291194, 7.282528 ], [ 117.288667, 7.283333 ], [ 117.288667, 7.281667 ], [ 117.291194, 7.282528 ] ], [ [ 115.885444, 5.78 ], [ 115.883306, 5.781194 ], [ 115.882056, 5.78 ], [ 115.885444, 5.78 ] ], [ [ 117.284528, 7.2325 ], [ 117.282056, 7.234167 ], [ 117.282056, 7.233306 ], [ 117.284528, 7.2325 ] ], [ [ 117.210361, 7.152472 ], [ 117.207861, 7.153333 ], [ 117.207861, 7.152472 ], [ 117.210361, 7.152472 ] ], [ [ 116.780389, 6.574139 ], [ 116.777861, 6.574944 ], [ 116.777861, 6.574139 ], [ 116.780389, 6.574139 ] ], [ [ 117.119528, 7.039111 ], [ 117.117, 7.039111 ], [ 117.117, 7.038306 ], [ 117.119528, 7.039111 ] ], [ [ 117.445306, 7.044139 ], [ 117.442833, 7.044944 ], [ 117.442833, 7.044139 ], [ 117.445306, 7.044139 ] ], [ [ 116.065417, 5.988306 ], [ 116.062889, 5.9875 ], [ 116.062889, 5.986639 ], [ 116.065417, 5.988306 ] ], [ [ 115.230417, 5.247444 ], [ 115.226694, 5.247889 ], [ 115.226278, 5.2475 ], [ 115.230417, 5.247444 ] ] ], [ [ [ 117.646530123115483, 6.005066290882989 ], [ 117.641309248657848, 6.004557134574529 ], [ 117.64076668508828, 6.004509962736935 ], [ 117.641667, 6.005417 ], [ 117.647420666605996, 6.005162581376191 ], [ 117.646530123115483, 6.005066290882989 ] ] ] ] } }
]
}
