{
"type": "FeatureCollection",
"name": "Hydrophis_pachycercos",
"crs": { "type": "name", "properties": { "name": "urn:ogc:def:crs:OGC:1.3:CRS84" } },
"features": [
{ "type": "Feature", "properties": { "species": "Hydrophis pachycercos", "EOO_km2": 737740.9385819335, "AOO_km2": 738508.0 }, "geometry": { "type": "MultiPolygon", "coordinates": [ [ [ [ 109.471734376267491, 12.87261568267145 ], [ 109.48097883361325, 12.868488059740129 ], [ 109.490210628617504, 12.864322571671554 ], [ 109.499421596732986, 12.86012285036073 ], [ 109.508616292933226, 12.855888470154687 ], [ 109.517793793999289, 12.85161742674245 ], [ 109.52698270612396, 12.847301504228103 ], [ 109.536127756199733, 12.842959700038342 ], [ 109.545251758511455, 12.838582375943925 ], [ 109.55435465853995, 12.834170744816733 ], [ 109.563440873245085, 12.829724393216846 ], [ 109.572512981713658, 12.825240207606525 ], [ 109.581562919297909, 12.820722155145832 ], [ 109.590617976416723, 12.816154149279273 ], [ 109.599651725444289, 12.811552816604618 ], [ 109.608650503318657, 12.806926263158378 ], [ 109.617638688936538, 12.802260226414397 ], [ 109.626608702133865, 12.797558662487948 ], [ 109.635553333385019, 12.79282531255431 ], [ 109.644486648033237, 12.788052811930735 ], [ 109.653398155491232, 12.783247386164666 ], [ 109.662290591129533, 12.778405724656647 ], [ 109.671182156286278, 12.773522087251896 ], [ 109.680051819237349, 12.768605651482284 ], [ 109.688882129677737, 12.763661214444182 ], [ 109.697694621460414, 12.758682776395949 ], [ 109.706492159501153, 12.753666894504489 ], [ 109.715266986185355, 12.748618081046144 ], [ 109.724023280996661, 12.743535838165672 ], [ 109.7327636484153, 12.738416976081918 ], [ 109.736767882288987, 12.736051364495232 ], [ 109.736822154894185, 12.735666046225285 ], [ 109.737379729375576, 12.731655440893851 ], [ 109.737929160220972, 12.727649830828739 ], [ 109.738470435871193, 12.723648523191352 ], [ 109.739003560868596, 12.719649291189025 ], [ 109.739528516345217, 12.715654307916344 ], [ 109.740045370071044, 12.711659703731694 ], [ 109.740554138380304, 12.70766607823778 ], [ 109.741055511525545, 12.703668096260383 ], [ 109.741549010147466, 12.699665641135718 ], [ 109.742033742236615, 12.695667122831379 ], [ 109.742510381847708, 12.69167003682997 ], [ 109.742979071080981, 12.687669181042624 ], [ 109.743439853939819, 12.683663468472517 ], [ 109.743893001497696, 12.679650573094573 ], [ 109.744338310256452, 12.675630685804387 ], [ 109.744775829840933, 12.671602639107721 ], [ 109.745205621017035, 12.667565206481848 ], [ 109.745627318397453, 12.663519366055919 ], [ 109.746041452231708, 12.659461370243323 ], [ 109.746448085391052, 12.655389943231434 ], [ 109.746847282237766, 12.651303787680201 ], [ 109.747239078749288, 12.647199925065683 ], [ 109.747623414699206, 12.643081411994478 ], [ 109.7480006806733, 12.638941232295371 ], [ 109.748370817353702, 12.63478242615745 ], [ 109.748733817617136, 12.630600434721419 ], [ 109.749089825877007, 12.626397060559789 ], [ 109.749438988276836, 12.622166471523478 ], [ 109.749781286198797, 12.617911889547361 ], [ 109.75011686002523, 12.613627444415705 ], [ 109.750445531323606, 12.609317480123643 ], [ 109.750767686201925, 12.604976457819102 ], [ 109.751083021439882, 12.600602786232169 ], [ 109.751391978018844, 12.59619701927426 ], [ 109.751693896246749, 12.591755487413572 ], [ 109.751988808676856, 12.58727931476934 ], [ 109.752277459311983, 12.582764739044569 ], [ 109.752560043275849, 12.578217006335299 ], [ 109.75283619770164, 12.573628508037705 ], [ 109.753106359379785, 12.568999941236589 ], [ 109.753370159403303, 12.564328373328468 ], [ 109.753627762000534, 12.559615935992685 ], [ 109.75387913404748, 12.554859974150867 ], [ 109.754124081560249, 12.550059146799978 ], [ 109.754362871435447, 12.545210945295011 ], [ 109.754595796254748, 12.540316303245675 ], [ 109.754822398453086, 12.535373862872499 ], [ 109.755043598616865, 12.530380651453518 ], [ 109.755258411411788, 12.525340209510604 ], [ 109.755466868139123, 12.5202518832892 ], [ 109.755669052264608, 12.515116553723804 ], [ 109.755865360778586, 12.509927563217298 ], [ 109.756055372473611, 12.504689227452349 ], [ 109.756239358562212, 12.499401491084987 ], [ 109.756417277652787, 12.494062651363748 ], [ 109.75658927473863, 12.488669377493466 ], [ 109.756755026589119, 12.483228329027762 ], [ 109.756914684410503, 12.477736437716278 ], [ 109.757068188591205, 12.472192265756263 ], [ 109.757215452749577, 12.466601243141435 ], [ 109.75735679909404, 12.460958980709549 ], [ 109.757491813593333, 12.455269426038384 ], [ 109.757620868750365, 12.449530144983685 ], [ 109.757743672663779, 12.443741905240341 ], [ 109.75786013439658, 12.437910998745345 ], [ 109.757970181939953, 12.432036720507096 ], [ 109.758074201776424, 12.426117107973843 ], [ 109.758171971865607, 12.420155225345095 ], [ 109.758263143887078, 12.414152677969884 ], [ 109.758348327510461, 12.408111267963362 ], [ 109.758427002732716, 12.402034521039683 ], [ 109.758499546847645, 12.395921042191389 ], [ 109.758565751000745, 12.389774548171397 ], [ 109.758625395822932, 12.383599065171454 ], [ 109.758678866342052, 12.377393390597701 ], [ 109.758725763694741, 12.371163416544629 ], [ 109.758766457673616, 12.364908235829416 ], [ 109.758800758088398, 12.358632110593449 ], [ 109.758828467257061, 12.352339580670398 ], [ 109.758849758827324, 12.346026130863715 ], [ 109.758864399343366, 12.339701512593471 ], [ 109.75887292278405, 12.333363405459879 ], [ 109.758874822929144, 12.327016619698805 ], [ 109.758870390303201, 12.320667435399844 ], [ 109.75885933946418, 12.314315344693362 ], [ 109.758842173264867, 12.307968603491075 ], [ 109.758819195851657, 12.301625263233454 ], [ 109.75879036174878, 12.29528542071888 ], [ 109.758754155356655, 12.28896252377684 ], [ 109.758711744093191, 12.282655463296498 ], [ 109.758663024610087, 12.276365483051372 ], [ 109.75860793279189, 12.270093768340328 ], [ 109.758546768727371, 12.263846626444838 ], [ 109.758479562284762, 12.257626944597765 ], [ 109.758406073220968, 12.251437691505039 ], [ 109.758326233436478, 12.245279377190604 ], [ 109.758240508982936, 12.239156084100504 ], [ 109.758148702706848, 12.233066938145084 ], [ 109.758051103196394, 12.227017508446142 ], [ 109.757947644496582, 12.221008505791163 ], [ 109.757838236453438, 12.215040327173023 ], [ 109.757723198091924, 12.209118259033682 ], [ 109.757602456004605, 12.203242603084696 ], [ 109.757476030381937, 12.197411463674046 ], [ 109.757344268136933, 12.191630058735132 ], [ 109.757206950812289, 12.185896799196239 ], [ 109.757064152511603, 12.180219830661589 ], [ 109.7569156385604, 12.174600345047221 ], [ 109.756761600244133, 12.169033856008754 ], [ 109.756602409466254, 12.163524466659734 ], [ 109.756438099679329, 12.158069603860811 ], [ 109.756268298774842, 12.152671881568022 ], [ 109.756093534986647, 12.147333201362324 ], [ 109.755913533312309, 12.142050788573476 ], [ 109.755728785477956, 12.136826086373864 ], [ 109.755539340327957, 12.13165452468963 ], [ 109.755344730255288, 12.126540280080128 ], [ 109.755145118896237, 12.121493086103818 ], [ 109.754940752489972, 12.116503628664178 ], [ 109.754731120748659, 12.111566794550647 ], [ 109.754516991418114, 12.106688103684638 ], [ 109.754298069417302, 12.101863976788602 ], [ 109.754074751525437, 12.097096799656715 ], [ 109.753846768166284, 12.092382837329405 ], [ 109.753614500572979, 12.087724282220991 ], [ 109.753377708097943, 12.08311726356726 ], [ 109.753136843919279, 12.078560413288622 ], [ 109.75289177389287, 12.074051869297801 ], [ 109.752642563593085, 12.069595626085361 ], [ 109.752389193983589, 12.065190683866902 ], [ 109.752131771399107, 12.060834089658771 ], [ 109.751870100035148, 12.056531279535092 ], [ 109.751604539650145, 12.05227207123545 ], [ 109.751335091782522, 12.04805696552536 ], [ 109.751061819880235, 12.043884702076777 ], [ 109.750784788587168, 12.039753997567976 ], [ 109.750504063823044, 12.035663550144051 ], [ 109.750219672914696, 12.031613720493663 ], [ 109.749931783990803, 12.027598430357154 ], [ 109.749640385933688, 12.023620696536433 ], [ 109.749345567891027, 12.019677858573541 ], [ 109.749047457320131, 12.01576724356962 ], [ 109.74874602985993, 12.011890149710792 ], [ 109.748441411196652, 12.008043974188928 ], [ 109.748133752511819, 12.004226072333685 ], [ 109.747822977122013, 12.00043773790313 ], [ 109.747509223518975, 11.996678002983838 ], [ 109.747192604749813, 11.992942335751401 ], [ 109.746873250684558, 11.989229752283553 ], [ 109.746551122412569, 11.985541661388757 ], [ 109.746226369586012, 11.981875524209068 ], [ 109.745899132654912, 11.978228797183984 ], [ 109.745569346833065, 11.97460431710719 ], [ 109.745237276731146, 11.97099091144656 ], [ 109.744902893252302, 11.967396998282792 ], [ 109.744566279936691, 11.963816712129548 ], [ 109.74422755079712, 11.960253677125367 ], [ 109.74388675769535, 11.956702175189932 ], [ 109.743544130487109, 11.953168923772031 ], [ 109.743199818062536, 11.949649730553297 ], [ 109.742853858883436, 11.946143270612298 ], [ 109.742506312604803, 11.942645425239952 ], [ 109.742157300797857, 11.939158405034558 ], [ 109.741806921921537, 11.935680964472091 ], [ 109.741455208566421, 11.932208274074343 ], [ 109.741102329706166, 11.928743435233015 ], [ 109.740748379376356, 11.925285909997497 ], [ 109.74039342993693, 11.921831775668737 ], [ 109.740037516223836, 11.918380434107286 ], [ 109.739680899751477, 11.914935388814772 ], [ 109.739323599169822, 11.911493003714734 ], [ 109.73896557537195, 11.908049759245417 ], [ 109.73860730469336, 11.90461198577359 ], [ 109.738248501135843, 11.901172048650039 ], [ 109.737889408489323, 11.897732158668154 ], [ 109.737530143701647, 11.894291786752181 ], [ 109.737170801444236, 11.890850301099805 ], [ 109.736811439415803, 11.88740554650682 ], [ 109.736452227377569, 11.883960003906807 ], [ 109.736093200703294, 11.880511480387122 ], [ 109.735734447056871, 11.877059376102251 ], [ 109.735376058761929, 11.873603111663972 ], [ 109.735018370865745, 11.870144996041494 ], [ 109.734660018657365, 11.866671642301601 ], [ 109.734302442240192, 11.86319441697785 ], [ 109.733946129729603, 11.859714260305097 ], [ 109.733590626552996, 11.856226674874826 ], [ 109.733236018732555, 11.852731077985245 ], [ 109.732882391880651, 11.849226882237183 ], [ 109.732529967431006, 11.845714860378775 ], [ 109.732178547731706, 11.842191697208452 ], [ 109.731828490958137, 11.838659591700536 ], [ 109.731479622815144, 11.835115160522287 ], [ 109.731132274846459, 11.831560561581481 ], [ 109.730786299946729, 11.827992400516898 ], [ 109.730441935388157, 11.8244113817924 ], [ 109.730099246350562, 11.820817127801989 ], [ 109.729757924858205, 11.817203003513731 ], [ 109.729418565618772, 11.813576960997965 ], [ 109.729080941441694, 11.809933864025245 ], [ 109.728745667264704, 11.806278691988846 ], [ 109.728412417366641, 11.802606825011017 ], [ 109.728081263164157, 11.798915801592834 ], [ 109.727752525886814, 11.795207900819422 ], [ 109.727426108966, 11.791481144355652 ], [ 109.727102171769232, 11.787734624858388 ], [ 109.726781148377739, 11.783970475551723 ], [ 109.72646266777646, 11.780183715818982 ], [ 109.726147102168497, 11.776376757163074 ], [ 109.725834374463474, 11.772545697697238 ], [ 109.725524699324637, 11.768691426956497 ], [ 109.725218526856906, 11.764816330153684 ], [ 109.72491534040401, 11.760913658610534 ], [ 109.724615582826701, 11.756985790125354 ], [ 109.724319385167007, 11.753032091493589 ], [ 109.724026979328556, 11.749053626557115 ], [ 109.723738601581971, 11.745047972294552 ], [ 109.723453903622769, 11.741013242153768 ], [ 109.723173405927724, 11.736952046800438 ], [ 109.722896967510337, 11.732859033358109 ], [ 109.722624847156524, 11.728735497775917 ], [ 109.722357355693262, 11.724584288889449 ], [ 109.722094537654598, 11.72040336199905 ], [ 109.721836526069168, 11.716192372080299 ], [ 109.72158389922194, 11.711954094786481 ], [ 109.721335840816806, 11.707681911763459 ], [ 109.721093033024871, 11.70338054330897 ], [ 109.720855510676941, 11.699048189564998 ], [ 109.72062327129197, 11.694683133774147 ], [ 109.720396640150966, 11.690288809278528 ], [ 109.720175613781123, 11.685863588408495 ], [ 109.719960018091413, 11.681404290061927 ], [ 109.719750343279244, 11.676916429709639 ], [ 109.719546385372325, 11.672396848842578 ], [ 109.719348436996384, 11.667849463787821 ], [ 109.719156506787257, 11.663274698243344 ], [ 109.718970578587047, 11.658672857432521 ], [ 109.718790413310074, 11.654041217544091 ], [ 109.71861609125726, 11.649382171514928 ], [ 109.718447698689118, 11.644698504716533 ], [ 109.718284421174729, 11.639985695539645 ], [ 109.718126851853086, 11.635250053496726 ], [ 109.717975050851862, 11.630490629370628 ], [ 109.71782822508365, 11.625708949278929 ], [ 109.717686381800362, 11.620904258262945 ], [ 109.717549571505657, 11.616081510354348 ], [ 109.717417752366345, 11.611240135330343 ], [ 109.717289979991392, 11.606381822037354 ], [ 109.717166156199212, 11.601506171706875 ], [ 109.717046214213767, 11.59661833867837 ], [ 109.716929524609256, 11.591716366665953 ], [ 109.716816456106926, 11.586807191513287 ], [ 109.716705303071052, 11.581885583958975 ], [ 109.716596234149776, 11.576956694853768 ], [ 109.716489339707806, 11.572024203781559 ], [ 109.716382861603734, 11.567084649412406 ], [ 109.716277074965205, 11.562145279432279 ], [ 109.716171756380277, 11.557205856733006 ], [ 109.716065401372433, 11.552268517942476 ], [ 109.715957734564768, 11.547333067352431 ], [ 109.715848800828866, 11.542404846339029 ], [ 109.715736781296897, 11.537482390867551 ], [ 109.715622014185328, 11.532569002737921 ], [ 109.715503487773887, 11.527668445929729 ], [ 109.715380407709247, 11.52278067335998 ], [ 109.715252169771389, 11.517908928233922 ], [ 109.715118457245936, 11.51305461976583 ], [ 109.714977535031139, 11.508217866857926 ], [ 109.714828952486954, 11.503398159927137 ], [ 109.714672664359014, 11.498600506421026 ], [ 109.714506760927975, 11.493822890213265 ], [ 109.714331085183645, 11.489068403724369 ], [ 109.714145615754546, 11.484341916954072 ], [ 109.713948147965567, 11.479637413483745 ], [ 109.713738699578371, 11.474959649756892 ], [ 109.713517141062724, 11.470311408053401 ], [ 109.713281573799335, 11.465690142968478 ], [ 109.713030934841754, 11.461091573968984 ], [ 109.712765613874282, 11.456525563669578 ], [ 109.712484799278329, 11.451990912441383 ], [ 109.712187299720824, 11.447488124562877 ], [ 109.711873631260701, 11.443019285780546 ], [ 109.711542617688025, 11.438583309822695 ], [ 109.7111945046599, 11.434184121536203 ], [ 109.710827179833188, 11.429815118444429 ], [ 109.710441628692109, 11.425481701179631 ], [ 109.710035979386404, 11.4211808573524 ], [ 109.709610490823465, 11.416914399081888 ], [ 109.709163940393239, 11.41268062161377 ], [ 109.708695858136636, 11.40847940600479 ], [ 109.70820735541578, 11.404313778225887 ], [ 109.707696621336055, 11.40018037089699 ], [ 109.70716426990974, 11.396082327266942 ], [ 109.706610491140736, 11.392017482761048 ], [ 109.706036202663199, 11.387990914712498 ], [ 109.705438753994173, 11.383994200882309 ], [ 109.70481951211984, 11.380031791033963 ], [ 109.704177004859233, 11.376100296992503 ], [ 109.7035124296265, 11.372202301372395 ], [ 109.702824277001568, 11.368332523387929 ], [ 109.702112069348999, 11.364492256016575 ], [ 109.701377267892497, 11.360681884951068 ], [ 109.700619323895609, 11.35690106254498 ], [ 109.699840227479015, 11.35315552548645 ], [ 109.699037217779249, 11.349433604975383 ], [ 109.698211107161228, 11.345738056263709 ], [ 109.697363036930838, 11.342074706771253 ], [ 109.696491885850051, 11.338439308661901 ], [ 109.6955985358519, 11.334830524054343 ], [ 109.694681856516169, 11.33124446710873 ], [ 109.693742558126161, 11.327681871612725 ], [ 109.692781322077536, 11.324143363482587 ], [ 109.691797047811789, 11.320624975372935 ], [ 109.690790459634059, 11.317127355835833 ], [ 109.689762248500699, 11.313651049671615 ], [ 109.688711332299704, 11.310192015656316 ], [ 109.687638437289621, 11.3067508270942 ], [ 109.686544249388746, 11.303328016593847 ], [ 109.685427571443682, 11.29991783913751 ], [ 109.68428997765794, 11.296525688565694 ], [ 109.683130124790623, 11.29314408400146 ], [ 109.681949560960888, 11.28977825658129 ], [ 109.680746956502873, 11.286420819355957 ], [ 109.679523832392348, 11.283076850363702 ], [ 109.67827960875853, 11.279742136718035 ], [ 109.677013611054818, 11.276412307167444 ], [ 109.67572740123083, 11.273092535768262 ], [ 109.674419619891196, 11.269775344600692 ], [ 109.67309175073531, 11.266465848720498 ], [ 109.671742575965411, 11.263158232058229 ], [ 109.670373275636322, 11.259852686479014 ], [ 109.668983275812053, 11.256545306933802 ], [ 109.667572107774987, 11.253236595930217 ], [ 109.66614131330509, 11.249931613936218 ], [ 109.664689516113881, 11.246622585804211 ], [ 109.66321816108281, 11.243312989001479 ], [ 109.661725853239219, 11.239995507057696 ], [ 109.660214184293096, 11.236675212384496 ], [ 109.658682341490447, 11.233346393839609 ], [ 109.657130141100211, 11.230009579984777 ], [ 109.655558341734519, 11.226662075189326 ], [ 109.653966500443815, 11.223304810944891 ], [ 109.652354206890408, 11.219933320251094 ], [ 109.650723379788417, 11.216553053733589 ], [ 109.649072692650407, 11.21315826086578 ], [ 109.647402976878382, 11.209749582541884 ], [ 109.645715296655254, 11.206329410467712 ], [ 109.644008150170507, 11.202890604351399 ], [ 109.642283277291853, 11.199437302031127 ], [ 109.640540635326246, 11.195968942041343 ], [ 109.638780016153419, 11.192481717031178 ], [ 109.63700226745128, 11.188978309485591 ], [ 109.635207511279603, 11.185456674537477 ], [ 109.633395887922461, 11.181914876418459 ], [ 109.631567867946274, 11.178354216131874 ], [ 109.629724697309001, 11.174776105622504 ], [ 109.627866369127176, 11.171178814464769 ], [ 109.62599313527015, 11.167560765330361 ], [ 109.624106157778911, 11.163925123825589 ], [ 109.622205770970822, 11.160270428724797 ], [ 109.620292633419638, 11.156596890465407 ], [ 109.618367440205731, 11.152904803982276 ], [ 109.616430645331292, 11.149193004292737 ], [ 109.614483574879586, 11.145465070703477 ], [ 109.612526747066113, 11.141719978945586 ], [ 109.610560995928623, 11.137958358552346 ], [ 109.608585483019496, 11.13417588154809 ], [ 109.606602640354097, 11.130377825503054 ], [ 109.604613929484486, 11.126566648869344 ], [ 109.602620098186009, 11.122742000841964 ], [ 109.600622210342195, 11.118906400899077 ], [ 109.598620959971257, 11.115059348642387 ], [ 109.59661782366689, 11.111203555672764 ], [ 109.594612874715907, 11.107336959227609 ], [ 109.592606734539245, 11.103459109009615 ], [ 109.590601372411868, 11.099574366232151 ], [ 109.58859706298324, 11.095681049792068 ], [ 109.586597301423296, 11.091790033246394 ], [ 109.58460115659291, 11.08789506652178 ], [ 109.582610079637007, 11.083999164484228 ], [ 109.580625104379848, 11.080103661466572 ], [ 109.578647226388355, 11.076210026872198 ], [ 109.576678062033167, 11.072322468736392 ], [ 109.574717882939069, 11.06843911405478 ], [ 109.572767788409209, 11.064561522409608 ], [ 109.570828693969275, 11.06069101085612 ], [ 109.568901362181506, 11.056828813843616 ], [ 109.566986983221511, 11.052976433060481 ], [ 109.565085888737812, 11.049133558118113 ], [ 109.563200266240386, 11.045307313820372 ], [ 109.561329721967766, 11.041492882019144 ], [ 109.559474678598164, 11.037690025006004 ], [ 109.557636553849392, 11.033901167838893 ], [ 109.555815851440016, 11.030128317352439 ], [ 109.554012941004657, 11.026373630591413 ], [ 109.552229017957885, 11.022638369641614 ], [ 109.550463781154377, 11.018920265463173 ], [ 109.548718565835998, 11.015223076859964 ], [ 109.546993353336859, 11.011545741834865 ], [ 109.545288093428198, 11.00788598932297 ], [ 109.543603930684839, 11.004248463063751 ], [ 109.541940757221965, 11.000633150145726 ], [ 109.54029833267127, 10.997036310133911 ], [ 109.538677689858915, 10.993462142893263 ], [ 109.537078205645102, 10.989908941714777 ], [ 109.535500694467743, 10.986377053522688 ], [ 109.533944901842716, 10.982867212263589 ], [ 109.532410375687206, 10.979376527600484 ], [ 109.530897918594192, 10.975907482315005 ], [ 109.529407089421753, 10.972459298916084 ], [ 109.527937228297191, 10.969027475303829 ], [ 109.526489068585249, 10.965615333463175 ], [ 109.525061576939933, 10.962219185955481 ], [ 109.52365537604301, 10.958841013916073 ], [ 109.522269753331699, 10.955478252264941 ], [ 109.520904022355097, 10.952128449281194 ], [ 109.519557617053849, 10.948790572426796 ], [ 109.518231124178783, 10.945463566816976 ], [ 109.516923510243302, 10.942145778406823 ], [ 109.515635242034833, 10.938838425082754 ], [ 109.514365013347103, 10.935537191456376 ], [ 109.513113136804449, 10.932244487305173 ], [ 109.511879239698786, 10.928956249464125 ], [ 109.510662700878669, 10.925671793950801 ], [ 109.509463167109345, 10.922388027377904 ], [ 109.508280004213361, 10.919104085223779 ], [ 109.507112385808668, 10.915815658254351 ], [ 109.505959804341416, 10.912520770260839 ], [ 109.504821921847821, 10.909218246492371 ], [ 109.503698029180796, 10.905904813057044 ], [ 109.502588523281673, 10.902583027265244 ], [ 109.50149234931456, 10.899247552616805 ], [ 109.500409254397155, 10.895897361776207 ], [ 109.499337657725178, 10.892526472184214 ], [ 109.498278718104871, 10.889136851440442 ], [ 109.49723153254611, 10.885725967540809 ], [ 109.496194509813336, 10.882287787773496 ], [ 109.495168930035646, 10.878824293572906 ], [ 109.494153899827452, 10.875332999736843 ], [ 109.493147837913924, 10.871807900887848 ], [ 109.492152189786168, 10.868251114945325 ], [ 109.491166101392025, 10.864660286449311 ], [ 109.490188837598609, 10.861031010227588 ], [ 109.489219614008277, 10.85736117812554 ], [ 109.488259996137984, 10.853653106447281 ], [ 109.48730855709276, 10.849901132817397 ], [ 109.486364344618778, 10.846102083922466 ], [ 109.485429304722629, 10.842259910739006 ], [ 109.484502344234485, 10.838370519915205 ], [ 109.483583136683549, 10.834431355602108 ], [ 109.482672241957403, 10.830443860325184 ], [ 109.48177024521776, 10.826407412050269 ], [ 109.480875721722924, 10.822318333520419 ], [ 109.479989291124753, 10.818176264934934 ], [ 109.479111775578616, 10.813983458275104 ], [ 109.478242839859803, 10.809737240913693 ], [ 109.477383369612951, 10.805440311776028 ], [ 109.476534191389717, 10.801093315352707 ], [ 109.475693902966881, 10.796692451103326 ], [ 109.474864266237915, 10.792242733532962 ], [ 109.474044332744867, 10.787738482703903 ], [ 109.473235658634806, 10.783186054980032 ], [ 109.472438993733959, 10.778589637773607 ], [ 109.47165556929663, 10.773950546358005 ], [ 109.470885276665385, 10.769269344038594 ], [ 109.470128772672197, 10.764548430656221 ], [ 109.469386430944382, 10.759790152573222 ], [ 109.468659607577919, 10.754998026582525 ], [ 109.467949084565035, 10.750176239473511 ], [ 109.467255225682123, 10.745326845220378 ], [ 109.466578778132131, 10.740453434360944 ], [ 109.465920490407399, 10.735559795536497 ], [ 109.465280718855098, 10.730648755113769 ], [ 109.464661569927927, 10.725728380557772 ], [ 109.464062168788217, 10.720798537459313 ], [ 109.463483819575941, 10.715865233037064 ], [ 109.462926367884506, 10.710930843254012 ], [ 109.462390292821993, 10.705999642266759 ], [ 109.461877801228823, 10.701080312081311 ], [ 109.461388946111001, 10.696175530529699 ], [ 109.460922265080455, 10.691284884937886 ], [ 109.460481867680542, 10.686423722503502 ], [ 109.460067236952383, 10.681593744484841 ], [ 109.459677327724421, 10.676795702093191 ], [ 109.459312828284666, 10.672034977480733 ], [ 109.458974930225139, 10.667318406087171 ], [ 109.458661751809615, 10.662644737180862 ], [ 109.458374320145509, 10.658020449104168 ], [ 109.458113636565045, 10.653451876337243 ], [ 109.457878175720765, 10.648938829179347 ], [ 109.457667947684442, 10.644485014023212 ], [ 109.457483131305452, 10.640094619838866 ], [ 109.457322548811973, 10.635768257782454 ], [ 109.457186845113768, 10.631511101774697 ], [ 109.457074236090918, 10.627321988138021 ], [ 109.456984647400787, 10.623203986930248 ], [ 109.456919628663158, 10.619164618618507 ], [ 109.456876379298819, 10.615199866917772 ], [ 109.456854543868275, 10.611311938695886 ], [ 109.456853896160155, 10.607503381715302 ], [ 109.456872787883825, 10.60377267950377 ], [ 109.456910164234387, 10.600119875570654 ], [ 109.456965990958921, 10.596547750372041 ], [ 109.45703901302312, 10.593055529848938 ], [ 109.457127497646169, 10.589640980907749 ], [ 109.457231237184288, 10.586306257977068 ], [ 109.457348455695751, 10.583048573509608 ], [ 109.457477845892626, 10.579866621689119 ], [ 109.457618605438014, 10.576760423461902 ], [ 109.457769880217185, 10.573729808114244 ], [ 109.457930232097468, 10.570773022010565 ], [ 109.458098281604123, 10.567887531916798 ], [ 109.458272554348412, 10.565071285383096 ], [ 109.458452514206229, 10.562324596389411 ], [ 109.458636230198465, 10.559643677100089 ], [ 109.458823517533261, 10.557030186766111 ], [ 109.459011738491583, 10.554477186161407 ], [ 109.45920073905009, 10.551986172045932 ], [ 109.459388557742088, 10.549553058635034 ], [ 109.459574723780861, 10.547177770364936 ], [ 109.459757274586622, 10.544856133218028 ], [ 109.459935779004681, 10.5425880260404 ], [ 109.460108280907235, 10.540369220083415 ], [ 109.46027439564925, 10.538199582691883 ], [ 109.460432180055406, 10.536074859160864 ], [ 109.460581301906387, 10.533994934793387 ], [ 109.46071982462928, 10.531955566656739 ], [ 109.460847474710903, 10.529956681636254 ], [ 109.460962351869298, 10.527994040038722 ], [ 109.461063819803144, 10.526066554611793 ], [ 109.461151071524498, 10.524173449601832 ], [ 109.461223057807814, 10.522311047122212 ], [ 109.461278219000988, 10.520476578506829 ], [ 109.461316010902038, 10.518669106872531 ], [ 109.461335507794814, 10.516886685999948 ], [ 109.461336198383449, 10.515128452737549 ], [ 109.461316204894644, 10.513389233597032 ], [ 109.461275330438937, 10.511669592633007 ], [ 109.461212760538587, 10.509967750348892 ], [ 109.461127932504823, 10.508283193834277 ], [ 109.461020019336871, 10.506612846037312 ], [ 109.460887771414264, 10.504954189103719 ], [ 109.460730445425014, 10.503305544734207 ], [ 109.460548380537958, 10.501668708964619 ], [ 109.46033972580156, 10.500037707729588 ], [ 109.460104921166788, 10.498414404817286 ], [ 109.459842567528057, 10.496795286768894 ], [ 109.459553187189954, 10.495182246890979 ], [ 109.459235039327936, 10.493569601949511 ], [ 109.458887815366737, 10.491957084430128 ], [ 109.458511544983608, 10.49034455472397 ], [ 109.458106441946668, 10.488733054109272 ], [ 109.457671897302561, 10.487119327018741 ], [ 109.457206920054247, 10.485501361066003 ], [ 109.456712251485669, 10.483881446148688 ], [ 109.456186953914781, 10.482255331087385 ], [ 109.455631128711843, 10.480624294393676 ], [ 109.45504435495053, 10.478985314875521 ], [ 109.454426673316206, 10.477338643702439 ], [ 109.453778184999038, 10.475684587445539 ], [ 109.453098865010631, 10.474022282183107 ], [ 109.452388441348972, 10.472348977946325 ], [ 109.451647130294475, 10.470665082560252 ], [ 109.450875041686146, 10.468969999615942 ], [ 109.450072488227946, 10.467264230616419 ], [ 109.449239347631476, 10.46554517686601 ], [ 109.448376006886022, 10.463813377328433 ], [ 109.447482902926922, 10.462069412773509 ], [ 109.446560032854833, 10.46031085364851 ], [ 109.445607905255599, 10.458538311786191 ], [ 109.444627078173099, 10.456752438056943 ], [ 109.443617661673812, 10.454950955890236 ], [ 109.442579997439651, 10.453133464478245 ], [ 109.441515038717043, 10.451301648626174 ], [ 109.440422683613349, 10.44945148163773 ], [ 109.439304403952391, 10.447587625875766 ], [ 109.438160041567258, 10.445705979738786 ], [ 109.436990756525645, 10.443809262034137 ], [ 109.435797048609942, 10.44189622434207 ], [ 109.434579557430382, 10.4399666349918 ], [ 109.433339111464406, 10.438020316556715 ], [ 109.432076401980211, 10.43605711012836 ], [ 109.430792280827987, 10.434077925433646 ], [ 109.429487333446147, 10.432080521565238 ], [ 109.42816233207418, 10.430064774221794 ], [ 109.426818217620919, 10.428030629768125 ], [ 109.425455921351087, 10.425980075650433 ], [ 109.424076121790506, 10.423910804788729 ], [ 109.422679565745867, 10.421822625545246 ], [ 109.421267389694961, 10.419717446533109 ], [ 109.419840584346801, 10.417596943065016 ], [ 109.418399812342756, 10.415457738910556 ], [ 109.416945849560193, 10.413299485769945 ], [ 109.415479643932642, 10.411121979739383 ], [ 109.414001819836173, 10.408923707166087 ], [ 109.412513792711934, 10.406707618864289 ], [ 109.411015688118894, 10.404468967769597 ], [ 109.40950851024364, 10.402208441629188 ], [ 109.407993275611673, 10.399926654607995 ], [ 109.406471240629784, 10.397625202596421 ], [ 109.404942697507565, 10.39530099634529 ], [ 109.403408660843198, 10.392954552372871 ], [ 109.401869696628921, 10.390584034121103 ], [ 109.400326445160843, 10.388188624077262 ], [ 109.398779744401082, 10.385767649199995 ], [ 109.397230222779058, 10.383320166190979 ], [ 109.39567877689997, 10.380846330906817 ], [ 109.394125587124307, 10.378343011493641 ], [ 109.39257148765823, 10.375810191974326 ], [ 109.39101730943618, 10.373247854842328 ], [ 109.389463142909193, 10.370652685016701 ], [ 109.387909453369502, 10.368023260690652 ], [ 109.386357606635414, 10.365361854134486 ], [ 109.384806967878177, 10.362662431022112 ], [ 109.383258522143308, 10.359925832866709 ], [ 109.38171296996407, 10.357151728874802 ], [ 109.380170109274971, 10.354336208263785 ], [ 109.378630808438871, 10.351479309437774 ], [ 109.377095977967969, 10.348581635389451 ], [ 109.375564762364206, 10.345636928412643 ], [ 109.374038375697381, 10.342647066401746 ], [ 109.372516662421049, 10.339608256710649 ], [ 109.37100046129946, 10.336521169894921 ], [ 109.369489384116321, 10.333381644497248 ], [ 109.36798390112196, 10.330188385924693 ], [ 109.366484798637416, 10.326941995576078 ], [ 109.36499285470569, 10.323641502067813 ], [ 109.363507584287333, 10.320283857522043 ], [ 109.362029757413097, 10.316868142606063 ], [ 109.360559754289937, 10.31339407343383 ], [ 109.359097194920224, 10.309857868360702 ], [ 109.357643168634596, 10.306260183691943 ], [ 109.3561980597012, 10.302600910271535 ], [ 109.354761321666402, 10.298875573518426 ], [ 109.353334802023781, 10.295088602911163 ], [ 109.351917507541344, 10.291234274151877 ], [ 109.350510874885288, 10.287316089251719 ], [ 109.349115158898826, 10.283332693975597 ], [ 109.347730449629609, 10.279281962430098 ], [ 109.34635821872412, 10.275168088409659 ], [ 109.344998876964695, 10.270991460376102 ], [ 109.343652545200271, 10.266750503239905 ], [ 109.342320385061612, 10.262448631935492 ], [ 109.34100255231148, 10.2580848099125 ], [ 109.339700287341827, 10.253662964720565 ], [ 109.338414039469413, 10.249183737344806 ], [ 109.337144769468011, 10.244649643989376 ], [ 109.335892839638007, 10.240062355412508 ], [ 109.33465925491042, 10.235424938347991 ], [ 109.333444823683649, 10.230740359567083 ], [ 109.332250364127745, 10.226011851668511 ], [ 109.331076136998604, 10.221241227576041 ], [ 109.329924056155974, 10.216435431845627 ], [ 109.328794399678273, 10.211596837592548 ], [ 109.327687991363121, 10.206729611702979 ], [ 109.326605061583152, 10.201836478029271 ], [ 109.325547120821113, 10.196924009795625 ], [ 109.324515094411552, 10.191997785907608 ], [ 109.323509315187337, 10.187061397431776 ], [ 109.322530465516891, 10.182119819394863 ], [ 109.321579166265678, 10.177178070630186 ], [ 109.320655986897492, 10.172241218431589 ], [ 109.319761143641927, 10.167313083525681 ], [ 109.318894847400017, 10.162397740308247 ], [ 109.318058094529817, 10.157502827035318 ], [ 109.317251748673684, 10.152635743753741 ], [ 109.316475383441514, 10.14779861839763 ], [ 109.315729164256084, 10.142996202714395 ], [ 109.315013176085586, 10.138233099802726 ], [ 109.314327811723899, 10.1335150875986 ], [ 109.31367185113335, 10.128842505373138 ], [ 109.31304605011799, 10.124222388801046 ], [ 109.312449935804537, 10.119657929885589 ], [ 109.311883709686924, 10.115154299146184 ], [ 109.311346837441079, 10.110714443631636 ], [ 109.310838889996305, 10.10634145120515 ], [ 109.310358355224579, 10.102035242966974 ], [ 109.309905552456101, 10.097801181708538 ], [ 109.309479237779541, 10.09363970012617 ], [ 109.309078122909796, 10.089551391144537 ], [ 109.308701837248591, 10.08553918931184 ], [ 109.308348909447048, 10.08160242771355 ], [ 109.308018328611638, 10.077742301200669 ], [ 109.307710066645953, 10.073962430781554 ], [ 109.307423147881849, 10.07026316251679 ], [ 109.307155814071294, 10.066643549803237 ], [ 109.306907426072826, 10.063104813550089 ], [ 109.306675866477164, 10.059643611805594 ], [ 109.306459196488518, 10.056258184314084 ], [ 109.30625685464689, 10.052949436548019 ], [ 109.306069292955968, 10.049720697598516 ], [ 109.305894326258297, 10.046567848840974 ], [ 109.305730353100913, 10.043489376052849 ], [ 109.30557605244428, 10.040483771239971 ], [ 109.305430099349309, 10.03754938687249 ], [ 109.305291497339269, 10.034685582922782 ], [ 109.305157630132101, 10.031886775201123 ], [ 109.305028254669281, 10.029153611125228 ], [ 109.304902701917854, 10.026485441591742 ], [ 109.304778648261617, 10.023878321491075 ], [ 109.304654882612709, 10.021329349190037 ], [ 109.304530437691994, 10.018837370486459 ], [ 109.30440463807075, 10.016401491712074 ], [ 109.304275834246198, 10.014018871378482 ], [ 109.304142344769289, 10.011685145407258 ], [ 109.304003791586084, 10.009400322467808 ], [ 109.303858103783057, 10.007160309433004 ], [ 109.30370435306952, 10.004962197357168 ], [ 109.303541655191552, 10.002804638845845 ], [ 109.303368986768589, 10.000685342284322 ], [ 109.303185444240881, 9.998602869439539 ], [ 109.302990186755125, 9.996553584337143 ], [ 109.302781586514868, 9.994535279795215 ], [ 109.302559048395551, 9.992545302689964 ], [ 109.302320958959115, 9.990580783941967 ], [ 109.302067769858098, 9.988641658421841 ], [ 109.301798265063951, 9.98672545081226 ], [ 109.301512051237324, 9.984832036660567 ], [ 109.30120826284319, 9.982957658194477 ], [ 109.300885418912983, 9.981099486666221 ], [ 109.300543632011752, 9.979256519303085 ], [ 109.300181526515189, 9.977425187065592 ], [ 109.299799277566549, 9.975607086123706 ], [ 109.299395949371615, 9.973797506585012 ], [ 109.298970074065778, 9.971992824720026 ], [ 109.298522308888295, 9.970195416538008 ], [ 109.298052473527164, 9.968403230135236 ], [ 109.297560683119769, 9.966617696445331 ], [ 109.297045349889729, 9.964832250127657 ], [ 109.296506470639684, 9.963046670368952 ], [ 109.295944087135055, 9.961260802832124 ], [ 109.295357386150513, 9.959470882235358 ], [ 109.294746569914281, 9.95767761295463 ], [ 109.294111609839405, 9.955879289792799 ], [ 109.293451906561288, 9.954073168814572 ], [ 109.292767677740102, 9.952259234165028 ], [ 109.29205918985916, 9.950437496928327 ], [ 109.291325751221962, 9.948603694430631 ], [ 109.290567945177713, 9.94675958854261 ], [ 109.289786021286957, 9.944904482237026 ], [ 109.288979395543365, 9.943034272853883 ], [ 109.288148786328634, 9.941150812546107 ], [ 109.287294278200079, 9.939252432803508 ], [ 109.286415940311628, 9.937337368451761 ], [ 109.285513919776079, 9.935404501008085 ], [ 109.284589033607503, 9.933455192136016 ], [ 109.283641354078014, 9.931487543532825 ], [ 109.28267104778692, 9.929499950104329 ], [ 109.281678918458155, 9.927493206404948 ], [ 109.280665480899643, 9.925467084288352 ], [ 109.27963074387641, 9.923418813883195 ], [ 109.278575675667724, 9.921349893221048 ], [ 109.277500357030462, 9.919257753539032 ], [ 109.276405576771239, 9.917142553693001 ], [ 109.27529219385255, 9.915004941148062 ], [ 109.274160354106428, 9.912842348406615 ], [ 109.273010727672172, 9.910654464930966 ], [ 109.271843820602868, 9.908439839795619 ], [ 109.27066113280685, 9.906201228003161 ], [ 109.269463594269553, 9.903938936750231 ], [ 109.268251478389857, 9.901650532793134 ], [ 109.267025314569409, 9.89933486292747 ], [ 109.265786680691463, 9.896994288674369 ], [ 109.264535750391133, 9.89462568486195 ], [ 109.263272614416678, 9.892227644402519 ], [ 109.261998475164475, 9.889799840981986 ], [ 109.260715903318072, 9.887347377556511 ], [ 109.259425120878532, 9.88486761436187 ], [ 109.25812648711856, 9.882358883906154 ], [ 109.256821620846793, 9.879822671164506 ], [ 109.255511605870382, 9.877259066044676 ], [ 109.254197174862767, 9.874667296816396 ], [ 109.25287920519601, 9.872046195503051 ], [ 109.251558921960182, 9.869395664385415 ], [ 109.250237054587473, 9.866715553144893 ], [ 109.24891585345442, 9.864012748778123 ], [ 109.247595695037887, 9.861282256652924 ], [ 109.246277912092523, 9.858525578399766 ], [ 109.244963306000059, 9.855740600620932 ], [ 109.243653222029707, 9.85292885394184 ], [ 109.242349043459214, 9.850091989847487 ], [ 109.241051309704432, 9.847227040536909 ], [ 109.239761655253602, 9.844336532453504 ], [ 109.23848150092924, 9.841422264396925 ], [ 109.237211433882223, 9.838481434795574 ], [ 109.235953727918385, 9.835519892164752 ], [ 109.234708594173568, 9.832533296881063 ], [ 109.233477827003398, 9.829525400653756 ], [ 109.232262672282161, 9.826497323000552 ], [ 109.231063911043719, 9.823447561920789 ], [ 109.229882955275755, 9.820378198635542 ], [ 109.228721127694271, 9.817290492240783 ], [ 109.227579381020675, 9.814184981616812 ], [ 109.226458902074612, 9.811062045324288 ], [ 109.225361240897399, 9.807925832906223 ], [ 109.224286870237862, 9.804773281197338 ], [ 109.223237207213188, 9.801607727327378 ], [ 109.222213322435437, 9.798430458695696 ], [ 109.221216553092304, 9.795244047797299 ], [ 109.220247224620024, 9.792046424891332 ], [ 109.219306718075771, 9.788842172905806 ], [ 109.218396086376316, 9.785631988961832 ], [ 109.217515791682715, 9.782416956331794 ], [ 109.216666855222641, 9.779198873866706 ], [ 109.215850375573183, 9.775980540205516 ], [ 109.215066414928913, 9.772761184867619 ], [ 109.214316404090738, 9.769545618731701 ], [ 109.213599987061343, 9.766331359487779 ], [ 109.212918113018276, 9.763122048146757 ], [ 109.212271352296312, 9.759919671062093 ], [ 109.211659758270514, 9.756725149067883 ], [ 109.211083854232697, 9.753540848702444 ], [ 109.210543604943766, 9.750367703890308 ], [ 109.210039556117621, 9.747209021110864 ], [ 109.209571327621475, 9.744064743892336 ], [ 109.209138973614913, 9.740937260684897 ], [ 109.208741939786634, 9.737826505704914 ], [ 109.208380551657754, 9.734736445800889 ], [ 109.20805411836956, 9.731666848711429 ], [ 109.207762196650833, 9.728620086927195 ], [ 109.207504222844207, 9.725596555568588 ], [ 109.207279808319612, 9.722599256214618 ], [ 109.207087288162398, 9.719626311952917 ], [ 109.206927009514786, 9.716682701375179 ], [ 109.206796781860916, 9.713765764479749 ], [ 109.206696559001031, 9.71087907027014 ], [ 109.206624751748038, 9.708023446541763 ], [ 109.206580318412023, 9.705198657417601 ], [ 109.206561514042079, 9.702405399347477 ], [ 109.206567607146042, 9.699645539315124 ], [ 109.206596752499195, 9.696919665358656 ], [ 109.20664750655996, 9.69422708734634 ], [ 109.206717902046435, 9.691568244439344 ], [ 109.206806577312904, 9.688943995352643 ], [ 109.206912355870074, 9.686356127614266 ], [ 109.207032380081287, 9.683801570580794 ], [ 109.207165389732964, 9.681281934554312 ], [ 109.207309255556865, 9.678796725354335 ], [ 109.207461760998015, 9.676345409389413 ], [ 109.207621871824628, 9.673928142623609 ], [ 109.207787613901857, 9.671546032311879 ], [ 109.20795682777667, 9.669197542849352 ], [ 109.208127426555023, 9.666881109970817 ], [ 109.208298244708274, 9.664598623726937 ], [ 109.208466385172756, 9.662346611450813 ], [ 109.208630741990916, 9.660125113827057 ], [ 109.208789430997157, 9.657935247895693 ], [ 109.208939992770823, 9.655773681971722 ], [ 109.209081770944152, 9.653642323390962 ], [ 109.20921225861953, 9.651539396506935 ], [ 109.209330495599957, 9.649463585740911 ], [ 109.209434541189736, 9.64741356617189 ], [ 109.209522912809874, 9.645388394154821 ], [ 109.209594625833191, 9.643387412768536 ], [ 109.209647510327443, 9.641408885988698 ], [ 109.209681187579051, 9.639452460951706 ], [ 109.209693592267342, 9.637516427053388 ], [ 109.209684337878585, 9.63559940844868 ], [ 109.209651942332087, 9.633701674341959 ], [ 109.209595745117113, 9.631821490342093 ], [ 109.209515205393117, 9.629958887505028 ], [ 109.209409083914323, 9.62811081671542 ], [ 109.209277016352544, 9.626277333630126 ], [ 109.209117937567441, 9.624457150562849 ], [ 109.208931944331383, 9.622649670229384 ], [ 109.208718690241213, 9.62085401602938 ], [ 109.208478415454891, 9.619069711481311 ], [ 109.208210016048127, 9.617295293707345 ], [ 109.207914057002782, 9.61552961081602 ], [ 109.207590383303355, 9.613772803285258 ], [ 109.207239076730559, 9.612024197204176 ], [ 109.206861086276504, 9.610284664756206 ], [ 109.206455511449249, 9.608550995640687 ], [ 109.206023016940748, 9.60682381069328 ], [ 109.205563625309736, 9.605102337812752 ], [ 109.205078086406459, 9.603385716132196 ], [ 109.204567362667774, 9.601675525317734 ], [ 109.204031574784324, 9.599970273360965 ], [ 109.203471318074335, 9.598269684317465 ], [ 109.202887239768046, 9.596573536628648 ], [ 109.202279261993525, 9.594880190290151 ], [ 109.201649301413497, 9.593192056927414 ], [ 109.200997641243006, 9.591507952934546 ], [ 109.200325071412223, 9.589827852383644 ], [ 109.199631948525095, 9.588150746082883 ], [ 109.19891999230633, 9.586478781473756 ], [ 109.198189785158348, 9.58481140271099 ], [ 109.197441939874153, 9.583148362720689 ], [ 109.196677696160037, 9.581490791493772 ], [ 109.195897092042927, 9.579836935141598 ], [ 109.195101600340692, 9.578188666497615 ], [ 109.19429202767374, 9.576546110452353 ], [ 109.193468695029992, 9.574908272338426 ], [ 109.192633148602226, 9.573277481018446 ], [ 109.191785531990419, 9.571652250672235 ], [ 109.190927473984544, 9.570035422468871 ], [ 109.190058819628973, 9.568424677868402 ], [ 109.189180821621036, 9.566821928018379 ], [ 109.188294504066832, 9.565228687573997 ], [ 109.187400187888144, 9.563644075176304 ], [ 109.186498796608419, 9.562069634897332 ], [ 109.185590877603374, 9.560505467167305 ], [ 109.184676831974926, 9.55895127604083 ], [ 109.183757927879995, 9.55741009399264 ], [ 109.182834202118059, 9.555880635515573 ], [ 109.181906364879524, 9.554364086330754 ], [ 109.18097494206431, 9.552861139437731 ], [ 109.180040432934462, 9.551372485232132 ], [ 109.179103299409462, 9.549898832626511 ], [ 109.17816375074581, 9.54844006075159 ], [ 109.177222444360027, 9.546997815633526 ], [ 109.176279740834929, 9.545572807194569 ], [ 109.175335969545131, 9.544165745270465 ], [ 109.174391250541305, 9.542776513758103 ], [ 109.17344638622825, 9.541408280993954 ], [ 109.172501074177006, 9.540059257213011 ], [ 109.171555705778061, 9.538730955196092 ], [ 109.170610457341525, 9.537424050363391 ], [ 109.169665487193697, 9.536139205974926 ], [ 109.168720931111523, 9.534877080875576 ], [ 109.167776781267207, 9.533637570939126 ], [ 109.166833267230842, 9.532422063953229 ], [ 109.165890453054871, 9.531231138130858 ], [ 109.164948566095831, 9.530066845560052 ], [ 109.164007442803651, 9.528928711603308 ], [ 109.163066936462371, 9.52781527568701 ], [ 109.162127282657735, 9.526729131575099 ], [ 109.16118833556439, 9.525669301750757 ], [ 109.160250038674178, 9.524636737875218 ], [ 109.159312522207699, 9.523632620419047 ], [ 109.158375604716653, 9.522655871454779 ], [ 109.157439240985809, 9.521707431728402 ], [ 109.156503430985268, 9.52078758646814 ], [ 109.155568066556881, 9.519895843590565 ], [ 109.154633215152458, 9.519033670167261 ], [ 109.153698782107341, 9.518200506012747 ], [ 109.152764939785612, 9.51739760463628 ], [ 109.151831329468479, 9.51662304422239 ], [ 109.15089802589408, 9.515877396479457 ], [ 109.149964964643985, 9.515159837263946 ], [ 109.149032213320822, 9.514471616282606 ], [ 109.148099723229251, 9.513811815937736 ], [ 109.147167500442904, 9.513180163312519 ], [ 109.146235543686785, 9.512575585707424 ], [ 109.1453039214028, 9.511998352499953 ], [ 109.144372687014467, 9.511447275225068 ], [ 109.143441906755882, 9.510923318582579 ], [ 109.142511675411768, 9.510424464994971 ], [ 109.141582042667935, 9.509950778046464 ], [ 109.140653051488073, 9.509501088740933 ], [ 109.139724957646365, 9.509075654313255 ], [ 109.138797904618485, 9.508671595597285 ], [ 109.137872055168572, 9.508290305194393 ], [ 109.136947536585083, 9.507929702507678 ], [ 109.136024660826237, 9.507589756159337 ], [ 109.135103550611475, 9.507269799954171 ], [ 109.134184427926144, 9.506968940560684 ], [ 109.133267582652181, 9.506685359883964 ], [ 109.132353262833036, 9.506418753427763 ], [ 109.131441824633484, 9.506166346240114 ], [ 109.130533547897571, 9.505927753377195 ], [ 109.129628736716242, 9.505702586907816 ], [ 109.128727762056513, 9.505488811061735 ], [ 109.12783098419375, 9.505285127404834 ], [ 109.126938778362202, 9.505090204658847 ], [ 109.126051614214191, 9.504902989162847 ], [ 109.125169738799059, 9.504721456353225 ], [ 109.12429364619716, 9.504544506686186 ], [ 109.123423764464718, 9.504370695740214 ], [ 109.122560533092255, 9.504198554729726 ], [ 109.121704470436669, 9.504026855608492 ], [ 109.12085589916768, 9.503853552812775 ], [ 109.120015354022783, 9.503677388534467 ], [ 109.119183312100603, 9.503496812338877 ], [ 109.118360257993729, 9.503310256695238 ], [ 109.117546660830499, 9.503117103287771 ], [ 109.116743122652807, 9.502914032103918 ], [ 109.115949882735791, 9.502699584079322 ], [ 109.115167679305586, 9.502472976866036 ], [ 109.114396886960861, 9.50223217915296 ], [ 109.113638084485501, 9.501975735927159 ], [ 109.112892077978856, 9.501702491043826 ], [ 109.112159011951633, 9.501410024297027 ], [ 109.111439513582638, 9.501095722524353 ], [ 109.110734084044239, 9.500759971301692 ], [ 109.110043399239913, 9.500399188324057 ], [ 109.109367719570542, 9.500012274439037 ], [ 109.108707658848019, 9.499598787692998 ], [ 109.108063775133601, 9.499154846294282 ], [ 109.107436664112313, 9.498682338698064 ], [ 109.106826601566596, 9.498175703106766 ], [ 109.106234212308507, 9.497634562607736 ], [ 109.105659998127322, 9.497057161649737 ], [ 109.105104640923315, 9.496442054841383 ], [ 109.104568278151461, 9.495786862826241 ], [ 109.104051559414827, 9.495090106724309 ], [ 109.103554964023772, 9.494350003423268 ], [ 109.103079210520363, 9.493566290343232 ], [ 109.102624299940672, 9.492734135937358 ], [ 109.102190906259366, 9.491853255580166 ], [ 109.101779475965472, 9.490921848606336 ], [ 109.101390733823123, 9.489938471670591 ], [ 109.101024569191068, 9.48890058455026 ], [ 109.100681653116226, 9.487806740245274 ], [ 109.100362387492254, 9.486655138325808 ], [ 109.100067493341982, 9.48544440053886 ], [ 109.099796708126803, 9.484171934066934 ], [ 109.099550694702657, 9.482836354305396 ], [ 109.099329471941786, 9.481435518564604 ], [ 109.099134073444674, 9.479968531795539 ], [ 109.098964065428532, 9.47843281500694 ], [ 109.098820490614088, 9.476827517626562 ], [ 109.098702824317868, 9.475150105712814 ], [ 109.098612108532947, 9.473399823123209 ], [ 109.098547729949416, 9.471574210420968 ], [ 109.098510296305363, 9.469672183247976 ], [ 109.09850039968758, 9.467691228564643 ], [ 109.09851729050277, 9.465631952757461 ], [ 109.098561482006019, 9.463492000853121 ], [ 109.098633473586148, 9.461270516794354 ], [ 109.098732829274908, 9.458964240891238 ], [ 109.098859497854946, 9.456573493526065 ], [ 109.09901341471263, 9.454097263209322 ], [ 109.099194462689368, 9.451533101726428 ], [ 109.099402517165345, 9.44888486073755 ], [ 109.099637730011693, 9.446147773075833 ], [ 109.099899106517782, 9.443323611195497 ], [ 109.100186677173312, 9.440409292332525 ], [ 109.100500179531707, 9.437407746721174 ], [ 109.100839098041902, 9.434315771501167 ], [ 109.101203107320458, 9.431136649334636 ], [ 109.101591632035692, 9.427869126273832 ], [ 109.102004032446985, 9.4245121005609 ], [ 109.102439855820762, 9.421069473221843 ], [ 109.102898334206927, 9.417540519779557 ], [ 109.103378420696401, 9.413925882391407 ], [ 109.10387994925739, 9.41022770228458 ], [ 109.104401749625794, 9.406447023197844 ], [ 109.104942828112186, 9.402583836722117 ], [ 109.105502126318157, 9.398642965862956 ], [ 109.106078856467491, 9.394625296611398 ], [ 109.106671968604871, 9.390533137054206 ], [ 109.107280356063214, 9.386368985443058 ], [ 109.107902869500521, 9.382135530567659 ], [ 109.108538320182078, 9.37783564402632 ], [ 109.109185670272581, 9.373472836651548 ], [ 109.109843241101501, 9.369049344217053 ], [ 109.110510160445401, 9.364569510865756 ], [ 109.111184914648689, 9.360036337524644 ], [ 109.111865566607889, 9.355448013179938 ], [ 109.112551516265853, 9.350814913778652 ], [ 109.11324085087341, 9.346136799135898 ], [ 109.113933197573175, 9.341423984295526 ], [ 109.114626645007988, 9.336676448160567 ], [ 109.115319848351703, 9.331898136407689 ], [ 109.11601135595302, 9.327092429730529 ], [ 109.116700096231668, 9.322264422727759 ], [ 109.117384863479288, 9.317419385214063 ], [ 109.118064196405129, 9.312559485790926 ], [ 109.118736776060345, 9.30768787489396 ], [ 109.119401498578043, 9.302808948042154 ], [ 109.120056969980112, 9.297923758547141 ], [ 109.120702465969245, 9.293040101063886 ], [ 109.121336788180514, 9.288160517158937 ], [ 109.12195884624677, 9.283287509169693 ], [ 109.122567670970724, 9.278424878762769 ], [ 109.123162186333388, 9.27357368753176 ], [ 109.123741584951759, 9.268737497150342 ], [ 109.124305151009466, 9.26392056783955 ], [ 109.124851883149063, 9.259121681355939 ], [ 109.125381177119891, 9.254344697041388 ], [ 109.12589236684417, 9.249591487295714 ], [ 109.126384814598751, 9.244863691763834 ], [ 109.126857979927351, 9.240163448245909 ], [ 109.127311291560673, 9.235490533211664 ], [ 109.127744314883842, 9.230846631346495 ], [ 109.128156803678834, 9.22623423932416 ], [ 109.12854787139301, 9.221647922304479 ], [ 109.128917749227597, 9.217093991972078 ], [ 109.129265990689234, 9.212570796817538 ], [ 109.129592357676984, 9.208078222826368 ], [ 109.129896582982298, 9.203615254933277 ], [ 109.130178813518469, 9.199185360590121 ], [ 109.130438655941461, 9.194784709412826 ], [ 109.130675856984993, 9.190410718028048 ], [ 109.130890513654521, 9.186065099356119 ], [ 109.131082656346805, 9.181746437806353 ], [ 109.131252146165096, 9.177452680260062 ], [ 109.131398972355683, 9.173182372352118 ], [ 109.131522975610679, 9.168933175416255 ], [ 109.131624333302341, 9.164703128990048 ], [ 109.131702938857515, 9.160490606164675 ], [ 109.131759002432048, 9.156294437174354 ], [ 109.131792578058494, 9.152112607266156 ], [ 109.131803728130208, 9.147943022514308 ], [ 109.131792546380012, 9.143784511834111 ], [ 109.13175928486433, 9.139634751020614 ], [ 109.131703521928316, 9.135488174568613 ], [ 109.131625990510003, 9.131347534967221 ], [ 109.131526441919974, 9.12720796790895 ], [ 109.131404736753751, 9.123065295632717 ], [ 109.131261390253101, 9.118920648138973 ], [ 109.131096364199976, 9.114770804531171 ], [ 109.130909098116106, 9.110608111025158 ], [ 109.130700454028059, 9.106436102246136 ], [ 109.130470003626343, 9.102248070283892 ], [ 109.13021818411967, 9.098045294611598 ], [ 109.129945024285703, 9.093823627889913 ], [ 109.129650691415918, 9.089582670394329 ], [ 109.129335248229424, 9.085319223941227 ], [ 109.128998604757172, 9.081030315812223 ], [ 109.128641057907871, 9.076713575836667 ], [ 109.128262896438343, 9.072369711375213 ], [ 109.127864579146362, 9.068000772920138 ], [ 109.127445574480717, 9.0635991895958 ], [ 109.127006251948714, 9.059162934267039 ], [ 109.126546700552282, 9.054692616923406 ], [ 109.126067271898677, 9.050186137195865 ], [ 109.125567825191169, 9.045641212455093 ], [ 109.125048726882085, 9.041057165240501 ], [ 109.124510342864511, 9.036433308732603 ], [ 109.123952587705247, 9.031767888818219 ], [ 109.123375948565723, 9.027059378805573 ], [ 109.122780554811385, 9.022311079238222 ], [ 109.122166781850694, 9.017516940989996 ], [ 109.12153486823469, 9.012680759771541 ], [ 109.120885262586512, 9.007801275010756 ], [ 109.120218316286611, 9.002872136589545 ], [ 109.119534416135522, 8.997902084680989 ], [ 109.118834095467548, 8.992885704715977 ], [ 109.118117692593216, 8.987827735984187 ], [ 109.117385730140782, 8.982728859078803 ], [ 109.116638725830725, 8.977586902341343 ], [ 109.115877052726987, 8.972407315582371 ], [ 109.115101384319431, 8.967185678448018 ], [ 109.11431235465524, 8.961924888858212 ], [ 109.113510625576794, 8.956631069714605 ], [ 109.112696848722067, 8.951302468777342 ], [ 109.111871639408875, 8.945943882593875 ], [ 109.111035831605605, 8.940550990668564 ], [ 109.110190096078341, 8.935128803885949 ], [ 109.109335131281384, 8.929681119052082 ], [ 109.108471758602022, 8.924208445772123 ], [ 109.107600840765926, 8.918712822942812 ], [ 109.106723076084378, 8.913197154772313 ], [ 109.105839346466325, 8.907663662689762 ], [ 109.104950565695461, 8.902113161148272 ], [ 109.104057468706458, 8.896551617074893 ], [ 109.103161007809774, 8.890979892585415 ], [ 109.102262009650104, 8.885402247332086 ], [ 109.101361509485344, 8.879817932143842 ], [ 109.100460217275966, 8.874233096273493 ], [ 109.099559215353921, 8.868646927228767 ], [ 109.098659164615398, 8.863065608401097 ], [ 109.097761183504048, 8.857488220138668 ], [ 109.096865898132265, 8.851917833535628 ], [ 109.095974383919057, 8.846359682299907 ], [ 109.095087379573059, 8.840814895105305 ], [ 109.094205602483441, 8.83528450363371 ], [ 109.093330085074342, 8.829773525847017 ], [ 109.092461637304595, 8.824281172864875 ], [ 109.091600729768359, 8.81881007120667 ], [ 109.090748340796125, 8.813364939706872 ], [ 109.089904862775057, 8.807946759202494 ], [ 109.089071364581699, 8.802554932358083 ], [ 109.088248359992193, 8.79719614356204 ], [ 109.08743645868843, 8.791867564741748 ], [ 109.086636407340592, 8.786573286516939 ], [ 109.085848632728954, 8.781313840122582 ], [ 109.085073751447908, 8.776088444360628 ], [ 109.08431231448678, 8.770899493451363 ], [ 109.083564803567867, 8.765748006721021 ], [ 109.082831612095546, 8.760633563177137 ], [ 109.082113162778469, 8.755558141081082 ], [ 109.081409904003806, 8.750523687377202 ], [ 109.080722215217236, 8.745530995966966 ], [ 109.08005036077769, 8.7405793439649 ], [ 109.079394549292729, 8.735665514590284 ], [ 109.078755144621041, 8.730795437771123 ], [ 109.078132349611963, 8.725967445641974 ], [ 109.077526257764035, 8.721180437136917 ], [ 109.076937135220888, 8.716435493473533 ], [ 109.076365363482338, 8.711735376255955 ], [ 109.07581059885149, 8.707074773305683 ], [ 109.075273094285635, 8.70245376247637 ], [ 109.074753161930744, 8.69787580705127 ], [ 109.074251012473042, 8.693341127273202 ], [ 109.07376653777753, 8.68884836133104 ], [ 109.073299562937692, 8.684395031352777 ], [ 109.072850041696569, 8.679980034005252 ], [ 109.072418433602849, 8.675609370945658 ], [ 109.072004149160023, 8.671275048055854 ], [ 109.07160736944914, 8.666980518752426 ], [ 109.071227972119715, 8.662724290600313 ], [ 109.070866011205325, 8.65850770342746 ], [ 109.070521104559234, 8.654326677868911 ], [ 109.070193276652489, 8.650182484529287 ], [ 109.069882400867712, 8.646074622200645 ], [ 109.069588487494997, 8.64200334691772 ], [ 109.069311100422212, 8.63796668611351 ], [ 109.069050219586174, 8.633964859015416 ], [ 109.068805791556855, 8.629999092617338 ], [ 109.068577387640161, 8.626065538340665 ], [ 109.068364944110073, 8.622165382133121 ], [ 109.068168259460748, 8.618298212457413 ], [ 109.067987130831, 8.614463573346535 ], [ 109.067821347824065, 8.610661020663407 ], [ 109.067670692822603, 8.606890122482937 ], [ 109.067534941258458, 8.603150459265121 ], [ 109.06741386184072, 8.599441623833348 ], [ 109.067307216742179, 8.595763221171017 ], [ 109.067214765475896, 8.592114845946833 ], [ 109.067136247701299, 8.58849508839263 ], [ 109.067071427383837, 8.584905630968896 ], [ 109.067020040404927, 8.581345107515801 ], [ 109.066981817340405, 8.577813172006811 ], [ 109.066956471897669, 8.574308432617272 ], [ 109.066943743701813, 8.57083263960703 ], [ 109.066943334503037, 8.567384437234196 ], [ 109.066954947201125, 8.563963540499127 ], [ 109.066978281033713, 8.560569634078082 ], [ 109.067013028626405, 8.557202404685562 ], [ 109.067058875826362, 8.553861539816268 ], [ 109.067115501521741, 8.550546726488871 ], [ 109.067182617343988, 8.547258727867309 ], [ 109.067259661142714, 8.543993605421871 ], [ 109.067346657725196, 8.540755177244872 ], [ 109.067443079495902, 8.537541543516623 ], [ 109.06754842237973, 8.534350853485142 ], [ 109.067662616287222, 8.531185833495053 ], [ 109.067785182454685, 8.5280456722813 ], [ 109.067915562327229, 8.524927496076605 ], [ 109.068053590388985, 8.521832830524204 ], [ 109.068198790019991, 8.518761971655913 ], [ 109.068350719138977, 8.515712378149773 ], [ 109.068508973895135, 8.51268576502726 ], [ 109.06867312132178, 8.509680729261975 ], [ 109.068842738779651, 8.506695690945575 ], [ 109.069017356760526, 8.503732444982221 ], [ 109.069196420179139, 8.500786921532967 ], [ 109.069379550991869, 8.497862362898879 ], [ 109.069566312764167, 8.494957357304372 ], [ 109.069756107028255, 8.492068790436296 ], [ 109.069948685760309, 8.489201344041883 ], [ 109.070143336223779, 8.486349428251668 ], [ 109.070339644213973, 8.483516218672646 ], [ 109.070537159433385, 8.480700182470073 ], [ 109.070735293096405, 8.477898189602474 ], [ 109.07093330194013, 8.475112108069624 ], [ 109.071131195697831, 8.472342116581025 ], [ 109.071328081335778, 8.469588300257746 ], [ 109.071523527073651, 8.466849089808841 ], [ 109.071717490471514, 8.464125555508568 ], [ 109.071908793114829, 8.461416348402338 ], [ 109.072097343702168, 8.458720186391137 ], [ 109.072282276613279, 8.456033549932977 ], [ 109.072463090365375, 8.453358453461265 ], [ 109.072639260650604, 8.450694408685093 ], [ 109.072810411462669, 8.448042282659149 ], [ 109.072975868389065, 8.445400157479723 ], [ 109.073135037325883, 8.442768750017716 ], [ 109.073287621716077, 8.440145393624713 ], [ 109.073433105312048, 8.437533339416888 ], [ 109.073570900083681, 8.434927136349168 ], [ 109.073700535607912, 8.432330098674196 ], [ 109.073821738423362, 8.429739570332977 ], [ 109.07393393925949, 8.42715754276221 ], [ 109.074036870182184, 8.424581410625711 ], [ 109.074130034306407, 8.422013210288172 ], [ 109.074213144879351, 8.419451540606874 ], [ 109.07428590111796, 8.416894982356446 ], [ 109.074347939107284, 8.414345683900008 ], [ 109.074399022552953, 8.411801136957813 ], [ 109.074438889672848, 8.409263507873021 ], [ 109.07446733425391, 8.40673032531525 ], [ 109.074484185350997, 8.404203815217709 ], [ 109.074489272052787, 8.401681539598444 ], [ 109.074482483456791, 8.399164631856982 ], [ 109.074463849765166, 8.396655545390267 ], [ 109.074432998696651, 8.394148017759893 ], [ 109.074390128085682, 8.391645870682 ], [ 109.074335379347929, 8.38915163147359 ], [ 109.074268573361067, 8.386660296909469 ], [ 109.074190020095728, 8.38417569301863 ], [ 109.074099643659864, 8.381695327540269 ], [ 109.07399781280742, 8.379223017486183 ], [ 109.073884585407129, 8.376755049413713 ], [ 109.073760215371905, 8.374293983625595 ], [ 109.073624948490533, 8.371838672029158 ], [ 109.073479115995383, 8.369389151487619 ], [ 109.0733229410517, 8.366945532262854 ], [ 109.073156824384455, 8.364507853997468 ], [ 109.07298108614016, 8.36207486365651 ], [ 109.072796241082514, 8.359649125525905 ], [ 109.072602667398925, 8.357229385581963 ], [ 109.072400779150769, 8.354814301624208 ], [ 109.072191124331425, 8.352406420878653 ], [ 109.071974167149605, 8.350004299139583 ], [ 109.071750382861353, 8.347607987689724 ], [ 109.071520311456197, 8.345217276598524 ], [ 109.071284491729784, 8.342830616703125 ], [ 109.071043496764645, 8.340449041704611 ], [ 109.07079789125406, 8.338072270814541 ], [ 109.070548248949237, 8.335699976487641 ], [ 109.070295204016858, 8.333330497372156 ], [ 109.070039182491996, 8.330967271886474 ], [ 109.069780928455728, 8.328606003414615 ], [ 109.069520901216023, 8.326248732869475 ], [ 109.069259786745803, 8.323891151840879 ], [ 109.068998214321908, 8.321536195171367 ], [ 109.06873661722787, 8.31918330542007 ], [ 109.068475996999382, 8.31682637448205 ], [ 109.068216518888818, 8.314469617495901 ], [ 109.067958866783457, 8.31211081380108 ], [ 109.067703794501682, 8.30974623488774 ], [ 109.067451558951916, 8.307378788815255 ], [ 109.067202592033809, 8.305007696272758 ], [ 109.066957667269449, 8.302630590748963 ], [ 109.066717273140142, 8.300247562527266 ], [ 109.066482000381399, 8.297855991784123 ], [ 109.06625230055991, 8.295453422264918 ], [ 109.066028890331168, 8.29304030314141 ], [ 109.065812088428331, 8.290615548065778 ], [ 109.065602363480338, 8.288175230285031 ], [ 109.065400184640353, 8.285713112744508 ], [ 109.065206008675219, 8.283232654901303 ], [ 109.065020475166349, 8.280739940645626 ], [ 109.064843860064471, 8.278223349154841 ], [ 109.064676611488153, 8.275684487210277 ], [ 109.064519138361717, 8.273120309968975 ], [ 109.064371851577391, 8.270530164004997 ], [ 109.064235116754034, 8.267909277288711 ], [ 109.064109317695539, 8.265255848090989 ], [ 109.063994827848845, 8.262569893326791 ], [ 109.063891988389742, 8.259849516201248 ], [ 109.063801137507539, 8.257089664104338 ], [ 109.063722597583734, 8.254289489974715 ], [ 109.063656684316271, 8.251446680139981 ], [ 109.063603672976001, 8.248560347619994 ], [ 109.06356391364244, 8.245622177180149 ], [ 109.063537677907092, 8.242632839641226 ], [ 109.063525159888442, 8.239592116051982 ], [ 109.063526553276631, 8.236498009973539 ], [ 109.063542115467044, 8.23334677579806 ], [ 109.063572041471971, 8.230136077546899 ], [ 109.063616580915962, 8.226862467425748 ], [ 109.063675870070341, 8.223523843489923 ], [ 109.063750047205033, 8.220117976848984 ], [ 109.063839330262311, 8.21664162860913 ], [ 109.063943401157331, 8.213096868796695 ], [ 109.064062540062366, 8.209479011642694 ], [ 109.064196568280309, 8.205787885378706 ], [ 109.064345483261476, 8.202021725148033 ], [ 109.064509465133909, 8.198176826413931 ], [ 109.064688370655915, 8.194251969599812 ], [ 109.064881988638973, 8.190247288302759 ], [ 109.065090414779888, 8.186158428254611 ], [ 109.065313377338555, 8.181985790240354 ], [ 109.065550786765755, 8.177726825509309 ], [ 109.065802288813941, 8.173381311209262 ], [ 109.066067474820628, 8.168952812253059 ], [ 109.066346004273086, 8.164440215066971 ], [ 109.066637610708952, 8.159842066552102 ], [ 109.066941859206381, 8.155157592705191 ], [ 109.067258355795303, 8.150389935577234 ], [ 109.067586535946916, 8.14553761661967 ], [ 109.067925891115109, 8.1406031183558 ], [ 109.068275840667098, 8.135588021839505 ], [ 109.068635772898816, 8.130494225712901 ], [ 109.069005053041494, 8.12532226485736 ], [ 109.069382982935025, 8.120076183313456 ], [ 109.06976884238037, 8.11475696786116 ], [ 109.070161851525882, 8.109370731960613 ], [ 109.070561260956694, 8.103917062517834 ], [ 109.070966177336103, 8.098405417428053 ], [ 109.07137578520036, 8.092836841301354 ], [ 109.071789201831706, 8.087217325520008 ], [ 109.07220561141088, 8.081547981539797 ], [ 109.072624124272195, 8.075835223265043 ], [ 109.073043866882458, 8.070085292012051 ], [ 109.07346391894292, 8.06430197639825 ], [ 109.073883394477988, 8.058490565867512 ], [ 109.074301416274253, 8.052656470169715 ], [ 109.074717120723847, 8.046805189311533 ], [ 109.075129701298877, 8.040942785263413 ], [ 109.075538297368411, 8.035075878316336 ], [ 109.075942178503993, 8.029206993865948 ], [ 109.076340553489246, 8.02334377359769 ], [ 109.076732686335674, 8.01749140658209 ], [ 109.077117894117023, 8.011655284462867 ], [ 109.07749553693931, 8.005840673310683 ], [ 109.077864975469367, 8.000054067345065 ], [ 109.078225838556634, 7.994295935729569 ], [ 109.078577376189827, 7.988576989216522 ], [ 109.078919326681671, 7.982897054003085 ], [ 109.079251257668318, 7.977262310719452 ], [ 109.079572777705607, 7.971676250977261 ], [ 109.079883584945748, 7.966144457599552 ], [ 109.080183647260938, 7.960665757085028 ], [ 109.080472505952187, 7.955247665861807 ], [ 109.080750372188817, 7.949890587949111 ], [ 109.081016939759436, 7.944596660432602 ], [ 109.081272039455385, 7.939371063886086 ], [ 109.081515944779895, 7.934212998742606 ], [ 109.081748520320204, 7.929123872032054 ], [ 109.08196998088691, 7.924107964428593 ], [ 109.082180461569422, 7.919161898524193 ], [ 109.08238015656876, 7.914290900445186 ], [ 109.082569180518647, 7.909492421097201 ], [ 109.082747754272091, 7.904772175553576 ], [ 109.082916395335772, 7.90012717732934 ], [ 109.083075286439694, 7.89555562587057 ], [ 109.083224915150311, 7.891057372045378 ], [ 109.083365551499199, 7.886631642590167 ], [ 109.083497550911233, 7.882276167466872 ], [ 109.083621350314971, 7.87799436380263 ], [ 109.083737271254904, 7.873782120392569 ], [ 109.083845725903217, 7.869638276397924 ], [ 109.08394721733012, 7.865561584126047 ], [ 109.084041983783663, 7.861550280994429 ], [ 109.084130503338827, 7.857602818619144 ], [ 109.084213269835487, 7.853719032440737 ], [ 109.084290533875773, 7.849894131621777 ], [ 109.084362663044317, 7.846126216372284 ], [ 109.084430068917754, 7.84241379264882 ], [ 109.084493232805073, 7.838753698381279 ], [ 109.084552524071412, 7.835149434475143 ], [ 109.084608322348032, 7.83159618716176 ], [ 109.084660837299253, 7.828090428042698 ], [ 109.084710957798379, 7.824633317908816 ], [ 109.084758640333362, 7.821223450070941 ], [ 109.084804288547062, 7.817857533943839 ], [ 109.084847940609379, 7.814530683195576 ], [ 109.084890215638168, 7.811239836348472 ], [ 109.084931176130198, 7.807985387028163 ], [ 109.08497108063446, 7.804765390753657 ], [ 109.085010117082689, 7.801579131643158 ], [ 109.085048669870574, 7.798424989294076 ], [ 109.085086827472523, 7.795297112725604 ], [ 109.085124780830029, 7.792197474695088 ], [ 109.085162762929869, 7.789123096090171 ], [ 109.085200911373022, 7.786073449411444 ], [ 109.08523941678979, 7.783045783383417 ], [ 109.085278416044574, 7.780038439038163 ], [ 109.085318031480341, 7.777049797805192 ], [ 109.085358371195639, 7.77407828189556 ], [ 109.085399529350028, 7.771122354502746 ], [ 109.085441586506676, 7.768180519845642 ], [ 109.085484609991553, 7.765251323075093 ], [ 109.08552865428598, 7.762333350066286 ], [ 109.085573749456458, 7.759426407180804 ], [ 109.085619951619407, 7.756526791039597 ], [ 109.085667269352314, 7.753633245349155 ], [ 109.08571575873988, 7.750745574822282 ], [ 109.085765299268971, 7.747863955942497 ], [ 109.085815943709136, 7.744985896498073 ], [ 109.085867742347631, 7.742109015832711 ], [ 109.085920521427511, 7.739234709939265 ], [ 109.085974355479394, 7.736359444752837 ], [ 109.086029189883064, 7.733483345921814 ], [ 109.086084915709094, 7.730605472678563 ], [ 109.086141359851865, 7.727727327908057 ], [ 109.086198674203928, 7.724843138022276 ], [ 109.086256669744557, 7.721954438595413 ], [ 109.086315231718658, 7.719061596287281 ], [ 109.086374356315659, 7.716161342737669 ], [ 109.086433966142721, 7.713253063657083 ], [ 109.086493889954141, 7.71033835739053 ], [ 109.08655410926653, 7.707414128751463 ], [ 109.08661454665878, 7.704479719333373 ], [ 109.08667506580916, 7.701535697182625 ], [ 109.086735435756523, 7.698583629343262 ], [ 109.086795643570994, 7.695621542608788 ], [ 109.086855639915868, 7.692646517104258 ], [ 109.08691529129942, 7.689659230085399 ], [ 109.08697447274568, 7.686660371973488 ], [ 109.087033131952921, 7.683647075729029 ], [ 109.087091242678767, 7.680619019723256 ], [ 109.08714861255811, 7.677577040933759 ], [ 109.087205147058128, 7.674520757075945 ], [ 109.087260812408758, 7.671449904059868 ], [ 109.087315452153419, 7.668363003589684 ], [ 109.08736883734143, 7.665262134021927 ], [ 109.087420803113389, 7.662148021981531 ], [ 109.087471618802994, 7.659016821992117 ], [ 109.08752105983605, 7.655870786342116 ], [ 109.087569077680314, 7.652708555284143 ], [ 109.087615793160793, 7.649527571113041 ], [ 109.087661043533188, 7.646329914182366 ], [ 109.087704828675086, 7.643115490022129 ], [ 109.087747120570825, 7.639884271987828 ], [ 109.087787760784082, 7.636637768202516 ], [ 109.087826783416162, 7.633375998378201 ], [ 109.087864338893297, 7.630096645171533 ], [ 109.08790022568536, 7.626802221871471 ], [ 109.087934552052801, 7.623491689914212 ], [ 109.087967337693655, 7.620165231876335 ], [ 109.087998611410214, 7.616823060512616 ], [ 109.088028566783578, 7.61346426302475 ], [ 109.088057772280024, 7.610085422553546 ], [ 109.088085422323246, 7.606693389841956 ], [ 109.088111300896131, 7.603289980052517 ], [ 109.088135949501051, 7.599872271217728 ], [ 109.088159307675184, 7.596441749623217 ], [ 109.088181761427677, 7.59299657458233 ], [ 109.08820325873765, 7.58953829693106 ], [ 109.088223908133301, 7.586067361324073 ], [ 109.088243876678177, 7.582583093282922 ], [ 109.088263183579954, 7.579088307652991 ], [ 109.08828189996207, 7.575583480036682 ], [ 109.088300452046809, 7.572065680408874 ], [ 109.088318760681346, 7.568538917319258 ], [ 109.088337032230285, 7.565002564593905 ], [ 109.088355434196515, 7.561457174330658 ], [ 109.088374184891009, 7.557902192330587 ], [ 109.088393354784344, 7.554340424423437 ], [ 109.088413112819467, 7.550772451583091 ], [ 109.088433652279164, 7.547197754178821 ], [ 109.088455307801723, 7.543615703439483 ], [ 109.088478162847679, 7.540028069914964 ], [ 109.08850240758639, 7.536435439694167 ], [ 109.088528234500401, 7.532838393854897 ], [ 109.088555837858181, 7.529237506268156 ], [ 109.088585413181221, 7.525633341387607 ], [ 109.088617167444838, 7.52202639952806 ], [ 109.088651339037611, 7.518417114274865 ], [ 109.088688051395522, 7.51480617157008 ], [ 109.088727597945066, 7.511193808264965 ], [ 109.08877005083238, 7.507580704455646 ], [ 109.088815601297853, 7.503968395188666 ], [ 109.088864683877574, 7.500354873200687 ], [ 109.088917573824091, 7.496739441531621 ], [ 109.088974025056288, 7.493127009926426 ], [ 109.089034677889316, 7.489513264773637 ], [ 109.089099262341549, 7.485903195175238 ], [ 109.089167944816225, 7.482295998409261 ], [ 109.089241111353843, 7.478689703216334 ], [ 109.089318907789476, 7.475086677872559 ], [ 109.089401763616422, 7.471483637958534 ], [ 109.089489353457552, 7.467885385160591 ], [ 109.089582071310787, 7.464289597809058 ], [ 109.089680047637458, 7.460695260621501 ], [ 109.089783476419399, 7.457104548809606 ], [ 109.089892434661834, 7.45351514333007 ], [ 109.090007135579143, 7.449929327759929 ], [ 109.090127333484531, 7.446346914893049 ], [ 109.09025375786689, 7.442764240637383 ], [ 109.090386320604765, 7.439184512712726 ], [ 109.090524997549679, 7.435605158820932 ], [ 109.09066969335349, 7.432029322715501 ], [ 109.09082117379161, 7.428453061641974 ], [ 109.090978986491223, 7.424874943366944 ], [ 109.091143036554641, 7.421298041376831 ], [ 109.091314247674035, 7.417719464855652 ], [ 109.091492295237146, 7.41413984540737 ], [ 109.091677267067695, 7.410558567289383 ], [ 109.091868845297356, 7.406977250610918 ], [ 109.092067907667115, 7.403390565676828 ], [ 109.092273677806787, 7.399802451968384 ], [ 109.092487137857333, 7.396207451122899 ], [ 109.092707945975036, 7.392608328174141 ], [ 109.092935591707885, 7.389003062922199 ], [ 109.093171257939716, 7.385390827245962 ], [ 109.093413890264344, 7.381770774787371 ], [ 109.093664729070497, 7.378141956570645 ], [ 109.093923256324999, 7.374502345870023 ], [ 109.094188992342026, 7.370854542927483 ], [ 109.094463150175883, 7.367194105150816 ], [ 109.094744660062219, 7.363521270114568 ], [ 109.095034763258923, 7.359835124047905 ], [ 109.095332995732164, 7.356133557675521 ], [ 109.095638715809244, 7.352419246664969 ], [ 109.095953374516043, 7.348686524931775 ], [ 109.096275710160583, 7.344938070907443 ], [ 109.096607076944494, 7.341171871441711 ], [ 109.096947035265543, 7.33738578065611 ], [ 109.097295607720085, 7.333580219267192 ], [ 109.09765280150225, 7.329755685633083 ], [ 109.098018870265292, 7.32590896562171 ], [ 109.098393200677037, 7.322041839289198 ], [ 109.09877718744599, 7.318151207891838 ], [ 109.099170280126145, 7.314237741906932 ], [ 109.099572525360045, 7.310302181090012 ], [ 109.099984102342233, 7.306342788370358 ], [ 109.100405213520077, 7.302357938901221 ], [ 109.100835781497238, 7.298349907932467 ], [ 109.101276038799213, 7.294317148326718 ], [ 109.101726807661464, 7.290256970952511 ], [ 109.102186799374905, 7.286174471544135 ], [ 109.102656818982368, 7.282067159589248 ], [ 109.10313767150285, 7.277932587799982 ], [ 109.103628070071323, 7.273776229568655 ], [ 109.104129372803541, 7.269594534719365 ], [ 109.104640708400368, 7.265389276864584 ], [ 109.105162490624792, 7.261162372392471 ], [ 109.105695558036757, 7.256910543580133 ], [ 109.106238776023972, 7.252639858468381 ], [ 109.106792940205452, 7.248347292339325 ], [ 109.107358515468434, 7.244033883148657 ], [ 109.10793464136033, 7.239703328227294 ], [ 109.108521876668959, 7.235355554935683 ], [ 109.109120280977834, 7.230991921726764 ], [ 109.109729931993243, 7.226613800011643 ], [ 109.110350898158472, 7.222222679252073 ], [ 109.110982817780865, 7.217822949546162 ], [ 109.111626620494562, 7.213410704908804 ], [ 109.112281909770886, 7.208991946220016 ], [ 109.112948728115242, 7.204564103197623 ], [ 109.113627145558794, 7.200132174190776 ], [ 109.114317206115004, 7.195696640088574 ], [ 109.11501893364624, 7.191262436790057 ], [ 109.115732072260101, 7.186828483235009 ], [ 109.116457672887535, 7.182397168132102 ], [ 109.117194916486852, 7.177976005514354 ], [ 109.117943586704754, 7.173563712042412 ], [ 109.118704411333894, 7.169159599893711 ], [ 109.119477154331832, 7.16476555269892 ], [ 109.120261264248754, 7.160388155465561 ], [ 109.121057570284961, 7.156025050856254 ], [ 109.121865522026468, 7.15167941893752 ], [ 109.122685534694298, 7.147351774531221 ], [ 109.123518342203184, 7.143039740180842 ], [ 109.124361844364358, 7.138759762779975 ], [ 109.125217466847033, 7.134504983281691 ], [ 109.126084660175692, 7.13027818828599 ], [ 109.126963637252288, 7.126081332206988 ], [ 109.12785483485716, 7.121912568196154 ], [ 109.128757658424078, 7.117776417882844 ], [ 109.129673040790777, 7.113671324094694 ], [ 109.130600404393235, 7.109601716388387 ], [ 109.131540224450944, 7.105565242849419 ], [ 109.132492384553672, 7.101564592976596 ], [ 109.133456477917932, 7.097601983065251 ], [ 109.134433403333574, 7.093677200900317 ], [ 109.13542317666473, 7.089788834865055 ], [ 109.136425919551982, 7.085937415869992 ], [ 109.137440975314064, 7.082126692250217 ], [ 109.138469780578134, 7.078352588523774 ], [ 109.139511753602463, 7.074618335834537 ], [ 109.140567587709327, 7.070924081670089 ], [ 109.141637072159895, 7.067269270523196 ], [ 109.142721038694006, 7.063652388481611 ], [ 109.143818471344176, 7.06007585975568 ], [ 109.144930219561914, 7.056537940423908 ], [ 109.146057295802422, 7.05303495491084 ], [ 109.147199957814905, 7.049566524752545 ], [ 109.14835638570753, 7.046139672895026 ], [ 109.149527387218598, 7.04275235377325 ], [ 109.150713960146973, 7.03940039304188 ], [ 109.151916253361705, 7.036084733205826 ], [ 109.153134763638477, 7.032800818199483 ], [ 109.154369521641229, 7.029551207612096 ], [ 109.155621073760926, 7.026331253546151 ], [ 109.156889564073879, 7.023141613483578 ], [ 109.158175404667261, 7.019979446191005 ], [ 109.159478543961086, 7.016847063802438 ], [ 109.160799584649027, 7.013739600263157 ], [ 109.162138281783015, 7.010660971135981 ], [ 109.163495255380155, 7.007606062848816 ], [ 109.164870744474769, 7.004573488240917 ], [ 109.166265209219759, 7.001560062661191 ], [ 109.167678403234987, 6.998567897450122 ], [ 109.169110737977434, 6.995593751763185 ], [ 109.170562383308749, 6.992636150513489 ], [ 109.172033485629839, 6.989693606749784 ], [ 109.173524165300023, 6.98676462552882 ], [ 109.175036438987007, 6.983841091210767 ], [ 109.176569355457801, 6.980924417806868 ], [ 109.17812063803575, 6.978021188715658 ], [ 109.179691181329616, 6.975127250280543 ], [ 109.181280734114068, 6.972243025432579 ], [ 109.182889742078601, 6.969363154677898 ], [ 109.184518755065127, 6.966484835993667 ], [ 109.186167083298798, 6.963608204867636 ], [ 109.187834500474935, 6.960731841335862 ], [ 109.18952017796876, 6.957855918175903 ], [ 109.191224922226525, 6.954975905269441 ], [ 109.192947780964744, 6.952092082681065 ], [ 109.194688304451802, 6.949203158006594 ], [ 109.196445378348471, 6.946309473381292 ], [ 109.19821964972391, 6.943406521803498 ], [ 109.200010124440482, 6.940494836010916 ], [ 109.201815963093239, 6.937572937066869 ], [ 109.203636414721487, 6.934639752423281 ], [ 109.205470664136499, 6.931694261928606 ], [ 109.207317831854581, 6.928735500657799 ], [ 109.209177339029722, 6.925760808786267 ], [ 109.211047431253277, 6.922772914964996 ], [ 109.212927411926572, 6.919769255100597 ], [ 109.214816155040381, 6.916749150144972 ], [ 109.216712850470174, 6.913710235944053 ], [ 109.218617827806142, 6.910650592094907 ], [ 109.220527681488818, 6.907572104923969 ], [ 109.222440195377402, 6.90447791450597 ], [ 109.224353898942638, 6.901366063758602 ], [ 109.226269232591576, 6.898233358501482 ], [ 109.228183141312613, 6.895082748666387 ], [ 109.230095186005485, 6.891912755572682 ], [ 109.23200322024681, 6.888722905020809 ], [ 109.2339068432657, 6.885511829941461 ], [ 109.235801896242393, 6.882284445032069 ], [ 109.237688927496336, 6.879036271327177 ], [ 109.239566079730267, 6.875769424415544 ], [ 109.2414311887065, 6.872483962188916 ], [ 109.243283851029361, 6.86917881638619 ], [ 109.24512008196389, 6.865859390855699 ], [ 109.246941357470902, 6.862519579523529 ], [ 109.248743831677302, 6.859164786377952 ], [ 109.250526236562493, 6.85579595914837 ], [ 109.252288807366341, 6.852410256631705 ], [ 109.254028322644587, 6.849011717703116 ], [ 109.255745966235551, 6.845596193566011 ], [ 109.257437461686237, 6.842171219083933 ], [ 109.259102599429681, 6.838736070967317 ], [ 109.260742001847191, 6.835288094968924 ], [ 109.262352697698972, 6.831831627797548 ], [ 109.26393579419954, 6.828364362345802 ], [ 109.265488549667069, 6.824890549405589 ], [ 109.267012231180075, 6.821408031590965 ], [ 109.268504846421536, 6.817919125269299 ], [ 109.269965815632119, 6.814427052596047 ], [ 109.271396399318164, 6.810929258396635 ], [ 109.272794278362994, 6.807430102751416 ], [ 109.274161379693766, 6.8039273365054 ], [ 109.275497242096847, 6.800421591553358 ], [ 109.276802017129484, 6.796915837717984 ], [ 109.278074317870448, 6.793412389495386 ], [ 109.279316533745856, 6.789908914909399 ], [ 109.280527535603696, 6.786407695905349 ], [ 109.281707803014086, 6.782911573178283 ], [ 109.282860574244907, 6.779414538657991 ], [ 109.283982291152654, 6.775925858456159 ], [ 109.285076868894208, 6.772441449753058 ], [ 109.286143519768885, 6.768965331929565 ], [ 109.287183366450734, 6.765496035286369 ], [ 109.288198340271308, 6.762034535292383 ], [ 109.289189050890116, 6.758581200424405 ], [ 109.290155575948233, 6.755138044119041 ], [ 109.291100711743709, 6.751703969100523 ], [ 109.292025249394925, 6.748279206704846 ], [ 109.292928724263319, 6.744867355579903 ], [ 109.293815997366835, 6.741462253553981 ], [ 109.294686633340945, 6.738067499128465 ], [ 109.295540893601952, 6.734684847961323 ], [ 109.296382446014348, 6.731311469115433 ], [ 109.297211533787788, 6.727949130594172 ], [ 109.298030838560621, 6.724596314738011 ], [ 109.298839498822801, 6.721256144580648 ], [ 109.299641256207792, 6.717925667339681 ], [ 109.300436329677424, 6.714606513290412 ], [ 109.301226120991203, 6.711298719023506 ], [ 109.302010855681075, 6.708003804416107 ], [ 109.302792377721801, 6.704720412576347 ], [ 109.303573065455055, 6.701448637788701 ], [ 109.304352490962657, 6.698189914184215 ], [ 109.305134319382191, 6.694941185018649 ], [ 109.305917347224096, 6.691705446079272 ], [ 109.306705215192579, 6.688479624150149 ], [ 109.307496635832223, 6.685266630468384 ], [ 109.308294587089335, 6.682064872454194 ], [ 109.309098821377106, 6.678874421545526 ], [ 109.309912308670874, 6.675693635035809 ], [ 109.310733440875552, 6.672525506631715 ], [ 109.311565087658181, 6.669368427812612 ], [ 109.312408044489416, 6.666221061062233 ], [ 109.313261350367398, 6.663086109657464 ], [ 109.314127575805173, 6.659962196683134 ], [ 109.315006257282619, 6.656849295095503 ], [ 109.315899948657048, 6.65374599443989 ], [ 109.316806783828184, 6.650655059780568 ], [ 109.31772921062597, 6.647575121688594 ], [ 109.318666547570757, 6.644506221796012 ], [ 109.319621188959772, 6.641446997646676 ], [ 109.320591056485767, 6.638400217238883 ], [ 109.321578460368656, 6.635364521962728 ], [ 109.322582543618637, 6.632340037752133 ], [ 109.323605547065668, 6.629325430290547 ], [ 109.324645255816833, 6.626323432764922 ], [ 109.325703143724795, 6.623332843487327 ], [ 109.326780270755847, 6.6203534861693 ], [ 109.327875345309678, 6.617385816153236 ], [ 109.328990708117686, 6.614428268615585 ], [ 109.330123738800509, 6.611483810843253 ], [ 109.331276721486631, 6.608550870733121 ], [ 109.332450047343457, 6.605626462991209 ], [ 109.333643359263519, 6.602714018774705 ], [ 109.334854619887309, 6.599815204211974 ], [ 109.336085532680315, 6.596929596882807 ], [ 109.33733524301212, 6.594056254201661 ], [ 109.338605387782593, 6.591194894810051 ], [ 109.339893833156495, 6.588347131605319 ], [ 109.341203345176098, 6.585510251410859 ], [ 109.342533203094845, 6.58268429647122 ], [ 109.343882339117613, 6.57987187569333 ], [ 109.34525133003541, 6.57707169591541 ], [ 109.346643113718841, 6.574278461480442 ], [ 109.348054189685811, 6.571496660771669 ], [ 109.349482557297151, 6.568734055542186 ], [ 109.350930970584429, 6.565983436475228 ], [ 109.352399470537833, 6.563244733016844 ], [ 109.353888108571553, 6.560517852841084 ], [ 109.355398458442394, 6.55780125072785 ], [ 109.356927137321634, 6.555098856229338 ], [ 109.35847826269864, 6.552405147077464 ], [ 109.360048483393768, 6.549723957992585 ], [ 109.361640864209534, 6.547052346796919 ], [ 109.363252609654779, 6.54439277361698 ], [ 109.364885332926463, 6.541743629198582 ], [ 109.36653919002498, 6.539104650059747 ], [ 109.368215269876941, 6.536475451302849 ], [ 109.369912019301523, 6.533855807456171 ], [ 109.371630568265701, 6.531245263247254 ], [ 109.373371186382926, 6.528643402362447 ], [ 109.375134165736526, 6.526049778729696 ], [ 109.376919821175434, 6.52346391642787 ], [ 109.378728490520672, 6.520885309678545 ], [ 109.380560534680342, 6.518313422920872 ], [ 109.382415514362506, 6.515748986668853 ], [ 109.384293624394147, 6.513190223032012 ], [ 109.386197818207492, 6.510635165845523 ], [ 109.388127576575371, 6.508083270941563 ], [ 109.390080384766677, 6.505537623608709 ], [ 109.392060594970715, 6.502993690319397 ], [ 109.394067754411978, 6.500450877009668 ], [ 109.396099524402615, 6.497912099517856 ], [ 109.398160903076828, 6.495371558940166 ], [ 109.400247919253133, 6.492833555052093 ], [ 109.402365727594756, 6.490292098483271 ], [ 109.404513169745471, 6.487747832314746 ], [ 109.406688639124908, 6.485202429552252 ], [ 109.408895308022508, 6.482653482681015 ], [ 109.411132214476595, 6.480101451593083 ], [ 109.413406571080188, 6.477538142266194 ], [ 109.415713178467755, 6.474969159158397 ], [ 109.418051757072817, 6.472393734320397 ], [ 109.420424512293323, 6.469809532269158 ], [ 109.422832153133044, 6.467215544682056 ], [ 109.425275410548835, 6.464610734954428 ], [ 109.427752222178057, 6.46199593337434 ], [ 109.430266949439599, 6.459368228965887 ], [ 109.432818694911816, 6.456728081437052 ], [ 109.435409381823433, 6.454071807140526 ], [ 109.438037437237242, 6.451401173177053 ], [ 109.440708134125757, 6.448711881337654 ], [ 109.443420095684104, 6.446003066979209 ], [ 109.446173519643338, 6.443274910152853 ], [ 109.44897255738347, 6.440523134003157 ], [ 109.45181983027588, 6.437745818414276 ], [ 109.454703307575713, 6.434952132830389 ], [ 109.457631241074296, 6.432134850295188 ], [ 109.460602036211711, 6.429295981188597 ], [ 109.463620935122535, 6.426428453621026 ], [ 109.466684468381317, 6.423535871057886 ], [ 109.469795021617941, 6.420615664213815 ], [ 109.472954503117137, 6.417666839170175 ], [ 109.476160997947559, 6.414688482091394 ], [ 109.479423503441566, 6.41167434247145 ], [ 109.482732887625431, 6.408629839886742 ], [ 109.486090666947192, 6.405554295998583 ], [ 109.48949668408801, 6.402448677609977 ], [ 109.492954331574921, 6.39930722329793 ], [ 109.496464864404217, 6.396130640229549 ], [ 109.500028013006286, 6.392916496284854 ], [ 109.503643182518942, 6.389667170591795 ], [ 109.507311811222152, 6.386378726930292 ], [ 109.511031815810256, 6.383053869171889 ], [ 109.514802750219673, 6.379693948869622 ], [ 109.51862963836075, 6.376291369630341 ], [ 109.522507946702177, 6.372852562160225 ], [ 109.526442609086757, 6.369370008240844 ], [ 109.530429557477675, 6.36584851770593 ], [ 109.534472018536661, 6.362285809999189 ], [ 109.538569325766488, 6.358679837441064 ], [ 109.542720963327028, 6.355031955378823 ], [ 109.546925099372459, 6.35134378271972 ], [ 109.551185242094817, 6.3476112787534 ], [ 109.555499420038586, 6.343836174935864 ], [ 109.559867450725946, 6.340018338919407 ], [ 109.564289151955194, 6.336157660435496 ], [ 109.56876597899047, 6.332252144782119 ], [ 109.573293092556355, 6.328307691802574 ], [ 109.577873574623169, 6.324318761671253 ], [ 109.582510842924563, 6.320281216369923 ], [ 109.58720070729747, 6.316201042363176 ], [ 109.591936201206053, 6.312084813037024 ], [ 109.596724648025997, 6.307923275875937 ], [ 109.601559419585172, 6.30372473449472 ], [ 109.606444319746444, 6.299483881360383 ], [ 109.611373928877157, 6.295205432700341 ], [ 109.616348167465986, 6.290890317918984 ], [ 109.621368250818577, 6.286535524642378 ], [ 109.626428429074195, 6.282147836862002 ], [ 109.631532212703235, 6.277722496964175 ], [ 109.636677567371947, 6.273260618424211 ], [ 109.641859955205518, 6.268767494163305 ], [ 109.647077123129918, 6.26424432164036 ], [ 109.652332448983287, 6.259686703514932 ], [ 109.657617303553025, 6.255104281211936 ], [ 109.662934230502202, 6.250492513209497 ], [ 109.668277490891086, 6.24585706579564 ], [ 109.673648456769115, 6.24119604518299 ], [ 109.679042642213531, 6.236513342329981 ], [ 109.684459334998238, 6.231809018220688 ], [ 109.689892027972519, 6.227088928191369 ], [ 109.69533956550687, 6.222353737681851 ], [ 109.700799102534248, 6.217605247693281 ], [ 109.706267474579064, 6.2128461287521 ], [ 109.711743174084489, 6.208077000995165 ], [ 109.717219542984552, 6.203304075629725 ], [ 109.722696688251759, 6.198526305281797 ], [ 109.728167207440208, 6.193750475169748 ], [ 109.73363158432673, 6.188975201296995 ], [ 109.739084334984057, 6.184205240021951 ], [ 109.744521896335954, 6.179443350034489 ], [ 109.749938584546797, 6.174694357509016 ], [ 109.755332952524526, 6.169958902863914 ], [ 109.760703424319985, 6.165237810163736 ], [ 109.766042345459269, 6.160537824736767 ], [ 109.771350304494732, 6.155857688747551 ], [ 109.776619609634167, 6.151204148976941 ], [ 109.781847411699076, 6.146579389323405 ], [ 109.787035501640915, 6.141980893033185 ], [ 109.792172926424769, 6.137418608536687 ], [ 109.797262731073644, 6.132889069950335 ], [ 109.802299818181268, 6.128396589308664 ], [ 109.807281253675299, 6.123943447778345 ], [ 109.812200773601901, 6.119535287731922 ], [ 109.817062657239433, 6.115167261970856 ], [ 109.82186094426423, 6.110844764400424 ], [ 109.826593301626971, 6.10656961687918 ], [ 109.831257061192659, 6.102344037674885 ], [ 109.835854225487935, 6.098165474914614 ], [ 109.840379729777652, 6.094038620579199 ], [ 109.844831961155165, 6.089964737050025 ], [ 109.84920491663587, 6.085949834899842 ], [ 109.853505259890284, 6.081986597808171 ], [ 109.857728168752388, 6.078079828526286 ], [ 109.86187278031089, 6.074230219614446 ], [ 109.865938410620089, 6.070438328381684 ], [ 109.86992748137277, 6.066701444690207 ], [ 109.873835389054207, 6.063024478344182 ], [ 109.877663117959727, 6.059406361274322 ], [ 109.881410676595067, 6.055847113892804 ], [ 109.885075014404762, 6.052349908797713 ], [ 109.888662862872835, 6.048907878258301 ], [ 109.8921690031829, 6.045526674128582 ], [ 109.895596802917353, 6.042202954266088 ], [ 109.898946938605732, 6.038936247760098 ], [ 109.90222125262143, 6.035724755634424 ], [ 109.905418566478403, 6.032570284187295 ], [ 109.908540935149304, 6.029470884533251 ], [ 109.91158947030938, 6.026425759442144 ], [ 109.914566353536671, 6.023432845258496 ], [ 109.917470904194559, 6.02049357745631 ], [ 109.92030544855406, 6.017605786284085 ], [ 109.923071399351571, 6.014768434018439 ], [ 109.925770226574159, 6.011980437735256 ], [ 109.928404393721195, 6.009239518774482 ], [ 109.930973585953339, 6.006546819049992 ], [ 109.933480356875847, 6.003899991750467 ], [ 109.93592728118314, 6.00129668075989 ], [ 109.938314163705058, 5.998737903498619 ], [ 109.940646052559373, 5.996218922360137 ], [ 109.942923900662421, 5.993739794905141 ], [ 109.945149614917014, 5.99129844208825 ], [ 109.94731435483682, 5.988902726251176 ], [ 109.949430136382986, 5.986542717271197 ], [ 109.95149803721452, 5.984217333313003 ], [ 109.953517988622806, 5.981927327899653 ], [ 109.955491129844205, 5.979671576275319 ], [ 109.957422000521646, 5.977446478169575 ], [ 109.959310865429359, 5.975251911165834 ], [ 109.961159392304566, 5.973086608786105 ], [ 109.962967890502469, 5.970950424865082 ], [ 109.96474066876705, 5.968839906224552 ], [ 109.96647799583198, 5.966754928478785 ], [ 109.968181477356055, 5.964694262615184 ], [ 109.969852701544085, 5.9626566906475 ], [ 109.971494370652181, 5.96064004674194 ], [ 109.973105856432738, 5.958645149855374 ], [ 109.974690439499568, 5.95666897178673 ], [ 109.976248780883495, 5.954711254523426 ], [ 109.977782393963068, 5.952770827405789 ], [ 109.979292782099705, 5.950846517791518 ], [ 109.98078142089328, 5.94893717848027 ], [ 109.982248916744965, 5.947042569816931 ], [ 109.983699285253337, 5.945158874346804 ], [ 109.985132496009598, 5.943286630318289 ], [ 109.986551684425862, 5.941423050543002 ], [ 109.987955782705171, 5.939569317368038 ], [ 109.989342516011533, 5.937727850518206 ], [ 109.990718568737023, 5.935892540278348 ], [ 109.992084039898288, 5.934063509639445 ], [ 109.993443269050402, 5.932236926826143 ], [ 109.994796870447246, 5.930412465176506 ], [ 109.996139772137823, 5.9285949444749 ], [ 109.997476727620764, 5.926780120393881 ], [ 109.9988089941738, 5.924967072479732 ], [ 110.000139850829981, 5.923152853783559 ], [ 110.00146854214384, 5.921338434187586 ], [ 110.002797400558848, 5.919521782776191 ], [ 110.00412937819948, 5.917700350249549 ], [ 110.005462258669624, 5.915876359694872 ], [ 110.006800789930068, 5.914045605913473 ], [ 110.008145308915672, 5.912208173340003 ], [ 110.009497496992594, 5.910362487669198 ], [ 110.010855833619345, 5.908510142248689 ], [ 110.012222544366651, 5.90664916451468 ], [ 110.013600538501493, 5.904777091777794 ], [ 110.014989277770255, 5.902894717563649 ], [ 110.016391874738517, 5.900999241459894 ], [ 110.017806839266171, 5.899092169154661 ], [ 110.019238134256099, 5.897170048884429 ], [ 110.020685968295211, 5.895233177098978 ], [ 110.022150917232636, 5.893280818514228 ], [ 110.023635929787105, 5.891310548504338 ], [ 110.025141353702736, 5.889322553691678 ], [ 110.026668553067026, 5.887315291950492 ], [ 110.028218682969609, 5.885288403308411 ], [ 110.029795044504937, 5.883239189939697 ], [ 110.031397999905906, 5.881166853045055 ], [ 110.033027877551092, 5.879071889953064 ], [ 110.03468505647831, 5.876953780899909 ], [ 110.03637256496927, 5.874810080986613 ], [ 110.038090814262887, 5.872640973867227 ], [ 110.0398420010075, 5.870444342821753 ], [ 110.041625547772114, 5.868221073527176 ], [ 110.043441590525887, 5.865970815687456 ], [ 110.045293178240769, 5.863691392878807 ], [ 110.047180529566305, 5.861382921387711 ], [ 110.049106623779707, 5.859042807071553 ], [ 110.05107266610861, 5.856670493235274 ], [ 110.053076838763516, 5.854267524590563 ], [ 110.055123008432318, 5.851830714584688 ], [ 110.057211298148033, 5.849360295636076 ], [ 110.059341746908871, 5.846856599419794 ], [ 110.061518180245159, 5.844316490463386 ], [ 110.063738555682704, 5.841741784742678 ], [ 110.066003794135895, 5.839132255815891 ], [ 110.068317611806847, 5.836484895297883 ], [ 110.07067665954078, 5.833802417416122 ], [ 110.07308265119147, 5.831084140076124 ], [ 110.075538973719702, 5.828327007246253 ], [ 110.078043326448821, 5.825533769011355 ], [ 110.080598050114048, 5.822702442068458 ], [ 110.083202644045315, 5.81983393729125 ], [ 110.085857449690678, 5.816928307930853 ], [ 110.088562924342, 5.813985878161846 ], [ 110.091317936506101, 5.811007409612483 ], [ 110.094123838352246, 5.807992323203375 ], [ 110.096980880454424, 5.804941231822234 ], [ 110.099891096114249, 5.801852555822379 ], [ 110.102849977174913, 5.798730423853103 ], [ 110.105860458599878, 5.79557269992933 ], [ 110.108921510958737, 5.792381366667364 ], [ 110.112033547542708, 5.789155997210168 ], [ 110.115195344350269, 5.78589882417682 ], [ 110.118404601026981, 5.782611028593829 ], [ 110.12166237571688, 5.779293588398644 ], [ 110.124968665104618, 5.775946392121719 ], [ 110.128320683299577, 5.772572781347894 ], [ 110.131716875469593, 5.769173449261295 ], [ 110.135156699648164, 5.765750604325016 ], [ 110.138642356112967, 5.762303069546184 ], [ 110.142168180753586, 5.758835838069915 ], [ 110.145736184004434, 5.755347888555017 ], [ 110.149344485882821, 5.751842425890823 ], [ 110.152991063201114, 5.748320462498017 ], [ 110.156676630203279, 5.744784093394092 ], [ 110.160399311063372, 5.741234269883439 ], [ 110.164157054910831, 5.737674464441976 ], [ 110.167946162993104, 5.734106466400115 ], [ 110.171764219182919, 5.730533961545947 ], [ 110.175613000986942, 5.726956294344654 ], [ 110.17949025088312, 5.723377118354242 ], [ 110.183393623226948, 5.719797689468848 ], [ 110.187322129081366, 5.716221087238662 ], [ 110.191273467274101, 5.712648571020199 ], [ 110.195246597493792, 5.709083232374776 ], [ 110.199242099972281, 5.705524937224341 ], [ 110.203253442886776, 5.701979434582969 ], [ 110.207283841977812, 5.698445261174516 ], [ 110.211325351738992, 5.694928849626353 ], [ 110.215381051173424, 5.691428751916194 ], [ 110.219447094005744, 5.687949343643271 ], [ 110.223524065299486, 5.684490336606795 ], [ 110.227608127101902, 5.681056045397493 ], [ 110.231698857563273, 5.677647188881938 ], [ 110.235796726277798, 5.674263540083079 ], [ 110.239896974539079, 5.670910275638053 ], [ 110.243997798398297, 5.667588677423938 ], [ 110.248100475878772, 5.664299162179234 ], [ 110.252202173527138, 5.661044007826247 ], [ 110.256302900427656, 5.657824123709077 ], [ 110.260401440433185, 5.654640916436783 ], [ 110.264493694080443, 5.651497053925274 ], [ 110.268580781000423, 5.648392133630614 ], [ 110.272659291566569, 5.645329632659323 ], [ 110.276728941792655, 5.642309666861465 ], [ 110.280788151892253, 5.639332864067928 ], [ 110.284836438930412, 5.636401169323487 ], [ 110.28887198728971, 5.633514513101783 ], [ 110.292892994897329, 5.630675313391193 ], [ 110.296901852256781, 5.627881509206492 ], [ 110.300892732192764, 5.625137107466492 ], [ 110.304867027106567, 5.622440979581197 ], [ 110.308823780059868, 5.619793604847307 ], [ 110.312763454760173, 5.617194831528851 ], [ 110.31668242517263, 5.61464605671479 ], [ 110.320582197676401, 5.612145801194632 ], [ 110.324459999313476, 5.609696515954849 ], [ 110.328316071692996, 5.607297093024441 ], [ 110.332149702296505, 5.604947504301387 ], [ 110.335959313600441, 5.602648757870026 ], [ 110.339746138192112, 5.600398378172552 ], [ 110.343508663489132, 5.598197233061843 ], [ 110.347245336886587, 5.596046149494633 ], [ 110.350957624096225, 5.593942459715289 ], [ 110.354642810067787, 5.591887265858029 ], [ 110.358302132118894, 5.589880221666369 ], [ 110.361935896862448, 5.587918981427919 ], [ 110.365541840041686, 5.586005034485894 ], [ 110.369121637351, 5.584135579039161 ], [ 110.37267415800595, 5.582310859974279 ], [ 110.376196946643361, 5.580531548601757 ], [ 110.379694488865638, 5.578793813433883 ], [ 110.383165830309011, 5.57709775044193 ], [ 110.386607316829526, 5.575444310962697 ], [ 110.390024253963531, 5.573828179422517 ], [ 110.393414507207041, 5.572250585317969 ], [ 110.396777256636483, 5.570711419260992 ], [ 110.400113064845769, 5.569210039832201 ], [ 110.403420698124577, 5.56774507685991 ], [ 110.406700742939364, 5.566315897741302 ], [ 110.409954243993425, 5.5649198653449 ], [ 110.413179894136277, 5.563558054952699 ], [ 110.416382371667027, 5.562226284473307 ], [ 110.419558683343638, 5.560924897597745 ], [ 110.422709565920741, 5.559653258986534 ], [ 110.425838741302599, 5.558408143548075 ], [ 110.428944267788566, 5.557189016708376 ], [ 110.432027882524565, 5.555994515222181 ], [ 110.43508962680778, 5.554824831689219 ], [ 110.438132329503617, 5.553675355113867 ], [ 110.441151845260421, 5.552549766023188 ], [ 110.444150633764181, 5.551446179091462 ], [ 110.447128927100195, 5.550362321456733 ], [ 110.450088664650735, 5.549296818944391 ], [ 110.453031030596676, 5.548249112273519 ], [ 110.455955304824428, 5.547217778701357 ], [ 110.458863468432128, 5.546201521307815 ], [ 110.461758523359407, 5.545198271348814 ], [ 110.464638762570715, 5.54420754574109 ], [ 110.467506042983629, 5.543228334387019 ], [ 110.470359883316164, 5.542261694629291 ], [ 110.473200610449595, 5.541305396940822 ], [ 110.476029350790498, 5.540359061654337 ], [ 110.478849161042916, 5.539420826860984 ], [ 110.481659252859998, 5.538489542235816 ], [ 110.484461634056672, 5.537564246575809 ], [ 110.487256628989101, 5.53664538395733 ], [ 110.490042539226963, 5.535732521436917 ], [ 110.492822397752747, 5.534823942580078 ], [ 110.495597404179719, 5.533919435818632 ], [ 110.498368969056386, 5.53301713029904 ], [ 110.501136001769865, 5.532117739238652 ], [ 110.503901115940252, 5.531219316914787 ], [ 110.506661960127104, 5.530322779021421 ], [ 110.509423593846776, 5.529425920466005 ], [ 110.51218453115689, 5.528529063315808 ], [ 110.51494451676885, 5.527632323604863 ], [ 110.517706087555965, 5.526733999985447 ], [ 110.520468966217507, 5.525834268184957 ], [ 110.523232542398731, 5.524932904375748 ], [ 110.525999879407536, 5.524029153391797 ], [ 110.52877029061203, 5.523122849255132 ], [ 110.531546632882737, 5.522212894889273 ], [ 110.534325012614772, 5.521300500809223 ], [ 110.537109083682438, 5.520384083294475 ], [ 110.539900478100421, 5.519463265411669 ], [ 110.542696209870044, 5.518538733064281 ], [ 110.545497166665754, 5.517610541144484 ], [ 110.54830382864796, 5.516678490085736 ], [ 110.551118504179058, 5.515741280157109 ], [ 110.553939620346839, 5.514799926156045 ], [ 110.556766742101132, 5.513854825194469 ], [ 110.559603017787211, 5.51290413125166 ], [ 110.562446564941027, 5.511948520823141 ], [ 110.565300249693564, 5.510987563347409 ], [ 110.568163032092912, 5.510021407939767 ], [ 110.571034217298745, 5.509050628127852 ], [ 110.57391458880798, 5.508074236911508 ], [ 110.576806098108364, 5.507092434620383 ], [ 110.579707600817869, 5.506105442754181 ], [ 110.58261835449548, 5.505113893052997 ], [ 110.585539008642911, 5.504116876815134 ], [ 110.588471558394687, 5.503114632438639 ], [ 110.591414688811952, 5.502107470159266 ], [ 110.594367209954896, 5.501095688994101 ], [ 110.597331922572977, 5.500079037385562 ], [ 110.600307149964607, 5.499057433588526 ], [ 110.603293909306743, 5.498031779465292 ], [ 110.60629140700776, 5.497001435547759 ], [ 110.609300644168854, 5.495967337496491 ], [ 110.612319821208516, 5.49492939721865 ], [ 110.615351957631304, 5.493887479857556 ], [ 110.618394204867769, 5.492842043429176 ], [ 110.621449674306533, 5.491792992653665 ], [ 110.62451690832188, 5.490740682526441 ], [ 110.627594634808759, 5.489685422679227 ], [ 110.630685847235796, 5.488627205363903 ], [ 110.633787747631629, 5.487566468584791 ], [ 110.636903442261271, 5.48650323926535 ], [ 110.640030058970538, 5.485437948903735 ], [ 110.64317082817368, 5.484370659285942 ], [ 110.64632610630693, 5.483301638381021 ], [ 110.649492999483783, 5.482231287524507 ], [ 110.652674862326776, 5.481159747855886 ], [ 110.655868822212753, 5.480087390062066 ], [ 110.659077262727891, 5.479014970900894 ], [ 110.662299373862353, 5.477941722706137 ], [ 110.665537632179294, 5.476868441404199 ], [ 110.668789264801148, 5.475795421441958 ], [ 110.672057851856167, 5.474722934421548 ], [ 110.675340593339172, 5.473651315165189 ], [ 110.67864121918133, 5.472580825125327 ], [ 110.681955847661357, 5.471512387136033 ], [ 110.685292532091665, 5.470444090247994 ], [ 110.688643358488278, 5.469378107875266 ], [ 110.692015114721372, 5.468314111313302 ], [ 110.695402326953882, 5.467254573243051 ], [ 110.698807382488326, 5.466198156861111 ], [ 110.702235679332986, 5.465144628074345 ], [ 110.705683908731828, 5.464095415502177 ], [ 110.709152198005185, 5.463050354468989 ], [ 110.712645092637828, 5.462009768414985 ], [ 110.71616161134699, 5.460974037838482 ], [ 110.719702699761797, 5.459943528882736 ], [ 110.723267526628888, 5.458918611150543 ], [ 110.726862052147396, 5.457899163714468 ], [ 110.730483039176619, 5.45688658200056 ], [ 110.734130938139785, 5.455880727819684 ], [ 110.737814861405681, 5.454882035882109 ], [ 110.741531955338687, 5.453890382435423 ], [ 110.745281001410234, 5.452907116864768 ], [ 110.7490646455106, 5.451932155963314 ], [ 110.752882047188749, 5.450965921643777 ], [ 110.756738033121835, 5.450008373394134 ], [ 110.760631392230934, 5.449060820773114 ], [ 110.764567126820282, 5.448123162659142 ], [ 110.768544900641729, 5.44719588563528 ], [ 110.772567899079718, 5.446279003625292 ], [ 110.776634947079685, 5.445373813921372 ], [ 110.780744691634382, 5.44448048953966 ], [ 110.784900395654503, 5.443599415627165 ], [ 110.78910734922124, 5.442730551458806 ], [ 110.793366638735719, 5.441875113605605 ], [ 110.797678445275892, 5.44103284176072 ], [ 110.802043568916275, 5.4402049541579 ], [ 110.806469296370793, 5.439391058762323 ], [ 110.810949506253479, 5.438592477435551 ], [ 110.815491255053885, 5.437808824173767 ], [ 110.820095539445163, 5.437041353636761 ], [ 110.824760805447056, 5.436290098533508 ], [ 110.829490870029886, 5.435555508824621 ], [ 110.834289817217666, 5.434838065957786 ], [ 110.839154201993608, 5.434138140150366 ], [ 110.844087692058011, 5.433456194955874 ], [ 110.849095898993141, 5.432792307005097 ], [ 110.854171606397927, 5.432147601684168 ], [ 110.859319942430787, 5.431522124220819 ], [ 110.864544595190054, 5.430916371315451 ], [ 110.869839486332012, 5.430330942463637 ], [ 110.875211252388965, 5.429765467305329 ], [ 110.880661378181443, 5.429220850408925 ], [ 110.886185049553546, 5.428697163256549 ], [ 110.891784878031331, 5.428194841194463 ], [ 110.897460839252943, 5.427714175467751 ], [ 110.903213844749999, 5.427255998539701 ], [ 110.909041485991764, 5.426819447376467 ], [ 110.914943997372944, 5.426405283392453 ], [ 110.920923648100683, 5.426013933708384 ], [ 110.926973431328676, 5.425645112813097 ], [ 110.933094735805852, 5.425299153708181 ], [ 110.939291239684991, 5.424976080840557 ], [ 110.945554065719904, 5.424676408246766 ], [ 110.951880322960733, 5.424399550885773 ], [ 110.958275937258904, 5.424145662185546 ], [ 110.964731052533423, 5.423915188533889 ], [ 110.971245107227787, 5.423707670103594 ], [ 110.977825066469649, 5.42352026458042 ], [ 110.984453501112029, 5.423357202957149 ], [ 110.991124547697538, 5.423217962130341 ], [ 110.997841595280349, 5.423100944949383 ], [ 111.004597815772385, 5.423005594043691 ], [ 111.0113979403949, 5.422931661166277 ], [ 111.018229767624646, 5.422879571972384 ], [ 111.025091522273968, 5.422848425593521 ], [ 111.03197578165539, 5.422837512799628 ], [ 111.038884195205398, 5.422847014679655 ], [ 111.045813966839404, 5.422873933931911 ], [ 111.052758251643837, 5.42292044003436 ], [ 111.059706382280567, 5.422986339861557 ], [ 111.066653906094842, 5.423069954002361 ], [ 111.073599477595735, 5.423172171959894 ], [ 111.080535131806542, 5.423290891458446 ], [ 111.087462576849816, 5.423426340365315 ], [ 111.094371025652393, 5.423576994443923 ], [ 111.101259738210771, 5.423743831533009 ], [ 111.108123956152383, 5.423925004287057 ], [ 111.114956479793435, 5.424119375571168 ], [ 111.121762361610934, 5.424326602745569 ], [ 111.128525477327955, 5.424546360845707 ], [ 111.13525141240973, 5.424778362187216 ], [ 111.141933290632252, 5.425021411756802 ], [ 111.148576770542405, 5.425273111098742 ], [ 111.155169508344926, 5.425535997469127 ], [ 111.161711454527605, 5.425807663369657 ], [ 111.16819090934986, 5.426088041158285 ], [ 111.174614497351996, 5.426376967405238 ], [ 111.180976859550569, 5.426672236020591 ], [ 111.187278847036865, 5.42697495244083 ], [ 111.193515386716186, 5.427284067297491 ], [ 111.199678904115032, 5.427598963304107 ], [ 111.20577437073203, 5.427920026690772 ], [ 111.2117975865131, 5.42824518857319 ], [ 111.21775350299977, 5.428575039854093 ], [ 111.223638216124471, 5.428908583899116 ], [ 111.229457224904337, 5.429245511868658 ], [ 111.235197950749495, 5.429585232166368 ], [ 111.240866075075417, 5.429927426856708 ], [ 111.246464345168889, 5.430272224059684 ], [ 111.251989859111674, 5.430617980663597 ], [ 111.25743944865296, 5.430965517610892 ], [ 111.262816480121316, 5.43131418444828 ], [ 111.268121342587619, 5.431663699839378 ], [ 111.273354727422685, 5.432012916135503 ], [ 111.278513810198305, 5.432363563731371 ], [ 111.283599968261115, 5.432713640646251 ], [ 111.288616749401498, 5.433063524396737 ], [ 111.293565031737415, 5.433413036202054 ], [ 111.298448579041491, 5.433762629989933 ], [ 111.303262895505526, 5.434110958694683 ], [ 111.308011852675023, 5.434458500152174 ], [ 111.312699372482044, 5.434805782738032 ], [ 111.317321298812942, 5.435151514607479 ], [ 111.321884517413068, 5.435496105768425 ], [ 111.326389787205329, 5.435840341271275 ], [ 111.330836225398386, 5.436182761786767 ], [ 111.33522212385725, 5.436524265675027 ], [ 111.339554852195818, 5.436864627554175 ], [ 111.34383557624912, 5.437204713384274 ], [ 111.348063470394635, 5.437543896905114 ], [ 111.352240344090916, 5.437882288996171 ], [ 111.356368025385251, 5.438220009453962 ], [ 111.360445477076325, 5.438557400252028 ], [ 111.364480257892879, 5.438894231938908 ], [ 111.36846587460613, 5.439230214018443 ], [ 111.372409883871882, 5.439566084861049 ], [ 111.376313848254156, 5.439903036848567 ], [ 111.380177648071523, 5.44023959454154 ], [ 111.384008505922509, 5.440576526260394 ], [ 111.387802822276015, 5.440914585666028 ], [ 111.391565524313847, 5.44125384091224 ], [ 111.39530144989449, 5.441594380099857 ], [ 111.399012366964726, 5.441936613262923 ], [ 111.402700088729134, 5.442280947065553 ], [ 111.406361481526844, 5.442628214651868 ], [ 111.409994246442295, 5.442978295661094 ], [ 111.413613885906059, 5.443332414149699 ], [ 111.417214830984463, 5.443690679992674 ], [ 111.420802483878532, 5.444052592503138 ], [ 111.424378813214091, 5.444420351764833 ], [ 111.427946542239852, 5.444793643027562 ], [ 111.431510876930773, 5.445172981645133 ], [ 111.435071816333874, 5.445558303729136 ], [ 111.438631342550522, 5.445951743868209 ], [ 111.442192407573359, 5.446353163728288 ], [ 111.445757927964848, 5.446762508855764 ], [ 111.449327859627644, 5.447181927687425 ], [ 111.452905216661705, 5.447611314745357 ], [ 111.45649818684727, 5.448051459428548 ], [ 111.460104443240752, 5.448502452378026 ], [ 111.463731750823072, 5.448966408097307 ], [ 111.467380414575018, 5.449443423269071 ], [ 111.471050803220336, 5.449933698982036 ], [ 111.474750809604103, 5.450439328183704 ], [ 111.478480698219499, 5.450960488544455 ], [ 111.482243299732062, 5.451498029898735 ], [ 111.486039000821748, 5.452052285809522 ], [ 111.489877937379589, 5.452625330372937 ], [ 111.493760225621799, 5.453217491691166 ], [ 111.497680767880439, 5.453828864203996 ], [ 111.501652653346184, 5.454461651067991 ], [ 111.5056652976793, 5.455115141278934 ], [ 111.509731956755203, 5.45579155407546 ], [ 111.513852378186982, 5.456490918276169 ], [ 111.518028758065498, 5.4572146518353 ], [ 111.522263299698054, 5.457962974492382 ], [ 111.526557909046488, 5.458737202817656 ], [ 111.53091451321653, 5.459537548540675 ], [ 111.535334707198359, 5.460365204373852 ], [ 111.539817363229275, 5.461220124640978 ], [ 111.544369117024956, 5.462103821063504 ], [ 111.548988200554774, 5.46301636489725 ], [ 111.553673093485713, 5.463957894390996 ], [ 111.558429266667133, 5.464929603303121 ], [ 111.563254780223829, 5.46593131790455 ], [ 111.56814919947017, 5.466963616856442 ], [ 111.573110031702768, 5.468026201051494 ], [ 111.57814176797136, 5.469119917297329 ], [ 111.583235835239265, 5.47024384163123 ], [ 111.588401434890443, 5.471399076753117 ], [ 111.593634825891002, 5.472585286621703 ], [ 111.598931739112061, 5.473801885514599 ], [ 111.604290071652798, 5.475048512827761 ], [ 111.609707402265954, 5.476324703956719 ], [ 111.615178235322944, 5.477629548172981 ], [ 111.620702107367094, 5.478962619381257 ], [ 111.626275538300732, 5.480323187891035 ], [ 111.631894872574804, 5.481710368008876 ], [ 111.637556181241962, 5.483123172968072 ], [ 111.643257759942401, 5.484560930870999 ], [ 111.64899006454911, 5.486021586282064 ], [ 111.6547510239578, 5.487504306382022 ], [ 111.660538575033101, 5.489008103483132 ], [ 111.666342188655861, 5.490530820283896 ], [ 111.672162120960607, 5.492071837034504 ], [ 111.677988187520697, 5.493628615887904 ], [ 111.68382003183612, 5.495200537885909 ], [ 111.689647429615832, 5.496784949412603 ], [ 111.695464926776509, 5.498380348882828 ], [ 111.701272523281318, 5.499985895720076 ], [ 111.707062526235063, 5.501599114566416 ], [ 111.71282675181331, 5.503218121377757 ], [ 111.718562918396756, 5.504841519711649 ], [ 111.724268585362509, 5.506467895386297 ], [ 111.729933702825775, 5.508094894776492 ], [ 111.735556472435462, 5.509721186909817 ], [ 111.741135008877734, 5.511345448660967 ], [ 111.74665999294497, 5.512965445432648 ], [ 111.752130312077171, 5.51457998564717 ], [ 111.757544819198955, 5.516187906210231 ], [ 111.762895101279668, 5.517787156904758 ], [ 111.76818347687805, 5.519377055659271 ], [ 111.773399468125547, 5.520955018839516 ], [ 111.778548123462045, 5.522521488929049 ], [ 111.783627717225798, 5.524075065562672 ], [ 111.788631022611483, 5.525614034259968 ], [ 111.793559507315891, 5.52713783068146 ], [ 111.798412480068819, 5.528645322337964 ], [ 111.803188076280207, 5.530136304345682 ], [ 111.807886421251723, 5.531609830883727 ], [ 111.812509784032272, 5.533065632792832 ], [ 111.817052958325021, 5.53450251371897 ], [ 111.821516976893435, 5.53591978308881 ], [ 111.825909029859943, 5.537318643125772 ], [ 111.830222684610277, 5.5386975251642 ], [ 111.834461689549869, 5.540056565129972 ], [ 111.838629673375408, 5.541395926076744 ], [ 111.842725486427682, 5.542715190394636 ], [ 111.846748320639435, 5.544013972436385 ], [ 111.85070486573629, 5.545292980942619 ], [ 111.854594671065911, 5.546551952573327 ], [ 111.858419845754526, 5.547791003707163 ], [ 111.86218262564563, 5.549010292118234 ], [ 111.865885360373966, 5.550210013012482 ], [ 111.869529880724627, 5.551390670370481 ], [ 111.873120089730065, 5.552551989630851 ], [ 111.876657939343502, 5.553694526781134 ], [ 111.880147740018927, 5.554819260357449 ], [ 111.88358902961636, 5.555925194788832 ], [ 111.886987636118633, 5.557013950817034 ], [ 111.89034487634423, 5.558085255940553 ], [ 111.893669069828078, 5.559141357282489 ], [ 111.89695571790152, 5.56018051934603 ], [ 111.900210103371847, 5.561203615700884 ], [ 111.903435281934392, 5.562211086036601 ], [ 111.906636376124482, 5.563203795578108 ], [ 111.909810562730229, 5.564180487790905 ], [ 111.912964501219463, 5.565142730112563 ], [ 111.916098962773134, 5.566090449714332 ], [ 111.919218335025306, 5.567023574234755 ], [ 111.922327536481447, 5.567944061651313 ], [ 111.925428070264459, 5.568851617123364 ], [ 111.928520689572252, 5.569746124945593 ], [ 111.931611051351069, 5.570628323852172 ], [ 111.934702774175605, 5.571499434354276 ], [ 111.937798725316014, 5.572359878489076 ], [ 111.94089882858114, 5.573208747948525 ], [ 111.94400511717042, 5.574046513732235 ], [ 111.947124531264052, 5.57487465548301 ], [ 111.950256128794109, 5.575692307070919 ], [ 111.953401748297694, 5.576499885110321 ], [ 111.956568078390788, 5.577298859913377 ], [ 111.959752110966022, 5.578087800690119 ], [ 111.962963216350872, 5.57886957899312 ], [ 111.966198291995553, 5.579642792437798 ], [ 111.969462193318734, 5.580408077642852 ], [ 111.972758196366982, 5.581166865642389 ], [ 111.976084772657998, 5.581918206689662 ], [ 111.979448256144622, 5.582663562645075 ], [ 111.982845044920609, 5.583401464438888 ], [ 111.986284099768085, 5.584135006298607 ], [ 111.989761645536788, 5.584862762288366 ], [ 111.993283500904553, 5.585586170918937 ], [ 111.9968473036257, 5.586304739856065 ], [ 112.000458590888996, 5.587019912195332 ], [ 112.004114744917686, 5.587731225913415 ], [ 112.007820991918379, 5.588440131460247 ], [ 112.01157803567412, 5.589147658638463 ], [ 112.015383694198547, 5.589852442054407 ], [ 112.019242344378839, 5.590556440152961 ], [ 112.023150447428208, 5.591259338384083 ], [ 112.027110662253548, 5.591962246980022 ], [ 112.031125384767137, 5.592666217545767 ], [ 112.035190582885932, 5.593371091121364 ], [ 112.03931048544311, 5.594078413138347 ], [ 112.043480582506689, 5.594788133310661 ], [ 112.047704763090891, 5.595501858372182 ], [ 112.051978135128635, 5.596219541444157 ], [ 112.056304196254899, 5.596942883113985 ], [ 112.060679832734067, 5.597672319813847 ], [ 112.065101589886552, 5.598408223203525 ], [ 112.069571896303287, 5.599153067972616 ], [ 112.074086208438757, 5.59990576642442 ], [ 112.078643575183392, 5.600668916817526 ], [ 112.083243217348397, 5.601442315268624 ], [ 112.087883873874659, 5.602228713522304 ], [ 112.092559290085973, 5.603027488655674 ], [ 112.097271263106975, 5.603840713091018 ], [ 112.102014987136656, 5.604669033246759 ], [ 112.106786755754342, 5.60551421518806 ], [ 112.11158631471497, 5.606377175010288 ], [ 112.11640540802351, 5.60725598668225 ], [ 112.121243354392092, 5.608153954252736 ], [ 112.126095727201815, 5.609072813252019 ], [ 112.130960581152166, 5.610012174882594 ], [ 112.135833375642093, 5.61097374539202 ], [ 112.140714387445087, 5.611959500735985 ], [ 112.14559737401126, 5.612969872349233 ], [ 112.150473930765159, 5.614004642474383 ], [ 112.155341759251471, 5.615065978935515 ], [ 112.160196487567944, 5.61615281569557 ], [ 112.165037086037785, 5.617268498723848 ], [ 112.169860577589716, 5.618413172557787 ], [ 112.174658380482995, 5.619586152307209 ], [ 112.179431250657331, 5.620789386874569 ], [ 112.184171742634916, 5.622021603969202 ], [ 112.18887749169761, 5.623284336584575 ], [ 112.193537117678801, 5.62457486200578 ], [ 112.198157215090404, 5.62589803019957 ], [ 112.202735398892997, 5.627253669401294 ], [ 112.207263734069656, 5.62864050602798 ], [ 112.211740533756213, 5.63005846633229 ], [ 112.216167856966138, 5.631510338475128 ], [ 112.220536945619173, 5.632993587567751 ], [ 112.224847911242691, 5.634508895196884 ], [ 112.229097331663326, 5.636055213022225 ], [ 112.233287644769618, 5.637634755148817 ], [ 112.237411407976865, 5.639244955497439 ], [ 112.241469270140811, 5.640886127747487 ], [ 112.245464245730346, 5.642560211444051 ], [ 112.249388470699472, 5.644263779116726 ], [ 112.253242174792163, 5.64599619987789 ], [ 112.257028641351837, 5.647759001652091 ], [ 112.260740796317833, 5.649548712785533 ], [ 112.264381471738304, 5.651366040658589 ], [ 112.267952414251766, 5.653210818786262 ], [ 112.27144919745156, 5.655080959139935 ], [ 112.274874144008066, 5.656976268781914 ], [ 112.2782303199442, 5.658897149493431 ], [ 112.281512154825663, 5.660839960339821 ], [ 112.284723249530018, 5.662805144087589 ], [ 112.287866251268909, 5.664792316501748 ], [ 112.290936910255553, 5.666798503272623 ], [ 112.293939096462722, 5.668824003036665 ], [ 112.296875793439057, 5.670868376435987 ], [ 112.2997439411362, 5.672929353894112 ], [ 112.30254627679453, 5.675006042208705 ], [ 112.305287415518819, 5.677099034264883 ], [ 112.307963930614378, 5.679205534450465 ], [ 112.310581247085779, 5.681325713655477 ], [ 112.313138944384875, 5.683457980651395 ], [ 112.315638614819065, 5.685601342282978 ], [ 112.318079959512289, 5.687754199157355 ], [ 112.320468526083175, 5.689916830343844 ], [ 112.322804153537618, 5.692087707458986 ], [ 112.325086776676045, 5.694265313344015 ], [ 112.327321813360712, 5.696449973472214 ], [ 112.329509298420007, 5.698640255767179 ], [ 112.331651073515502, 5.700835348836296 ], [ 112.333747223425789, 5.703033847028685 ], [ 112.335803728514833, 5.705236427289734 ], [ 112.337819510435125, 5.707441388480158 ], [ 112.339794768262564, 5.70964750304166 ], [ 112.341735937029654, 5.711855669714946 ], [ 112.343642642204614, 5.714064539789432 ], [ 112.345515004200124, 5.716272937384771 ], [ 112.347358256932893, 5.718481574911028 ], [ 112.349170941904404, 5.72068879033759 ], [ 112.350958099659778, 5.722895316783212 ], [ 112.352719977869455, 5.72510019594618 ], [ 112.354456694318884, 5.727302472276221 ], [ 112.356172770231836, 5.729503046737785 ], [ 112.357867782265501, 5.731700417950075 ], [ 112.359546026013504, 5.733895479778436 ], [ 112.361207681054537, 5.736087471076532 ], [ 112.362852348875634, 5.738275760996227 ], [ 112.364485717985161, 5.740461077649575 ], [ 112.36610586064883, 5.742642303520268 ], [ 112.367718324060817, 5.744821129091471 ], [ 112.369320978093356, 5.746995461561457 ], [ 112.370917798760388, 5.7491665014249 ], [ 112.372506940160022, 5.75133335992392 ], [ 112.374093551670782, 5.753496623598126 ], [ 112.375677153507823, 5.755655969395518 ], [ 112.377257680816726, 5.757810802441298 ], [ 112.378838830356358, 5.759962570459424 ], [ 112.380419905233339, 5.762109508472919 ], [ 112.382004389957174, 5.76425305447117 ], [ 112.383592540078638, 5.766392234796864 ], [ 112.385183751470578, 5.768526771441561 ], [ 112.38678171455031, 5.770657782383988 ], [ 112.388386045987602, 5.772784618994995 ], [ 112.389998929971739, 5.774907790540887 ], [ 112.391617892813912, 5.777026980946375 ], [ 112.393247483758543, 5.779141969213143 ], [ 112.39488558326272, 5.781251838638342 ], [ 112.396534184486313, 5.783357038341374 ], [ 112.398193510481747, 5.785457887053497 ], [ 112.399864979654168, 5.78755312997512 ], [ 112.401548678988078, 5.789643009878749 ], [ 112.403243874660774, 5.791726681517671 ], [ 112.404951777538813, 5.793804956742394 ], [ 112.406674770519615, 5.795876850011473 ], [ 112.408410204813151, 5.797941329313304 ], [ 112.410159474469737, 5.799998475115663 ], [ 112.411922207091934, 5.802048371413918 ], [ 112.413700500218198, 5.804089697824365 ], [ 112.415490995439825, 5.806122000917991 ], [ 112.417295709405565, 5.808143750410844 ], [ 112.419114645799141, 5.810156158925046 ], [ 112.420946131989396, 5.812155811627531 ], [ 112.422790074970152, 5.814143902916704 ], [ 112.424646972930191, 5.816117958251987 ], [ 112.426516561738083, 5.81807907851586 ], [ 112.428396884619616, 5.820023555075898 ], [ 112.430288718763876, 5.821952976556521 ], [ 112.432191006729838, 5.823863958518224 ], [ 112.434102127458416, 5.825757027673458 ], [ 112.436022124968872, 5.82762917655026 ], [ 112.437949271238324, 5.829480911656791 ], [ 112.439883509609189, 5.831309091100191 ], [ 112.441821937200061, 5.833113740428443 ], [ 112.44376546502221, 5.834892033100047 ], [ 112.445712176275961, 5.836644463972603 ], [ 112.447661725186364, 5.838367570965079 ], [ 112.449612127416771, 5.840061867249644 ], [ 112.451564017056626, 5.841724331663216 ], [ 112.453513582926291, 5.843353296951731 ], [ 112.455460636802172, 5.844947762715854 ], [ 112.457403537540287, 5.84650724928744 ], [ 112.459340626362689, 5.848027428406633 ], [ 112.461272331363304, 5.849508997624322 ], [ 112.463196228621399, 5.850949804966739 ], [ 112.465109496980872, 5.852348841014112 ], [ 112.467013672192635, 5.853703423544564 ], [ 112.468905965744099, 5.855012616065801 ], [ 112.470785035400866, 5.856274916789086 ], [ 112.472648503086475, 5.857488245802969 ], [ 112.474496724020227, 5.858653551958414 ], [ 112.47632822508011, 5.859766417066023 ], [ 112.478140333278219, 5.860826070977905 ], [ 112.479933822237072, 5.861832342770487 ], [ 112.481706534200327, 5.862783378865092 ], [ 112.483457339727252, 5.863677964064401 ], [ 112.485184135830778, 5.864514268585197 ], [ 112.486887870250101, 5.865292395879718 ], [ 112.488566578231172, 5.866010668962865 ], [ 112.490218342232936, 5.866667394663407 ], [ 112.491844219801592, 5.867262897141446 ], [ 112.49344244668643, 5.867795644726398 ], [ 112.495013171032454, 5.868261731878098 ], [ 112.496553476831579, 5.868663815165615 ], [ 112.498065550991726, 5.868999677020237 ], [ 112.499547021590075, 5.869270834046698 ], [ 112.500997333154686, 5.869472968572516 ], [ 112.502417067425256, 5.869609920298452 ], [ 112.503805393959624, 5.869678970825913 ], [ 112.505161598570339, 5.869677337700964 ], [ 112.506486356575309, 5.869609138677198 ], [ 112.507778134533069, 5.869470943788677 ], [ 112.509038695819726, 5.869263977295427 ], [ 112.510265704843178, 5.868987908685526 ], [ 112.511462022316906, 5.868640955543772 ], [ 112.512626006915212, 5.868221251111011 ], [ 112.513758599706932, 5.867733357091203 ], [ 112.514858802808135, 5.867173925861864 ], [ 112.515928647761896, 5.86654443570194 ], [ 112.516966786334194, 5.865843150529713 ], [ 112.517974707190064, 5.865073335181864 ], [ 112.518951746550556, 5.864231757897706 ], [ 112.51990006920748, 5.863320022844815 ], [ 112.520818607173439, 5.862336463986533 ], [ 112.521709582404739, 5.861282722236348 ], [ 112.522572718295891, 5.860155533881581 ], [ 112.523408989630482, 5.858959761825123 ], [ 112.524218223838588, 5.857692164745301 ], [ 112.525004183934655, 5.856353636887301 ], [ 112.525766172054233, 5.854942071856588 ], [ 112.526504396998519, 5.853459009742748 ], [ 112.527219053545124, 5.851906050330523 ], [ 112.52791174642833, 5.850281686437619 ], [ 112.528582668423823, 5.84858772826571 ], [ 112.529232864073975, 5.846821782070191 ], [ 112.529864073799487, 5.844984596476583 ], [ 112.530477340603056, 5.84307610394898 ], [ 112.531074559984589, 5.841094530354137 ], [ 112.531655201409535, 5.839043119678188 ], [ 112.532221180614656, 5.836920097979387 ], [ 112.532773637462796, 5.83472532771691 ], [ 112.533314656563377, 5.832456832677414 ], [ 112.533845215343618, 5.830116764961396 ], [ 112.534364266263907, 5.827705357611718 ], [ 112.534876168011976, 5.825220169840478 ], [ 112.535379942368436, 5.822661478613931 ], [ 112.535878203007073, 5.82003015923202 ], [ 112.536372014589986, 5.817322740981843 ], [ 112.536864082482523, 5.814539934621986 ], [ 112.537351546774019, 5.811685696069293 ], [ 112.537838174053007, 5.808757003542808 ], [ 112.538324277290258, 5.805755304333525 ], [ 112.538812196935325, 5.802678482401936 ], [ 112.53930440769139, 5.799524347810471 ], [ 112.539800164189955, 5.796296102124446 ], [ 112.540303041150764, 5.792989819946625 ], [ 112.540812267226158, 5.789608621556338 ], [ 112.541330311054068, 5.786150456179875 ], [ 112.541858016350659, 5.78261463628146 ], [ 112.542398015321766, 5.779001480562503 ], [ 112.542951169650649, 5.775310318770136 ], [ 112.543518936131889, 5.771540835794764 ], [ 112.544102775820235, 5.767692744257662 ], [ 112.544703610198866, 5.763765560707886 ], [ 112.545323986993452, 5.75975954685419 ], [ 112.545964827109202, 5.755674290204715 ], [ 112.546631497574936, 5.751504763503258 ], [ 112.547320696940886, 5.747257012312978 ], [ 112.548034655344864, 5.74292931466458 ], [ 112.548773059345734, 5.738525235587797 ], [ 112.549539185003638, 5.73404191652958 ], [ 112.550334430750979, 5.729479612572418 ], [ 112.55115886664224, 5.724840261940662 ], [ 112.552016531553619, 5.720121117202432 ], [ 112.552907374621427, 5.715324387703264 ], [ 112.553832674835562, 5.710450782102757 ], [ 112.55479367049324, 5.705501143581394 ], [ 112.555790236194824, 5.700478044484952 ], [ 112.556826189331929, 5.695379408473943 ], [ 112.557901258523131, 5.690208160530768 ], [ 112.559015842434761, 5.68496599913122 ], [ 112.560170789332517, 5.679655745265041 ], [ 112.56137261653933, 5.674272414416428 ], [ 112.562618409230637, 5.668821470195701 ], [ 112.563908914846351, 5.663306127447774 ], [ 112.565240561894171, 5.657732908388107 ], [ 112.566619371617278, 5.652098887029864 ], [ 112.568041645967341, 5.646410738861996 ], [ 112.569509864643337, 5.640669468830529 ], [ 112.571029368897157, 5.634873878426162 ], [ 112.572595302894698, 5.629031382030893 ], [ 112.574205663426284, 5.623147487875878 ], [ 112.575861624429251, 5.617225968752584 ], [ 112.577564005626243, 5.611268032253214 ], [ 112.579310129802394, 5.605280784626476 ], [ 112.58110298384085, 5.599264933078049 ], [ 112.582939673435064, 5.593227777343436 ], [ 112.584821170898948, 5.587171640228757 ], [ 112.586745312668171, 5.581103342147895 ], [ 112.58871118754098, 5.575027742247992 ], [ 112.590720261200943, 5.56894675502897 ], [ 112.592770256539282, 5.562866804899564 ], [ 112.594858130330451, 5.556794978411359 ], [ 112.596986557790501, 5.550731921338597 ], [ 112.599151811930057, 5.544685311332059 ], [ 112.601353394171582, 5.53865909599893 ], [ 112.603588181959154, 5.532660150271562 ], [ 112.605857139604694, 5.526690604419778 ], [ 112.608156072429239, 5.520758552006541 ], [ 112.610484383744407, 5.51486709402086 ], [ 112.612842090496883, 5.509019200061597 ], [ 112.615225094838877, 5.503221941247997 ], [ 112.617633403563133, 5.497478234152908 ], [ 112.620064265443133, 5.491792606032327 ], [ 112.622517765865751, 5.486167521063633 ], [ 112.6249909010306, 5.48060812227314 ], [ 112.6274813447573, 5.475119221665876 ], [ 112.629988880704971, 5.469701628566346 ], [ 112.632511171619726, 5.464359698789887 ], [ 112.635045918202451, 5.459097692995692 ], [ 112.637592976488705, 5.453915602349895 ], [ 112.640150169224441, 5.448817105438772 ], [ 112.64271602167922, 5.443804444197537 ], [ 112.645289840624727, 5.438878070663672 ], [ 112.64786895942261, 5.434042508762879 ], [ 112.650454078388933, 5.429296643757925 ], [ 112.653041641786714, 5.424643657675936 ], [ 112.655633009927996, 5.42008236635634 ], [ 112.658226564235548, 5.415612989014329 ], [ 112.660818945962475, 5.411239993949454 ], [ 112.663412332322608, 5.406960022924506 ], [ 112.666003570925852, 5.40277512786131 ], [ 112.668593088359202, 5.398684171638799 ], [ 112.671180260488299, 5.394686784732657 ], [ 112.673764536800846, 5.390782418973367 ], [ 112.676345438325384, 5.386970358578901 ], [ 112.678922555188535, 5.38324973141038 ], [ 112.681495543853018, 5.37961952034749 ], [ 112.684064124077139, 5.376078574686926 ], [ 112.686628075638083, 5.372625621475821 ], [ 112.689186576730776, 5.369258645883129 ], [ 112.691740816779969, 5.365977562008549 ], [ 112.694290589695441, 5.362778446085848 ], [ 112.696834793712611, 5.359663001450882 ], [ 112.699373366211915, 5.356627034351077 ], [ 112.701907630871176, 5.35367032941599 ], [ 112.704436883211216, 5.350787874015452 ], [ 112.706962566603238, 5.347979483905824 ], [ 112.709483068971366, 5.345245876171582 ], [ 112.711998540759268, 5.342582488075172 ], [ 112.714509833418774, 5.339990629334872 ], [ 112.717015962086634, 5.337466509885629 ], [ 112.7195194818635, 5.335006492695228 ], [ 112.7220194034293, 5.332609494650716 ], [ 112.724514854139272, 5.33027432157348 ], [ 112.727008814429524, 5.327995751278197 ], [ 112.729498214473892, 5.32577687460179 ], [ 112.731986115978046, 5.323612451884212 ], [ 112.734471525167351, 5.321501425456147 ], [ 112.736955156733984, 5.319440313343437 ], [ 112.739436739565676, 5.317428986435733 ], [ 112.741916458810053, 5.315465619073363 ], [ 112.744394484391705, 5.313548417914874 ], [ 112.746870517130802, 5.311677266975941 ], [ 112.749345163902134, 5.309848713133793 ], [ 112.751818576938177, 5.308060961797663 ], [ 112.754290845489805, 5.306312380307554 ], [ 112.756760415657297, 5.304603619644273 ], [ 112.759230555803384, 5.302928646479641 ], [ 112.761699685983587, 5.301288160673917 ], [ 112.764167791401889, 5.299680675229593 ], [ 112.766634845901308, 5.298104737463109 ], [ 112.76910029008954, 5.296560467673164 ], [ 112.771565044299052, 5.295043444452743 ], [ 112.774028523371101, 5.293553825143952 ], [ 112.776490605106915, 5.292090297766891 ], [ 112.778950616379404, 5.290653057342142 ], [ 112.781408761151198, 5.289237215706722 ], [ 112.783866626148395, 5.287841951844381 ], [ 112.786322328955663, 5.286468126466869 ], [ 112.788776838542603, 5.285113909846192 ], [ 112.791228287105184, 5.283780097361488 ], [ 112.793677003482685, 5.282464113395686 ], [ 112.796122721945522, 5.281164875764404 ], [ 112.798565163702577, 5.27988132840861 ], [ 112.801004034176543, 5.278612430268995 ], [ 112.803439011871021, 5.277357174032728 ], [ 112.805870454216802, 5.276113169549074 ], [ 112.808296717187474, 5.274882279814063 ], [ 112.810718146944524, 5.273662120921396 ], [ 112.813133730221594, 5.272453110663901 ], [ 112.815542718704393, 5.271253460632517 ], [ 112.817947102082243, 5.270061060512774 ], [ 112.820344238348895, 5.268876284935787 ], [ 112.822736162679234, 5.267697038416553 ], [ 112.825120222452625, 5.266523732770014 ], [ 112.827498510252312, 5.265354282631991 ], [ 112.829867103787123, 5.264189803762797 ], [ 112.83222924982347, 5.263027648132839 ], [ 112.834582353577403, 5.26186825584995 ], [ 112.836927815862921, 5.260710910549525 ], [ 112.839264555553811, 5.259553474296057 ], [ 112.841594819752871, 5.258393973923003 ], [ 112.843914521889943, 5.257235463085033 ], [ 112.846226793477541, 5.256074635936876 ], [ 112.8485290718193, 5.254912007571117 ], [ 112.850823854943286, 5.253745559636469 ], [ 112.853108603800123, 5.252575830670336 ], [ 112.855385949859297, 5.251400798579452 ], [ 112.857653383334451, 5.250221024852624 ], [ 112.859913679194477, 5.24903448186389 ], [ 112.862164386000131, 5.247841734017062 ], [ 112.864408429571412, 5.24664074882651 ], [ 112.866643369948008, 5.245432135804524 ], [ 112.8688722942494, 5.244213854532639 ], [ 112.871091987531756, 5.242987745974443 ], [ 112.873308721972862, 5.241748692134469 ], [ 112.875518154481057, 5.240499120249175 ], [ 112.877723631794908, 5.239237037208104 ], [ 112.879922970373656, 5.237963032313346 ], [ 112.882119676000812, 5.236675144940832 ], [ 112.884311633182591, 5.235373952186628 ], [ 112.886501638967843, 5.234058666062437 ], [ 112.888690913967224, 5.23272688325549 ], [ 112.890879554188388, 5.231379042097907 ], [ 112.893067613320383, 5.230015635066376 ], [ 112.895259388706592, 5.228633082109968 ], [ 112.897452185265252, 5.227233152952284 ], [ 112.899649234225862, 5.225815009215026 ], [ 112.901850613318956, 5.224377137196838 ], [ 112.904059725717318, 5.222918654105412 ], [ 112.906273773767751, 5.221441482745521 ], [ 112.908495824526327, 5.219942927645652 ], [ 112.910727870352048, 5.218422824713929 ], [ 112.912971351888373, 5.216880630856203 ], [ 112.915226694245177, 5.215316963819453 ], [ 112.917498486253749, 5.213727999997205 ], [ 112.919787780908109, 5.212114915677865 ], [ 112.922092944869874, 5.210478584267925 ], [ 112.924417221647985, 5.208817897358082 ], [ 112.926762256019842, 5.207132461330485 ], [ 112.929128699505128, 5.205422966702432 ], [ 112.931519420767287, 5.203687858718863 ], [ 112.93393508729109, 5.201927918661882 ], [ 112.936379505525096, 5.200140746964474 ], [ 112.938853399259827, 5.198327166254447 ], [ 112.941358517121259, 5.196486987509291 ], [ 112.943895554108863, 5.194621137558167 ], [ 112.946468326183307, 5.192727397460983 ], [ 112.949081200152506, 5.190805636965368 ], [ 112.951732796215978, 5.188856792738743 ], [ 112.954426726766215, 5.186880330486839 ], [ 112.957157996197168, 5.18487911287854 ], [ 112.959931924415002, 5.182850642302712 ], [ 112.962752773544025, 5.180795047399854 ], [ 112.965617351756819, 5.178714784956556 ], [ 112.968533091929942, 5.17660684343508 ], [ 112.971495513446072, 5.174474926044939 ], [ 112.974512024867337, 5.172316111729452 ], [ 112.977581942365092, 5.170132956983133 ], [ 112.980707097023725, 5.167924460406158 ], [ 112.983886376871538, 5.165693358823915 ], [ 112.987119250811816, 5.163439500835653 ], [ 112.990409929232186, 5.161163988259456 ], [ 112.993757836321294, 5.158866736278188 ], [ 112.997163249968366, 5.156550119132367 ], [ 113.00062938239418, 5.154212972988375 ], [ 113.004154269454233, 5.151858398113043 ], [ 113.007740964176207, 5.14948536567069 ], [ 113.011389217064206, 5.147096592503511 ], [ 113.015097882451229, 5.144692173765114 ], [ 113.018870701388352, 5.142273916221214 ], [ 113.02270650918895, 5.139841964153083 ], [ 113.026602395025279, 5.137399708682276 ], [ 113.030563002856681, 5.134946063548377 ], [ 113.034580972906426, 5.132485351872585 ], [ 113.03866061724105, 5.130016627325001 ], [ 113.042797708683111, 5.127542728541784 ], [ 113.046993313235745, 5.125064793347243 ], [ 113.05124648819978, 5.122584366015823 ], [ 113.055552573325102, 5.120104394166953 ], [ 113.059917525344346, 5.117623711840354 ], [ 113.064336474571263, 5.115145267686225 ], [ 113.0688102844952, 5.112670271377824 ], [ 113.073331722011034, 5.110202049512383 ], [ 113.077906440934896, 5.107739515045346 ], [ 113.082526950206685, 5.105285917527257 ], [ 113.087193444831371, 5.102842490618762 ], [ 113.091903960502748, 5.10041080403301 ], [ 113.096654403550147, 5.097992632533404 ], [ 113.101447083272774, 5.095588872170258 ], [ 113.106277756309595, 5.093201254070201 ], [ 113.111142787587184, 5.090832058300914 ], [ 113.116045623143592, 5.088480521843137 ], [ 113.120982599570894, 5.086148842828182 ], [ 113.125947246311668, 5.083838704320663 ], [ 113.130939523069642, 5.081551112724934 ], [ 113.135955139429868, 5.079287357946974 ], [ 113.140997881270167, 5.077047307710449 ], [ 113.146058841145887, 5.074832512307349 ], [ 113.151138859593345, 5.072645162804113 ], [ 113.156234937426504, 5.070484644368591 ], [ 113.161343892693068, 5.068353265386945 ], [ 113.166467132914192, 5.066250020290444 ], [ 113.171599423489212, 5.064177231624456 ], [ 113.176740635670384, 5.062134619568318 ], [ 113.18189068876481, 5.060121832222382 ], [ 113.18704463531644, 5.058141016856641 ], [ 113.192202544560885, 5.056191681223656 ], [ 113.197363471381522, 5.054275003788776 ], [ 113.20252729273426, 5.052389570041477 ], [ 113.207693034301712, 5.050536504916232 ], [ 113.212856974161085, 5.048714956361106 ], [ 113.218014542049232, 5.046926551826762 ], [ 113.223170339168604, 5.045170732015658 ], [ 113.228319289167914, 5.043447234462052 ], [ 113.233462844943062, 5.041757033575749 ], [ 113.23859796684151, 5.040098940640037 ], [ 113.243727499258554, 5.038472126079815 ], [ 113.248849418913665, 5.036878182116753 ], [ 113.253964770191331, 5.035316103691033 ], [ 113.259073373701469, 5.033785783594483 ], [ 113.264172798347019, 5.032286920787506 ], [ 113.26925853467985, 5.030818984636166 ], [ 113.274333955364185, 5.029381957360274 ], [ 113.279403718372464, 5.027974132911296 ], [ 113.284460394648974, 5.026596688796508 ], [ 113.289515016323264, 5.025250667654274 ], [ 113.294551881942752, 5.023934915975357 ], [ 113.299568174829474, 5.02264852713299 ], [ 113.304574361454641, 5.021391541774602 ], [ 113.309568248600741, 5.020162392767846 ], [ 113.314550039875854, 5.018962921481323 ], [ 113.319517641588945, 5.017791536168301 ], [ 113.324474450857039, 5.016648506545375 ], [ 113.329416794747573, 5.015533055993768 ], [ 113.334349584531779, 5.014444728342397 ], [ 113.33926599673778, 5.01338432418638 ], [ 113.344172452551092, 5.012350678124332 ], [ 113.349062209637083, 5.011344524596278 ], [ 113.353941590079543, 5.010364793754143 ], [ 113.358805459777258, 5.009411469072263 ], [ 113.363655377828351, 5.008485675179272 ], [ 113.368493866190946, 5.007583978485014 ], [ 113.373317563911201, 5.006709668956477 ], [ 113.378124477390401, 5.005861329804548 ], [ 113.382916179083011, 5.005040053747095 ], [ 113.387689282256375, 5.004245044848397 ], [ 113.392449663007682, 5.003475526444437 ], [ 113.397192408101674, 5.002732510971298 ], [ 113.401920288279115, 5.002015629194268 ], [ 113.406631063880852, 5.001323507151899 ], [ 113.411324562735672, 5.000658157837425 ], [ 113.415998636875557, 5.000018151892942 ], [ 113.420654404250442, 4.999403807368996 ], [ 113.425294422205553, 4.998814834203759 ], [ 113.429913702800604, 4.998252231921665 ], [ 113.434513230882871, 4.997715295674959 ], [ 113.439092484458442, 4.997204023352888 ], [ 113.443650937979612, 4.996718412277616 ], [ 113.448188064891639, 4.996258458149105 ], [ 113.452700207837708, 4.995823304794468 ], [ 113.457192657279279, 4.995413383684355 ], [ 113.461661663896052, 4.995027994194948 ], [ 113.466109606964523, 4.994667979781791 ], [ 113.470528811977687, 4.994334708776709 ], [ 113.474923522625474, 4.99402810063078 ], [ 113.479290306055901, 4.99374711870543 ], [ 113.483634478243445, 4.993491193077397 ], [ 113.487952641241193, 4.993260505324908 ], [ 113.492243076998975, 4.993054513394672 ], [ 113.496506624448145, 4.992874770021525 ], [ 113.500743035842191, 4.992718853522736 ], [ 113.504953256565656, 4.992588339927791 ], [ 113.509134254632201, 4.992482079144683 ], [ 113.513287000159295, 4.992401603896796 ], [ 113.517411334370877, 4.992344492698549 ], [ 113.521508343684232, 4.992312303093477 ], [ 113.52557510770616, 4.992303746791621 ], [ 113.529620758980343, 4.992319469905514 ], [ 113.533635745468928, 4.992358785910866 ], [ 113.537619931647754, 4.992422541861882 ], [ 113.541574772490975, 4.992510980650235 ], [ 113.545500539467724, 4.992621732289058 ], [ 113.549395627720216, 4.992756226782391 ], [ 113.553264279519439, 4.992913737109556 ], [ 113.557103926415351, 4.993092995991071 ], [ 113.56091295319284, 4.993295453299629 ], [ 113.564694424174562, 4.993520905462439 ], [ 113.568444545905777, 4.993769546281655 ], [ 113.572168099589817, 4.994039522731008 ], [ 113.575863537936954, 4.994332230835596 ], [ 113.579533015650881, 4.99464582149649 ], [ 113.583172581279015, 4.994980472455651 ], [ 113.586784234106091, 4.995334366546618 ], [ 113.590367381294399, 4.995710254531554 ], [ 113.593924661338306, 4.996105393280332 ], [ 113.597454595557267, 4.99652096728736 ], [ 113.600961829085165, 4.996956472921763 ], [ 113.604441440469216, 4.997411339077848 ], [ 113.607899182120676, 4.997885681092822 ], [ 113.611330547444993, 4.998377934512023 ], [ 113.614738011842903, 4.998889932479187 ], [ 113.618123892452985, 4.999420125584187 ], [ 113.621485786484897, 4.999969006283686 ], [ 113.624825995878723, 5.00053507073731 ], [ 113.62814458329089, 5.001119961534658 ], [ 113.631443738925924, 5.001722232093339 ], [ 113.63472272206694, 5.002341993489547 ], [ 113.637979518375829, 5.002978731467167 ], [ 113.641219956452247, 5.00363291900416 ], [ 113.644440661902962, 5.004304316785644 ], [ 113.64764508077225, 5.004992207976137 ], [ 113.650832421817753, 5.005696715785436 ], [ 113.654006943237434, 5.006419756316017 ], [ 113.657165025968311, 5.007158685447087 ], [ 113.660308507081993, 5.007914032620207 ], [ 113.663435653043834, 5.008684275046903 ], [ 113.666550738952523, 5.009470351748849 ], [ 113.669651803104415, 5.010272644493644 ], [ 113.672742074471742, 5.011091521909941 ], [ 113.675820099038745, 5.011925586642072 ], [ 113.678887712966713, 5.012775467226282 ], [ 113.681946988325308, 5.01364094511612 ], [ 113.684997420143191, 5.014522215161541 ], [ 113.688038479280664, 5.015419445887856 ], [ 113.691074797613936, 5.01633303315038 ], [ 113.694103659905338, 5.017261763933165 ], [ 113.697125528872562, 5.018207370795629 ], [ 113.7001430485371, 5.019168073177841 ], [ 113.703156854282739, 5.02014479473993 ], [ 113.706168969120085, 5.021138365614616 ], [ 113.709179165777101, 5.022148205721837 ], [ 113.712190765105831, 5.023176036198644 ], [ 113.715201365621724, 5.024219905874914 ], [ 113.718211893985895, 5.025279962561532 ], [ 113.721223094381685, 5.026356250885663 ], [ 113.724237014582982, 5.02744971173475 ], [ 113.727254622946603, 5.02856058224544 ], [ 113.730275649540303, 5.02968916810242 ], [ 113.733303654711705, 5.030835635427729 ], [ 113.736338399910537, 5.032000338288995 ], [ 113.739379538076761, 5.033183630792777 ], [ 113.742430741547466, 5.034385768404896 ], [ 113.745490455028971, 5.035607174532476 ], [ 113.748562280298842, 5.036848165212062 ], [ 113.751646052733363, 5.038109175829336 ], [ 113.754741486833325, 5.039390626693223 ], [ 113.757852290715647, 5.040692924508374 ], [ 113.760978085509777, 5.042017388117373 ], [ 113.764120271726441, 5.043362779152301 ], [ 113.767279826500513, 5.04473042263764 ], [ 113.770456489667595, 5.046120789026922 ], [ 113.773653979665454, 5.047534423015 ], [ 113.776870805264934, 5.048971795852464 ], [ 113.780110542573894, 5.050433453853518 ], [ 113.783371868712607, 5.051918981349038 ], [ 113.786658063027843, 5.053430778651589 ], [ 113.789969046910542, 5.054968454226995 ], [ 113.793305849391544, 5.056532559418689 ], [ 113.796668382149392, 5.058122690201496 ], [ 113.800059849076732, 5.059741332766636 ], [ 113.803480066361601, 5.061388056422712 ], [ 113.806929946412865, 5.063063402708582 ], [ 113.81040926194791, 5.064766908390229 ], [ 113.813921076131365, 5.06650110802413 ], [ 113.817465043459819, 5.068265493877896 ], [ 113.821041886161652, 5.07006055271075 ], [ 113.82465473138906, 5.071889064603379 ], [ 113.828301854850665, 5.073750501268353 ], [ 113.831984185174647, 5.075643371543589 ], [ 113.835700858467675, 5.077567868531085 ], [ 113.839454486440545, 5.079526491904556 ], [ 113.843243144339851, 5.081517408767978 ], [ 113.847068170452786, 5.083541990708664 ], [ 113.85092966387522, 5.085600465317187 ], [ 113.854826420400812, 5.087691863670721 ], [ 113.858761893977302, 5.089818688606833 ], [ 113.862732251775071, 5.091978629173899 ], [ 113.866739485826145, 5.094173970665074 ], [ 113.870780935243943, 5.096402426575225 ], [ 113.874857200337075, 5.098665019304573 ], [ 113.878968851205912, 5.100962856085148 ], [ 113.883114000299742, 5.103294560733167 ], [ 113.887291776475038, 5.10565984802176 ], [ 113.891500055072797, 5.10805717465558 ], [ 113.895740008874213, 5.110488509262171 ], [ 113.900007862493894, 5.11295190443369 ], [ 113.904305173864202, 5.115447362751261 ], [ 113.908628799341912, 5.117975028299655 ], [ 113.912977750920263, 5.120532280380119 ], [ 113.917349751671949, 5.123120300293077 ], [ 113.921742494390145, 5.12573499244577 ], [ 113.926153410858518, 5.128377286605771 ], [ 113.930580674087068, 5.13104623806016 ], [ 113.935025078572735, 5.133741489532155 ], [ 113.939482796630259, 5.136462647117007 ], [ 113.943952239226974, 5.139206681461209 ], [ 113.948429454147202, 5.141973045555753 ], [ 113.952914988489368, 5.144761283642247 ], [ 113.957404874849161, 5.147570832022917 ], [ 113.961898525530984, 5.150399941868417 ], [ 113.966390803119225, 5.153246608517035 ], [ 113.970882171190752, 5.156110378233393 ], [ 113.975368976647374, 5.158989639826757 ], [ 113.979846191367358, 5.161881330175892 ], [ 113.984315644856949, 5.164786394222733 ], [ 113.988773199422965, 5.167704009209594 ], [ 113.993217452069032, 5.17063127738596 ], [ 113.997644381130101, 5.173567359777653 ], [ 114.00205494948861, 5.17651214378647 ], [ 114.006445304686878, 5.179464885737274 ], [ 114.010814341260129, 5.182422878660853 ], [ 114.015159764713175, 5.185385910907433 ], [ 114.01948132564624, 5.188353581078285 ], [ 114.023775698522627, 5.191325382253699 ], [ 114.028042090318337, 5.194298811198915 ], [ 114.032277379302073, 5.197273453680363 ], [ 114.036484327857877, 5.200251124786695 ], [ 114.040658189194758, 5.203227975981613 ], [ 114.04479899805979, 5.206204867477002 ], [ 114.048905902084201, 5.209181388431312 ], [ 114.05297931911258, 5.212158614644482 ], [ 114.057017855053033, 5.215134148555912 ], [ 114.06101913291441, 5.218107909494353 ], [ 114.064986847159247, 5.221082464049241 ], [ 114.068917004508876, 5.224054439741868 ], [ 114.072809130857607, 5.227024585610898 ], [ 114.076664551041659, 5.229994476642876 ], [ 114.080482494119522, 5.232962317754286 ], [ 114.084264243569152, 5.235929736808473 ], [ 114.088010353546821, 5.238896495542426 ], [ 114.09172053593538, 5.241864261592943 ], [ 114.095395532351048, 5.244832921097516 ], [ 114.099035842797008, 5.247803039759262 ], [ 114.102642039496757, 5.250775240741247 ], [ 114.106214760792923, 5.253750200687598 ], [ 114.109754723950104, 5.256728645026154 ], [ 114.113262678875472, 5.259711345021123 ], [ 114.116739423272008, 5.262699112500333 ], [ 114.120187063484806, 5.265694274161038 ], [ 114.123606565465408, 5.268697789053518 ], [ 114.126997967567306, 5.27170863189537 ], [ 114.130361691419921, 5.274728964584282 ], [ 114.133695380996642, 5.27775508466484 ], [ 114.137003292220101, 5.28079171005324 ], [ 114.140290399685568, 5.283841862769656 ], [ 114.143551883170346, 5.286903587137614 ], [ 114.146791414862733, 5.289979963064634 ], [ 114.150006482646319, 5.293068741037932 ], [ 114.153199177049927, 5.296172073713572 ], [ 114.156371866354689, 5.299291661196598 ], [ 114.159528001030679, 5.302430495799124 ], [ 114.162663453763003, 5.305585402236701 ], [ 114.165782914656049, 5.308760036716309 ], [ 114.168885805410852, 5.311954385718278 ], [ 114.171974130478475, 5.315169978457821 ], [ 114.175048524607078, 5.318408036949022 ], [ 114.178107324743308, 5.321666702119035 ], [ 114.181149809835048, 5.324946107335217 ], [ 114.184179440077216, 5.328248681825246 ], [ 114.187196799013222, 5.331574945534329 ], [ 114.190203774841564, 5.334926756715905 ], [ 114.193199669889211, 5.338302741793377 ], [ 114.196183399899411, 5.341702707291386 ], [ 114.199156749610111, 5.345127809519456 ], [ 114.202121370529625, 5.348579545089117 ], [ 114.205077812327843, 5.352057277308403 ], [ 114.208024529226591, 5.355560336621985 ], [ 114.210961754223504, 5.359088686667149 ], [ 114.213889669083244, 5.362642204910673 ], [ 114.216809783346676, 5.366222023201516 ], [ 114.219720926291345, 5.369826170609444 ], [ 114.222620291458824, 5.373452827648293 ], [ 114.225510781315577, 5.377103480123743 ], [ 114.228393707595387, 5.38077889317323 ], [ 114.231265081372726, 5.384475064597011 ], [ 114.234128673881003, 5.3881943180328 ], [ 114.236982970344712, 5.391934944177918 ], [ 114.23982774050576, 5.395696053137747 ], [ 114.242665417067073, 5.399478937041627 ], [ 114.245491709271647, 5.403279105026015 ], [ 114.248306293475693, 5.407095654187084 ], [ 114.251110259950465, 5.4109284833281 ], [ 114.253904742773457, 5.414777673423059 ], [ 114.256685469781402, 5.41863859085346 ], [ 114.259455942307554, 5.422513047958928 ], [ 114.262214489970461, 5.426398666812503 ], [ 114.264960735317985, 5.43029402462582 ], [ 114.267698346141273, 5.434201108036755 ], [ 114.270422994738013, 5.438115134312165 ], [ 114.273134346317889, 5.442034604581301 ], [ 114.275832086101829, 5.445957987468569 ], [ 114.278515920032078, 5.449883726606275 ], [ 114.281185539952986, 5.453810267480191 ], [ 114.283839376993782, 5.457734987718344 ], [ 114.286477346997415, 5.461656488447769 ], [ 114.289100499304141, 5.465574282184755 ], [ 114.291708581232996, 5.469486807083715 ], [ 114.294301350171196, 5.473392509580668 ], [ 114.296877236870642, 5.477288671191729 ], [ 114.299438739878127, 5.481176153111478 ], [ 114.301983030180153, 5.48505110335637 ], [ 114.304512714050972, 5.488914503836064 ], [ 114.307026350247682, 5.492763748858415 ], [ 114.309523779497098, 5.496597337330321 ], [ 114.312006366172724, 5.500415183729846 ], [ 114.314471464908721, 5.504213666261021 ], [ 114.316921873901961, 5.507993952550312 ], [ 114.319356255682436, 5.511753673249268 ], [ 114.321773778171618, 5.515490870414391 ], [ 114.324174476516632, 5.519204490823815 ], [ 114.326562532843454, 5.522896893168563 ], [ 114.328933004163162, 5.526562809801255 ], [ 114.331290029366627, 5.530204770978803 ], [ 114.333631497587433, 5.533819731175019 ], [ 114.335960278114158, 5.537409380525578 ], [ 114.338279278646638, 5.540975244895574 ], [ 114.340583570271207, 5.544512115889167 ], [ 114.342873917162919, 5.548019468496576 ], [ 114.345151066511647, 5.551497082446832 ], [ 114.347416715074829, 5.554945789531625 ], [ 114.349671376414534, 5.558365514541952 ], [ 114.351917252286995, 5.561756982250968 ], [ 114.354159185864972, 5.565124577205978 ], [ 114.356382175914163, 5.568452970492339 ], [ 114.358598670682682, 5.571753445459036 ], [ 114.360805434373574, 5.575022511964891 ], [ 114.36300871845674, 5.578264978651136 ], [ 114.365203846415312, 5.581476288571062 ], [ 114.367396002182815, 5.584660262135356 ], [ 114.369585672910205, 5.587817186730412 ], [ 114.371770046030733, 5.590944004773346 ], [ 114.373955309208668, 5.594045709257908 ], [ 114.376137178450634, 5.597118136134092 ], [ 114.378322019802809, 5.60016652424361 ], [ 114.380505498915923, 5.603186668177131 ], [ 114.382694168281589, 5.606184053486961 ], [ 114.384883636189343, 5.60915441946744 ], [ 114.38708057396461, 5.612103434351643 ], [ 114.389280671618025, 5.615026893187687 ], [ 114.391490656831678, 5.617930587490438 ], [ 114.39370630062227, 5.620810358645833 ], [ 114.395934392179925, 5.623672120493115 ], [ 114.398170783213189, 5.626511751745822 ], [ 114.400422330035155, 5.629335288290042 ], [ 114.40268718027113, 5.632141246613972 ], [ 114.404967638521498, 5.634930302325159 ], [ 114.407264374463679, 5.637703928182398 ], [ 114.409579740366453, 5.640462840229654 ], [ 114.411914516332942, 5.643208604738211 ], [ 114.414269426232138, 5.64594073451589 ], [ 114.416650373670009, 5.648664591818478 ], [ 114.419054274708174, 5.651377389266515 ], [ 114.421486420906248, 5.654083017498805 ], [ 114.423945057572183, 5.656780169005888 ], [ 114.426435564712065, 5.659472788868602 ], [ 114.428955075937637, 5.662158156621922 ], [ 114.431509217641135, 5.66484044122116 ], [ 114.434102468021592, 5.667524086931289 ], [ 114.436730932665341, 5.67020502552411 ], [ 114.439400725839974, 5.672888861261868 ], [ 114.44211463713701, 5.675577102031309 ], [ 114.444869832993305, 5.67826689449633 ], [ 114.447672760745576, 5.680964182381912 ], [ 114.450524920815539, 5.68366888452116 ], [ 114.45342731272271, 5.686382698992338 ], [ 114.456381422605475, 5.689105531196708 ], [ 114.459391966681039, 5.691841954889926 ], [ 114.462458638525732, 5.694590496475183 ], [ 114.465586144612146, 5.697355698562456 ], [ 114.468777465897105, 5.70013917962484 ], [ 114.472029410742437, 5.702937742831999 ], [ 114.475348790479259, 5.705757621997565 ], [ 114.478737002628918, 5.708598604574123 ], [ 114.482197052628877, 5.711464020150937 ], [ 114.485732083242596, 5.714356663929522 ], [ 114.489342039239901, 5.717274732900225 ], [ 114.493027358278525, 5.72021961529641 ], [ 114.496788966864244, 5.7231907190614 ], [ 114.500627741019741, 5.726189221509571 ], [ 114.50454936137632, 5.729219504799559 ], [ 114.508554434995744, 5.732282628229677 ], [ 114.512639052858319, 5.735374394873611 ], [ 114.516811373517854, 5.738502390218552 ], [ 114.521068306894691, 5.74166375220815 ], [ 114.525408178715907, 5.744857354242733 ], [ 114.5298333638667, 5.748085237123725 ], [ 114.534347641115659, 5.751351260678121 ], [ 114.53894466402285, 5.754650210726428 ], [ 114.543625473811346, 5.757981912487023 ], [ 114.548388624364023, 5.761346413739216 ], [ 114.553234649178748, 5.764745363907177 ], [ 114.558163605939541, 5.768180115987784 ], [ 114.563172858707617, 5.771647907285407 ], [ 114.568257228086949, 5.775146033940691 ], [ 114.573418057340092, 5.778677118095882 ], [ 114.578649346106104, 5.782235861070874 ], [ 114.583949642375671, 5.785822878707983 ], [ 114.589313789906356, 5.78943443938056 ], [ 114.594741278942323, 5.793072754146075 ], [ 114.600221519749368, 5.79672993989779 ], [ 114.605757088565468, 5.800409414156127 ], [ 114.611340937666341, 5.804106968301006 ], [ 114.616966335558772, 5.807818032000116 ], [ 114.622631710577366, 5.811544256356614 ], [ 114.62832999627156, 5.815280930374733 ], [ 114.634053320797761, 5.819023348163762 ], [ 114.639799009458258, 5.822770585210596 ], [ 114.645562611685918, 5.826522008385324 ], [ 114.651340278041644, 5.830276873516566 ], [ 114.657122022264403, 5.834027654399286 ], [ 114.662903989071495, 5.837773695188444 ], [ 114.668673107905192, 5.841503890988248 ], [ 114.674431664410989, 5.845224426202441 ], [ 114.680170326702296, 5.848928384913404 ], [ 114.685885678334927, 5.852615403185705 ], [ 114.691572575463596, 5.856283081290822 ], [ 114.697226099188526, 5.859929159149173 ], [ 114.702841584183375, 5.863551532130445 ], [ 114.708416651540972, 5.867150404051586 ], [ 114.713943188397323, 5.87071971322131 ], [ 114.719419420996203, 5.874260048119724 ], [ 114.724843943249709, 5.877772207500308 ], [ 114.730211920848944, 5.881252688902697 ], [ 114.735518045943579, 5.88469874543076 ], [ 114.740764331817516, 5.888113821883822 ], [ 114.745944750080511, 5.891493064876141 ], [ 114.75105977069029, 5.894838401903359 ], [ 114.756114067356435, 5.898156060909804 ], [ 114.761098518703861, 5.901437246094189 ], [ 114.766016761650761, 5.90468669322158 ], [ 114.770860609972104, 5.907896701279665 ], [ 114.775636700544439, 5.911074750365629 ], [ 114.78034777151565, 5.91422380049175 ], [ 114.784990166726729, 5.917340923938663 ], [ 114.789567177139574, 5.920429372075318 ], [ 114.794082341950116, 5.923492593111272 ], [ 114.79853292849667, 5.926528129633086 ], [ 114.802922916758263, 5.929539652485062 ], [ 114.80725431928542, 5.932528924558538 ], [ 114.81152727873534, 5.935495792590809 ], [ 114.815750425942795, 5.938448392032869 ], [ 114.819920051707257, 5.941382628856021 ], [ 114.824040902741359, 5.944302697053172 ], [ 114.82811788462709, 5.947212785978063 ], [ 114.83214959000334, 5.950111133797075 ], [ 114.836141062309366, 5.953001984525322 ], [ 114.836216437371107, 5.953056998464839 ], [ 114.83671300620918, 5.952122694983561 ], [ 114.841613403010854, 5.942867175441528 ], [ 114.846493175329314, 5.933614542718262 ], [ 114.851362063595474, 5.924345199773629 ], [ 114.856211771491033, 5.915074205471929 ], [ 114.86104790958619, 5.905791500208555 ], [ 114.865864251825116, 5.896507372176324 ], [ 114.870661763337978, 5.887221104614721 ], [ 114.875446406828345, 5.877919176986818 ], [ 114.880210858446873, 5.868615237957369 ], [ 114.88498802374535, 5.859248434772404 ], [ 114.889725469078456, 5.849905425555604 ], [ 114.894448508474355, 5.840548078830052 ], [ 114.899151420319399, 5.831185637445212 ], [ 114.903832652074939, 5.821825755201828 ], [ 114.908493471213689, 5.812460026180163 ], [ 114.913136821617954, 5.803082543550257 ], [ 114.917762843238592, 5.793693868114707 ], [ 114.922370255150454, 5.784292386833529 ], [ 114.926961845169089, 5.774873865459472 ], [ 114.931532720142087, 5.765446219919679 ], [ 114.936087597284796, 5.756000102599005 ], [ 114.940621577660096, 5.746543424737225 ], [ 114.945139464144106, 5.737066553631099 ], [ 114.949638034447247, 5.727572570220045 ], [ 114.954128235151686, 5.71803391200751 ], [ 114.958597476122279, 5.708480318559586 ], [ 114.963054199067827, 5.698891239723261 ], [ 114.967485722039783, 5.689297687780581 ], [ 114.971901018226689, 5.679677561757582 ], [ 114.976296803862638, 5.670033751204249 ], [ 114.98068298378908, 5.660346214541531 ], [ 114.985060915184633, 5.650610700272554 ], [ 114.98940329911369, 5.64087687560051 ], [ 114.993732532896345, 5.631101021647662 ], [ 114.998043894459414, 5.6212903522767 ], [ 115.002342165729786, 5.611434051642459 ], [ 115.006622585608369, 5.601539455204845 ], [ 115.01089383397877, 5.591581668257265 ], [ 115.015147958865469, 5.581578924037862 ], [ 115.019390849951861, 5.571515601190012 ], [ 115.023616365083441, 5.561403593476568 ], [ 115.027826526343588, 5.551241437355296 ], [ 115.032015683742657, 5.541039765942722 ], [ 115.036190098892376, 5.530780562644125 ], [ 115.040344347090908, 5.520473074911056 ], [ 115.044482044265976, 5.510108783969953 ], [ 115.048597441880389, 5.499698000257128 ], [ 115.052694688925612, 5.489229039916685 ], [ 115.056765738419529, 5.478722010228091 ], [ 115.060814294819494, 5.468166552575459 ], [ 115.064834771996473, 5.457571319996381 ], [ 115.068828669876027, 5.446929417712528 ], [ 115.07281235260767, 5.436208491941097 ], [ 115.076738814634851, 5.425511056054278 ], [ 115.080632880802042, 5.4147809228332 ], [ 115.084483805188711, 5.404054060890431 ], [ 115.088296087251152, 5.393310511499195 ], [ 115.092061332370747, 5.382574263767888 ], [ 115.095781148542116, 5.371840713334227 ], [ 115.099448623759656, 5.361126194538771 ], [ 115.103064595153612, 5.350430484147732 ], [ 115.106622424484513, 5.339769747559759 ], [ 115.110122999522858, 5.329143802893004 ], [ 115.113560539208024, 5.318564514953545 ], [ 115.11693661019369, 5.308026494216609 ], [ 115.120244742254144, 5.297550301643725 ], [ 115.123486665375253, 5.287130594910477 ], [ 115.126656602853501, 5.276787080314179 ], [ 115.129756378432546, 5.266516744498502 ], [ 115.132781278397673, 5.256335513527469 ], [ 115.135734058823203, 5.246232600468959 ], [ 115.138611067654011, 5.236217199461985 ], [ 115.141420524429435, 5.226267215012475 ], [ 115.144154445334024, 5.216407460310661 ], [ 115.146805222234519, 5.206653451892107 ], [ 115.149383542832524, 5.196979174903896 ], [ 115.151887214813442, 5.187389358968612 ], [ 115.154319746614306, 5.177864888507768 ], [ 115.156679281792691, 5.168413534490879 ], [ 115.158969155938152, 5.159031173131292 ], [ 115.161189396498685, 5.149709566338526 ], [ 115.163339857880274, 5.140456012375148 ], [ 115.165424510011761, 5.131259542626375 ], [ 115.167442127196907, 5.122115086954137 ], [ 115.169396428167033, 5.113010288865102 ], [ 115.171286268147156, 5.103942107887486 ], [ 115.173115369556399, 5.094904076546209 ], [ 115.174882683431719, 5.085892798956806 ], [ 115.176591403425903, 5.076896432248616 ], [ 115.178240579139413, 5.067914333672762 ], [ 115.179832126543602, 5.058923669017368 ], [ 115.181366845748499, 5.049933318411408 ], [ 115.182849833213353, 5.040917871595644 ], [ 115.184272105671297, 5.031902431435165 ], [ 115.185638066676361, 5.022881518279046 ], [ 115.186948496822041, 5.013844145439043 ], [ 115.188204800899257, 5.004775269564074 ], [ 115.189405761511608, 4.995682130405117 ], [ 115.190552646381065, 4.986553636951621 ], [ 115.191643512433515, 4.977392212395559 ], [ 115.19267953932976, 4.968190654675887 ], [ 115.193399614553599, 4.961400066331094 ], [ 115.190528, 4.96325 ], [ 115.194051953393654, 4.955001129896158 ], [ 115.194581887108413, 4.949669967184218 ], [ 115.195445673356588, 4.940335210724673 ], [ 115.195883269455052, 4.935228788984113 ], [ 115.195472, 4.933222 ], [ 115.189222, 4.927 ], [ 115.182556, 4.928639 ], [ 115.177194, 4.924917 ], [ 115.176722, 4.921167 ], [ 115.173444, 4.923639 ], [ 115.15925, 4.915333 ], [ 115.158417, 4.903667 ], [ 115.154667, 4.906583 ], [ 115.157139, 4.912389 ], [ 115.152556, 4.913639 ], [ 115.142528, 4.910333 ], [ 115.14175, 4.906139 ], [ 115.133389, 4.910306 ], [ 115.11175, 4.906111 ], [ 115.096333, 4.894889 ], [ 115.097139, 4.889889 ], [ 115.102194, 4.887444 ], [ 115.101361, 4.884889 ], [ 115.106333, 4.88325 ], [ 115.103833, 4.880722 ], [ 115.104667, 4.876583 ], [ 115.109278, 4.872 ], [ 115.11425, 4.872833 ], [ 115.113417, 4.870306 ], [ 115.131361, 4.859889 ], [ 115.125889, 4.859472 ], [ 115.115056, 4.865306 ], [ 115.114694, 4.861583 ], [ 115.119667, 4.85825 ], [ 115.111333, 4.854889 ], [ 115.119639, 4.85325 ], [ 115.11675, 4.853667 ], [ 115.113417, 4.848639 ], [ 115.103361, 4.852 ], [ 115.102111, 4.849083 ], [ 115.106722, 4.840306 ], [ 115.102611, 4.845278 ], [ 115.098417, 4.842806 ], [ 115.098806, 4.849056 ], [ 115.095889, 4.850333 ], [ 115.075083, 4.843667 ], [ 115.075083, 4.839472 ], [ 115.067528, 4.838639 ], [ 115.0655, 4.835722 ], [ 115.068806, 4.83325 ], [ 115.059667, 4.829083 ], [ 115.060889, 4.796139 ], [ 115.052972, 4.803222 ], [ 115.053, 4.816556 ], [ 115.042583, 4.817833 ], [ 115.037611, 4.8245 ], [ 115.035472, 4.81575 ], [ 115.041333, 4.798194 ], [ 115.039194, 4.796139 ], [ 115.031278, 4.80075 ], [ 115.030861, 4.806972 ], [ 115.023833, 4.805722 ], [ 115.028028, 4.81075 ], [ 115.022167, 4.814111 ], [ 115.01925, 4.823639 ], [ 115.013833, 4.824083 ], [ 115.0205, 4.826556 ], [ 115.023, 4.833222 ], [ 115.020083, 4.8345 ], [ 115.027194, 4.834917 ], [ 115.022167, 4.852417 ], [ 115.023806, 4.857417 ], [ 115.02175, 4.858667 ], [ 115.017556, 4.855333 ], [ 115.017194, 4.857389 ], [ 115.030528, 4.87575 ], [ 115.030083, 4.877806 ], [ 115.02425, 4.876972 ], [ 115.017972, 4.870722 ], [ 115.027139, 4.892389 ], [ 115.026722, 4.896167 ], [ 115.017194, 4.896556 ], [ 115.024639, 4.905722 ], [ 115.020944, 4.924444 ], [ 115.004667, 4.904083 ], [ 115.008861, 4.919889 ], [ 115.022167, 4.947361 ], [ 115.032611, 4.954472 ], [ 115.038028, 4.96325 ], [ 115.048833, 4.972417 ], [ 115.047611, 4.974472 ], [ 115.038, 4.97325 ], [ 115.038861, 4.982389 ], [ 115.045528, 4.984056 ], [ 115.040528, 4.986583 ], [ 115.038389, 4.991972 ], [ 115.033806, 4.993222 ], [ 115.035528, 4.997417 ], [ 115.031778, 4.997 ], [ 115.03125, 5.0 ], [ 115.043333, 5.002889 ], [ 115.053444, 4.997 ], [ 115.057611, 4.997833 ], [ 115.06375, 5.005806 ], [ 115.062917, 5.022472 ], [ 115.070778, 5.032083 ], [ 115.0925, 5.042083 ], [ 115.117056, 5.046611 ], [ 115.110806, 5.047917 ], [ 115.07, 5.04125 ], [ 115.059972, 5.043694 ], [ 115.057917, 5.049139 ], [ 115.054972, 5.049528 ], [ 114.947528, 5.011222 ], [ 114.927556, 4.999472 ], [ 114.898417, 4.989472 ], [ 114.860833, 4.971222 ], [ 114.854167, 4.974528 ], [ 114.800861, 4.929528 ], [ 114.675028, 4.847 ], [ 114.642528, 4.813667 ], [ 114.609583, 4.785778 ], [ 114.604194, 4.777028 ], [ 114.615833, 4.785333 ], [ 114.61625, 4.780806 ], [ 114.606694, 4.767861 ], [ 114.606667, 4.772861 ], [ 114.597528, 4.767889 ], [ 114.599583, 4.773278 ], [ 114.595056, 4.772861 ], [ 114.585806, 4.761972 ], [ 114.548333, 4.732861 ], [ 114.486694, 4.691222 ], [ 114.44, 4.667056 ], [ 114.438361, 4.663722 ], [ 114.435861, 4.665361 ], [ 114.403361, 4.653667 ], [ 114.353306, 4.632056 ], [ 114.313333, 4.618722 ], [ 114.240833, 4.600361 ], [ 114.1875, 4.595333 ], [ 114.185, 4.592056 ], [ 114.18, 4.595361 ], [ 114.170861, 4.595389 ], [ 114.101667, 4.589528 ], [ 114.02, 4.592028 ], [ 114.001722, 4.592861 ], [ 113.971667, 4.601222 ], [ 113.970389, 4.598306 ], [ 113.973333, 4.592889 ], [ 113.99625, 4.58 ], [ 113.991667, 4.577083 ], [ 113.981639, 4.581194 ], [ 113.969167, 4.59125 ], [ 113.962139, 4.588333 ], [ 113.968722, 4.573333 ], [ 113.972972, 4.5525 ], [ 113.990444, 4.510833 ], [ 113.996222, 4.458306 ], [ 113.984556, 4.414139 ], [ 113.974583, 4.390833 ], [ 113.979556, 4.392472 ], [ 113.967111, 4.381667 ], [ 113.957083, 4.364972 ], [ 113.967917, 4.354139 ], [ 113.963722, 4.332472 ], [ 113.929583, 4.266667 ], [ 113.925389, 4.264111 ], [ 113.900889, 4.227889 ], [ 113.877111, 4.2025 ], [ 113.843722, 4.152472 ], [ 113.804583, 4.106667 ], [ 113.800417, 4.094167 ], [ 113.782917, 4.070806 ], [ 113.779583, 4.058306 ], [ 113.724556, 3.994944 ], [ 113.72625, 3.991667 ], [ 113.7225, 3.992028 ], [ 113.705417, 3.977444 ], [ 113.704583, 3.968333 ], [ 113.702556, 3.969556 ], [ 113.68, 3.945389 ], [ 113.578306, 3.857917 ], [ 113.529972, 3.821222 ], [ 113.491694, 3.799583 ], [ 113.491667, 3.794583 ], [ 113.486639, 3.79625 ], [ 113.429556, 3.755778 ], [ 113.418722, 3.739972 ], [ 113.422917, 3.726639 ], [ 113.41375, 3.694194 ], [ 113.382944, 3.645833 ], [ 113.367861, 3.634167 ], [ 113.371222, 3.626639 ], [ 113.36375, 3.615 ], [ 113.354556, 3.609167 ], [ 113.35375, 3.604167 ], [ 113.34, 3.589583 ], [ 113.333306, 3.589583 ], [ 113.32375, 3.574972 ], [ 113.294583, 3.5475 ], [ 113.29125, 3.532472 ], [ 113.297111, 3.527472 ], [ 113.299556, 3.517472 ], [ 113.295417, 3.515806 ], [ 113.274556, 3.482444 ], [ 113.259167, 3.467111 ], [ 113.246611, 3.461222 ], [ 113.24, 3.453722 ], [ 113.224139, 3.444583 ], [ 113.205028, 3.42625 ], [ 113.199972, 3.425389 ], [ 113.184611, 3.411667 ], [ 113.169583, 3.392417 ], [ 113.16375, 3.370833 ], [ 113.152944, 3.358306 ], [ 113.155389, 3.354944 ], [ 113.152056, 3.351611 ], [ 113.156222, 3.349944 ], [ 113.136667, 3.331222 ], [ 113.120889, 3.31875 ], [ 113.114167, 3.317889 ], [ 113.091694, 3.298667 ], [ 113.05875, 3.279139 ], [ 113.052889, 3.268306 ], [ 113.062472, 3.264556 ], [ 113.073333, 3.26625 ], [ 113.077083, 3.253333 ], [ 113.063722, 3.230778 ], [ 113.039583, 3.209139 ], [ 113.043722, 3.2 ], [ 113.029611, 3.185861 ], [ 113.035, 3.167917 ], [ 113.031222, 3.17 ], [ 113.028722, 3.177472 ], [ 113.024972, 3.17875 ], [ 113.000833, 3.15875 ], [ 112.959972, 3.134528 ], [ 112.919972, 3.120444 ], [ 112.905, 3.117889 ], [ 112.865, 3.099583 ], [ 112.800028, 3.089583 ], [ 112.797056, 3.084139 ], [ 112.804528, 3.077444 ], [ 112.804167, 3.074528 ], [ 112.793333, 3.083722 ], [ 112.779972, 3.087889 ], [ 112.758306, 3.077889 ], [ 112.741639, 3.073722 ], [ 112.6525, 3.057028 ], [ 112.639167, 3.047056 ], [ 112.632472, 3.047083 ], [ 112.609139, 3.025389 ], [ 112.601694, 3.024556 ], [ 112.594167, 3.019556 ], [ 112.581639, 3.002861 ], [ 112.57, 3.016278 ], [ 112.538306, 3.012056 ], [ 112.526639, 3.007889 ], [ 112.49, 3.010417 ], [ 112.479167, 3.004556 ], [ 112.469972, 3.009583 ], [ 112.455806, 3.008722 ], [ 112.405833, 2.991194 ], [ 112.315, 2.975417 ], [ 112.257528, 2.962028 ], [ 112.223278, 2.947083 ], [ 112.099111, 2.915389 ], [ 112.09375, 2.912472 ], [ 112.093333, 2.905417 ], [ 112.092111, 2.911611 ], [ 112.087472, 2.912944 ], [ 112.049111, 2.90625 ], [ 112.007472, 2.893722 ], [ 111.9925, 2.894556 ], [ 111.969972, 2.88625 ], [ 111.9625, 2.888722 ], [ 111.938333, 2.882889 ], [ 111.934972, 2.884528 ], [ 111.889139, 2.879556 ], [ 111.879139, 2.877028 ], [ 111.877889, 2.8725 ], [ 111.880389, 2.868361 ], [ 111.868278, 2.862917 ], [ 111.874583, 2.871639 ], [ 111.864167, 2.880417 ], [ 111.856639, 2.880444 ], [ 111.703333, 2.855389 ], [ 111.681611, 2.85125 ], [ 111.668694, 2.845806 ], [ 111.672472, 2.839556 ], [ 111.705833, 2.82125 ], [ 111.728333, 2.813722 ], [ 111.748361, 2.802917 ], [ 111.750833, 2.797917 ], [ 111.736667, 2.799583 ], [ 111.710833, 2.810389 ], [ 111.703306, 2.810389 ], [ 111.687472, 2.816278 ], [ 111.669944, 2.827056 ], [ 111.666667, 2.832083 ], [ 111.660806, 2.832889 ], [ 111.653722, 2.840806 ], [ 111.651222, 2.850806 ], [ 111.644972, 2.852889 ], [ 111.639556, 2.839167 ], [ 111.609167, 2.809583 ], [ 111.593333, 2.797889 ], [ 111.5275, 2.759528 ], [ 111.499167, 2.749556 ], [ 111.487889, 2.734972 ], [ 111.470806, 2.722917 ], [ 111.468333, 2.717917 ], [ 111.462528, 2.718722 ], [ 111.451667, 2.712056 ], [ 111.433306, 2.707056 ], [ 111.429556, 2.701667 ], [ 111.42875, 2.669972 ], [ 111.422889, 2.635833 ], [ 111.409583, 2.591667 ], [ 111.398722, 2.57 ], [ 111.402111, 2.538306 ], [ 111.409167, 2.526222 ], [ 111.439139, 2.512889 ], [ 111.4625, 2.491194 ], [ 111.4725, 2.492083 ], [ 111.486667, 2.502889 ], [ 111.493278, 2.500417 ], [ 111.496194, 2.495 ], [ 111.485028, 2.482889 ], [ 111.474139, 2.477889 ], [ 111.451639, 2.480361 ], [ 111.431639, 2.49125 ], [ 111.404167, 2.497917 ], [ 111.394167, 2.497917 ], [ 111.389556, 2.490861 ], [ 111.409583, 2.466667 ], [ 111.410472, 2.426611 ], [ 111.417056, 2.415778 ], [ 111.432472, 2.401222 ], [ 111.4575, 2.38875 ], [ 111.480833, 2.371222 ], [ 111.48875, 2.360806 ], [ 111.492083, 2.350806 ], [ 111.488306, 2.351222 ], [ 111.475, 2.362889 ], [ 111.463306, 2.367083 ], [ 111.459583, 2.364167 ], [ 111.46375, 2.348306 ], [ 111.4625, 2.340417 ], [ 111.453806, 2.370028 ], [ 111.444194, 2.382083 ], [ 111.415, 2.365361 ], [ 111.386667, 2.367917 ], [ 111.375417, 2.345806 ], [ 111.356667, 2.338722 ], [ 111.352917, 2.340806 ], [ 111.352056, 2.349139 ], [ 111.328361, 2.374583 ], [ 111.322528, 2.374583 ], [ 111.308694, 2.365806 ], [ 111.307139, 2.359944 ], [ 111.317083, 2.350806 ], [ 111.308306, 2.352083 ], [ 111.302083, 2.356667 ], [ 111.302083, 2.365806 ], [ 111.315, 2.380389 ], [ 111.327028, 2.387472 ], [ 111.327917, 2.395778 ], [ 111.310861, 2.40125 ], [ 111.308694, 2.385806 ], [ 111.305806, 2.383722 ], [ 111.305389, 2.400806 ], [ 111.301639, 2.407917 ], [ 111.293278, 2.408722 ], [ 111.284167, 2.41625 ], [ 111.260861, 2.425389 ], [ 111.256667, 2.43125 ], [ 111.247111, 2.422472 ], [ 111.240389, 2.406667 ], [ 111.237528, 2.405389 ], [ 111.23875, 2.418333 ], [ 111.253722, 2.439167 ], [ 111.253722, 2.443306 ], [ 111.246639, 2.449583 ], [ 111.228306, 2.443722 ], [ 111.217917, 2.434194 ], [ 111.216194, 2.428333 ], [ 111.207056, 2.418333 ], [ 111.207056, 2.410806 ], [ 111.210806, 2.405417 ], [ 111.217917, 2.415 ], [ 111.214611, 2.404139 ], [ 111.202944, 2.390806 ], [ 111.197917, 2.379167 ], [ 111.194583, 2.326639 ], [ 111.181222, 2.267472 ], [ 111.182056, 2.242472 ], [ 111.186639, 2.235361 ], [ 111.189139, 2.235417 ], [ 111.194194, 2.24375 ], [ 111.2075, 2.251222 ], [ 111.219194, 2.251222 ], [ 111.239583, 2.228278 ], [ 111.247111, 2.2025 ], [ 111.259556, 2.194167 ], [ 111.250833, 2.19375 ], [ 111.240417, 2.201694 ], [ 111.224556, 2.231667 ], [ 111.219194, 2.239611 ], [ 111.216667, 2.239556 ], [ 111.209583, 2.233278 ], [ 111.20125, 2.2175 ], [ 111.190389, 2.2075 ], [ 111.189556, 2.199972 ], [ 111.192944, 2.198306 ], [ 111.19, 2.197028 ], [ 111.186639, 2.199556 ], [ 111.182528, 2.192056 ], [ 111.182917, 2.195833 ], [ 111.18, 2.197028 ], [ 111.170417, 2.186639 ], [ 111.159556, 2.167444 ], [ 111.162861, 2.158333 ], [ 111.165425087727257, 2.155315891929685 ], [ 111.156374656444555, 2.155734308751601 ], [ 111.146138961741997, 2.156241511464535 ], [ 111.135894800510528, 2.156782800293549 ], [ 111.125662751350831, 2.15735721784529 ], [ 111.115422463580842, 2.157965607341541 ], [ 111.105194599098553, 2.158606788476123 ], [ 111.094958727834268, 2.15928180547461 ], [ 111.084735630442481, 2.15998925210459 ], [ 111.074490136973992, 2.160729728070068 ], [ 111.064250870442919, 2.16150318410066 ], [ 111.05402704643997, 2.16230881047904 ], [ 111.043816767481559, 2.163148385474041 ], [ 111.033608563073955, 2.164019139144119 ], [ 111.02340322470144, 2.164923100001214 ], [ 111.013201315295433, 2.165857866673797 ], [ 111.002975494680115, 2.166829662859931 ], [ 110.992746769937185, 2.167835698891719 ], [ 110.982544531035188, 2.16886763380073 ], [ 110.972345481305354, 2.169932247008072 ], [ 110.962149269866302, 2.171027180281302 ], [ 110.9519562046125, 2.172154482002872 ], [ 110.941766707211272, 2.173311742049904 ], [ 110.931580298808839, 2.174501046029346 ], [ 110.92139816723477, 2.175719923783463 ], [ 110.911214009032193, 2.176970551804495 ], [ 110.901039756116447, 2.17825140019428 ], [ 110.890868971476237, 2.179561431199378 ], [ 110.880702997633875, 2.180902393228263 ], [ 110.870531233413786, 2.182272342587876 ], [ 110.860356923285451, 2.183673067109742 ], [ 110.850200201331774, 2.185101808055566 ], [ 110.84005467259928, 2.186560488381722 ], [ 110.829918130216555, 2.188046865399021 ], [ 110.819786331848306, 2.189562910655686 ], [ 110.809659580031024, 2.191106281790008 ], [ 110.799499618064218, 2.192688166549028 ], [ 110.789357923071989, 2.194293992334079 ], [ 110.779235163326149, 2.195924282411079 ], [ 110.769116728798352, 2.197583549785626 ], [ 110.759002527152902, 2.199269514387731 ], [ 110.748892356470307, 2.200984100107291 ], [ 110.738786892816861, 2.202724959815017 ], [ 110.728679916961653, 2.204494440794577 ], [ 110.71858335801484, 2.206290398638069 ], [ 110.70849024337987, 2.208112311937436 ], [ 110.698402128084112, 2.20996163098765 ], [ 110.688317857311858, 2.211836477722522 ], [ 110.678238214549296, 2.213738359838245 ], [ 110.66814823445155, 2.215666612024256 ], [ 110.658060674327842, 2.217621758454896 ], [ 110.647990019812426, 2.219600466063067 ], [ 110.637934328030468, 2.221604395264135 ], [ 110.627881891272409, 2.223632631213615 ], [ 110.617833351061165, 2.225686683167597 ], [ 110.60778911211672, 2.227764481184601 ], [ 110.597717180829974, 2.229875809843982 ], [ 110.587651617679271, 2.232011846047673 ], [ 110.577608809947805, 2.234165804552386 ], [ 110.567568996125488, 2.23634495736589 ], [ 110.55753268827867, 2.238547233187461 ], [ 110.547494120611773, 2.240774967753167 ], [ 110.53746957689286, 2.243024140695857 ], [ 110.527437872395069, 2.245299015998987 ], [ 110.517420027444786, 2.247594903294235 ], [ 110.507395489540031, 2.249916091188714 ], [ 110.497379656078195, 2.252258557302169 ], [ 110.487367709738081, 2.254624498814498 ], [ 110.477349485301843, 2.257013444956623 ], [ 110.467332874662233, 2.259425822241859 ], [ 110.457323236822774, 2.261858899709698 ], [ 110.447329090970754, 2.264312864597609 ], [ 110.437343499175142, 2.266786792967818 ], [ 110.427361593365106, 2.269282923755496 ], [ 110.417384152415124, 2.271799200480177 ], [ 110.407410808247434, 2.27433716608386 ], [ 110.397443123336004, 2.276894627496588 ], [ 110.387418645306639, 2.279492245332994 ], [ 110.377454872609889, 2.282092896101396 ], [ 110.367485186846878, 2.284716256443021 ], [ 110.357524003668019, 2.28735822319156 ], [ 110.347567986114043, 2.290020576991084 ], [ 110.337615386810128, 2.292702048494659 ], [ 110.327667748940158, 2.295403545175662 ], [ 110.317724011716265, 2.298123701644014 ], [ 110.307779774249823, 2.30086453760459 ], [ 110.297850367687616, 2.303621556076499 ], [ 110.287910207342932, 2.306400889236282 ], [ 110.277971712412068, 2.30919863474911 ], [ 110.268036207392896, 2.312015651818985 ], [ 110.258126768333767, 2.314845728827466 ], [ 110.248221179134703, 2.317693737566798 ], [ 110.238319167772104, 2.32056037257998 ], [ 110.228421747514247, 2.323443697503509 ], [ 110.218528102148369, 2.326345206199193 ], [ 110.208639887297224, 2.329262836229643 ], [ 110.198750712703642, 2.332199277508127 ], [ 110.188877766284619, 2.335149065801963 ], [ 110.178941250582213, 2.338138778280641 ], [ 110.169066680333557, 2.341125326914718 ], [ 110.159186112750874, 2.344131236649146 ], [ 110.149313975398869, 2.347151817711652 ], [ 110.139446194186007, 2.350189048981068 ], [ 110.12958183251817, 2.353241769595355 ], [ 110.119721543454148, 2.356310853164081 ], [ 110.109864965833623, 2.35939503908122 ], [ 110.100001979884226, 2.362497802658163 ], [ 110.090134836805007, 2.365617331781861 ], [ 110.080275637722721, 2.368751616092883 ], [ 110.070446517602406, 2.37189380492832 ], [ 110.060615216793011, 2.375052255495919 ], [ 110.050786468244652, 2.378226336619013 ], [ 110.040961498514591, 2.38141426622868 ], [ 110.031134039274789, 2.38461879488263 ], [ 110.021321569888215, 2.387833947835646 ], [ 110.011501890429258, 2.391066596914085 ], [ 110.001697283540395, 2.394309485284832 ], [ 109.991886357161476, 2.397569318802106 ], [ 109.982090676107703, 2.400838973680927 ], [ 109.972232403599094, 2.404146641565171 ], [ 109.962429189757685, 2.407448229877327 ], [ 109.952629893323859, 2.410763517001455 ], [ 109.942833377906439, 2.414091656752587 ], [ 109.933040562729971, 2.417433255391323 ], [ 109.923250778485283, 2.420787376112497 ], [ 109.913459179133852, 2.424155710549389 ], [ 109.903652657575066, 2.427542510873464 ], [ 109.893864532604113, 2.430936979726529 ], [ 109.884095025851536, 2.434339974670312 ], [ 109.874327989596779, 2.437754899913718 ], [ 109.864562913204139, 2.441182860400622 ], [ 109.854800922556691, 2.444622320305776 ], [ 109.845035919035482, 2.448076014529537 ], [ 109.835284996038254, 2.451537687527152 ], [ 109.825526335059308, 2.455014732238547 ], [ 109.815781775891608, 2.458499458131316 ], [ 109.806030256052409, 2.46199906639894 ], [ 109.796292919923317, 2.465506034330698 ], [ 109.78654945591633, 2.469027367296324 ], [ 109.776815162257932, 2.472557308399262 ], [ 109.767042370111469, 2.476115276171876 ], [ 109.757295284980074, 2.479674573596012 ], [ 109.747567603005152, 2.483238515923038 ], [ 109.737832080145537, 2.486816977156215 ], [ 109.728110374412807, 2.490402029779772 ], [ 109.718356677061848, 2.494009127938325 ], [ 109.708621993239873, 2.49762094431417 ], [ 109.698911828670134, 2.501236424001779 ], [ 109.689203609095443, 2.50486182189719 ], [ 109.679497562639554, 2.508497820610477 ], [ 109.669794052610442, 2.512143329973509 ], [ 109.660093054294748, 2.515799086029284 ], [ 109.650395098899736, 2.519463969381604 ], [ 109.640694694716771, 2.523140503334159 ], [ 109.631008290858617, 2.526822303165321 ], [ 109.62131467627178, 2.530517101716168 ], [ 109.611635100925497, 2.534216900928974 ], [ 109.601949028823867, 2.537929235159501 ], [ 109.592277084666023, 2.541646283885292 ], [ 109.582604722704403, 2.545373175302053 ], [ 109.572936032920538, 2.549108868057019 ], [ 109.563272983904497, 2.552851709588846 ], [ 109.553547427302064, 2.556630311730492 ], [ 109.543886664515099, 2.560392004090367 ], [ 109.534207784051674, 2.564169715525113 ], [ 109.524516038108914, 2.567960844376297 ], [ 109.514867874782453, 2.571746201535318 ], [ 109.505220796006796, 2.575539865138692 ], [ 109.495576374818697, 2.57934186809058 ], [ 109.48593349835339, 2.583151836412327 ], [ 109.476293576518941, 2.586969835179332 ], [ 109.466655544528265, 2.59079550008232 ], [ 109.457026014550337, 2.594626656894455 ], [ 109.447387976277355, 2.598469728913769 ], [ 109.437763827362218, 2.602315813148702 ], [ 109.42813166178955, 2.606173459241486 ], [ 109.418513320726944, 2.610033941674523 ], [ 109.408887469064865, 2.61390562540208 ], [ 109.399270057769002, 2.617781918698737 ], [ 109.38965642944612, 2.621665095720264 ], [ 109.380046098167313, 2.62555457809798 ], [ 109.370439895040192, 2.629450608628879 ], [ 109.360837488459893, 2.633352580197174 ], [ 109.351182975605553, 2.637285098150066 ], [ 109.34155624349313, 2.641211956222462 ], [ 109.331928680516086, 2.645146953940217 ], [ 109.322341176619631, 2.649074099445457 ], [ 109.312749883503088, 2.653010001078437 ], [ 109.30315955366973, 2.656953148982641 ], [ 109.293571240579794, 2.66090242961655 ], [ 109.283984291936449, 2.664858645138171 ], [ 109.274399644576263, 2.668820746676777 ], [ 109.264816675576128, 2.672789504723622 ], [ 109.255236227317468, 2.676763926982777 ], [ 109.245657723200893, 2.680744745085951 ], [ 109.23608193222789, 2.684731015412073 ], [ 109.226508340041093, 2.688723423867441 ], [ 109.216937662259397, 2.692721067831349 ], [ 109.20736399658486, 2.696726703815385 ], [ 109.197804419767749, 2.700733094062623 ], [ 109.188236819182151, 2.704749279943385 ], [ 109.178683440470252, 2.708766002177126 ], [ 109.169122650007523, 2.712792136707309 ], [ 109.159576326662872, 2.716818541905014 ], [ 109.15000723340377, 2.720860527509756 ], [ 109.140373108706967, 2.724936553799387 ], [ 109.130834094385776, 2.728978835618798 ], [ 109.121284652332051, 2.733031512131079 ], [ 109.111747463041937, 2.737085007249549 ], [ 109.102200422528924, 2.741148553858819 ], [ 109.09266584466701, 2.745212704595758 ], [ 109.083121860780594, 2.749286617039495 ], [ 109.073590442687944, 2.75336096333535 ], [ 109.064049973226091, 2.757444818813475 ], [ 109.054522106352579, 2.76152896582404 ], [ 109.044985492474936, 2.765622390392881 ], [ 109.035461491555608, 2.769715975696872 ], [ 109.025929037353549, 2.773818611373837 ], [ 109.016409219175543, 2.777921272085731 ], [ 109.006881269388913, 2.782032744092446 ], [ 108.99736602928202, 2.78614408432371 ], [ 108.987843044496984, 2.790263968799214 ], [ 108.978332930379125, 2.794383527564884 ], [ 108.968820862359323, 2.798508937487373 ], [ 108.959311345710347, 2.802638538428253 ], [ 108.949764404849319, 2.806788312297578 ], [ 108.940198175902708, 2.810953518234029 ], [ 108.930699289378808, 2.815093733796357 ], [ 108.921190275812265, 2.819243210110388 ], [ 108.911692366235968, 2.823392709675282 ], [ 108.902184845373057, 2.827551169526359 ], [ 108.892688728016708, 2.831709428095168 ], [ 108.883183407459782, 2.835876391818998 ], [ 108.873689703667623, 2.840042966203451 ], [ 108.864187133991649, 2.84421802040153 ], [ 108.854696344507815, 2.8483925181473 ], [ 108.845196991966489, 2.852575284566568 ], [ 108.841202831772279, 2.85433590710722 ], [ 108.849139, 2.857083 ], [ 108.866667, 2.885417 ], [ 108.886194, 2.887472 ], [ 108.87875, 2.894972 ], [ 108.887056, 2.918278 ], [ 108.879583, 2.922472 ], [ 108.879556, 2.925806 ], [ 108.888722, 2.944139 ], [ 108.885806, 2.947028 ], [ 108.877056, 2.945833 ], [ 108.889556, 2.954111 ], [ 108.888722, 2.9675 ], [ 108.892028, 2.976639 ], [ 108.893306, 2.999028 ], [ 108.894167, 2.999528 ], [ 108.896222, 3.001 ], [ 108.894583, 3.011639 ], [ 108.881694, 3.017861 ], [ 108.8675, 3.020361 ], [ 108.845806, 3.011194 ], [ 108.837917, 2.995806 ], [ 108.837917, 2.961667 ], [ 108.834583, 2.947472 ], [ 108.809167, 2.924583 ], [ 108.800417, 2.919972 ], [ 108.788306, 2.901222 ], [ 108.779111, 2.901194 ], [ 108.777056, 2.898333 ], [ 108.777111, 2.884139 ], [ 108.783668935894042, 2.879775234306055 ], [ 108.77879893909315, 2.881935346948624 ], [ 108.769323121973898, 2.886142416010948 ], [ 108.759849990298676, 2.890352612848328 ], [ 108.750329815136823, 2.894586747767114 ], [ 108.740811989631069, 2.898825944865482 ], [ 108.731349959341003, 2.903043632073037 ], [ 108.724524763510004, 2.906088804282069 ], [ 108.727917, 2.91 ], [ 108.729583, 2.917472 ], [ 108.727472, 2.922056 ], [ 108.722056, 2.919167 ], [ 108.71884663401562, 2.908623465832921 ], [ 108.712417958959279, 2.911494420379222 ], [ 108.702948513427415, 2.915727221926272 ], [ 108.693490728728506, 2.9199587092289 ], [ 108.684024265206858, 2.924197886968959 ], [ 108.674569755190788, 2.92843553807916 ], [ 108.665106862241799, 2.932680678055096 ], [ 108.655656134902614, 2.93692411343472 ], [ 108.646197252707026, 2.941174865099645 ], [ 108.636750699898428, 2.94542375453713 ], [ 108.627296185880368, 2.94967980201602 ], [ 108.617854151303973, 2.953933834666031 ], [ 108.608404350540638, 2.958194865561716 ], [ 108.598967202523369, 2.962453717552272 ], [ 108.589522522761143, 2.966719389417328 ], [ 108.580090731406685, 2.97098268923299 ], [ 108.570657013581126, 2.975250146959123 ], [ 108.561225940927031, 2.979519885539932 ], [ 108.551751852955221, 2.98381158221815 ], [ 108.542269092244027, 2.988111991971598 ], [ 108.532848388212798, 2.99238700891917 ], [ 108.523417364175415, 2.996669873341032 ], [ 108.513997269253707, 3.000950948305148 ], [ 108.504567189483993, 3.00523966017558 ], [ 108.495148346606356, 3.009526373689251 ], [ 108.485719744671187, 3.013820562500645 ], [ 108.47630260229873, 3.018112582217213 ], [ 108.466875856826633, 3.022411947286507 ], [ 108.457460747070627, 3.026708993650552 ], [ 108.448036158362143, 3.031013270207583 ], [ 108.438623372735037, 3.035315082680535 ], [ 108.429201238094436, 3.039624008047612 ], [ 108.419791102696649, 3.043930311133681 ], [ 108.410371791578825, 3.048243590564853 ], [ 108.400964742224758, 3.052554059468202 ], [ 108.391548771299156, 3.056871331653745 ], [ 108.382145428514619, 3.061185557640213 ], [ 108.372733536649562, 3.065506359907183 ], [ 108.363334780845406, 3.069823815255114 ], [ 108.353868403460851, 3.074175308347916 ], [ 108.344423669725941, 3.078518747480888 ], [ 108.335022869813741, 3.082845179173586 ], [ 108.325621275814868, 3.087174413945931 ], [ 108.316225427923371, 3.091503573828576 ], [ 108.306818608098439, 3.095840260715693 ], [ 108.297423391227071, 3.100174083922015 ], [ 108.288017573964538, 3.104515219375202 ], [ 108.278623792292564, 3.108853239015209 ], [ 108.269219699272938, 3.113198393455207 ], [ 108.259828012330104, 3.117540207787994 ], [ 108.250426250941459, 3.12188900299904 ], [ 108.241037234722597, 3.126234247587922 ], [ 108.231638360232211, 3.130586328268941 ], [ 108.222252571074876, 3.134934646642752 ], [ 108.212862559436246, 3.139287200707384 ], [ 108.203475195688625, 3.143640662021471 ], [ 108.1940894064617, 3.147995680374197 ], [ 108.184706490433172, 3.152351452493353 ], [ 108.175325741367914, 3.156708454724131 ], [ 108.165948200993057, 3.161066005839122 ], [ 108.156514751457991, 3.165452107512319 ], [ 108.147082192475295, 3.169839047202922 ], [ 108.137708696526943, 3.17420122277036 ], [ 108.128334577497185, 3.178565631507571 ], [ 108.118961019679247, 3.182931874254866 ], [ 108.109587153462115, 3.187300165706033 ], [ 108.100214431990523, 3.191669980178777 ], [ 108.090846947219006, 3.196039268060844 ], [ 108.081470367702636, 3.200414717329692 ], [ 108.072104600025042, 3.204787048817988 ], [ 108.062729912661723, 3.209165424648762 ], [ 108.053366323501535, 3.21354050750107 ], [ 108.043993957280506, 3.217921533229559 ], [ 108.034632967540276, 3.222299094876409 ], [ 108.025263349529169, 3.2266824955904 ], [ 108.015905417553441, 3.231062246837055 ], [ 108.006539052346938, 3.235447712229198 ], [ 107.997184755127634, 3.239829309137375 ], [ 107.987822307999238, 3.244216454332209 ], [ 107.978472426474625, 3.248599457905692 ], [ 107.969061708389333, 3.253012971767873 ], [ 107.959705553513629, 3.257402390178185 ], [ 107.950314044793586, 3.261809875618674 ], [ 107.940942791549674, 3.266209620293237 ], [ 107.931597433708646, 3.270599050786297 ], [ 107.922240952960848, 3.274995330873626 ], [ 107.912894932028806, 3.279388322878452 ], [ 107.903538185852682, 3.283787954584368 ], [ 107.894192385384869, 3.288184040505799 ], [ 107.884836159997334, 3.292586601287766 ], [ 107.875491293006277, 3.296985392277678 ], [ 107.866136241835633, 3.301390520786947 ], [ 107.856792925264685, 3.305791672067532 ], [ 107.847439641682811, 3.3101990342151 ], [ 107.838098468279085, 3.314602211483095 ], [ 107.828747557371656, 3.319011466836395 ], [ 107.819409168045695, 3.323416312334031 ], [ 107.810061320128341, 3.327827079598995 ], [ 107.800726479159877, 3.332233176758864 ], [ 107.791387763494512, 3.336642568799274 ], [ 107.782052222092858, 3.341051833157424 ], [ 107.772658950273041, 3.345490136268014 ], [ 107.763315985319039, 3.349905794114028 ], [ 107.753973396893031, 3.354322733210529 ], [ 107.744586690282446, 3.358761588662512 ], [ 107.735254415690605, 3.363176477047643 ], [ 107.725921678497656, 3.367592885132326 ], [ 107.716588611333464, 3.37201085765172 ], [ 107.707255430484636, 3.376430167665755 ], [ 107.697922464107791, 3.380850768192368 ], [ 107.688589617742181, 3.385272579390865 ], [ 107.679257439991474, 3.3896954506443 ], [ 107.669925542743783, 3.394119441627109 ], [ 107.660594719421098, 3.398544286346323 ], [ 107.651264305121359, 3.402970176448312 ], [ 107.641935362659723, 3.407396718641385 ], [ 107.632612189849624, 3.411821779851997 ], [ 107.623280477614685, 3.416252173735999 ], [ 107.61396005516707, 3.420678484563246 ], [ 107.604631394487413, 3.425109977707165 ], [ 107.595314529204444, 3.429537135724366 ], [ 107.585934136349522, 3.433996026218578 ], [ 107.576609627904716, 3.438429403682441 ], [ 107.567275600146516, 3.442868575245968 ], [ 107.557951892384352, 3.44730410859343 ], [ 107.548571488905367, 3.451767642739226 ], [ 107.539257322889583, 3.456201217988836 ], [ 107.529931778258231, 3.460641466741917 ], [ 107.520615642257354, 3.465078498380162 ], [ 107.511288533893222, 3.469522017265263 ], [ 107.501971349234722, 3.473962075654847 ], [ 107.492643505496204, 3.478408479650246 ], [ 107.483326033666202, 3.482851211854484 ], [ 107.473998167489356, 3.487300171453142 ], [ 107.464681097730235, 3.49174525940427 ], [ 107.455359111249749, 3.496193995318674 ], [ 107.446037925461695, 3.500643579917491 ], [ 107.436717428079689, 3.505094170987838 ], [ 107.427398049363504, 3.509545464104516 ], [ 107.41807991617614, 3.513997503404453 ], [ 107.408763319204866, 3.518450050373624 ], [ 107.399396114787749, 3.522928431965708 ], [ 107.390071905240816, 3.527387282207783 ], [ 107.380748301734727, 3.53184720958318 ], [ 107.37142467345366, 3.536308418031616 ], [ 107.362101833913201, 3.540770626812547 ], [ 107.352731800803653, 3.545256482813257 ], [ 107.343418678892533, 3.549716751767563 ], [ 107.334103907745998, 3.554179090549685 ], [ 107.324789163381496, 3.558642811702508 ], [ 107.315473263456425, 3.563108379845425 ], [ 107.306157988574952, 3.567575058939953 ], [ 107.296841948913126, 3.572043411432667 ], [ 107.287527054028146, 3.576512640887386 ], [ 107.278211726351714, 3.580983398439367 ], [ 107.268898028136448, 3.585454815681186 ], [ 107.259589345271749, 3.589925184074053 ], [ 107.250272521377454, 3.594400869476249 ], [ 107.240966264290776, 3.598872878482019 ], [ 107.231652261206335, 3.603350032519781 ], [ 107.222349394256042, 3.607823248913975 ], [ 107.213023969480844, 3.612308854884735 ], [ 107.203679547375359, 3.616805241417587 ], [ 107.194366356433534, 3.621287808608321 ], [ 107.185053170228514, 3.625771909181994 ], [ 107.17574118016303, 3.630256857858711 ], [ 107.166429308021605, 3.634743309573992 ], [ 107.157073004533004, 3.639252395199104 ], [ 107.147771034281675, 3.64373715068049 ], [ 107.138468662870366, 3.648223559518922 ], [ 107.129165511762793, 3.652711950317031 ], [ 107.119862421277517, 3.657201798629324 ], [ 107.110559061334101, 3.661693413456901 ], [ 107.10125612804552, 3.666186336593344 ], [ 107.091953365181638, 3.670680844980778 ], [ 107.082651347162241, 3.675176536017239 ], [ 107.073349916464892, 3.679673642308286 ], [ 107.064049548184968, 3.684171806227792 ], [ 107.054750208476676, 3.688671203630227 ], [ 107.045452295954277, 3.693171510941061 ], [ 107.036155926109373, 3.697672834429189 ], [ 107.026861444941574, 3.702174873084479 ], [ 107.017509479163422, 3.706707050871988 ], [ 107.008206610409275, 3.711216722556085 ], [ 106.998904430565489, 3.715727909041342 ], [ 106.98960742644293, 3.720238328867956 ], [ 106.980300942635736, 3.724755179256527 ], [ 106.971004824514836, 3.72926880786829 ], [ 106.961656525326191, 3.733809406979932 ], [ 106.952369378841169, 3.738322442025372 ], [ 106.943071256688, 3.742842711455552 ], [ 106.933782718207738, 3.747360200061385 ], [ 106.924483665635933, 3.751884745763096 ], [ 106.915194761059382, 3.756406273638433 ], [ 106.905895736426672, 3.760934713496204 ], [ 106.896607381954652, 3.765459918230516 ], [ 106.887309281869733, 3.769991898640977 ], [ 106.87802237903486, 3.774520423325777 ], [ 106.868726132003218, 3.779055573367987 ], [ 106.859441660578213, 3.783587020996929 ], [ 106.850148319770668, 3.788124906764627 ], [ 106.840862411653205, 3.792661297570132 ], [ 106.831518867029317, 3.797228508385445 ], [ 106.822229972696817, 3.801770717988242 ], [ 106.812931323856404, 3.806319912226244 ], [ 106.803643686922953, 3.810865913273227 ], [ 106.794346316209115, 3.815418941936966 ], [ 106.785060169568951, 3.819968714546745 ], [ 106.775716708613857, 3.824548567089408 ], [ 106.766441112845001, 3.82909782964877 ], [ 106.757154215367791, 3.833654984745307 ], [ 106.747877788423423, 3.838209328599051 ], [ 106.738590569942801, 3.842771374119154 ], [ 106.729309450824317, 3.84733286345472 ], [ 106.720027959963417, 3.851896873576664 ], [ 106.710748079560119, 3.856462643805024 ], [ 106.701468288123451, 3.861030758651729 ], [ 106.692190552970345, 3.865600468390915 ], [ 106.682913371246983, 3.870172343954859 ], [ 106.673638720436614, 3.874745633881506 ], [ 106.664365142652969, 3.879320882562413 ], [ 106.655069229547337, 3.883910191794356 ], [ 106.645769866746491, 3.88850391840799 ], [ 106.636491735591036, 3.893089507552121 ], [ 106.627213509288865, 3.897677974922505 ], [ 106.617931946126987, 3.902270807599706 ], [ 106.608660252127592, 3.906861519299759 ], [ 106.599380270449643, 3.911459173570496 ], [ 106.590110317780827, 3.916054680965654 ], [ 106.580789612659828, 3.920677897434862 ], [ 106.571529475871031, 3.925274388248122 ], [ 106.562259549289521, 3.929878687289374 ], [ 106.552998970497953, 3.934481274104679 ], [ 106.543729066662721, 3.939091510217326 ], [ 106.534469129429951, 3.943699783704288 ], [ 106.525200277170768, 3.948315572858552 ], [ 106.515941984044076, 3.952929159731187 ], [ 106.506675183631188, 3.957550127659517 ], [ 106.497419560392601, 3.962168638328383 ], [ 106.488155886764631, 3.966794368460829 ], [ 106.478904085238611, 3.971417344947706 ], [ 106.469591186209129, 3.976074943252437 ], [ 106.46033277001392, 3.980707908218049 ], [ 106.451065616927806, 3.985348597709391 ], [ 106.441809073095413, 3.98998730838917 ], [ 106.432543811073714, 3.994633808934188 ], [ 106.423289429351513, 3.999278250905978 ], [ 106.414026350468475, 4.003930547029991 ], [ 106.404774433099675, 4.008580699202573 ], [ 106.395468317342861, 4.013261182343044 ], [ 106.386227659261849, 4.01791284685252 ], [ 106.376976816078084, 4.022573244702285 ], [ 106.367736629542279, 4.027231849514553 ], [ 106.358486791403479, 4.031898999174237 ], [ 106.349248350106677, 4.036564042119359 ], [ 106.340000717841264, 4.041237475673363 ], [ 106.330760180870158, 4.045911124528922 ], [ 106.321520892282962, 4.050587782547867 ], [ 106.312284302215232, 4.05526702971371 ], [ 106.30304964656888, 4.059948998637772 ], [ 106.293787969729067, 4.064649251468474 ], [ 106.284529044304705, 4.069351884687944 ], [ 106.27529643653348, 4.074044843997025 ], [ 106.266054759556937, 4.078746469474861 ], [ 106.256820143182836, 4.083448621175373 ], [ 106.247586451167763, 4.088154245252365 ], [ 106.238354928696126, 4.092863051459983 ], [ 106.229124556444873, 4.097575283752245 ], [ 106.219896348755341, 4.102290779914124 ], [ 106.210621483223889, 4.107033597626494 ], [ 106.201405742762944, 4.111751374576185 ], [ 106.192189990339614, 4.116473286034335 ], [ 106.182975307070393, 4.121199164523332 ], [ 106.173761401730502, 4.12592884917709 ], [ 106.164549047537761, 4.130662340068676 ], [ 106.155333345149288, 4.135401935931922 ], [ 106.146129369882573, 4.140139983845111 ], [ 106.136917787196225, 4.144886509014028 ], [ 106.127718686484258, 4.149631160972561 ], [ 106.118482727154259, 4.154400114767689 ], [ 106.10926024884094, 4.159166755539493 ], [ 106.100053311687574, 4.163929617886946 ], [ 106.090848159480728, 4.168696535233464 ], [ 106.081639686588076, 4.173469917032081 ], [ 106.07244293617039, 4.178242071790478 ], [ 106.063242948215489, 4.18302091811817 ], [ 106.054045193813607, 4.187803386460556 ], [ 106.044849106872633, 4.192590169259428 ], [ 106.035655596606929, 4.197380472799125 ], [ 106.026463775486548, 4.202175170824928 ], [ 106.017234082119884, 4.20699393093984 ], [ 106.008054609249342, 4.211792620752973 ], [ 105.998872185529578, 4.21659796569465 ], [ 105.989700382756823, 4.221402955243683 ], [ 105.980521507335851, 4.226216966440817 ], [ 105.971354123322115, 4.231030238204478 ], [ 105.962180221558924, 4.235852337746985 ], [ 105.953018697718164, 4.240673298717419 ], [ 105.943800297873935, 4.245530979382085 ], [ 105.93463497228089, 4.250365173509797 ], [ 105.925462728922241, 4.255208638911002 ], [ 105.916301855920707, 4.260051695383289 ], [ 105.907134066659395, 4.26490412956161 ], [ 105.897978032093661, 4.269756023567302 ], [ 105.888815056245818, 4.274617415581546 ], [ 105.879664217767129, 4.27947813504882 ], [ 105.870506403463935, 4.284348477793555 ], [ 105.861356203257401, 4.289220760481855 ], [ 105.852208843692182, 4.294097276931278 ], [ 105.843064390643761, 4.298978455837613 ], [ 105.833881388841164, 4.303885263049395 ], [ 105.824750976494016, 4.308771237224601 ], [ 105.815622798036628, 4.313661890973123 ], [ 105.806496719508019, 4.318557803259672 ], [ 105.797369098687398, 4.323460644444531 ], [ 105.788253692601288, 4.328363136488216 ], [ 105.779108650808951, 4.333288600072246 ], [ 105.769967910118808, 4.338218324730369 ], [ 105.760843482431397, 4.343145082417585 ], [ 105.751730458269378, 4.348072144584319 ], [ 105.742611099212652, 4.353009209907713 ], [ 105.733503558527332, 4.357946433935861 ], [ 105.724389664987171, 4.362893790129883 ], [ 105.715288000608439, 4.36784115901026 ], [ 105.706179950020243, 4.372798797420117 ], [ 105.697079870962952, 4.377758991332283 ], [ 105.687982749256577, 4.382724187152373 ], [ 105.678889131608756, 4.387694609215083 ], [ 105.669798964669724, 4.392669849185004 ], [ 105.660712320406986, 4.397650407988975 ], [ 105.651587621162633, 4.402657690613108 ], [ 105.642516447641768, 4.407644095197028 ], [ 105.63344365571227, 4.412638381730972 ], [ 105.624383138824001, 4.417633035388811 ], [ 105.615288780981572, 4.422654539453454 ], [ 105.606208289656351, 4.427675616828084 ], [ 105.59713952861182, 4.432697038865745 ], [ 105.588082481811156, 4.437719373081232 ], [ 105.579019473114712, 4.442752534964875 ], [ 105.56996868222005, 4.447786411012729 ], [ 105.560911961580047, 4.452831226171581 ], [ 105.551867941494905, 4.457876564461514 ], [ 105.542817986400806, 4.462932972791524 ], [ 105.533776431826993, 4.467992554207215 ], [ 105.52473849759879, 4.473057646802645 ], [ 105.515704404724104, 4.478128722860151 ], [ 105.506674499189458, 4.483205077151262 ], [ 105.497648413918895, 4.488287533004804 ], [ 105.48862247690785, 4.493377796393069 ], [ 105.479609734535231, 4.498468637975027 ], [ 105.470551811697732, 4.503592087817828 ], [ 105.461556541765162, 4.508689514486133 ], [ 105.452507189047054, 4.513827627110185 ], [ 105.443509697512837, 4.518943091975683 ], [ 105.434506247043174, 4.524070323737525 ], [ 105.425514919996502, 4.529199009108948 ], [ 105.416517789349072, 4.534339513881624 ], [ 105.407528835703033, 4.539483987883311 ], [ 105.398543234641963, 4.544634828968758 ], [ 105.389561535804688, 4.549792359357609 ], [ 105.380583820492191, 4.554955987590059 ], [ 105.371609958995421, 4.560126449417256 ], [ 105.362636221356439, 4.565305506101878 ], [ 105.353675305911011, 4.570485973770302 ], [ 105.344710403549527, 4.575677694333527 ], [ 105.335758901944516, 4.580870558222506 ], [ 105.326803573126782, 4.586074705050192 ], [ 105.317857840492039, 4.591282454505946 ], [ 105.30891747058395, 4.596495889892103 ], [ 105.299955455765058, 4.601732546043809 ], [ 105.290961637078837, 4.606995514187905 ], [ 105.282035399065308, 4.612229317818402 ], [ 105.27311224577528, 4.617470343738177 ], [ 105.264192850480768, 4.622718878873627 ], [ 105.255277472340609, 4.627974191087383 ], [ 105.246365990283991, 4.633237059393013 ], [ 105.237454932075181, 4.638509121254805 ], [ 105.228556752899422, 4.643783161353551 ], [ 105.219655060239248, 4.649069031369153 ], [ 105.210766887915582, 4.654356569200107 ], [ 105.201875395768909, 4.659655954299175 ], [ 105.192989200840302, 4.664962032137645 ], [ 105.184117644247209, 4.670269260055732 ], [ 105.175242974842305, 4.67558834350421 ], [ 105.166383631742619, 4.680908217018592 ], [ 105.15752147397319, 4.686239885165465 ], [ 105.148653472109231, 4.691586139796091 ], [ 105.139775952652229, 4.696948701172687 ], [ 105.130929231691425, 4.702302199090874 ], [ 105.122053690643128, 4.707681979267592 ], [ 105.113217389747831, 4.713049889261208 ], [ 105.104393756897551, 4.718420452283264 ], [ 105.095575354257491, 4.723798654764685 ], [ 105.08675753065063, 4.729186845257348 ], [ 105.077953508841702, 4.73457715345481 ], [ 105.069146388683379, 4.739980012732519 ], [ 105.060353659522065, 4.745384690589145 ], [ 105.051558031798848, 4.750801929542966 ], [ 105.042773052775047, 4.756223559966892 ], [ 105.033993954680611, 4.761652041999522 ], [ 105.025221466975907, 4.767087687515498 ], [ 105.016455645241706, 4.772529766992999 ], [ 105.007696432216449, 4.777979099592868 ], [ 104.998923503345068, 4.783448674706285 ], [ 104.990150385580876, 4.788930201241285 ], [ 104.981403170319197, 4.794405428971845 ], [ 104.972661450535185, 4.799888844984406 ], [ 104.963921969198068, 4.805382004217708 ], [ 104.955187865698278, 4.810882764879754 ], [ 104.946432554183303, 4.816407605701436 ], [ 104.937721764302296, 4.821917362562862 ], [ 104.929015619713681, 4.827435274300416 ], [ 104.920314728577566, 4.832961733991148 ], [ 104.911619363501003, 4.838495876493684 ], [ 104.902925071397391, 4.84404116505647 ], [ 104.894241385142337, 4.849591547049049 ], [ 104.885563043371647, 4.855149841859108 ], [ 104.876891423518344, 4.860715993742435 ], [ 104.868226021544146, 4.866289563761272 ], [ 104.859567376404812, 4.871871048728523 ], [ 104.850895301815996, 4.877473781133011 ], [ 104.842223377697351, 4.883089163639539 ], [ 104.833576611823275, 4.888698941375768 ], [ 104.824935619396058, 4.894317490912326 ], [ 104.816296933798057, 4.8999465251704 ], [ 104.807672185833383, 4.905578649659714 ], [ 104.799045819290626, 4.911224130827707 ], [ 104.790425638230047, 4.916877850811466 ], [ 104.781784576928899, 4.922556057390897 ], [ 104.773187873625034, 4.928219587227867 ], [ 104.764596590731671, 4.933891515774444 ], [ 104.756010966818408, 4.939572517948656 ], [ 104.74742780709218, 4.94526416622311 ], [ 104.738854385548251, 4.950961643378881 ], [ 104.730288230398784, 4.956667240988346 ], [ 104.721728615508596, 4.96238063738216 ], [ 104.713176393211, 4.968102126650172 ], [ 104.704619861718484, 4.97383938174221 ], [ 104.696049048073007, 4.979600558132195 ], [ 104.687510728844344, 4.985350876703889 ], [ 104.678978930567112, 4.991110040464067 ], [ 104.670450273465903, 4.9968797555165 ], [ 104.661931820667235, 5.002655246864717 ], [ 104.653420932687709, 5.008438960288663 ], [ 104.644916611695891, 5.014230739244242 ], [ 104.636419589854128, 5.020030966045929 ], [ 104.62790245225645, 5.025856628174683 ], [ 104.619414493232796, 5.031676080252165 ], [ 104.610940893252248, 5.037499504522296 ], [ 104.602481890337501, 5.043325919521835 ], [ 104.594021336425527, 5.04916647788196 ], [ 104.585572062752405, 5.055012536569663 ], [ 104.577129536583541, 5.060866627006515 ], [ 104.56869471694651, 5.066728913793651 ], [ 104.560267605412449, 5.072598575350129 ], [ 104.551806829778343, 5.078507669062776 ], [ 104.54338715400614, 5.08439903068331 ], [ 104.534970446795214, 5.090301806432709 ], [ 104.526568657972746, 5.096207427139247 ], [ 104.518165903242178, 5.102127065515287 ], [ 104.509774405500991, 5.108052320144789 ], [ 104.501389551775802, 5.11398584147959 ], [ 104.493012092484634, 5.119927909428047 ], [ 104.484641747792082, 5.125877912992137 ], [ 104.476270693022613, 5.131841830973674 ], [ 104.467888945806166, 5.137825440302152 ], [ 104.459546503963708, 5.143796539260131 ], [ 104.45120684927862, 5.149778791160115 ], [ 104.442877098595105, 5.155767096255982 ], [ 104.434554876869271, 5.161763802237497 ], [ 104.42623934682085, 5.167768634109979 ], [ 104.417931406812343, 5.173781807918773 ], [ 104.409627387263981, 5.179805311329559 ], [ 104.401295840604803, 5.185864655571726 ], [ 104.393002531823527, 5.191907499960712 ], [ 104.384711971209185, 5.197962027379057 ], [ 104.376436236633765, 5.204019213367306 ], [ 104.368159335141641, 5.210090735354719 ], [ 104.359893517561403, 5.216167814301907 ], [ 104.351634200774981, 5.222253179434675 ], [ 104.343382070252446, 5.228347129043149 ], [ 104.335136889902103, 5.234449003035959 ], [ 104.326887163373812, 5.240567494683947 ], [ 104.31863472184989, 5.246700516760105 ], [ 104.310416700827531, 5.252823341832013 ], [ 104.302205115605631, 5.258954298362045 ], [ 104.293995751337533, 5.265097167634193 ], [ 104.285797437839889, 5.271245327323165 ], [ 104.277605577780676, 5.277401552668683 ], [ 104.269421154418993, 5.283565919495224 ], [ 104.261244076759183, 5.28973762786169 ], [ 104.253031039551061, 5.295952225327015 ], [ 104.244864859433378, 5.302142956369445 ], [ 104.236697731647837, 5.308347693887313 ], [ 104.228544647997353, 5.314555087513858 ], [ 104.220390822624935, 5.320776318192207 ], [ 104.212250972054477, 5.327000156883781 ], [ 104.204110547879367, 5.333237684432393 ], [ 104.195980372043195, 5.339480368975833 ], [ 104.187857086172741, 5.345731397961046 ], [ 104.17971125652798, 5.3520109192048 ], [ 104.171600321065071, 5.358278724867585 ], [ 104.163499038073724, 5.364552329576306 ], [ 104.155410996762996, 5.370828747825053 ], [ 104.147321746319705, 5.377119084242117 ], [ 104.139245966100077, 5.383411952082461 ], [ 104.131169486317987, 5.389718311916021 ], [ 104.12310301162951, 5.396029589006088 ], [ 104.115043692151218, 5.402348589690188 ], [ 104.106991191260519, 5.408674687396262 ], [ 104.098906183668603, 5.415041745467641 ], [ 104.090859683222604, 5.421389249887556 ], [ 104.082815519752685, 5.427747937594765 ], [ 104.074784766864482, 5.434108878296964 ], [ 104.066752598374862, 5.440483693901562 ], [ 104.05873359415925, 5.446860835591366 ], [ 104.050713330876405, 5.453251683576907 ], [ 104.042690969816093, 5.459656076854226 ], [ 104.034665053933651, 5.466075855824359 ], [ 104.026675370842668, 5.472480587649802 ], [ 104.018683228886047, 5.478899791103846 ], [ 104.01069957491076, 5.485324461157651 ], [ 104.002721309879405, 5.491757664686073 ], [ 103.99474821338967, 5.498198706630448 ], [ 103.986780441356231, 5.504648235547066 ], [ 103.97881843042299, 5.511105046030638 ], [ 103.970858074234116, 5.517573013283331 ], [ 103.962911326643635, 5.524042205647876 ], [ 103.954962873079992, 5.530524988812364 ], [ 103.947024326019999, 5.537011657593254 ], [ 103.939050555085686, 5.543541811904516 ], [ 103.931115912891187, 5.550049981428469 ], [ 103.923186658866527, 5.556566238894782 ], [ 103.915262338805832, 5.563090123566806 ], [ 103.907335502787873, 5.569628080138087 ], [ 103.899395546730943, 5.576187503753393 ], [ 103.891492665299893, 5.582730381482045 ], [ 103.883593684914658, 5.5892814734675 ], [ 103.875695215027008, 5.595844109020183 ], [ 103.867808812509395, 5.602408518085205 ], [ 103.859919449080735, 5.608987066725962 ], [ 103.852042127503907, 5.615567279083969 ], [ 103.844162379111054, 5.622161121631639 ], [ 103.836290917367549, 5.628759436109445 ], [ 103.828424956256342, 5.635365068413193 ], [ 103.820563804601719, 5.641977767153655 ], [ 103.812708114264979, 5.648597685407027 ], [ 103.804857760804367, 5.65522412745937 ], [ 103.797009241121103, 5.661860523928842 ], [ 103.78917391932913, 5.668497082176195 ], [ 103.781325589292862, 5.675156406857421 ], [ 103.773460377398791, 5.681841940195782 ], [ 103.765603738527048, 5.688529063265899 ], [ 103.757784026509668, 5.695197995988019 ], [ 103.74996797961191, 5.701874460560468 ], [ 103.742151769273192, 5.708562236829547 ], [ 103.734347398661697, 5.7152508838676 ], [ 103.726539343221532, 5.721953571320306 ], [ 103.71874296696565, 5.728657141572659 ], [ 103.71094343262115, 5.735374236579482 ], [ 103.703151601917611, 5.742095318633059 ], [ 103.695364642742277, 5.748823323690123 ], [ 103.687581669611276, 5.755558220286177 ], [ 103.679803466658967, 5.762300005214617 ], [ 103.672029577543199, 5.769048314251442 ], [ 103.664260468566582, 5.77580301673965 ], [ 103.656495833177871, 5.782564741957874 ], [ 103.648736226771121, 5.789332174851056 ], [ 103.640977143056332, 5.796109758065981 ], [ 103.633196609038094, 5.802914787408092 ], [ 103.625457841375066, 5.809695831934911 ], [ 103.6177234114529, 5.816482916682781 ], [ 103.609947752369806, 5.823318395125029 ], [ 103.602217555257738, 5.830122697867543 ], [ 103.594487101559139, 5.836937171186517 ], [ 103.58675997457749, 5.843759226866123 ], [ 103.579036850587684, 5.850587474007915 ], [ 103.571313173484327, 5.857426448948419 ], [ 103.563601545810627, 5.864264810022262 ], [ 103.555885720678589, 5.87111685770549 ], [ 103.548181607741725, 5.877968478999957 ], [ 103.540473797798782, 5.884833287739216 ], [ 103.532773493842015, 5.891701125027647 ], [ 103.525077724605595, 5.898575122519133 ], [ 103.517385540969627, 5.905455373740511 ], [ 103.509701736771035, 5.912338065828409 ], [ 103.501977606729824, 5.919264964281137 ], [ 103.494308644297334, 5.926154099259451 ], [ 103.486634609915896, 5.933057381934559 ], [ 103.478972040062558, 5.939959930500087 ], [ 103.471305316684735, 5.946875759430752 ], [ 103.463646275543809, 5.953793997834416 ], [ 103.455991756593932, 5.960717993477146 ], [ 103.448341406211668, 5.967647313957857 ], [ 103.440687852262727, 5.974589643254533 ], [ 103.433007719396457, 5.981566477981084 ], [ 103.425362090056964, 5.988520114397545 ], [ 103.417720449651981, 5.995479879129475 ], [ 103.410082162272474, 6.002445611174133 ], [ 103.40244786862938, 6.009417386914736 ], [ 103.394817044492086, 6.016394984438678 ], [ 103.387190114685495, 6.023378295250882 ], [ 103.37956695075458, 6.030367802850551 ], [ 103.371916005813802, 6.037390315353461 ], [ 103.364299375693236, 6.044392262072495 ], [ 103.356693336628581, 6.051393621854662 ], [ 103.349090650278455, 6.058401376876691 ], [ 103.341490593397012, 6.065415468536975 ], [ 103.333898321187974, 6.072431630987791 ], [ 103.326300948862567, 6.079461599806192 ], [ 103.318711362458913, 6.086493232861535 ], [ 103.311125795081566, 6.093530564617885 ], [ 103.303543956365104, 6.100573093553299 ], [ 103.295966445629347, 6.107620968249226 ], [ 103.288393022828487, 6.114673678832158 ], [ 103.280824268967379, 6.121731348818578 ], [ 103.273260010382486, 6.128793443531066 ], [ 103.265700774642241, 6.135859751010101 ], [ 103.258100227731006, 6.142975935727543 ], [ 103.250541262100811, 6.150060248346861 ], [ 103.242990623292471, 6.15714586404428 ], [ 103.235395769060631, 6.164280334198403 ], [ 103.227859625029154, 6.17137051127457 ], [ 103.220317322712873, 6.178475340620901 ], [ 103.212786310084027, 6.185578395275051 ], [ 103.205249992246252, 6.192695307491098 ], [ 103.197724870042023, 6.199810506303313 ], [ 103.190199345875428, 6.206934747279204 ], [ 103.182672307139043, 6.214069465354308 ], [ 103.175157967491288, 6.221200992090359 ], [ 103.167638396935857, 6.228346326957522 ], [ 103.160131282844418, 6.235488667929444 ], [ 103.152619630203148, 6.242644162020637 ], [ 103.145120203266472, 6.249796849424786 ], [ 103.137621091450725, 6.256957875021975 ], [ 103.130125624577772, 6.264124621883141 ], [ 103.12263505196411, 6.271295152741216 ], [ 103.115144287591988, 6.278474876029343 ], [ 103.107666988221638, 6.285650512893131 ], [ 103.100156360011582, 6.292865787222383 ], [ 103.09268306995655, 6.300054990604443 ], [ 103.085222522360652, 6.307241016061592 ], [ 103.07771837794408, 6.314480291173257 ], [ 103.070256131683948, 6.32168594730659 ], [ 103.062802038156306, 6.328892742355426 ], [ 103.055341940476396, 6.336114213749408 ], [ 103.047894264332825, 6.343332511243426 ], [ 103.040441268663102, 6.350564850445762 ], [ 103.033000445939464, 6.357794253246388 ], [ 103.025554935420999, 6.365037110357868 ], [ 103.018121358726134, 6.372277259802879 ], [ 103.010687793082539, 6.379526118476972 ], [ 103.003257754613912, 6.386780841931361 ], [ 102.995832113522084, 6.394039834771308 ], [ 102.988406026112017, 6.401308399498697 ], [ 102.980993101961175, 6.408573039068179 ], [ 102.97358019964949, 6.415846413261762 ], [ 102.966171581983076, 6.423124976075481 ], [ 102.958737428684643, 6.430436035264519 ], [ 102.95133259360685, 6.437728667176176 ], [ 102.943948722705869, 6.445009944807305 ], [ 102.936560356143843, 6.452304660997643 ], [ 102.929179696430452, 6.459600562528145 ], [ 102.921808711439482, 6.466896092089833 ], [ 102.914432759761908, 6.474205590038651 ], [ 102.907071217592303, 6.481509834852787 ], [ 102.89968268188926, 6.488851035080117 ], [ 102.892300622231289, 6.496195287599233 ], [ 102.884939387520319, 6.50352680417976 ], [ 102.877582666225507, 6.510863422482428 ], [ 102.870229436960628, 6.518205379623073 ], [ 102.862885407013451, 6.525547558475471 ], [ 102.85553609940014, 6.532904314240334 ], [ 102.848200355432567, 6.540256732559886 ], [ 102.840859913562682, 6.547623191328671 ], [ 102.833532800352472, 6.554985567077972 ], [ 102.826201586449301, 6.562361429232866 ], [ 102.818883531028277, 6.569733401671538 ], [ 102.811523278697507, 6.577155339566676 ], [ 102.804218488117343, 6.584533305438198 ], [ 102.7969169441551, 6.591916933676793 ], [ 102.789620077070666, 6.599305682843902 ], [ 102.782326717970989, 6.606699908409631 ], [ 102.775043319162478, 6.614093713856796 ], [ 102.767754840889907, 6.621502250772335 ], [ 102.760481126799903, 6.628905311574042 ], [ 102.753203066852791, 6.636322423109724 ], [ 102.74593978927048, 6.643734089980738 ], [ 102.738672815043728, 6.651159205496386 ], [ 102.731420638994948, 6.658578903535381 ], [ 102.724169624860238, 6.666006900719811 ], [ 102.716886856919714, 6.673479742045938 ], [ 102.709633541441789, 6.680930919607564 ], [ 102.702389659701169, 6.688381674449878 ], [ 102.695150011838152, 6.695838476207661 ], [ 102.687914996001979, 6.703300097072073 ], [ 102.680684569836316, 6.71076745886351 ], [ 102.673458471938744, 6.718240035689525 ], [ 102.666241567096861, 6.725713407453837 ], [ 102.658979751711144, 6.733241806539644 ], [ 102.651779713574371, 6.740718464609978 ], [ 102.6445741950387, 6.748211071196462 ], [ 102.637381641428462, 6.755700439470464 ], [ 102.630188874668036, 6.763200117858819 ], [ 102.623000723662315, 6.770705893613499 ], [ 102.615817180298606, 6.778216808127818 ], [ 102.608639259388369, 6.785732868551832 ], [ 102.60146594736446, 6.793254186954818 ], [ 102.594299131461199, 6.80077983396595 ], [ 102.58714161260373, 6.80830615136071 ], [ 102.579986035486584, 6.815840965577745 ], [ 102.572835990347556, 6.823381276909355 ], [ 102.565692247803199, 6.830925335718208 ], [ 102.55855471706785, 6.838474254425329 ], [ 102.551423271354167, 6.846027249080199 ], [ 102.544303170252505, 6.853579449698176 ], [ 102.537135955658684, 6.861195603495658 ], [ 102.530013999060159, 6.86877297615933 ], [ 102.522897161423856, 6.876355680700787 ], [ 102.515785436294536, 6.883944817123957 ], [ 102.508651225418234, 6.891567565779169 ], [ 102.501539179054717, 6.899179441597477 ], [ 102.494453524958629, 6.906775158587418 ], [ 102.487367751214791, 6.914382252549836 ], [ 102.480286016504635, 6.921997133324293 ], [ 102.47320898514127, 6.929618038233582 ], [ 102.466137203899493, 6.937245541012929 ], [ 102.459070288888896, 6.944879012041736 ], [ 102.45200980497124, 6.952517919844162 ], [ 102.444954331617311, 6.96016276340297 ], [ 102.437910679665862, 6.967807005174319 ], [ 102.430868383188297, 6.975462134820513 ], [ 102.423833233178996, 6.983121057859478 ], [ 102.416805034882373, 6.990785158630115 ], [ 102.409783870639856, 6.998453303402663 ], [ 102.402770468805258, 7.006125853594924 ], [ 102.395763879478991, 7.013802814255243 ], [ 102.388769951470067, 7.021478598115245 ], [ 102.381774124909967, 7.029169089311325 ], [ 102.374795502582188, 7.036853200893107 ], [ 102.367801605190834, 7.0445678790942 ], [ 102.36080104247479, 7.05230443812759 ], [ 102.353834939602422, 7.060013717852037 ], [ 102.346829511887876, 7.067776975098259 ], [ 102.339879087504215, 7.075495711133914 ], [ 102.332933048039862, 7.083221972138878 ], [ 102.325992581551617, 7.090955796163706 ], [ 102.319061237580215, 7.098692272471725 ], [ 102.312126713919099, 7.106445663603697 ], [ 102.305206388339542, 7.114196455933065 ], [ 102.298287785874379, 7.12195844212836 ], [ 102.29137520816677, 7.129727862619019 ], [ 102.284469023718728, 7.137503016983228 ], [ 102.27757002528719, 7.145284448960707 ], [ 102.270682162947537, 7.153066689466709 ], [ 102.263793241542686, 7.160864108241168 ], [ 102.256920424144141, 7.168657163511473 ], [ 102.250047103284246, 7.17646492854582 ], [ 102.243190342017428, 7.184267973662896 ], [ 102.236337641191881, 7.192080320635537 ], [ 102.229493576352638, 7.199897877563942 ], [ 102.222657737382619, 7.207719778147133 ], [ 102.215831331658904, 7.215546126193163 ], [ 102.209017584379225, 7.223372177785983 ], [ 102.202200151547373, 7.231217671300847 ], [ 102.195370069737706, 7.239095218661782 ], [ 102.188516863421597, 7.247009879611521 ], [ 102.181736358425567, 7.254858615894506 ], [ 102.174956975614109, 7.262721562918071 ], [ 102.168183579591442, 7.270592111715221 ], [ 102.161416709197553, 7.278471132253772 ], [ 102.154655598862234, 7.286358186409323 ], [ 102.147901839326764, 7.294252945389307 ], [ 102.141153674937755, 7.302156093702011 ], [ 102.134417942652021, 7.310060753476175 ], [ 102.127684342211893, 7.317979213196595 ], [ 102.120958335511446, 7.32590395261193 ], [ 102.114240128898416, 7.333836364459383 ], [ 102.107529584248852, 7.34177515138006 ], [ 102.100827963286505, 7.349720487365158 ], [ 102.094134086756938, 7.357672288459043 ], [ 102.087450256720189, 7.365629517943567 ], [ 102.080779091229871, 7.373587902239078 ], [ 102.074113425846633, 7.381556168072771 ], [ 102.067457267260011, 7.389530847602667 ], [ 102.060810890578622, 7.397510040555087 ], [ 102.054174934313465, 7.405494761278907 ], [ 102.047553121415049, 7.413479273492126 ], [ 102.040920546852462, 7.42149582970147 ], [ 102.034289340509417, 7.429530194718028 ], [ 102.027642636726256, 7.437596012807393 ], [ 102.021055384386457, 7.445610805863367 ], [ 102.014475415601012, 7.453635594526985 ], [ 102.0079030781461, 7.461668398441784 ], [ 102.001338732376851, 7.469710618919086 ], [ 101.994781757515099, 7.477761389374573 ], [ 101.988233492465071, 7.485820963490254 ], [ 101.981696990538268, 7.493884263428098 ], [ 101.975160738551452, 7.501966282472732 ], [ 101.968641069794913, 7.510046680220904 ], [ 101.962121885454309, 7.518145744669489 ], [ 101.955619939407327, 7.526242597125476 ], [ 101.949118795771312, 7.534357961672081 ], [ 101.942635668255818, 7.54247037393625 ], [ 101.936162334375425, 7.550590165471983 ], [ 101.929690630796927, 7.558728003508663 ], [ 101.923237931328202, 7.566861807256632 ], [ 101.91678731971929, 7.57501333817107 ], [ 101.910356500366589, 7.583160077656697 ], [ 101.903932614703677, 7.591319057371658 ], [ 101.89752039993509, 7.599482965297249 ], [ 101.891112069600851, 7.607664827308796 ], [ 101.88469589629608, 7.615879575914102 ], [ 101.878307675076059, 7.62407860254276 ], [ 101.87192511290543, 7.632289558703881 ], [ 101.865534049184205, 7.640532297055755 ], [ 101.859193175507656, 7.648735047858705 ], [ 101.852853409138547, 7.656958384526011 ], [ 101.846532219913854, 7.665179594381159 ], [ 101.840216840709616, 7.673416043316395 ], [ 101.833911330147174, 7.68166103728247 ], [ 101.827616646188247, 7.689915501615081 ], [ 101.821331755664417, 7.698178831430787 ], [ 101.815058452264793, 7.706450931849331 ], [ 101.808799336980755, 7.714726776402538 ], [ 101.802543820139348, 7.72302129742376 ], [ 101.796307295346949, 7.731313908612224 ], [ 101.790074648475695, 7.739625095214555 ], [ 101.783861796142176, 7.74793354262612 ], [ 101.77765314561141, 7.756260405688029 ], [ 101.771465168323417, 7.764583596507182 ], [ 101.765286254976743, 7.772919436319233 ], [ 101.759119891644929, 7.781261776480049 ], [ 101.752967789318163, 7.789610547364855 ], [ 101.74680839061574, 7.797996590896886 ], [ 101.740663477993294, 7.806389339359025 ], [ 101.734547969655679, 7.814764425143932 ], [ 101.728438368743525, 7.823157297198285 ], [ 101.722349084865598, 7.831548040650695 ], [ 101.71624562295797, 7.839982268217534 ], [ 101.71016867221941, 7.848406875836626 ], [ 101.704121616182078, 7.856819765542247 ], [ 101.698085632819229, 7.865242712395204 ], [ 101.69206302281205, 7.873675106089028 ], [ 101.686055769358376, 7.882112400640802 ], [ 101.680054055689695, 7.890569455464346 ], [ 101.674072253502871, 7.89902586766807 ], [ 101.668096059229583, 7.907502315381048 ], [ 101.662140420314813, 7.915977515450249 ], [ 101.656190487555477, 7.924472973903852 ], [ 101.65026183793357, 7.93296644858699 ], [ 101.644343367267126, 7.941474714112086 ], [ 101.638438363912982, 7.949991325871015 ], [ 101.632548391735384, 7.958516719638799 ], [ 101.626672168271, 7.967050325759844 ], [ 101.620808479777082, 7.975597502670806 ], [ 101.614947281983561, 7.984173810652811 ], [ 101.609097974644683, 7.992762519704545 ], [ 101.603279336716199, 8.001334658994738 ], [ 101.597468494871706, 8.009926467121428 ], [ 101.591679694604835, 8.018516807520303 ], [ 101.585898630965744, 8.0271273767195 ], [ 101.580140171967358, 8.035735999051472 ], [ 101.574393442857328, 8.04435996841559 ], [ 101.568639964160738, 8.053021797435747 ], [ 101.562915136124317, 8.06167670448157 ], [ 101.557223568020831, 8.070315815479344 ], [ 101.551539509108821, 8.07897687325044 ], [ 101.545877662670691, 8.087637293857295 ], [ 101.540227395640784, 8.096314563323583 ], [ 101.534592473998359, 8.10500082375483 ], [ 101.528973422838874, 8.113698477104899 ], [ 101.523366976352548, 8.122410584493313 ], [ 101.517783237914543, 8.131122198699321 ], [ 101.512209354337728, 8.139853783488848 ], [ 101.506659032395888, 8.148583874069654 ], [ 101.501122685342949, 8.157328546789714 ], [ 101.495586648687166, 8.166112392280382 ], [ 101.490072047932657, 8.174899423950318 ], [ 101.484578400061949, 8.183687264621181 ], [ 101.479105859638054, 8.192479440168047 ], [ 101.473649546438281, 8.201281737165351 ], [ 101.468211961446329, 8.210093597889284 ], [ 101.462794508540441, 8.218910352407772 ], [ 101.45738878029492, 8.227747151990361 ], [ 101.452007289974304, 8.236583289867729 ], [ 101.446637528295113, 8.24544002141306 ], [ 101.441292572416742, 8.254295541577219 ], [ 101.435955752976867, 8.263177445792817 ], [ 101.430622599784925, 8.272089296036144 ], [ 101.42533256056187, 8.28097704556699 ], [ 101.420063835606129, 8.289870836835025 ], [ 101.414812394171733, 8.298775367608959 ], [ 101.40958026926404, 8.307690860100163 ], [ 101.404365897735545, 8.316616703445012 ], [ 101.399171558805065, 8.325552855155705 ], [ 101.393995427037027, 8.334498951807833 ], [ 101.388834490115258, 8.343466495850009 ], [ 101.383688544836815, 8.352453814089412 ], [ 101.378557201556717, 8.361460351847391 ], [ 101.373458512913203, 8.370451629466908 ], [ 101.368373639744988, 8.379464344473549 ], [ 101.363314689073448, 8.388476943742535 ], [ 101.358269641203222, 8.39751148560843 ], [ 101.353251133580429, 8.406545239771804 ], [ 101.348250065375183, 8.415596111797463 ], [ 101.343266680486821, 8.424662032663747 ], [ 101.33830948468632, 8.433728435338127 ], [ 101.333367611362661, 8.442815885536529 ], [ 101.328452494814869, 8.451903206209677 ], [ 101.32355277386435, 8.461012092819249 ], [ 101.318680391331455, 8.470120182431863 ], [ 101.313826781050139, 8.479245069073515 ], [ 101.308974397813884, 8.488413086060131 ], [ 101.304159143886082, 8.497565377016864 ], [ 101.299376090512652, 8.506713359256047 ], [ 101.294613532457959, 8.515872407402624 ], [ 101.289869252956095, 8.525053966060428 ], [ 101.285140077473869, 8.534260930001405 ], [ 101.280437282242147, 8.543471586137292 ], [ 101.275759949501392, 8.552685288029005 ], [ 101.27110225583418, 8.561914901241535 ], [ 101.266472137356388, 8.571145708209597 ], [ 101.261859697588832, 8.580398256159141 ], [ 101.257275459793718, 8.589651202223976 ], [ 101.252709124740576, 8.598926205431431 ], [ 101.248169482816635, 8.608206499248075 ], [ 101.243652200652662, 8.617497785574477 ], [ 101.239160011477082, 8.626799558135913 ], [ 101.23469357866739, 8.636106806131471 ], [ 101.230246608826306, 8.645434776612902 ], [ 101.225828898926792, 8.654762429064109 ], [ 101.221430867988218, 8.664111068717013 ], [ 101.217060635988389, 8.673464364831249 ], [ 101.212714398851986, 8.68282716861169 ], [ 101.208394435003754, 8.692199842567621 ], [ 101.204096034336786, 8.701586577186747 ], [ 101.199803466572604, 8.711027286276327 ], [ 101.195553876467642, 8.720445844098403 ], [ 101.191331940693644, 8.729874481206359 ], [ 101.187139178626168, 8.739298762378851 ], [ 101.1829727435846, 8.748734615981647 ], [ 101.178830808413935, 8.758181118077488 ], [ 101.17471565765689, 8.767639000707915 ], [ 101.170623713408958, 8.77711264601187 ], [ 101.166562496271794, 8.786586202458308 ], [ 101.162523072848217, 8.796081062729666 ], [ 101.15851489526699, 8.805575051911639 ], [ 101.154531495249387, 8.815085423335637 ], [ 101.150572708771278, 8.824610185468378 ], [ 101.146645027366148, 8.834134995260978 ], [ 101.142740612614375, 8.843679726974127 ], [ 101.138867765286307, 8.853223761021097 ], [ 101.135018419408169, 8.86278794891458 ], [ 101.131199554741471, 8.872356224934741 ], [ 101.127407538751342, 8.881933632612757 ], [ 101.123643333330179, 8.891525829587023 ], [ 101.119901115555066, 8.901146241800793 ], [ 101.116190517424357, 8.910768712318248 ], [ 101.112503830884961, 8.920409006254397 ], [ 101.108838871597868, 8.930070679473021 ], [ 101.105213332271703, 8.939717987582865 ], [ 101.101622281154789, 8.949366024205196 ], [ 101.098058295075035, 8.95902515592115 ], [ 101.094523929811118, 8.968695728101835 ], [ 101.091015841718004, 8.978382171753912 ], [ 101.087540403403963, 8.988068834097604 ], [ 101.084090357113951, 8.997776580496893 ], [ 101.080673428063363, 9.007483711104147 ], [ 101.077282241037508, 9.017211995079096 ], [ 101.073923384327088, 9.026944427254699 ], [ 101.070593069809036, 9.036686845823519 ], [ 101.067294235768159, 9.046438524325591 ], [ 101.064024376983454, 9.056199430149308 ], [ 101.060786326816711, 9.065969422019501 ], [ 101.057576538455905, 9.075753450904974 ], [ 101.054396368516052, 9.085559105407707 ], [ 101.05124742980091, 9.095371877194648 ], [ 101.048126912694954, 9.105201690641833 ], [ 101.04504260166766, 9.115020376847536 ], [ 101.041986455633165, 9.124858784638835 ], [ 101.0389637976225, 9.134701477400315 ], [ 101.03596352077102, 9.144572263096062 ], [ 101.032995851108836, 9.154453260901798 ], [ 101.030070333867428, 9.164315192535225 ], [ 101.02717723940259, 9.174188228908806 ], [ 101.024313946790485, 9.184075513023295 ], [ 101.021485312247094, 9.193962278811387 ], [ 101.018686036115469, 9.203868338424735 ], [ 101.015921824158653, 9.213772895274372 ], [ 101.013187374953787, 9.22369655854936 ], [ 101.010487521913745, 9.233623555511642 ], [ 101.007819482119388, 9.243557836328295 ], [ 101.005183538061047, 9.253505846056683 ], [ 101.002583041582866, 9.263455266100181 ], [ 101.000012093357256, 9.273430372607194 ], [ 100.997475722714654, 9.283415773089155 ], [ 100.994971180427385, 9.293412237877737 ], [ 100.992504273147603, 9.303395662746947 ], [ 100.99006845102943, 9.313398018250354 ], [ 100.987668623049316, 9.32340227448811 ], [ 100.985301364014347, 9.333414797665965 ], [ 100.982969708721313, 9.343434404270365 ], [ 100.980670923731026, 9.353461615014744 ], [ 100.978399779018204, 9.363519701681925 ], [ 100.976166304961964, 9.373575927537392 ], [ 100.973973685283482, 9.383617223261565 ], [ 100.971814796697657, 9.393672309445302 ], [ 100.969692756376062, 9.403723927310718 ], [ 100.967603109229003, 9.413794129254873 ], [ 100.965550166328512, 9.423865538338253 ], [ 100.963530852615278, 9.4339437354485 ], [ 100.961548066461347, 9.444028232483006 ], [ 100.959598929694209, 9.454123702134511 ], [ 100.957686160601128, 9.464232153438818 ], [ 100.955806914901942, 9.474360037588195 ], [ 100.953965138784412, 9.484486556614293 ], [ 100.952158355645423, 9.494609473812808 ], [ 100.950388732913893, 9.504738803435885 ], [ 100.948653835851729, 9.514873656847639 ], [ 100.946956272654106, 9.525015143856018 ], [ 100.945293506719395, 9.535167040047462 ], [ 100.943668601632126, 9.545314367150754 ], [ 100.94207857846024, 9.555477396022528 ], [ 100.940526417633876, 9.56564065679164 ], [ 100.939004395001021, 9.575827939979831 ], [ 100.93752141070361, 9.586016709204966 ], [ 100.936078646944608, 9.596192280662608 ], [ 100.934675068093199, 9.60636895336407 ], [ 100.93330688336971, 9.616555547895848 ], [ 100.931975399980814, 9.626742257972513 ], [ 100.930682275282024, 9.636933106195672 ], [ 100.929424791753888, 9.64713329860936 ], [ 100.928205955258832, 9.657344138227961 ], [ 100.927023158703022, 9.667567093423628 ], [ 100.925879227842046, 9.677797215893834 ], [ 100.924771153300739, 9.688016740613874 ], [ 100.923701969345089, 9.698240430705182 ], [ 100.922669117020746, 9.708467609689606 ], [ 100.921675302216315, 9.718699168010652 ], [ 100.920718229967505, 9.728938843416286 ], [ 100.919798765209578, 9.739177126681088 ], [ 100.918918713699441, 9.749418265478354 ], [ 100.918075534017063, 9.759667676391802 ], [ 100.917271313170502, 9.769909559703043 ], [ 100.916503443313516, 9.780169464824866 ], [ 100.915772033619803, 9.790433931412041 ], [ 100.915079896657204, 9.800703108410659 ], [ 100.914429328303811, 9.810957326242471 ], [ 100.913816478028579, 9.821209684306908 ], [ 100.913243253068785, 9.831464065788436 ], [ 100.912706910522004, 9.841720244017845 ], [ 100.912211770870655, 9.851995016733735 ], [ 100.911754096249055, 9.862274117415785 ], [ 100.911336706614179, 9.872558103991587 ], [ 100.91095540402911, 9.882829448804554 ], [ 100.910613339092052, 9.893107827031388 ], [ 100.910310462146256, 9.903376906686816 ], [ 100.910046195275683, 9.913658060408299 ], [ 100.909821681509627, 9.923934736264352 ], [ 100.909634800425664, 9.934212509064004 ], [ 100.909488307097988, 9.944490996420623 ], [ 100.909379519491893, 9.954769563167099 ], [ 100.909310514201053, 9.965054215741461 ], [ 100.909281394310611, 9.97533302509107 ], [ 100.909289380859178, 9.985617310965463 ], [ 100.909336351152334, 9.995914183915293 ], [ 100.909422814374111, 10.006196956124485 ], [ 100.909550161516236, 10.016477526740196 ], [ 100.909717166970026, 10.026752848775702 ], [ 100.909923111413249, 10.037016817426803 ], [ 100.910170161912504, 10.04730148674502 ], [ 100.910457522648798, 10.057582591660839 ], [ 100.910785123941864, 10.06787619172945 ], [ 100.911150435880813, 10.078150454909686 ], [ 100.911554747408957, 10.088428446805267 ], [ 100.911997686983227, 10.098700625729258 ], [ 100.912481592567417, 10.108971014177509 ], [ 100.9130036222261, 10.119239858907136 ], [ 100.913566703447586, 10.12950715975264 ], [ 100.914168968054668, 10.139777245575294 ], [ 100.914809846677215, 10.150040414053587 ], [ 100.915491777355712, 10.160300592374847 ], [ 100.916211860143534, 10.170558277336823 ], [ 100.916973047086472, 10.180813208453397 ], [ 100.917772973162954, 10.191080099357668 ], [ 100.918611593949024, 10.201335690376602 ], [ 100.91949087747102, 10.211595533275373 ], [ 100.920410448893065, 10.221834492446632 ], [ 100.92136836125772, 10.232065864191666 ], [ 100.92236826235083, 10.242298240152932 ], [ 100.923409281643032, 10.252539635433564 ], [ 100.924492043664983, 10.262780222820149 ], [ 100.925612537895702, 10.27301458893611 ], [ 100.926770239078664, 10.283235428450871 ], [ 100.927969128287685, 10.293452268182524 ], [ 100.929207590901996, 10.303669999268049 ], [ 100.930484526972876, 10.3138733752796 ], [ 100.931802445307909, 10.324082142639327 ], [ 100.933158632079341, 10.334281178397205 ], [ 100.934555944690828, 10.344475045119514 ], [ 100.935992838687767, 10.354668726328029 ], [ 100.937467894861712, 10.364846927848312 ], [ 100.938984000510089, 10.375029412668624 ], [ 100.940538118601239, 10.385201035329702 ], [ 100.94213359868769, 10.395385447964488 ], [ 100.943768306730192, 10.405555214002936 ], [ 100.945440854519831, 10.415711319082744 ], [ 100.94715374247555, 10.425850364785898 ], [ 100.948904357061977, 10.435982917967362 ], [ 100.950700940391968, 10.44613028420269 ], [ 100.952535896782052, 10.456263177969253 ], [ 100.954413087370312, 10.466402778179027 ], [ 100.956323245044601, 10.476511754152805 ], [ 100.958274630345556, 10.486623732462068 ], [ 100.960263648431393, 10.496723830322125 ], [ 100.962293353168491, 10.50681622390672 ], [ 100.964362528844447, 10.516906068691648 ], [ 100.966468860673871, 10.52697831334711 ], [ 100.968616342055114, 10.537052228547994 ], [ 100.970801105011418, 10.547113161959329 ], [ 100.973026247042441, 10.557165224601547 ], [ 100.975290645546863, 10.567213523098477 ], [ 100.977591693006076, 10.577243194255622 ], [ 100.979935114401755, 10.587287869047454 ], [ 100.98231462414185, 10.597310293108787 ], [ 100.984734987118728, 10.60733099450248 ], [ 100.98719151325993, 10.617320315541019 ], [ 100.989685238746816, 10.627301205526798 ], [ 100.992220500357405, 10.637276791550914 ], [ 100.99479758266763, 10.647254724082215 ], [ 100.997416355385127, 10.657230954340072 ], [ 101.000070029107619, 10.66718493023391 ], [ 101.002758763360816, 10.677124594827305 ], [ 101.005487444283716, 10.68705456601344 ], [ 101.008255027226014, 10.696979012196374 ], [ 101.011058945273106, 10.706888780824579 ], [ 101.013902415377885, 10.716787632344928 ], [ 101.016782617067037, 10.726676050700979 ], [ 101.01970321850753, 10.736559031986749 ], [ 101.022660870485467, 10.746425271887396 ], [ 101.025655257889468, 10.756281260078413 ], [ 101.028688797358697, 10.76612551555329 ], [ 101.031760362530363, 10.775968124540558 ], [ 101.034872422810366, 10.785806588902242 ], [ 101.038020726018388, 10.795625615535073 ], [ 101.041202406519304, 10.805417138549677 ], [ 101.044423822114638, 10.81520222030275 ], [ 101.047679312440167, 10.824965724130795 ], [ 101.050980188938894, 10.834737027533022 ], [ 101.054322223637229, 10.844504213969074 ], [ 101.057702138109804, 10.854257114592144 ], [ 101.061111863943566, 10.863986121406002 ], [ 101.064560218183516, 10.873702692408266 ], [ 101.068044515048655, 10.883407413640189 ], [ 101.071568545927221, 10.893104836725056 ], [ 101.075125957524207, 10.902779532680995 ], [ 101.078724157690289, 10.912451688439466 ], [ 101.082359204597822, 10.922110878530704 ], [ 101.086027337479877, 10.931746897546496 ], [ 101.089735888220602, 10.941379542152864 ], [ 101.093477159945053, 10.950988735194345 ], [ 101.097261104786753, 10.960603563649185 ], [ 101.10108190462492, 10.970206628887919 ], [ 101.104934617636076, 10.979783745647579 ], [ 101.108822947984635, 10.989339669678873 ], [ 101.112744788325713, 10.998877471158488 ], [ 101.116703713913665, 11.008400463301891 ], [ 101.120696768031777, 11.017908946396679 ], [ 101.124736893779939, 11.027422503365578 ], [ 101.128812801438002, 11.036918544718969 ], [ 101.132924861836656, 11.046403350859444 ], [ 101.137063212154558, 11.055854984393378 ], [ 101.141241250869399, 11.065301162605843 ], [ 101.145451849745442, 11.074727585595788 ], [ 101.149699092568341, 11.084138219237698 ], [ 101.153982833791943, 11.093538107169042 ], [ 101.158297365761001, 11.102913016652678 ], [ 101.162650988948954, 11.11228117655099 ], [ 101.167036539819179, 11.121628901390384 ], [ 101.171458006029212, 11.130959936062327 ], [ 101.175918485728147, 11.140288775469861 ], [ 101.180411498710782, 11.149599435212741 ], [ 101.184939055111784, 11.1588902832037 ], [ 101.189494014445472, 11.168148790556879 ], [ 101.194086135234187, 11.177395899407001 ], [ 101.198707262764728, 11.186616691544449 ], [ 101.203366897916453, 11.195830346752629 ], [ 101.20805799725747, 11.205021609356869 ], [ 101.21279444819065, 11.214215456355028 ], [ 101.217566526416846, 11.223395311849057 ], [ 101.222365936060783, 11.232546723740294 ], [ 101.227194320948001, 11.241676895726382 ], [ 101.232059435454914, 11.250794846836717 ], [ 101.236955504561621, 11.259889824168495 ], [ 101.241883507724779, 11.268968135767715 ], [ 101.246845529090351, 11.278028152191894 ], [ 101.251838857238596, 11.28707057334821 ], [ 101.256868081535714, 11.296099703136958 ], [ 101.261927397289952, 11.305105225936385 ], [ 101.267021824262997, 11.314102862729476 ], [ 101.272150285933463, 11.323083515666674 ], [ 101.277308628845859, 11.332044064638518 ], [ 101.282495080949246, 11.340973925349831 ], [ 101.287710083020343, 11.349881531842128 ], [ 101.292957789237818, 11.358769998743083 ], [ 101.298238680019097, 11.367644416823296 ], [ 101.303545266949399, 11.376490805243941 ], [ 101.30889109398035, 11.385330792691018 ], [ 101.314276340858711, 11.394162537472504 ], [ 101.319695938805879, 11.402977226139733 ], [ 101.325133135034065, 11.411758099747795 ], [ 101.33060215922751, 11.420519124043425 ], [ 101.336100612234503, 11.429261330586856 ], [ 101.341633098330419, 11.437988599920974 ], [ 101.34719011962666, 11.446687178669315 ], [ 101.352783277004988, 11.455375417474087 ], [ 101.358406502022888, 11.464044021642147 ], [ 101.364053970867118, 11.472683898780806 ], [ 101.369739439914454, 11.481317734885526 ], [ 101.37545494178471, 11.489935071263679 ], [ 101.381200142845131, 11.498529618003538 ], [ 101.386968037064136, 11.507093671215786 ], [ 101.392764711414927, 11.515633597582699 ], [ 101.398593095569638, 11.524158529798306 ], [ 101.404447625578683, 11.532660351792158 ], [ 101.410332198015922, 11.541141511084335 ], [ 101.41624453337738, 11.549603342890663 ], [ 101.422200680419792, 11.558062091145558 ], [ 101.428185610089912, 11.566498645460475 ], [ 101.434201308161775, 11.574919327412166 ], [ 101.440232958697493, 11.583303931184231 ], [ 101.446299935396723, 11.59167769101297 ], [ 101.452392088959542, 11.600027751172355 ], [ 101.45851417398481, 11.608357302546327 ], [ 101.464667424212266, 11.616671592481277 ], [ 101.470842907243721, 11.624957377914498 ], [ 101.47705298528922, 11.633231500360003 ], [ 101.483287565807984, 11.641481601428813 ], [ 101.489558515071593, 11.649723065677255 ], [ 101.495858496011806, 11.657946123770122 ], [ 101.50217876709317, 11.666138400694614 ], [ 101.508521873395836, 11.674299974066685 ], [ 101.514891686099773, 11.682442269014109 ], [ 101.521289931754069, 11.690563566403164 ], [ 101.52771379799141, 11.698664360017629 ], [ 101.534168473531253, 11.70674831303341 ], [ 101.540646203813182, 11.714805790985981 ], [ 101.547170394009115, 11.722863569352002 ], [ 101.55371735985095, 11.730894692511512 ], [ 101.560283626573153, 11.738899126189981 ], [ 101.566876142480581, 11.746882223227594 ], [ 101.573487988092168, 11.754835551693901 ], [ 101.580132571718309, 11.762775544146292 ], [ 101.586796032681974, 11.770685642729974 ], [ 101.593491938920479, 11.778582032708043 ], [ 101.600213156375105, 11.786456453728166 ], [ 101.606952764689112, 11.794300752044029 ], [ 101.613730045968154, 11.802139478978821 ], [ 101.620526651466491, 11.809949919694207 ], [ 101.627353662660568, 11.817744129834011 ], [ 101.634191127345744, 11.825497831770065 ], [ 101.641057978982346, 11.833234110532253 ], [ 101.647945927123857, 11.840943665643525 ], [ 101.654857466093631, 11.848632136272364 ], [ 101.661793859144794, 11.856297478547141 ], [ 101.66875279374301, 11.863940769296862 ], [ 101.675752569776932, 11.871576762935371 ], [ 101.682780088783915, 11.879192075599166 ], [ 101.689825398666144, 11.886781328324194 ], [ 101.696883235710231, 11.894336925490656 ], [ 101.703972485758342, 11.901878401765011 ], [ 101.711085458001449, 11.90939769319588 ], [ 101.718214613073783, 11.916886756375767 ], [ 101.725374767005889, 11.924361494369561 ], [ 101.73255077845306, 11.931806047093865 ], [ 101.739757608114047, 11.939236067418161 ], [ 101.746987516545403, 11.946643684398877 ], [ 101.754241929273959, 11.954032548662786 ], [ 101.761524838229775, 11.96140419940804 ], [ 101.768821499112732, 11.968743799115053 ], [ 101.77613518953666, 11.976052000513887 ], [ 101.783470646898138, 11.983338815017403 ], [ 101.790829999367361, 11.990603090054483 ], [ 101.798214464061772, 11.997848568162759 ], [ 101.805616855398213, 12.005068254962078 ], [ 101.813050411584143, 12.01227106206656 ], [ 101.820525421074777, 12.019467951494683 ], [ 101.828005317277047, 12.026627404483717 ], [ 101.835502002883558, 12.033761637418793 ], [ 101.843025330271672, 12.040877026739031 ], [ 101.850566431417278, 12.047965191492025 ], [ 101.858128519685735, 12.055031640182516 ], [ 101.865712699301284, 12.062074372195797 ], [ 101.87331704079449, 12.069094756978213 ], [ 101.880947104666035, 12.076095691149211 ], [ 101.888593897550336, 12.083068931576637 ], [ 101.896264453905374, 12.090024073306855 ], [ 101.903964977170475, 12.096964894926494 ], [ 101.911679528208893, 12.10387696084347 ], [ 101.919406738150954, 12.110755623444653 ], [ 101.927154505758452, 12.117611591400481 ], [ 101.934914522382712, 12.124437391833757 ], [ 101.942702330428716, 12.131247043589394 ], [ 101.950501571474362, 12.138026116820003 ], [ 101.958341891067377, 12.144798272808169 ], [ 101.966206399538947, 12.15154889510543 ], [ 101.974083984624698, 12.158272788860709 ], [ 101.981976982094295, 12.16497046871191 ], [ 101.989881632087275, 12.171638002222396 ], [ 101.997813815295487, 12.178289074082363 ], [ 102.005757297394851, 12.184909992294827 ], [ 102.01372816627152, 12.191514290254345 ], [ 102.021718177077389, 12.198095204693002 ], [ 102.029719035330814, 12.204645816259701 ], [ 102.037746967853423, 12.211179733824423 ], [ 102.04578539993615, 12.217683372446256 ], [ 102.053857948547332, 12.224177306437593 ], [ 102.061950354002164, 12.230648991135901 ], [ 102.070055055345279, 12.237092410797487 ], [ 102.078166550809229, 12.243499622444894 ], [ 102.086296313990914, 12.249884885284969 ], [ 102.09444507130759, 12.256246076008518 ], [ 102.102610837806665, 12.262584457074933 ], [ 102.110819977903205, 12.268914184111631 ], [ 102.119050674338126, 12.275223786807459 ], [ 102.127279159233339, 12.281497409710738 ], [ 102.135526326318725, 12.287746799525252 ], [ 102.143791053013643, 12.293973856772263 ], [ 102.152074655226585, 12.300176932938991 ], [ 102.160379643898821, 12.306359976815976 ], [ 102.1686982448621, 12.312517201309083 ], [ 102.177034516750339, 12.318649714532494 ], [ 102.185387638232996, 12.324759671432378 ], [ 102.193758584346568, 12.330845165127814 ], [ 102.202150164464825, 12.33691031658144 ], [ 102.208908697527832, 12.34176626231463 ], [ 102.219972, 12.328722 ], [ 102.235806, 12.32125 ], [ 102.254972, 12.305389 ], [ 102.264167, 12.30375 ], [ 102.276667, 12.30625 ], [ 102.279611, 12.312528 ], [ 102.278722, 12.323361 ], [ 102.274139, 12.325361 ], [ 102.272083, 12.321611 ], [ 102.272889, 12.328333 ], [ 102.260417, 12.350028 ], [ 102.259583, 12.374167 ], [ 102.25847758666653, 12.376706344836078 ], [ 102.261340167626798, 12.378690490563436 ], [ 102.269883471443677, 12.384575470147832 ], [ 102.274466426825654, 12.387714762277954 ], [ 102.276694, 12.38375 ], [ 102.280735828072807, 12.391999878512244 ], [ 102.286980241418163, 12.396251876173777 ], [ 102.288583272146823, 12.397337183313816 ], [ 102.287056, 12.390778 ], [ 102.294139, 12.379556 ], [ 102.297917, 12.38 ], [ 102.297556, 12.383722 ], [ 102.299583, 12.382472 ], [ 102.298778, 12.371611 ], [ 102.289194, 12.373722 ], [ 102.280028, 12.367083 ], [ 102.271639, 12.368722 ], [ 102.269583, 12.364972 ], [ 102.275, 12.344528 ], [ 102.287472, 12.345417 ], [ 102.292944, 12.342472 ], [ 102.285861, 12.343722 ], [ 102.279528, 12.334944 ], [ 102.287083, 12.325833 ], [ 102.287056, 12.317472 ], [ 102.304167, 12.306222 ], [ 102.307944, 12.306667 ], [ 102.310389, 12.313333 ], [ 102.319194, 12.322083 ], [ 102.330806, 12.330417 ], [ 102.341222, 12.333333 ], [ 102.334583, 12.355 ], [ 102.334972, 12.358722 ], [ 102.336694, 12.354556 ], [ 102.340389, 12.356667 ], [ 102.340417, 12.365833 ], [ 102.328306, 12.369556 ], [ 102.323278, 12.363722 ], [ 102.329556, 12.373306 ], [ 102.32625, 12.376667 ], [ 102.332472, 12.375389 ], [ 102.335806, 12.379556 ], [ 102.334583, 12.371639 ], [ 102.345861, 12.36625 ], [ 102.361639, 12.374583 ], [ 102.353694, 12.368333 ], [ 102.352917, 12.363333 ], [ 102.367944, 12.345 ], [ 102.367917, 12.341667 ], [ 102.350444, 12.329167 ], [ 102.350361, 12.323306 ], [ 102.343333, 12.312861 ], [ 102.331278, 12.309139 ], [ 102.330389, 12.302528 ], [ 102.325833, 12.297028 ], [ 102.309972, 12.289583 ], [ 102.294139, 12.287889 ], [ 102.277444, 12.282028 ], [ 102.273306, 12.282056 ], [ 102.267528, 12.290417 ], [ 102.261222, 12.288306 ], [ 102.265417, 12.284167 ], [ 102.267889, 12.274944 ], [ 102.262889, 12.269167 ], [ 102.274583, 12.260833 ], [ 102.290417, 12.236611 ], [ 102.28875, 12.232472 ], [ 102.292083, 12.230778 ], [ 102.291222, 12.224167 ], [ 102.287472, 12.220417 ], [ 102.280833, 12.222917 ], [ 102.279611, 12.22 ], [ 102.287944, 12.2125 ], [ 102.282917, 12.210833 ], [ 102.280417, 12.204167 ], [ 102.292528, 12.187889 ], [ 102.303306, 12.18375 ], [ 102.309972, 12.186222 ], [ 102.316639, 12.180417 ], [ 102.323306, 12.182028 ], [ 102.328306, 12.177889 ], [ 102.327889, 12.185806 ], [ 102.334167, 12.192917 ], [ 102.344167, 12.197056 ], [ 102.35, 12.19625 ], [ 102.358333, 12.191278 ], [ 102.371639, 12.191222 ], [ 102.381667, 12.181222 ], [ 102.3875, 12.179556 ], [ 102.397528, 12.167083 ], [ 102.426611, 12.167083 ], [ 102.455, 12.16125 ], [ 102.482472, 12.161222 ], [ 102.471222, 12.155833 ], [ 102.472889, 12.145 ], [ 102.485028, 12.135361 ], [ 102.513333, 12.124556 ], [ 102.531667, 12.11375 ], [ 102.552056, 12.084972 ], [ 102.55375, 12.078333 ], [ 102.55125, 12.074167 ], [ 102.55125, 12.056611 ], [ 102.563333, 12.050417 ], [ 102.566639, 12.05125 ], [ 102.569194, 12.047917 ], [ 102.580028, 12.047917 ], [ 102.5875, 12.04125 ], [ 102.592111, 12.050028 ], [ 102.588722, 12.065833 ], [ 102.577028, 12.075028 ], [ 102.577056, 12.085 ], [ 102.566694, 12.087889 ], [ 102.562083, 12.093306 ], [ 102.562083, 12.099167 ], [ 102.565417, 12.101667 ], [ 102.56375, 12.106639 ], [ 102.569556, 12.115806 ], [ 102.559611, 12.128278 ], [ 102.564583, 12.144167 ], [ 102.558694, 12.160806 ], [ 102.568306, 12.163778 ], [ 102.576639, 12.162861 ], [ 102.577028, 12.165806 ], [ 102.566639, 12.178722 ], [ 102.560389, 12.181667 ], [ 102.563333, 12.187889 ], [ 102.566639, 12.18625 ], [ 102.570417, 12.19 ], [ 102.560417, 12.1975 ], [ 102.555389, 12.224139 ], [ 102.562083, 12.213333 ], [ 102.563306, 12.203722 ], [ 102.570806, 12.204583 ], [ 102.583306, 12.200389 ], [ 102.594972, 12.207889 ], [ 102.599194, 12.215389 ], [ 102.597056, 12.209167 ], [ 102.599139, 12.204556 ], [ 102.604944, 12.200417 ], [ 102.615806, 12.198722 ], [ 102.619139, 12.192889 ], [ 102.644167, 12.177917 ], [ 102.653722, 12.165833 ], [ 102.65125, 12.161611 ], [ 102.652889, 12.156639 ], [ 102.649167, 12.152944 ], [ 102.635806, 12.155389 ], [ 102.627917, 12.15 ], [ 102.627889, 12.145806 ], [ 102.643306, 12.137056 ], [ 102.645, 12.131222 ], [ 102.705, 12.086278 ], [ 102.716639, 12.072944 ], [ 102.757083, 12.038306 ], [ 102.767889, 12.022444 ], [ 102.767889, 12.007472 ], [ 102.774556, 11.99 ], [ 102.774556, 11.983278 ], [ 102.770389, 11.979111 ], [ 102.786222, 11.955833 ], [ 102.787917, 11.943278 ], [ 102.786222, 11.925833 ], [ 102.780833, 11.927028 ], [ 102.77625, 11.919944 ], [ 102.777917, 11.908306 ], [ 102.87125, 11.79 ], [ 102.895417, 11.752472 ], [ 102.909556, 11.718306 ], [ 102.910389, 11.706611 ], [ 102.905417, 11.679139 ], [ 102.910389, 11.650833 ], [ 102.922917, 11.6275 ], [ 102.925833, 11.626278 ], [ 102.9275, 11.630417 ], [ 102.942056, 11.604972 ], [ 102.942056, 11.597444 ], [ 102.937083, 11.598333 ], [ 102.934583, 11.588333 ], [ 102.9375, 11.583694 ], [ 102.942472, 11.586278 ], [ 102.947028, 11.584111 ], [ 102.955028, 11.560417 ], [ 102.962056, 11.567472 ], [ 102.960417, 11.571639 ], [ 102.96625, 11.583333 ], [ 102.96875, 11.609167 ], [ 102.965361, 11.625 ], [ 102.960389, 11.628278 ], [ 102.960417, 11.633278 ], [ 102.963722, 11.634167 ], [ 102.964611, 11.638306 ], [ 102.963694, 11.646667 ], [ 102.953722, 11.648333 ], [ 102.959583, 11.653306 ], [ 102.960417, 11.664972 ], [ 102.965389, 11.661667 ], [ 102.966222, 11.6525 ], [ 102.976667, 11.627889 ], [ 102.98125, 11.634972 ], [ 102.980444, 11.643361 ], [ 102.987083, 11.640806 ], [ 102.988278, 11.652889 ], [ 102.98875, 11.6475 ], [ 102.995806, 11.642889 ], [ 103.005389, 11.646667 ], [ 103.003722, 11.644111 ], [ 103.008722, 11.6375 ], [ 103.007472, 11.632083 ], [ 102.994167, 11.637083 ], [ 102.986278, 11.636667 ], [ 102.982056, 11.62 ], [ 102.98125, 11.594972 ], [ 102.976222, 11.579972 ], [ 102.97625, 11.576639 ], [ 102.980417, 11.574139 ], [ 102.974194, 11.575417 ], [ 102.972944, 11.572472 ], [ 102.973694, 11.568306 ], [ 102.982472, 11.560389 ], [ 102.991222, 11.5575 ], [ 102.981639, 11.55625 ], [ 102.973306, 11.566222 ], [ 102.967472, 11.567917 ], [ 102.953722, 11.551611 ], [ 102.962083, 11.531639 ], [ 102.97, 11.524528 ], [ 102.97125, 11.529139 ], [ 102.968722, 11.531639 ], [ 102.971639, 11.532917 ], [ 102.981639, 11.524556 ], [ 102.991667, 11.522917 ], [ 102.99375, 11.531639 ], [ 102.999583, 11.534139 ], [ 102.989583, 11.543333 ], [ 102.998361, 11.54125 ], [ 102.995389, 11.5475 ], [ 102.998361, 11.55125 ], [ 103.005, 11.53875 ], [ 103.010833, 11.53875 ], [ 103.011667, 11.543722 ], [ 103.016611, 11.54125 ], [ 103.021639, 11.546222 ], [ 103.038278, 11.540417 ], [ 103.041194, 11.546639 ], [ 103.042083, 11.555833 ], [ 103.039556, 11.559139 ], [ 103.041639, 11.564611 ], [ 103.047917, 11.551611 ], [ 103.043722, 11.544972 ], [ 103.043806, 11.520833 ], [ 103.045778, 11.51625 ], [ 103.052083, 11.515833 ], [ 103.050028, 11.512083 ], [ 103.05625, 11.511667 ], [ 103.055444, 11.500806 ], [ 103.065833, 11.496222 ], [ 103.075833, 11.49625 ], [ 103.076694, 11.491194 ], [ 103.090833, 11.484583 ], [ 103.085417, 11.475806 ], [ 103.09, 11.473722 ], [ 103.098333, 11.475444 ], [ 103.09625, 11.470833 ], [ 103.101694, 11.461222 ], [ 103.109194, 11.461222 ], [ 103.123333, 11.47125 ], [ 103.119167, 11.464556 ], [ 103.131694, 11.468778 ], [ 103.134611, 11.462472 ], [ 103.1175, 11.462083 ], [ 103.110806, 11.453694 ], [ 103.085028, 11.438722 ], [ 103.08375, 11.435806 ], [ 103.088722, 11.4325 ], [ 103.078306, 11.432083 ], [ 103.073722, 11.42 ], [ 103.078306, 11.414583 ], [ 103.081278, 11.42 ], [ 103.092889, 11.399972 ], [ 103.089611, 11.3975 ], [ 103.088694, 11.390833 ], [ 103.095417, 11.353333 ], [ 103.106222, 11.345833 ], [ 103.106667, 11.342028 ], [ 103.113306, 11.339556 ], [ 103.123361, 11.346222 ], [ 103.139139, 11.346194 ], [ 103.140444, 11.343333 ], [ 103.137028, 11.338333 ], [ 103.152111, 11.314139 ], [ 103.151222, 11.304139 ], [ 103.147889, 11.307528 ], [ 103.148306, 11.31625 ], [ 103.136667, 11.310361 ], [ 103.123361, 11.317056 ], [ 103.123722, 11.310806 ], [ 103.119111, 11.303722 ], [ 103.112528, 11.302861 ], [ 103.108333, 11.297056 ], [ 103.095417, 11.298278 ], [ 103.098722, 11.292444 ], [ 103.095861, 11.277056 ], [ 103.091667, 11.285417 ], [ 103.081694, 11.282861 ], [ 103.074972, 11.285417 ], [ 103.073722, 11.281611 ], [ 103.079556, 11.269944 ], [ 103.079556, 11.262472 ], [ 103.069528, 11.257472 ], [ 103.06875, 11.252472 ], [ 103.075417, 11.2375 ], [ 103.060833, 11.232056 ], [ 103.05125, 11.220806 ], [ 103.058306, 11.212917 ], [ 103.070833, 11.219556 ], [ 103.079139, 11.220417 ], [ 103.087917, 11.212472 ], [ 103.107056, 11.165833 ], [ 103.110361, 11.148333 ], [ 103.11625, 11.145806 ], [ 103.11375, 11.140833 ], [ 103.119611, 11.097472 ], [ 103.114528, 11.094972 ], [ 103.110028, 11.077917 ], [ 103.104167, 11.075417 ], [ 103.100806, 11.082028 ], [ 103.096667, 11.082889 ], [ 103.092111, 11.075778 ], [ 103.100417, 11.073306 ], [ 103.098722, 11.061639 ], [ 103.107083, 11.036611 ], [ 103.108778, 11.020778 ], [ 103.111278, 11.019139 ], [ 103.111278, 10.965806 ], [ 103.11375, 10.964972 ], [ 103.102083, 10.955028 ], [ 103.09875, 10.946611 ], [ 103.101222, 10.9425 ], [ 103.097972, 10.930833 ], [ 103.103722, 10.914972 ], [ 103.123333, 10.903722 ], [ 103.132083, 10.895 ], [ 103.135417, 10.878306 ], [ 103.131667, 10.872889 ], [ 103.123722, 10.873361 ], [ 103.1275, 10.867056 ], [ 103.149139, 10.860417 ], [ 103.150417, 10.869944 ], [ 103.157472, 10.872861 ], [ 103.165, 10.869528 ], [ 103.178306, 10.856222 ], [ 103.185833, 10.855361 ], [ 103.18375, 10.861667 ], [ 103.187472, 10.86875 ], [ 103.213306, 10.877917 ], [ 103.2225, 10.877917 ], [ 103.207917, 10.879944 ], [ 103.215389, 10.883306 ], [ 103.220833, 10.892889 ], [ 103.230833, 10.89375 ], [ 103.233722, 10.903333 ], [ 103.243278, 10.907083 ], [ 103.249167, 10.917028 ], [ 103.263361, 10.922056 ], [ 103.283306, 10.920389 ], [ 103.28, 10.92875 ], [ 103.292056, 10.919972 ], [ 103.291278, 10.915833 ], [ 103.294139, 10.913722 ], [ 103.315, 10.912917 ], [ 103.315833, 10.907889 ], [ 103.339167, 10.897917 ], [ 103.352083, 10.884139 ], [ 103.355417, 10.8725 ], [ 103.35375, 10.865833 ], [ 103.356639, 10.863722 ], [ 103.373333, 10.879611 ], [ 103.383306, 10.879528 ], [ 103.3875, 10.874556 ], [ 103.390833, 10.874583 ], [ 103.405833, 10.882056 ], [ 103.413333, 10.892028 ], [ 103.4275, 10.89125 ], [ 103.429556, 10.896667 ], [ 103.424556, 10.908333 ], [ 103.425389, 10.928333 ], [ 103.417917, 10.936667 ], [ 103.414583, 10.959167 ], [ 103.41875, 10.973306 ], [ 103.427083, 10.983333 ], [ 103.432056, 11.005806 ], [ 103.451306, 11.044139 ], [ 103.453778, 11.07 ], [ 103.47375, 11.089944 ], [ 103.473694, 11.100806 ], [ 103.469972, 11.103722 ], [ 103.453306, 11.097083 ], [ 103.443722, 11.096639 ], [ 103.457917, 11.109167 ], [ 103.462472, 11.117056 ], [ 103.468333, 11.11875 ], [ 103.47375, 11.124972 ], [ 103.48125, 11.147528 ], [ 103.483778, 11.149139 ], [ 103.4825, 11.142889 ], [ 103.489167, 11.143778 ], [ 103.505472, 11.158333 ], [ 103.50375, 11.170833 ], [ 103.495028, 11.181222 ], [ 103.515806, 11.163722 ], [ 103.537472, 11.167083 ], [ 103.558306, 11.165417 ], [ 103.557889, 11.154167 ], [ 103.575389, 11.134139 ], [ 103.577111, 11.126639 ], [ 103.593722, 11.101611 ], [ 103.5975, 11.090389 ], [ 103.615, 11.08375 ], [ 103.635028, 11.08625 ], [ 103.656694, 11.077917 ], [ 103.663306, 11.077944 ], [ 103.662917, 11.068278 ], [ 103.672528, 11.061278 ], [ 103.685861, 11.066222 ], [ 103.691694, 11.07875 ], [ 103.695833, 11.068722 ], [ 103.707889, 11.0675 ], [ 103.705806, 11.063722 ], [ 103.698306, 11.065417 ], [ 103.6975, 11.060417 ], [ 103.693333, 11.06125 ], [ 103.687472, 11.057083 ], [ 103.664972, 11.057917 ], [ 103.653333, 11.052056 ], [ 103.652139, 11.048333 ], [ 103.667917, 11.024972 ], [ 103.665417, 11.013361 ], [ 103.669583, 11.004139 ], [ 103.662111, 10.9975 ], [ 103.662917, 10.994972 ], [ 103.685444, 10.964167 ], [ 103.689556, 10.955806 ], [ 103.689583, 10.948278 ], [ 103.696222, 10.943333 ], [ 103.710444, 10.904972 ], [ 103.709639, 10.897444 ], [ 103.716222, 10.871639 ], [ 103.717111, 10.85 ], [ 103.712889, 10.835806 ], [ 103.707917, 10.8325 ], [ 103.705806, 10.822917 ], [ 103.689972, 10.819556 ], [ 103.6875, 10.81375 ], [ 103.677944, 10.808306 ], [ 103.673778, 10.7975 ], [ 103.675389, 10.781667 ], [ 103.672917, 10.773333 ], [ 103.668306, 10.767056 ], [ 103.6625, 10.767889 ], [ 103.661222, 10.765806 ], [ 103.666222, 10.75 ], [ 103.678333, 10.74625 ], [ 103.67875, 10.743333 ], [ 103.661722, 10.740389 ], [ 103.650806, 10.742861 ], [ 103.638361, 10.737056 ], [ 103.622472, 10.747056 ], [ 103.618333, 10.735417 ], [ 103.603306, 10.733694 ], [ 103.584972, 10.74125 ], [ 103.571694, 10.727056 ], [ 103.56, 10.719556 ], [ 103.551667, 10.717028 ], [ 103.547556, 10.719611 ], [ 103.547056, 10.685833 ], [ 103.541667, 10.677889 ], [ 103.538306, 10.680417 ], [ 103.533333, 10.67625 ], [ 103.531222, 10.668306 ], [ 103.525389, 10.665806 ], [ 103.52375, 10.654167 ], [ 103.515833, 10.643722 ], [ 103.511667, 10.642111 ], [ 103.504583, 10.645 ], [ 103.503778, 10.633333 ], [ 103.494611, 10.623306 ], [ 103.495417, 10.618306 ], [ 103.507083, 10.606667 ], [ 103.50375, 10.6025 ], [ 103.504972, 10.600389 ], [ 103.513278, 10.60875 ], [ 103.520806, 10.603722 ], [ 103.526667, 10.604556 ], [ 103.542111, 10.59 ], [ 103.559611, 10.561667 ], [ 103.566222, 10.555833 ], [ 103.569972, 10.537083 ], [ 103.577528, 10.540444 ], [ 103.5925, 10.55875 ], [ 103.598306, 10.557917 ], [ 103.610417, 10.548333 ], [ 103.617917, 10.535 ], [ 103.614167, 10.500417 ], [ 103.629972, 10.494556 ], [ 103.635806, 10.485389 ], [ 103.648333, 10.487917 ], [ 103.645417, 10.494111 ], [ 103.653361, 10.497083 ], [ 103.659167, 10.49625 ], [ 103.669167, 10.500417 ], [ 103.679972, 10.497083 ], [ 103.677028, 10.505778 ], [ 103.687472, 10.507889 ], [ 103.694194, 10.505389 ], [ 103.706639, 10.50625 ], [ 103.730806, 10.495389 ], [ 103.735861, 10.497056 ], [ 103.74125, 10.507472 ], [ 103.742056, 10.525806 ], [ 103.719972, 10.547944 ], [ 103.715444, 10.549111 ], [ 103.718333, 10.557917 ], [ 103.734972, 10.554528 ], [ 103.737056, 10.539972 ], [ 103.744944, 10.540389 ], [ 103.760833, 10.529556 ], [ 103.773306, 10.52875 ], [ 103.779972, 10.535417 ], [ 103.7925, 10.53375 ], [ 103.801639, 10.538722 ], [ 103.806639, 10.53875 ], [ 103.806667, 10.534556 ], [ 103.815806, 10.53625 ], [ 103.870389, 10.621667 ], [ 103.865389, 10.626639 ], [ 103.857889, 10.6475 ], [ 103.862889, 10.657528 ], [ 103.861278, 10.6675 ], [ 103.866278, 10.673333 ], [ 103.864556, 10.680833 ], [ 103.870389, 10.689139 ], [ 103.868333, 10.692917 ], [ 103.857889, 10.695806 ], [ 103.857889, 10.705 ], [ 103.864167, 10.707889 ], [ 103.860417, 10.700806 ], [ 103.865833, 10.695444 ], [ 103.868333, 10.697917 ], [ 103.872889, 10.690806 ], [ 103.870417, 10.682472 ], [ 103.872944, 10.674944 ], [ 103.87125, 10.6625 ], [ 103.865444, 10.658278 ], [ 103.865389, 10.655 ], [ 103.87, 10.652083 ], [ 103.878361, 10.652917 ], [ 103.884611, 10.656611 ], [ 103.883306, 10.662083 ], [ 103.890833, 10.65625 ], [ 103.905833, 10.65125 ], [ 103.907917, 10.649139 ], [ 103.906278, 10.637528 ], [ 103.920417, 10.61 ], [ 103.944111, 10.586194 ], [ 103.960833, 10.587056 ], [ 103.980833, 10.581278 ], [ 103.997444, 10.570417 ], [ 104.014972, 10.568778 ], [ 104.021694, 10.560417 ], [ 104.033306, 10.558722 ], [ 104.054972, 10.547889 ], [ 104.068333, 10.547917 ], [ 104.0725, 10.545417 ], [ 104.085806, 10.548722 ], [ 104.1075, 10.545389 ], [ 104.124194, 10.555361 ], [ 104.1475, 10.562889 ], [ 104.165806, 10.552889 ], [ 104.173361, 10.553722 ], [ 104.175417, 10.544139 ], [ 104.180806, 10.54375 ], [ 104.185, 10.537917 ], [ 104.189583, 10.539167 ], [ 104.187889, 10.542444 ], [ 104.203278, 10.557083 ], [ 104.215861, 10.558722 ], [ 104.220806, 10.55625 ], [ 104.222083, 10.564194 ], [ 104.219167, 10.568722 ], [ 104.228361, 10.562083 ], [ 104.233333, 10.566222 ], [ 104.245889, 10.566194 ], [ 104.246667, 10.57125 ], [ 104.254972, 10.56875 ], [ 104.267528, 10.550389 ], [ 104.279611, 10.543306 ], [ 104.28375, 10.527472 ], [ 104.287944, 10.523333 ], [ 104.292083, 10.5075 ], [ 104.2925, 10.477056 ], [ 104.307528, 10.474556 ], [ 104.3225, 10.479528 ], [ 104.345861, 10.493722 ], [ 104.354167, 10.494583 ], [ 104.371222, 10.479972 ], [ 104.38625, 10.455833 ], [ 104.393333, 10.450389 ], [ 104.414194, 10.445389 ], [ 104.421667, 10.445389 ], [ 104.427056, 10.449194 ], [ 104.432917, 10.439139 ], [ 104.432056, 10.431639 ], [ 104.442972, 10.423306 ], [ 104.456278, 10.399167 ], [ 104.44625, 10.3825 ], [ 104.448694, 10.372444 ], [ 104.445444, 10.368306 ], [ 104.445833, 10.362917 ], [ 104.462472, 10.367944 ], [ 104.469972, 10.377944 ], [ 104.476694, 10.380417 ], [ 104.480833, 10.380417 ], [ 104.484944, 10.375389 ], [ 104.494167, 10.379583 ], [ 104.494556, 10.389167 ], [ 104.503694, 10.404972 ], [ 104.520861, 10.416278 ], [ 104.524167, 10.421278 ], [ 104.524583, 10.405806 ], [ 104.532083, 10.4025 ], [ 104.525444, 10.381639 ], [ 104.516639, 10.37375 ], [ 104.505833, 10.374556 ], [ 104.497472, 10.380389 ], [ 104.490417, 10.373306 ], [ 104.495417, 10.363333 ], [ 104.505389, 10.356639 ], [ 104.531278, 10.321639 ], [ 104.535444, 10.307444 ], [ 104.53125, 10.299111 ], [ 104.537944, 10.285 ], [ 104.533778, 10.276611 ], [ 104.536694, 10.274556 ], [ 104.548306, 10.291222 ], [ 104.553278, 10.290417 ], [ 104.578722, 10.268361 ], [ 104.587083, 10.245778 ], [ 104.591222, 10.245 ], [ 104.587056, 10.239139 ], [ 104.597056, 10.214972 ], [ 104.588722, 10.205806 ], [ 104.592889, 10.2025 ], [ 104.593722, 10.195833 ], [ 104.597889, 10.194167 ], [ 104.597889, 10.186639 ], [ 104.595, 10.187056 ], [ 104.593722, 10.183306 ], [ 104.596639, 10.180389 ], [ 104.601222, 10.180861 ], [ 104.605417, 10.174139 ], [ 104.603722, 10.169139 ], [ 104.6075, 10.16875 ], [ 104.61375, 10.160833 ], [ 104.60375, 10.145833 ], [ 104.604972, 10.141222 ], [ 104.612444, 10.140389 ], [ 104.619972, 10.14625 ], [ 104.631694, 10.140389 ], [ 104.635806, 10.142861 ], [ 104.644167, 10.135417 ], [ 104.649139, 10.135417 ], [ 104.652917, 10.138361 ], [ 104.649583, 10.147472 ], [ 104.652889, 10.154139 ], [ 104.660028, 10.162083 ], [ 104.667917, 10.164972 ], [ 104.67625, 10.182472 ], [ 104.691639, 10.199556 ], [ 104.721639, 10.220444 ], [ 104.736667, 10.22625 ], [ 104.748333, 10.227056 ], [ 104.779972, 10.216222 ], [ 104.805028, 10.20125 ], [ 104.834639, 10.1675 ], [ 104.844556, 10.15 ], [ 104.852083, 10.142472 ], [ 104.868722, 10.1125 ], [ 104.867056, 10.109167 ], [ 104.869139, 10.107028 ], [ 104.870806, 10.109556 ], [ 104.877472, 10.104583 ], [ 104.8875, 10.091194 ], [ 104.894167, 10.087917 ], [ 104.911722, 10.088722 ], [ 104.958333, 10.102056 ], [ 104.986667, 10.09875 ], [ 104.993278, 10.100417 ], [ 105.087833, 10.004861 ], [ 105.090389, 9.993333 ], [ 105.101222, 9.975 ], [ 105.11125, 9.947472 ], [ 105.107889, 9.930833 ], [ 105.099583, 9.923306 ], [ 105.107083, 9.889139 ], [ 105.104167, 9.887917 ], [ 105.10125, 9.892472 ], [ 105.092083, 9.928306 ], [ 105.084167, 9.945361 ], [ 105.071667, 9.947889 ], [ 105.0525, 9.939583 ], [ 105.036611, 9.928722 ], [ 104.98875, 9.882472 ], [ 104.961667, 9.847889 ], [ 104.944972, 9.838694 ], [ 104.914972, 9.831222 ], [ 104.905417, 9.825028 ], [ 104.892917, 9.804167 ], [ 104.873722, 9.745806 ], [ 104.864583, 9.705833 ], [ 104.84375, 9.579111 ], [ 104.83125, 9.409111 ], [ 104.830389, 9.335833 ], [ 104.822889, 9.234167 ], [ 104.810417, 9.173333 ], [ 104.812917, 9.123306 ], [ 104.810417, 9.044972 ], [ 104.812083, 9.038306 ], [ 104.820028, 9.033778 ], [ 104.835389, 9.037444 ], [ 104.810444, 9.023306 ], [ 104.807889, 9.017444 ], [ 104.809611, 8.983306 ], [ 104.813333, 8.975361 ], [ 104.832056, 8.976639 ], [ 104.828306, 8.970389 ], [ 104.813333, 8.972083 ], [ 104.810417, 8.968306 ], [ 104.810389, 8.880028 ], [ 104.807917, 8.855778 ], [ 104.794611, 8.817472 ], [ 104.79375, 8.800806 ], [ 104.797083, 8.799944 ], [ 104.795389, 8.794944 ], [ 104.797917, 8.788361 ], [ 104.809611, 8.770833 ], [ 104.821667, 8.767917 ], [ 104.833306, 8.77125 ], [ 104.841611, 8.777056 ], [ 104.890806, 8.792056 ], [ 104.900806, 8.797917 ], [ 104.908306, 8.810389 ], [ 104.925389, 8.815806 ], [ 104.909583, 8.808333 ], [ 104.916222, 8.787472 ], [ 104.914556, 8.776667 ], [ 104.920389, 8.763306 ], [ 104.918722, 8.7475 ], [ 104.910861, 8.74375 ], [ 104.9025, 8.74375 ], [ 104.895, 8.737028 ], [ 104.89375, 8.733306 ], [ 104.898333, 8.728778 ], [ 104.876639, 8.729556 ], [ 104.849944, 8.734556 ], [ 104.839556, 8.726694 ], [ 104.839556, 8.7175 ], [ 104.853722, 8.699167 ], [ 104.863306, 8.692056 ], [ 104.921667, 8.691222 ], [ 104.932528, 8.694556 ], [ 104.972056, 8.716667 ], [ 104.972944, 8.737444 ], [ 104.980833, 8.74625 ], [ 105.010806, 8.760361 ], [ 105.030833, 8.762083 ], [ 105.0425, 8.76875 ], [ 105.063306, 8.774611 ], [ 105.078361, 8.785389 ], [ 105.104972, 8.770417 ], [ 105.118306, 8.767083 ], [ 105.125, 8.759611 ], [ 105.145778, 8.757917 ], [ 105.163278, 8.778722 ], [ 105.1775, 8.78375 ], [ 105.188333, 8.795417 ], [ 105.202444, 8.795417 ], [ 105.195417, 8.791667 ], [ 105.193722, 8.7725 ], [ 105.199167, 8.765417 ], [ 105.210806, 8.767889 ], [ 105.233306, 8.74375 ], [ 105.246639, 8.742083 ], [ 105.265806, 8.75125 ], [ 105.280833, 8.752917 ], [ 105.340389, 8.812472 ], [ 105.348722, 8.826667 ], [ 105.368778, 8.887472 ], [ 105.394583, 8.935806 ], [ 105.407083, 8.985 ], [ 105.412083, 8.995 ], [ 105.419528, 8.998306 ], [ 105.417944, 9.005 ], [ 105.422528, 9.010389 ], [ 105.425, 9.007056 ], [ 105.431222, 9.0125 ], [ 105.467917, 9.061667 ], [ 105.524972, 9.119611 ], [ 105.564139, 9.138722 ], [ 105.594139, 9.146194 ], [ 105.703306, 9.18375 ], [ 105.748361, 9.205417 ], [ 105.854167, 9.247917 ], [ 106.001639, 9.299528 ], [ 106.010806, 9.307083 ], [ 106.025778, 9.309583 ], [ 106.05, 9.320417 ], [ 106.106639, 9.337083 ], [ 106.126667, 9.344583 ], [ 106.141667, 9.353722 ], [ 106.159139, 9.354528 ], [ 106.160389, 9.352472 ], [ 106.156611, 9.347944 ], [ 106.164944, 9.349583 ], [ 106.181639, 9.357917 ], [ 106.19875, 9.375028 ], [ 106.194972, 9.404556 ], [ 106.179139, 9.40375 ], [ 106.167472, 9.412056 ], [ 106.152444, 9.399583 ], [ 106.147083, 9.399139 ], [ 106.165806, 9.417917 ], [ 106.177861, 9.424194 ], [ 106.182056, 9.433306 ], [ 106.207028, 9.4625 ], [ 106.213694, 9.483333 ], [ 106.212056, 9.509167 ], [ 106.187083, 9.567472 ], [ 106.137889, 9.636611 ], [ 106.119528, 9.656667 ], [ 106.09125, 9.714972 ], [ 106.067944, 9.7525 ], [ 106.00875, 9.825833 ], [ 105.999583, 9.832472 ], [ 105.941639, 9.89375 ], [ 105.892528, 9.937917 ], [ 105.850806, 9.969556 ], [ 105.834583, 9.985806 ], [ 105.83375, 9.990806 ], [ 105.836667, 9.993722 ], [ 105.853306, 9.994528 ], [ 105.872472, 9.990417 ], [ 105.905833, 9.977917 ], [ 105.921639, 9.966222 ], [ 105.923694, 9.972472 ], [ 105.9275, 9.974583 ], [ 105.925417, 9.967472 ], [ 105.928722, 9.966667 ], [ 105.925389, 9.961667 ], [ 105.927944, 9.958333 ], [ 105.956611, 9.937917 ], [ 105.992917, 9.901639 ], [ 105.999583, 9.8925 ], [ 106.008694, 9.869194 ], [ 106.080806, 9.780417 ], [ 106.123361, 9.752889 ], [ 106.176639, 9.692056 ], [ 106.248333, 9.632083 ], [ 106.295806, 9.60125 ], [ 106.350806, 9.575389 ], [ 106.363333, 9.559611 ], [ 106.37875, 9.548333 ], [ 106.382944, 9.536667 ], [ 106.389556, 9.534167 ], [ 106.38625, 9.530806 ], [ 106.3875, 9.528722 ], [ 106.405, 9.53125 ], [ 106.410389, 9.539139 ], [ 106.404139, 9.538778 ], [ 106.404972, 9.541222 ], [ 106.417472, 9.54125 ], [ 106.426639, 9.54625 ], [ 106.449972, 9.552083 ], [ 106.452472, 9.547056 ], [ 106.462083, 9.544944 ], [ 106.456639, 9.544583 ], [ 106.4575, 9.542917 ], [ 106.466639, 9.542861 ], [ 106.5025, 9.55375 ], [ 106.537056, 9.575806 ], [ 106.544556, 9.595 ], [ 106.550417, 9.597444 ], [ 106.55875, 9.609139 ], [ 106.570444, 9.631639 ], [ 106.580417, 9.669139 ], [ 106.580361, 9.6925 ], [ 106.571194, 9.690833 ], [ 106.576222, 9.697472 ], [ 106.577917, 9.714167 ], [ 106.574556, 9.738361 ], [ 106.551611, 9.747944 ], [ 106.546639, 9.746222 ], [ 106.544167, 9.750389 ], [ 106.530833, 9.756222 ], [ 106.525417, 9.761667 ], [ 106.522028, 9.770806 ], [ 106.520389, 9.804167 ], [ 106.474583, 9.861667 ], [ 106.416639, 9.914556 ], [ 106.347472, 9.986222 ], [ 106.321583, 10.005306 ], [ 106.27825, 10.050389 ], [ 106.236583, 10.077 ], [ 106.213694, 10.099083 ], [ 106.193722, 10.122417 ], [ 106.171167, 10.157472 ], [ 106.170361, 10.162472 ], [ 106.175333, 10.163306 ], [ 106.175333, 10.171639 ], [ 106.179111, 10.175417 ], [ 106.190806, 10.177889 ], [ 106.209917, 10.164556 ], [ 106.237833, 10.13575 ], [ 106.252056, 10.109917 ], [ 106.291167, 10.061583 ], [ 106.33575, 10.028694 ], [ 106.359111, 10.004472 ], [ 106.426639, 9.955417 ], [ 106.440833, 9.947083 ], [ 106.465861, 9.937889 ], [ 106.494111, 9.919583 ], [ 106.515389, 9.901611 ], [ 106.533306, 9.877889 ], [ 106.555, 9.862917 ], [ 106.577056, 9.840833 ], [ 106.581278, 9.832472 ], [ 106.597861, 9.819139 ], [ 106.601667, 9.812056 ], [ 106.609167, 9.810417 ], [ 106.616639, 9.812917 ], [ 106.643333, 9.835389 ], [ 106.667917, 9.860028 ], [ 106.669139, 9.864556 ], [ 106.673778, 9.864139 ], [ 106.672889, 9.854139 ], [ 106.666222, 9.841667 ], [ 106.676639, 9.844528 ], [ 106.701222, 9.870833 ], [ 106.704583, 9.882472 ], [ 106.702083, 9.890861 ], [ 106.679583, 9.9075 ], [ 106.672889, 9.925778 ], [ 106.667472, 9.931222 ], [ 106.664972, 9.929556 ], [ 106.655833, 9.932083 ], [ 106.653333, 9.92125 ], [ 106.644972, 9.930417 ], [ 106.6275, 9.935361 ], [ 106.614167, 9.944556 ], [ 106.594972, 9.965444 ], [ 106.569111, 9.984556 ], [ 106.558306, 9.989556 ], [ 106.512417, 10.000361 ], [ 106.482444, 10.016167 ], [ 106.443639, 10.057444 ], [ 106.388639, 10.12325 ], [ 106.366139, 10.159917 ], [ 106.356194, 10.192472 ], [ 106.359944, 10.198778 ], [ 106.366611, 10.19875 ], [ 106.372833, 10.194111 ], [ 106.378667, 10.174056 ], [ 106.388694, 10.158278 ], [ 106.4145, 10.126583 ], [ 106.434528, 10.094917 ], [ 106.4545, 10.080778 ], [ 106.464472, 10.056556 ], [ 106.476583, 10.042833 ], [ 106.489917, 10.033639 ], [ 106.524083, 10.026139 ], [ 106.544111, 10.017833 ], [ 106.559056, 10.003694 ], [ 106.6075, 9.977889 ], [ 106.620778, 9.974556 ], [ 106.6325, 9.976222 ], [ 106.640806, 9.97125 ], [ 106.655, 9.968778 ], [ 106.657889, 9.98 ], [ 106.653722, 9.993278 ], [ 106.657472, 9.992056 ], [ 106.662944, 9.999139 ], [ 106.652028, 10.001583 ], [ 106.66325, 10.006194 ], [ 106.669139, 10.003694 ], [ 106.679556, 10.014889 ], [ 106.682833, 10.025722 ], [ 106.673639, 10.030778 ], [ 106.678667, 10.037389 ], [ 106.679556, 10.049111 ], [ 106.684528, 10.059944 ], [ 106.696167, 10.071583 ], [ 106.678667, 10.094917 ], [ 106.671167, 10.109944 ], [ 106.67325, 10.112861 ], [ 106.702, 10.069889 ], [ 106.7045, 10.058278 ], [ 106.697, 10.043222 ], [ 106.698278, 10.040333 ], [ 106.72825, 10.045361 ], [ 106.732889, 10.05325 ], [ 106.73825, 10.0545 ], [ 106.771583, 10.0895 ], [ 106.773694, 10.089083 ], [ 106.772889, 10.084972 ], [ 106.77825, 10.081194 ], [ 106.782806, 10.089083 ], [ 106.782056, 10.103222 ], [ 106.792472, 10.107 ], [ 106.802806, 10.124111 ], [ 106.802861, 10.142444 ], [ 106.797861, 10.154917 ], [ 106.792417, 10.160333 ], [ 106.776583, 10.168694 ], [ 106.764889, 10.171167 ], [ 106.764139, 10.167833 ], [ 106.744083, 10.180361 ], [ 106.738222, 10.187833 ], [ 106.674083, 10.220333 ], [ 106.62325, 10.236194 ], [ 106.587444, 10.242917 ], [ 106.542444, 10.2595 ], [ 106.514056, 10.264528 ], [ 106.474083, 10.280361 ], [ 106.45575, 10.290333 ], [ 106.435333, 10.31075 ], [ 106.440806, 10.312861 ], [ 106.529111, 10.303722 ], [ 106.564111, 10.289472 ], [ 106.592444, 10.286194 ], [ 106.627444, 10.286194 ], [ 106.650778, 10.277 ], [ 106.659917, 10.277 ], [ 106.669889, 10.288667 ], [ 106.676583, 10.292833 ], [ 106.68575, 10.293694 ], [ 106.71825, 10.277861 ], [ 106.757417, 10.265361 ], [ 106.768222, 10.268694 ], [ 106.779111, 10.277 ], [ 106.787028, 10.287417 ], [ 106.791194, 10.304944 ], [ 106.790306, 10.364083 ], [ 106.792889, 10.394889 ], [ 106.7895, 10.406583 ], [ 106.754528, 10.443278 ], [ 106.734889, 10.479556 ], [ 106.729889, 10.478722 ], [ 106.712444, 10.462861 ], [ 106.699889, 10.4445 ], [ 106.694889, 10.442861 ], [ 106.691194, 10.44575 ], [ 106.695361, 10.461556 ], [ 106.704472, 10.474083 ], [ 106.732806, 10.50075 ], [ 106.733694, 10.504917 ], [ 106.7295, 10.51075 ], [ 106.734944, 10.507861 ], [ 106.742028, 10.513278 ], [ 106.744528, 10.532417 ], [ 106.738639, 10.559944 ], [ 106.745722, 10.572833 ], [ 106.751972, 10.569917 ], [ 106.757028, 10.536611 ], [ 106.760306, 10.530778 ], [ 106.760333, 10.486583 ], [ 106.763639, 10.47825 ], [ 106.783639, 10.444889 ], [ 106.823278, 10.407 ], [ 106.837444, 10.399528 ], [ 106.839111, 10.390333 ], [ 106.848222, 10.391139 ], [ 106.846167, 10.399083 ], [ 106.85325, 10.401222 ], [ 106.857861, 10.407444 ], [ 106.857028, 10.419111 ], [ 106.852056, 10.429111 ], [ 106.856972, 10.431556 ], [ 106.858639, 10.445778 ], [ 106.851194, 10.451583 ], [ 106.85825, 10.451194 ], [ 106.87325, 10.457806 ], [ 106.880333, 10.45575 ], [ 106.879528, 10.444917 ], [ 106.867861, 10.429944 ], [ 106.881167, 10.404083 ], [ 106.886167, 10.387417 ], [ 106.886194, 10.383278 ], [ 106.877806, 10.37575 ], [ 106.877444, 10.371167 ], [ 106.899972, 10.371139 ], [ 106.939083, 10.391972 ], [ 106.966556, 10.3995 ], [ 106.980389, 10.409111 ], [ 106.981194, 10.412389 ], [ 106.97825, 10.415333 ], [ 106.969083, 10.421194 ], [ 106.960722, 10.421972 ], [ 106.948278, 10.433722 ], [ 106.924944, 10.433694 ], [ 106.923639, 10.436611 ], [ 106.931611, 10.4395 ], [ 106.942861, 10.439083 ], [ 106.937833, 10.469944 ], [ 106.951639, 10.483694 ], [ 106.955333, 10.478278 ], [ 106.947, 10.469083 ], [ 106.970361, 10.459111 ], [ 106.971972, 10.46825 ], [ 106.981167, 10.481611 ], [ 106.978667, 10.497417 ], [ 106.982, 10.502444 ], [ 106.994056, 10.510333 ], [ 107.0075, 10.509556 ], [ 107.011222, 10.513306 ], [ 107.012083, 10.520833 ], [ 107.004583, 10.526667 ], [ 107.006694, 10.528722 ], [ 107.013278, 10.527083 ], [ 107.019556, 10.519167 ], [ 107.018778, 10.510861 ], [ 107.011639, 10.502056 ], [ 107.005389, 10.499111 ], [ 107.005472, 10.495833 ], [ 107.010778, 10.489556 ], [ 107.0175, 10.492083 ], [ 107.02125, 10.49 ], [ 107.025417, 10.480833 ], [ 107.022056, 10.475806 ], [ 107.022083, 10.469167 ], [ 107.03, 10.463778 ], [ 107.032472, 10.472889 ], [ 107.046667, 10.469583 ], [ 107.050028, 10.47375 ], [ 107.05125, 10.468333 ], [ 107.045389, 10.461667 ], [ 107.053722, 10.446639 ], [ 107.077472, 10.42875 ], [ 107.088306, 10.427056 ], [ 107.0875, 10.432917 ], [ 107.094139, 10.429611 ], [ 107.103306, 10.430417 ], [ 107.107083, 10.4325 ], [ 107.109167, 10.442083 ], [ 107.121639, 10.44125 ], [ 107.118722, 10.446667 ], [ 107.120806, 10.462889 ], [ 107.124583, 10.461667 ], [ 107.127889, 10.454972 ], [ 107.123722, 10.451611 ], [ 107.127083, 10.439944 ], [ 107.117056, 10.433306 ], [ 107.118722, 10.4225 ], [ 107.124583, 10.421667 ], [ 107.120444, 10.419167 ], [ 107.121694, 10.41375 ], [ 107.128306, 10.417889 ], [ 107.146694, 10.416222 ], [ 107.149556, 10.419139 ], [ 107.150417, 10.429111 ], [ 107.154611, 10.430806 ], [ 107.15375, 10.4225 ], [ 107.146667, 10.41375 ], [ 107.132444, 10.411278 ], [ 107.125028, 10.402083 ], [ 107.113278, 10.406222 ], [ 107.107917, 10.394167 ], [ 107.098306, 10.38625 ], [ 107.087472, 10.388722 ], [ 107.072917, 10.380833 ], [ 107.075806, 10.375361 ], [ 107.065833, 10.384556 ], [ 107.059583, 10.382472 ], [ 107.057861, 10.373306 ], [ 107.064583, 10.364139 ], [ 107.062889, 10.353306 ], [ 107.077028, 10.342472 ], [ 107.074528, 10.3325 ], [ 107.085889, 10.317917 ], [ 107.090389, 10.320806 ], [ 107.104528, 10.345861 ], [ 107.12, 10.362917 ], [ 107.166194, 10.388306 ], [ 107.169556, 10.396611 ], [ 107.164556, 10.392472 ], [ 107.165417, 10.398306 ], [ 107.162056, 10.399139 ], [ 107.164556, 10.403306 ], [ 107.17, 10.407917 ], [ 107.180806, 10.410444 ], [ 107.190806, 10.42625 ], [ 107.192083, 10.409139 ], [ 107.189139, 10.403722 ], [ 107.182056, 10.400833 ], [ 107.183306, 10.397028 ], [ 107.190806, 10.397111 ], [ 107.202472, 10.402083 ], [ 107.220861, 10.40125 ], [ 107.227083, 10.3975 ], [ 107.242472, 10.374528 ], [ 107.259167, 10.375389 ], [ 107.297056, 10.42 ], [ 107.31, 10.432944 ], [ 107.327472, 10.444583 ], [ 107.340861, 10.447917 ], [ 107.361667, 10.462917 ], [ 107.365, 10.460417 ], [ 107.383306, 10.467917 ], [ 107.4025, 10.465361 ], [ 107.441639, 10.467944 ], [ 107.449167, 10.465417 ], [ 107.478361, 10.497889 ], [ 107.500833, 10.496222 ], [ 107.52, 10.499583 ], [ 107.55125, 10.541667 ], [ 107.585, 10.571222 ], [ 107.628306, 10.59125 ], [ 107.668333, 10.605417 ], [ 107.6775, 10.615389 ], [ 107.691639, 10.62375 ], [ 107.714139, 10.630389 ], [ 107.731639, 10.62875 ], [ 107.750833, 10.634611 ], [ 107.780028, 10.649556 ], [ 107.809139, 10.683694 ], [ 107.833278, 10.702889 ], [ 107.849972, 10.701222 ], [ 107.876667, 10.713722 ], [ 107.901639, 10.719556 ], [ 107.9025, 10.716222 ], [ 107.9275, 10.716222 ], [ 107.949194, 10.710417 ], [ 107.965, 10.703722 ], [ 107.9675, 10.697889 ], [ 107.977472, 10.703778 ], [ 107.999167, 10.696222 ], [ 107.99875, 10.702472 ], [ 108.009583, 10.716667 ], [ 108.013694, 10.73 ], [ 108.020389, 10.733333 ], [ 108.035389, 10.805806 ], [ 108.055417, 10.857528 ], [ 108.07625, 10.895 ], [ 108.096639, 10.915389 ], [ 108.110806, 10.920389 ], [ 108.107889, 10.9175 ], [ 108.114194, 10.913722 ], [ 108.121639, 10.922917 ], [ 108.145, 10.934583 ], [ 108.148333, 10.930389 ], [ 108.159167, 10.927889 ], [ 108.171694, 10.928694 ], [ 108.1825, 10.93375 ], [ 108.194972, 10.932889 ], [ 108.200833, 10.940389 ], [ 108.213306, 10.947111 ], [ 108.236667, 10.952083 ], [ 108.256694, 10.94875 ], [ 108.284167, 10.937944 ], [ 108.287861, 10.931667 ], [ 108.287944, 10.919139 ], [ 108.285444, 10.915 ], [ 108.299139, 10.911222 ], [ 108.302944, 10.935806 ], [ 108.316694, 10.957028 ], [ 108.328333, 10.957889 ], [ 108.336667, 10.949583 ], [ 108.344583, 10.953333 ], [ 108.343722, 10.9625 ], [ 108.355417, 11.0075 ], [ 108.366222, 11.022444 ], [ 108.376667, 11.03125 ], [ 108.380833, 11.03375 ], [ 108.390806, 11.033722 ], [ 108.395, 11.029583 ], [ 108.399194, 11.032083 ], [ 108.413306, 11.032083 ], [ 108.419167, 11.026222 ], [ 108.436639, 11.045417 ], [ 108.450806, 11.046222 ], [ 108.461667, 11.039556 ], [ 108.466611, 11.039611 ], [ 108.480417, 11.047472 ], [ 108.482917, 11.068306 ], [ 108.501222, 11.114139 ], [ 108.516222, 11.140833 ], [ 108.534111, 11.155361 ], [ 108.54, 11.153694 ], [ 108.549944, 11.159583 ], [ 108.569194, 11.161222 ], [ 108.577028, 11.172472 ], [ 108.5875, 11.180417 ], [ 108.595806, 11.182889 ], [ 108.6125, 11.182056 ], [ 108.617472, 11.180444 ], [ 108.620861, 11.174556 ], [ 108.630806, 11.185417 ], [ 108.654972, 11.192889 ], [ 108.6775, 11.189583 ], [ 108.702528, 11.180417 ], [ 108.707889, 11.168278 ], [ 108.707111, 11.164139 ], [ 108.710833, 11.163722 ], [ 108.717472, 11.175417 ], [ 108.7275, 11.178694 ], [ 108.733722, 11.185806 ], [ 108.737889, 11.21 ], [ 108.749583, 11.228333 ], [ 108.749583, 11.241667 ], [ 108.75625, 11.256639 ], [ 108.758694, 11.277472 ], [ 108.768306, 11.285417 ], [ 108.78125, 11.287472 ], [ 108.785389, 11.302472 ], [ 108.792444, 11.312056 ], [ 108.805806, 11.31375 ], [ 108.818333, 11.319583 ], [ 108.835833, 11.319556 ], [ 108.856667, 11.33375 ], [ 108.8775, 11.331222 ], [ 108.882472, 11.33625 ], [ 108.889556, 11.3375 ], [ 108.88625, 11.344139 ], [ 108.889944, 11.347083 ], [ 108.892889, 11.342444 ], [ 108.891278, 11.335778 ], [ 108.9175, 11.317889 ], [ 108.922083, 11.312472 ], [ 108.922056, 11.307472 ], [ 108.939139, 11.307083 ], [ 108.948306, 11.312083 ], [ 108.970028, 11.317056 ], [ 108.992917, 11.334139 ], [ 108.998333, 11.347889 ], [ 109.005, 11.347056 ], [ 109.009167, 11.35375 ], [ 109.019139, 11.355417 ], [ 109.024556, 11.361639 ], [ 109.024583, 11.3675 ], [ 109.017056, 11.373306 ], [ 109.010417, 11.400806 ], [ 109.010417, 11.408333 ], [ 109.017111, 11.415833 ], [ 109.017944, 11.420833 ], [ 109.016278, 11.437472 ], [ 109.012889, 11.441639 ], [ 109.018778, 11.461639 ], [ 109.016306, 11.509167 ], [ 109.020389, 11.525833 ], [ 109.030417, 11.534972 ], [ 109.020806, 11.535417 ], [ 109.025389, 11.537444 ], [ 109.013722, 11.540833 ], [ 109.021667, 11.545417 ], [ 109.030806, 11.539556 ], [ 109.02875, 11.545 ], [ 109.033333, 11.54875 ], [ 109.035389, 11.545778 ], [ 109.03375, 11.538306 ], [ 109.036194, 11.54 ], [ 109.039556, 11.548278 ], [ 109.032083, 11.555806 ], [ 109.029583, 11.573306 ], [ 109.037444, 11.584556 ], [ 109.054556, 11.586611 ], [ 109.046278, 11.593333 ], [ 109.044556, 11.599972 ], [ 109.038722, 11.602472 ], [ 109.035833, 11.608694 ], [ 109.02125, 11.615833 ], [ 109.020417, 11.622472 ], [ 109.012889, 11.63 ], [ 109.028361, 11.62875 ], [ 109.028694, 11.637528 ], [ 109.032472, 11.640417 ], [ 109.034972, 11.637917 ], [ 109.039972, 11.63875 ], [ 109.044556, 11.633333 ], [ 109.042083, 11.622472 ], [ 109.044139, 11.620417 ], [ 109.048306, 11.622917 ], [ 109.049556, 11.617528 ], [ 109.039556, 11.606667 ], [ 109.048778, 11.601667 ], [ 109.058389, 11.583722 ], [ 109.065806, 11.578722 ], [ 109.074139, 11.577917 ], [ 109.084139, 11.584583 ], [ 109.099111, 11.58375 ], [ 109.107472, 11.577889 ], [ 109.128306, 11.570389 ], [ 109.131222, 11.560833 ], [ 109.134167, 11.560389 ], [ 109.136222, 11.562472 ], [ 109.132028, 11.569167 ], [ 109.132917, 11.5725 ], [ 109.138306, 11.579583 ], [ 109.144528, 11.580833 ], [ 109.14625, 11.589972 ], [ 109.152917, 11.6 ], [ 109.155389, 11.613333 ], [ 109.165806, 11.621194 ], [ 109.171639, 11.618722 ], [ 109.174611, 11.621667 ], [ 109.177861, 11.639139 ], [ 109.184611, 11.645833 ], [ 109.179556, 11.65 ], [ 109.182056, 11.664194 ], [ 109.179528, 11.6775 ], [ 109.187944, 11.675806 ], [ 109.194528, 11.682528 ], [ 109.192944, 11.689111 ], [ 109.198778, 11.692472 ], [ 109.197917, 11.697528 ], [ 109.207889, 11.704139 ], [ 109.202056, 11.723333 ], [ 109.204583, 11.723278 ], [ 109.210806, 11.712917 ], [ 109.217472, 11.717917 ], [ 109.227472, 11.712917 ], [ 109.227083, 11.7175 ], [ 109.233306, 11.71875 ], [ 109.23875, 11.726639 ], [ 109.23625, 11.746667 ], [ 109.230833, 11.744556 ], [ 109.226222, 11.746667 ], [ 109.232889, 11.750833 ], [ 109.232917, 11.754972 ], [ 109.227444, 11.753722 ], [ 109.218333, 11.757056 ], [ 109.219583, 11.765 ], [ 109.217111, 11.770833 ], [ 109.195778, 11.785389 ], [ 109.19125, 11.793278 ], [ 109.192889, 11.808333 ], [ 109.2, 11.807917 ], [ 109.201222, 11.810861 ], [ 109.187889, 11.814944 ], [ 109.189556, 11.829944 ], [ 109.184583, 11.834167 ], [ 109.182944, 11.842472 ], [ 109.189556, 11.849167 ], [ 109.185361, 11.855 ], [ 109.197083, 11.869944 ], [ 109.195833, 11.874583 ], [ 109.191639, 11.874556 ], [ 109.1825, 11.864583 ], [ 109.175806, 11.862917 ], [ 109.177056, 11.858278 ], [ 109.172528, 11.853722 ], [ 109.16625, 11.853333 ], [ 109.165417, 11.841667 ], [ 109.161222, 11.837472 ], [ 109.154139, 11.819556 ], [ 109.1475, 11.81625 ], [ 109.128722, 11.819167 ], [ 109.130389, 11.823306 ], [ 109.122083, 11.833306 ], [ 109.123778, 11.838306 ], [ 109.114556, 11.847472 ], [ 109.112083, 11.858306 ], [ 109.122889, 11.879972 ], [ 109.121222, 11.884944 ], [ 109.128722, 11.888333 ], [ 109.131222, 11.895806 ], [ 109.12875, 11.901639 ], [ 109.129944, 11.904583 ], [ 109.130833, 11.902056 ], [ 109.13375, 11.904139 ], [ 109.13375, 11.913333 ], [ 109.135833, 11.907083 ], [ 109.143333, 11.90875 ], [ 109.149167, 11.899556 ], [ 109.154972, 11.900389 ], [ 109.186694, 11.935444 ], [ 109.192861, 11.937472 ], [ 109.188722, 11.943306 ], [ 109.189583, 11.948306 ], [ 109.197083, 11.96 ], [ 109.202889, 11.963306 ], [ 109.200417, 11.968306 ], [ 109.203722, 11.9775 ], [ 109.210806, 11.982083 ], [ 109.218694, 11.969167 ], [ 109.219583, 11.959111 ], [ 109.216639, 11.953694 ], [ 109.207056, 11.949167 ], [ 109.215861, 11.94625 ], [ 109.220472, 11.936667 ], [ 109.21875, 11.927472 ], [ 109.210417, 11.925833 ], [ 109.211667, 11.920444 ], [ 109.217111, 11.921667 ], [ 109.209639, 11.9075 ], [ 109.212083, 11.895806 ], [ 109.207056, 11.879139 ], [ 109.209972, 11.877083 ], [ 109.214972, 11.880389 ], [ 109.221667, 11.880389 ], [ 109.226694, 11.876222 ], [ 109.229944, 11.879556 ], [ 109.238306, 11.877889 ], [ 109.25375, 11.860833 ], [ 109.253333, 11.85125 ], [ 109.257056, 11.851667 ], [ 109.25625, 11.858333 ], [ 109.261667, 11.86375 ], [ 109.269139, 11.859556 ], [ 109.276639, 11.86125 ], [ 109.286222, 11.875833 ], [ 109.282528, 11.881278 ], [ 109.277861, 11.881639 ], [ 109.280389, 11.885806 ], [ 109.273722, 11.89 ], [ 109.274556, 11.894139 ], [ 109.267889, 11.901667 ], [ 109.263722, 11.924139 ], [ 109.270833, 11.933722 ], [ 109.27875, 11.934167 ], [ 109.282472, 11.943722 ], [ 109.287917, 11.944167 ], [ 109.288722, 11.9525 ], [ 109.279167, 11.950361 ], [ 109.275417, 11.955 ], [ 109.277889, 11.957472 ], [ 109.277056, 11.969972 ], [ 109.265833, 11.977083 ], [ 109.258333, 11.973778 ], [ 109.232889, 12.007472 ], [ 109.210361, 12.0525 ], [ 109.200417, 12.085 ], [ 109.200389, 12.113361 ], [ 109.203278, 12.11625 ], [ 109.211639, 12.116222 ], [ 109.216222, 12.120861 ], [ 109.219583, 12.135806 ], [ 109.22875, 12.139194 ], [ 109.22875, 12.149167 ], [ 109.224972, 12.15375 ], [ 109.209111, 12.159556 ], [ 109.202083, 12.165833 ], [ 109.205, 12.170361 ], [ 109.21, 12.169556 ], [ 109.212889, 12.173361 ], [ 109.214556, 12.184167 ], [ 109.197917, 12.199139 ], [ 109.197444, 12.202917 ], [ 109.188333, 12.202056 ], [ 109.203333, 12.204583 ], [ 109.206278, 12.198333 ], [ 109.209972, 12.197111 ], [ 109.219556, 12.199111 ], [ 109.222944, 12.209111 ], [ 109.211222, 12.218333 ], [ 109.203722, 12.231667 ], [ 109.202889, 12.253306 ], [ 109.20625, 12.259972 ], [ 109.195806, 12.255389 ], [ 109.188722, 12.258306 ], [ 109.197889, 12.2625 ], [ 109.187917, 12.265833 ], [ 109.203306, 12.262028 ], [ 109.209111, 12.263722 ], [ 109.212056, 12.269139 ], [ 109.207889, 12.274972 ], [ 109.209556, 12.284972 ], [ 109.222528, 12.294528 ], [ 109.239167, 12.292917 ], [ 109.247917, 12.303306 ], [ 109.24, 12.307028 ], [ 109.224972, 12.321222 ], [ 109.218333, 12.322917 ], [ 109.213361, 12.33125 ], [ 109.206278, 12.335806 ], [ 109.20875, 12.342472 ], [ 109.203722, 12.346639 ], [ 109.202056, 12.357472 ], [ 109.202056, 12.376639 ], [ 109.206278, 12.387528 ], [ 109.203722, 12.395833 ], [ 109.195778, 12.396222 ], [ 109.195, 12.400417 ], [ 109.1825, 12.402056 ], [ 109.1775, 12.406278 ], [ 109.176639, 12.402083 ], [ 109.170806, 12.402083 ], [ 109.164583, 12.409167 ], [ 109.165417, 12.4175 ], [ 109.162944, 12.420806 ], [ 109.157528, 12.42375 ], [ 109.151639, 12.422917 ], [ 109.145389, 12.428333 ], [ 109.143778, 12.439167 ], [ 109.151639, 12.438694 ], [ 109.163333, 12.429583 ], [ 109.168722, 12.432444 ], [ 109.172083, 12.439111 ], [ 109.167028, 12.440806 ], [ 109.168722, 12.4425 ], [ 109.165417, 12.448333 ], [ 109.155833, 12.450389 ], [ 109.157917, 12.452472 ], [ 109.150389, 12.457444 ], [ 109.165833, 12.454583 ], [ 109.165417, 12.464167 ], [ 109.17, 12.467917 ], [ 109.167056, 12.463306 ], [ 109.169139, 12.457056 ], [ 109.170833, 12.45875 ], [ 109.181639, 12.456222 ], [ 109.199972, 12.440389 ], [ 109.211639, 12.436222 ], [ 109.235806, 12.410389 ], [ 109.242056, 12.409167 ], [ 109.242083, 12.404972 ], [ 109.247083, 12.403333 ], [ 109.255389, 12.3875 ], [ 109.268778, 12.374139 ], [ 109.264583, 12.369139 ], [ 109.264583, 12.361611 ], [ 109.270778, 12.35625 ], [ 109.280833, 12.356194 ], [ 109.282083, 12.351667 ], [ 109.291667, 12.344556 ], [ 109.299139, 12.344556 ], [ 109.304583, 12.351639 ], [ 109.307111, 12.379167 ], [ 109.312861, 12.385806 ], [ 109.318306, 12.386222 ], [ 109.322917, 12.381667 ], [ 109.32375, 12.375806 ], [ 109.333278, 12.370417 ], [ 109.336222, 12.375833 ], [ 109.332861, 12.381667 ], [ 109.343694, 12.386667 ], [ 109.347889, 12.399944 ], [ 109.343333, 12.407056 ], [ 109.335, 12.405389 ], [ 109.324194, 12.416222 ], [ 109.310833, 12.415389 ], [ 109.304972, 12.422889 ], [ 109.298278, 12.422028 ], [ 109.295389, 12.425 ], [ 109.290417, 12.441667 ], [ 109.292056, 12.454139 ], [ 109.29875, 12.461639 ], [ 109.297917, 12.468306 ], [ 109.30125, 12.475833 ], [ 109.289972, 12.486222 ], [ 109.281667, 12.485361 ], [ 109.258306, 12.504556 ], [ 109.243722, 12.509167 ], [ 109.243722, 12.519139 ], [ 109.23875, 12.523306 ], [ 109.23625, 12.531667 ], [ 109.235389, 12.548306 ], [ 109.241222, 12.569139 ], [ 109.245806, 12.57375 ], [ 109.249583, 12.572444 ], [ 109.25125, 12.579139 ], [ 109.248278, 12.585361 ], [ 109.24, 12.586222 ], [ 109.238306, 12.592083 ], [ 109.22625, 12.58 ], [ 109.228333, 12.572889 ], [ 109.233306, 12.573722 ], [ 109.234972, 12.577861 ], [ 109.237111, 12.573361 ], [ 109.226694, 12.570417 ], [ 109.222472, 12.575389 ], [ 109.217028, 12.567472 ], [ 109.219583, 12.544139 ], [ 109.215833, 12.535389 ], [ 109.212861, 12.538306 ], [ 109.210417, 12.546667 ], [ 109.214611, 12.558278 ], [ 109.197056, 12.573306 ], [ 109.201222, 12.582472 ], [ 109.202056, 12.595 ], [ 109.20875, 12.5975 ], [ 109.204583, 12.603333 ], [ 109.210389, 12.615833 ], [ 109.206639, 12.619528 ], [ 109.201639, 12.617083 ], [ 109.19625, 12.6225 ], [ 109.196194, 12.629972 ], [ 109.203306, 12.642056 ], [ 109.21, 12.647056 ], [ 109.215778, 12.646222 ], [ 109.222056, 12.651667 ], [ 109.217111, 12.654139 ], [ 109.215389, 12.66 ], [ 109.221222, 12.671639 ], [ 109.220417, 12.677472 ], [ 109.228694, 12.681667 ], [ 109.227056, 12.684167 ], [ 109.239583, 12.695806 ], [ 109.23875, 12.698306 ], [ 109.259167, 12.701278 ], [ 109.26, 12.70375 ], [ 109.262472, 12.699556 ], [ 109.267056, 12.7125 ], [ 109.269139, 12.711194 ], [ 109.273722, 12.7175 ], [ 109.274528, 12.724944 ], [ 109.289194, 12.738722 ], [ 109.295417, 12.740806 ], [ 109.299944, 12.752889 ], [ 109.327889, 12.764167 ], [ 109.327889, 12.772472 ], [ 109.335417, 12.775 ], [ 109.33375, 12.790833 ], [ 109.339139, 12.795389 ], [ 109.353333, 12.797889 ], [ 109.357917, 12.796667 ], [ 109.360417, 12.789972 ], [ 109.360417, 12.76 ], [ 109.367889, 12.738278 ], [ 109.377889, 12.717528 ], [ 109.383694, 12.714167 ], [ 109.384556, 12.709972 ], [ 109.38375, 12.705833 ], [ 109.37625, 12.7 ], [ 109.373361, 12.688722 ], [ 109.364972, 12.685417 ], [ 109.362917, 12.6925 ], [ 109.359167, 12.692889 ], [ 109.353722, 12.684139 ], [ 109.348694, 12.664972 ], [ 109.341639, 12.662083 ], [ 109.334167, 12.662889 ], [ 109.33375, 12.660806 ], [ 109.342472, 12.650361 ], [ 109.355806, 12.660389 ], [ 109.359556, 12.650806 ], [ 109.365806, 12.649583 ], [ 109.366222, 12.643278 ], [ 109.369972, 12.640389 ], [ 109.373722, 12.645 ], [ 109.370417, 12.650833 ], [ 109.376222, 12.656667 ], [ 109.372111, 12.664944 ], [ 109.37375, 12.669972 ], [ 109.379194, 12.672056 ], [ 109.381694, 12.66875 ], [ 109.399139, 12.667083 ], [ 109.400417, 12.670806 ], [ 109.39625, 12.681639 ], [ 109.402111, 12.683278 ], [ 109.402056, 12.676667 ], [ 109.408306, 12.667083 ], [ 109.411222, 12.668306 ], [ 109.416194, 12.651667 ], [ 109.409556, 12.644972 ], [ 109.412944, 12.640806 ], [ 109.410444, 12.638333 ], [ 109.414528, 12.635833 ], [ 109.413333, 12.632889 ], [ 109.406667, 12.633722 ], [ 109.405833, 12.63125 ], [ 109.396611, 12.630389 ], [ 109.394556, 12.625833 ], [ 109.401222, 12.615833 ], [ 109.404139, 12.603722 ], [ 109.408361, 12.605417 ], [ 109.413306, 12.600389 ], [ 109.415778, 12.602889 ], [ 109.419583, 12.601639 ], [ 109.420389, 12.588333 ], [ 109.417083, 12.583306 ], [ 109.421694, 12.575417 ], [ 109.43375, 12.571639 ], [ 109.438333, 12.561222 ], [ 109.444556, 12.564139 ], [ 109.447056, 12.575861 ], [ 109.442083, 12.584139 ], [ 109.444583, 12.586639 ], [ 109.442889, 12.595 ], [ 109.436639, 12.594556 ], [ 109.435389, 12.5975 ], [ 109.442944, 12.611639 ], [ 109.439556, 12.623333 ], [ 109.442944, 12.629972 ], [ 109.440417, 12.639139 ], [ 109.443361, 12.645417 ], [ 109.467111, 12.6475 ], [ 109.462889, 12.651667 ], [ 109.465361, 12.658333 ], [ 109.459194, 12.666222 ], [ 109.4475, 12.66375 ], [ 109.446667, 12.670389 ], [ 109.435861, 12.66625 ], [ 109.42875, 12.671667 ], [ 109.417056, 12.689972 ], [ 109.422889, 12.702472 ], [ 109.410806, 12.699583 ], [ 109.389556, 12.730861 ], [ 109.373722, 12.766639 ], [ 109.365389, 12.795778 ], [ 109.364583, 12.8075 ], [ 109.372111, 12.813278 ], [ 109.36375, 12.818333 ], [ 109.363722, 12.825 ], [ 109.369944, 12.833694 ], [ 109.384167, 12.833722 ], [ 109.395, 12.840389 ], [ 109.397889, 12.848333 ], [ 109.408722, 12.855806 ], [ 109.4075, 12.864583 ], [ 109.425028, 12.869583 ], [ 109.424583, 12.874167 ], [ 109.434139, 12.87875 ], [ 109.442111, 12.878278 ], [ 109.442056, 12.8675 ], [ 109.431222, 12.8575 ], [ 109.424556, 12.846667 ], [ 109.431667, 12.844583 ], [ 109.4425, 12.853722 ], [ 109.457917, 12.857472 ], [ 109.457083, 12.876639 ], [ 109.460212778480638, 12.877697755519746 ], [ 109.462474021091609, 12.876708784976609 ], [ 109.471734376267491, 12.87261568267145 ] ], [ [ 108.347972, 4.025028 ], [ 108.297056, 4.066694 ], [ 108.302111, 4.094139 ], [ 108.297472, 4.09625 ], [ 108.291667, 4.092889 ], [ 108.281639, 4.092917 ], [ 108.279139, 4.089583 ], [ 108.282056, 4.095778 ], [ 108.264583, 4.105833 ], [ 108.25625, 4.115833 ], [ 108.257917, 4.119972 ], [ 108.252083, 4.13 ], [ 108.239583, 4.143333 ], [ 108.235417, 4.158278 ], [ 108.233722, 4.184972 ], [ 108.227917, 4.194972 ], [ 108.232083, 4.209972 ], [ 108.236278, 4.212444 ], [ 108.245417, 4.227472 ], [ 108.241667, 4.23125 ], [ 108.230833, 4.228722 ], [ 108.221639, 4.240417 ], [ 108.207889, 4.234972 ], [ 108.202889, 4.224972 ], [ 108.201222, 4.209111 ], [ 108.193694, 4.204167 ], [ 108.179556, 4.185 ], [ 108.177917, 4.175806 ], [ 108.159972, 4.162083 ], [ 108.154167, 4.152889 ], [ 108.130833, 4.142083 ], [ 108.127111, 4.133278 ], [ 108.106639, 4.120417 ], [ 108.104167, 4.115417 ], [ 108.094139, 4.115389 ], [ 108.086222, 4.105028 ], [ 108.082889, 4.093306 ], [ 108.059972, 4.06625 ], [ 108.026611, 4.064583 ], [ 108.013361, 4.03625 ], [ 107.997472, 4.027861 ], [ 107.974139, 4.02125 ], [ 107.964611, 4.014972 ], [ 107.964556, 4.008306 ], [ 107.968333, 4.007111 ], [ 107.986667, 4.010417 ], [ 107.989583, 4.008278 ], [ 107.990389, 3.995861 ], [ 107.99125, 3.993333 ], [ 107.995389, 3.985 ], [ 107.991222, 3.965778 ], [ 107.994528, 3.955806 ], [ 107.99125, 3.949944 ], [ 108.002889, 3.934972 ], [ 108.014556, 3.925833 ], [ 108.016639, 3.917861 ], [ 108.029611, 3.913306 ], [ 108.03125, 3.908333 ], [ 108.024556, 3.897444 ], [ 108.019528, 3.894917 ], [ 108.019528, 3.891639 ], [ 108.034139, 3.885389 ], [ 108.044556, 3.875 ], [ 108.064083, 3.842056 ], [ 108.085806, 3.837028 ], [ 108.095806, 3.828694 ], [ 108.113306, 3.831222 ], [ 108.129139, 3.829556 ], [ 108.137444, 3.821194 ], [ 108.147472, 3.819583 ], [ 108.156611, 3.811222 ], [ 108.166639, 3.810389 ], [ 108.170778, 3.813694 ], [ 108.198306, 3.812056 ], [ 108.205, 3.802028 ], [ 108.221611, 3.794556 ], [ 108.230417, 3.798333 ], [ 108.233694, 3.805806 ], [ 108.232889, 3.819972 ], [ 108.235361, 3.819111 ], [ 108.237917, 3.809944 ], [ 108.227861, 3.789944 ], [ 108.238278, 3.780389 ], [ 108.255389, 3.772444 ], [ 108.252056, 3.767472 ], [ 108.25875, 3.754111 ], [ 108.267056, 3.748278 ], [ 108.270389, 3.741639 ], [ 108.276222, 3.725833 ], [ 108.274972, 3.718694 ], [ 108.261667, 3.743694 ], [ 108.252444, 3.745389 ], [ 108.211611, 3.782889 ], [ 108.199972, 3.7895 ], [ 108.189972, 3.791194 ], [ 108.176639, 3.779556 ], [ 108.156167, 3.771639 ], [ 108.155833, 3.745417 ], [ 108.146611, 3.757889 ], [ 108.139944, 3.758667 ], [ 108.136667, 3.753722 ], [ 108.128306, 3.757028 ], [ 108.120778, 3.752861 ], [ 108.118722, 3.748278 ], [ 108.123722, 3.744111 ], [ 108.122889, 3.730778 ], [ 108.114528, 3.725833 ], [ 108.113722, 3.718306 ], [ 108.104167, 3.7045 ], [ 108.092833, 3.699139 ], [ 108.093333, 3.684556 ], [ 108.114139, 3.680389 ], [ 108.121639, 3.672889 ], [ 108.129139, 3.671194 ], [ 108.130389, 3.674111 ], [ 108.124139, 3.682889 ], [ 108.133306, 3.671194 ], [ 108.147417, 3.666194 ], [ 108.152028, 3.657444 ], [ 108.152056, 3.645806 ], [ 108.157444, 3.637889 ], [ 108.163278, 3.637861 ], [ 108.170778, 3.648722 ], [ 108.190806, 3.649528 ], [ 108.196611, 3.662056 ], [ 108.204139, 3.666222 ], [ 108.213694, 3.664917 ], [ 108.212472, 3.671222 ], [ 108.219972, 3.665389 ], [ 108.226667, 3.669556 ], [ 108.234972, 3.670389 ], [ 108.270806, 3.667056 ], [ 108.280806, 3.671222 ], [ 108.294167, 3.665333 ], [ 108.300833, 3.665361 ], [ 108.309583, 3.678306 ], [ 108.305361, 3.722472 ], [ 108.314556, 3.744944 ], [ 108.327028, 3.754111 ], [ 108.335833, 3.772028 ], [ 108.344111, 3.774583 ], [ 108.352444, 3.771222 ], [ 108.357056, 3.780833 ], [ 108.367472, 3.792056 ], [ 108.38875, 3.802444 ], [ 108.397056, 3.833278 ], [ 108.394528, 3.852444 ], [ 108.399528, 3.862444 ], [ 108.408722, 3.867472 ], [ 108.408306, 3.869528 ], [ 108.400861, 3.867889 ], [ 108.399556, 3.870833 ], [ 108.407083, 3.887389 ], [ 108.407083, 3.896611 ], [ 108.403361, 3.897056 ], [ 108.397056, 3.892417 ], [ 108.39625, 3.886639 ], [ 108.385417, 3.8775 ], [ 108.378306, 3.867028 ], [ 108.382861, 3.879944 ], [ 108.377889, 3.882472 ], [ 108.378722, 3.887444 ], [ 108.367472, 3.902917 ], [ 108.360389, 3.901639 ], [ 108.358778, 3.896639 ], [ 108.362028, 3.889139 ], [ 108.359139, 3.884528 ], [ 108.354556, 3.884972 ], [ 108.357056, 3.887444 ], [ 108.356194, 3.907472 ], [ 108.364139, 3.907889 ], [ 108.363333, 3.912028 ], [ 108.369167, 3.910389 ], [ 108.371611, 3.912917 ], [ 108.371222, 3.91075 ], [ 108.379972, 3.904556 ], [ 108.388722, 3.904944 ], [ 108.393694, 3.923306 ], [ 108.383722, 3.936583 ], [ 108.382917, 3.942444 ], [ 108.395444, 3.953278 ], [ 108.396222, 3.960806 ], [ 108.402889, 3.964139 ], [ 108.402917, 3.97325 ], [ 108.398333, 3.977056 ], [ 108.394167, 3.976222 ], [ 108.375833, 3.993722 ], [ 108.362417, 3.998556 ], [ 108.356139, 3.999056 ], [ 108.34875, 4.004139 ], [ 108.347972, 4.025028 ] ], [ [ 104.973333, 8.712917 ], [ 104.923333, 8.687944 ], [ 104.851667, 8.68625 ], [ 104.825833, 8.70375 ], [ 104.816194, 8.695833 ], [ 104.812083, 8.680833 ], [ 104.824194, 8.665389 ], [ 104.83625, 8.659139 ], [ 104.829167, 8.649528 ], [ 104.812472, 8.645389 ], [ 104.801639, 8.63625 ], [ 104.781667, 8.62625 ], [ 104.763333, 8.604528 ], [ 104.751667, 8.604583 ], [ 104.737444, 8.622889 ], [ 104.725806, 8.626222 ], [ 104.719583, 8.613278 ], [ 104.722056, 8.6025 ], [ 104.7275, 8.596222 ], [ 104.7375, 8.592056 ], [ 104.787472, 8.578694 ], [ 104.820833, 8.574583 ], [ 104.827111, 8.570778 ], [ 104.826639, 8.564583 ], [ 104.8475, 8.561278 ], [ 104.885, 8.562889 ], [ 104.955806, 8.576222 ], [ 104.986667, 8.589556 ], [ 105.004194, 8.590417 ], [ 105.010806, 8.597083 ], [ 105.006222, 8.589139 ], [ 105.013333, 8.589556 ], [ 105.069167, 8.612056 ], [ 105.092528, 8.61625 ], [ 105.113306, 8.623694 ], [ 105.130833, 8.633694 ], [ 105.140361, 8.644139 ], [ 105.147083, 8.655806 ], [ 105.147944, 8.665 ], [ 105.162917, 8.683306 ], [ 105.162028, 8.686639 ], [ 105.175833, 8.69375 ], [ 105.191694, 8.707889 ], [ 105.199139, 8.723722 ], [ 105.217472, 8.732056 ], [ 105.220028, 8.73625 ], [ 105.230417, 8.736639 ], [ 105.230417, 8.739972 ], [ 105.209972, 8.764556 ], [ 105.2, 8.760417 ], [ 105.195444, 8.763306 ], [ 105.189556, 8.773306 ], [ 105.191639, 8.792083 ], [ 105.187472, 8.792083 ], [ 105.176611, 8.779556 ], [ 105.164167, 8.775444 ], [ 105.155417, 8.766667 ], [ 105.15, 8.755389 ], [ 105.133306, 8.75375 ], [ 105.125, 8.756222 ], [ 105.118306, 8.762889 ], [ 105.098333, 8.769611 ], [ 105.077472, 8.782083 ], [ 105.060861, 8.770417 ], [ 105.0, 8.752028 ], [ 104.999194, 8.752056 ], [ 104.977917, 8.739972 ], [ 104.973333, 8.712917 ] ], [ [ 104.013306, 10.007917 ], [ 104.018778, 10.01 ], [ 104.02, 10.015389 ], [ 104.025806, 10.016222 ], [ 104.030833, 10.007889 ], [ 104.042472, 10.013722 ], [ 104.050806, 10.004583 ], [ 104.057917, 10.005 ], [ 104.0525, 10.013694 ], [ 104.048333, 10.012083 ], [ 104.046278, 10.014139 ], [ 104.03625, 10.029972 ], [ 104.037917, 10.038306 ], [ 104.04375, 10.039167 ], [ 104.040417, 10.051694 ], [ 104.042056, 10.056694 ], [ 104.047917, 10.059972 ], [ 104.048778, 10.067444 ], [ 104.034139, 10.077917 ], [ 104.027472, 10.072889 ], [ 104.022917, 10.081667 ], [ 104.030444, 10.089167 ], [ 104.03125, 10.105806 ], [ 104.04125, 10.116639 ], [ 104.04125, 10.1225 ], [ 104.034611, 10.131667 ], [ 104.036194, 10.139139 ], [ 104.047917, 10.153361 ], [ 104.060417, 10.199972 ], [ 104.076306, 10.214139 ], [ 104.087083, 10.245 ], [ 104.080389, 10.273361 ], [ 104.085389, 10.31 ], [ 104.077889, 10.335833 ], [ 104.078722, 10.346611 ], [ 104.085444, 10.3525 ], [ 104.082111, 10.363333 ], [ 104.082944, 10.371611 ], [ 104.06875, 10.387472 ], [ 104.060833, 10.401222 ], [ 104.044194, 10.415417 ], [ 104.040028, 10.411222 ], [ 104.034167, 10.412917 ], [ 104.012056, 10.445833 ], [ 103.999167, 10.451278 ], [ 103.987528, 10.449556 ], [ 103.978722, 10.441611 ], [ 103.971222, 10.41 ], [ 103.950444, 10.400806 ], [ 103.944583, 10.377472 ], [ 103.931667, 10.36125 ], [ 103.923306, 10.359556 ], [ 103.890861, 10.370389 ], [ 103.857472, 10.377056 ], [ 103.849944, 10.374556 ], [ 103.845833, 10.377889 ], [ 103.839556, 10.376639 ], [ 103.841278, 10.369139 ], [ 103.837056, 10.365 ], [ 103.837056, 10.361667 ], [ 103.843306, 10.35875 ], [ 103.848722, 10.350833 ], [ 103.855444, 10.320778 ], [ 103.862917, 10.3025 ], [ 103.865, 10.300444 ], [ 103.869972, 10.30625 ], [ 103.880833, 10.304556 ], [ 103.894167, 10.288694 ], [ 103.903361, 10.287861 ], [ 103.910861, 10.291222 ], [ 103.916667, 10.287917 ], [ 103.927889, 10.275833 ], [ 103.932139, 10.263333 ], [ 103.945444, 10.253333 ], [ 103.954583, 10.236639 ], [ 103.969583, 10.189139 ], [ 103.993778, 10.07 ], [ 103.994611, 10.0475 ], [ 103.9975, 10.045389 ], [ 103.999167, 10.045389 ], [ 104.00625, 10.037472 ], [ 104.013306, 10.007917 ] ], [ [ 111.294528, 2.619167 ], [ 111.299556, 2.596639 ], [ 111.302917, 2.543333 ], [ 111.30875, 2.531667 ], [ 111.302056, 2.483278 ], [ 111.297083, 2.466639 ], [ 111.297917, 2.436639 ], [ 111.324167, 2.422917 ], [ 111.33875, 2.409972 ], [ 111.344583, 2.398306 ], [ 111.342917, 2.375806 ], [ 111.345361, 2.37 ], [ 111.361639, 2.352056 ], [ 111.366611, 2.352056 ], [ 111.37125, 2.356667 ], [ 111.378333, 2.373722 ], [ 111.397472, 2.377917 ], [ 111.414194, 2.373694 ], [ 111.422083, 2.380833 ], [ 111.421222, 2.388306 ], [ 111.410472, 2.399167 ], [ 111.402139, 2.417472 ], [ 111.39625, 2.464139 ], [ 111.377889, 2.493333 ], [ 111.382083, 2.515833 ], [ 111.377917, 2.539972 ], [ 111.377917, 2.5725 ], [ 111.384556, 2.607472 ], [ 111.382944, 2.718333 ], [ 111.37125, 2.750806 ], [ 111.359583, 2.765806 ], [ 111.344972, 2.78125 ], [ 111.336694, 2.78625 ], [ 111.326639, 2.787861 ], [ 111.313333, 2.782889 ], [ 111.297944, 2.763361 ], [ 111.288722, 2.734111 ], [ 111.287861, 2.711639 ], [ 111.287861, 2.708306 ], [ 111.294556, 2.655806 ], [ 111.294528, 2.619167 ] ], [ [ 102.422083, 12.009139 ], [ 102.415417, 12.024167 ], [ 102.403361, 12.03375 ], [ 102.397917, 12.030778 ], [ 102.403722, 12.038361 ], [ 102.402917, 12.044139 ], [ 102.3975, 12.050389 ], [ 102.389583, 12.046639 ], [ 102.385417, 12.055 ], [ 102.388722, 12.057472 ], [ 102.385417, 12.066639 ], [ 102.372889, 12.079139 ], [ 102.355028, 12.112917 ], [ 102.345806, 12.114556 ], [ 102.325833, 12.135417 ], [ 102.320806, 12.134583 ], [ 102.3, 12.142917 ], [ 102.28, 12.141222 ], [ 102.281639, 12.147028 ], [ 102.273306, 12.144556 ], [ 102.260861, 12.154583 ], [ 102.252861, 12.154972 ], [ 102.256694, 12.149556 ], [ 102.272056, 12.141611 ], [ 102.271639, 12.132083 ], [ 102.252083, 12.135 ], [ 102.275389, 12.102528 ], [ 102.279583, 12.075833 ], [ 102.277139, 12.07 ], [ 102.280361, 12.064139 ], [ 102.282472, 12.062889 ], [ 102.284139, 12.065444 ], [ 102.293694, 12.060028 ], [ 102.291222, 12.056611 ], [ 102.297056, 12.039111 ], [ 102.293722, 12.034139 ], [ 102.291222, 12.010833 ], [ 102.30125, 11.994972 ], [ 102.30125, 11.985833 ], [ 102.297083, 11.981667 ], [ 102.307889, 11.975 ], [ 102.318333, 11.955361 ], [ 102.320778, 11.954528 ], [ 102.323722, 11.959139 ], [ 102.316194, 11.964111 ], [ 102.315417, 11.9675 ], [ 102.333333, 11.972028 ], [ 102.365833, 11.959556 ], [ 102.379111, 11.960417 ], [ 102.382944, 11.964972 ], [ 102.382028, 11.971639 ], [ 102.372917, 11.991611 ], [ 102.3775, 11.996194 ], [ 102.3875, 11.997083 ], [ 102.387889, 11.993306 ], [ 102.397083, 11.988306 ], [ 102.41, 11.971194 ], [ 102.415833, 11.966194 ], [ 102.425028, 11.963722 ], [ 102.4275, 11.95875 ], [ 102.433361, 11.957944 ], [ 102.433722, 11.9525 ], [ 102.44, 11.949556 ], [ 102.437917, 11.959972 ], [ 102.448722, 11.975806 ], [ 102.434583, 11.9875 ], [ 102.428278, 11.997889 ], [ 102.427056, 11.999194 ], [ 102.427056, 12.005806 ], [ 102.422083, 12.009139 ] ], [ [ 106.111194, 9.714167 ], [ 106.124583, 9.69 ], [ 106.140417, 9.674167 ], [ 106.141222, 9.668306 ], [ 106.137083, 9.666639 ], [ 106.144583, 9.642444 ], [ 106.155361, 9.625806 ], [ 106.192889, 9.5825 ], [ 106.205417, 9.563333 ], [ 106.212056, 9.544139 ], [ 106.218333, 9.542056 ], [ 106.223278, 9.544556 ], [ 106.230417, 9.554111 ], [ 106.231222, 9.559972 ], [ 106.235444, 9.559972 ], [ 106.227083, 9.536667 ], [ 106.222083, 9.531639 ], [ 106.222861, 9.523306 ], [ 106.228361, 9.51875 ], [ 106.245, 9.517889 ], [ 106.274139, 9.531222 ], [ 106.290417, 9.555 ], [ 106.297917, 9.573333 ], [ 106.296667, 9.577944 ], [ 106.255778, 9.600361 ], [ 106.234194, 9.597861 ], [ 106.217444, 9.608722 ], [ 106.184139, 9.645417 ], [ 106.167056, 9.66 ], [ 106.132056, 9.715806 ], [ 106.109583, 9.744139 ], [ 106.093333, 9.757861 ], [ 106.081278, 9.761639 ], [ 106.081278, 9.7575 ], [ 106.092083, 9.736667 ], [ 106.111194, 9.714167 ] ], [ [ 102.54125, 11.637472 ], [ 102.549556, 11.633306 ], [ 102.54875, 11.620778 ], [ 102.545778, 11.617889 ], [ 102.536639, 11.617056 ], [ 102.534583, 11.614111 ], [ 102.540444, 11.610833 ], [ 102.531611, 11.607889 ], [ 102.529583, 11.602472 ], [ 102.544139, 11.599556 ], [ 102.551611, 11.589583 ], [ 102.554972, 11.592889 ], [ 102.559972, 11.592944 ], [ 102.5625, 11.588694 ], [ 102.57, 11.59125 ], [ 102.574583, 11.5875 ], [ 102.572056, 11.574167 ], [ 102.589972, 11.561222 ], [ 102.5975, 11.560417 ], [ 102.600444, 11.573306 ], [ 102.597889, 11.589972 ], [ 102.605444, 11.605833 ], [ 102.6, 11.607889 ], [ 102.594167, 11.602917 ], [ 102.592889, 11.609972 ], [ 102.599583, 11.615 ], [ 102.599139, 11.61875 ], [ 102.607083, 11.622472 ], [ 102.606667, 11.625389 ], [ 102.601222, 11.626667 ], [ 102.609583, 11.631611 ], [ 102.61375, 11.652472 ], [ 102.606222, 11.678306 ], [ 102.607083, 11.684167 ], [ 102.613722, 11.687472 ], [ 102.605, 11.697917 ], [ 102.601694, 11.692889 ], [ 102.594972, 11.692889 ], [ 102.592917, 11.700806 ], [ 102.584972, 11.709556 ], [ 102.580833, 11.705389 ], [ 102.575, 11.706222 ], [ 102.573694, 11.7 ], [ 102.569583, 11.699167 ], [ 102.567083, 11.711639 ], [ 102.571222, 11.725806 ], [ 102.575417, 11.729972 ], [ 102.571194, 11.734167 ], [ 102.568722, 11.743333 ], [ 102.56375, 11.746694 ], [ 102.56375, 11.754139 ], [ 102.557472, 11.759528 ], [ 102.550389, 11.757472 ], [ 102.550389, 11.735778 ], [ 102.544556, 11.731667 ], [ 102.54375, 11.725 ], [ 102.53875, 11.722472 ], [ 102.544583, 11.700778 ], [ 102.539194, 11.695417 ], [ 102.533333, 11.697083 ], [ 102.531194, 11.694139 ], [ 102.530417, 11.685806 ], [ 102.535389, 11.680861 ], [ 102.537056, 11.664972 ], [ 102.527861, 11.655833 ], [ 102.527889, 11.654972 ], [ 102.535, 11.652111 ], [ 102.54125, 11.637472 ] ], [ [ 103.011667, 11.24625 ], [ 103.019167, 11.239583 ], [ 103.029583, 11.243333 ], [ 103.038722, 11.273306 ], [ 103.047083, 11.29 ], [ 103.048778, 11.304972 ], [ 103.043722, 11.315806 ], [ 103.047056, 11.33 ], [ 103.032917, 11.346667 ], [ 103.039583, 11.375806 ], [ 103.027917, 11.397472 ], [ 103.027861, 11.405806 ], [ 103.022917, 11.414167 ], [ 103.017528, 11.417056 ], [ 103.007472, 11.417028 ], [ 102.999028, 11.40875 ], [ 102.99, 11.406222 ], [ 102.99125, 11.415806 ], [ 102.985806, 11.420417 ], [ 102.977056, 11.409167 ], [ 102.974556, 11.389972 ], [ 102.983722, 11.369139 ], [ 102.978722, 11.354139 ], [ 102.984528, 11.345861 ], [ 102.992944, 11.316639 ], [ 102.984556, 11.301667 ], [ 102.98875, 11.293306 ], [ 102.990361, 11.275 ], [ 102.984528, 11.271639 ], [ 102.99375, 11.264972 ], [ 102.99625, 11.258333 ], [ 102.99375, 11.250806 ], [ 102.995861, 11.250417 ], [ 103.0, 11.251222 ], [ 103.004139, 11.244583 ], [ 103.011667, 11.24625 ] ], [ [ 106.562444, 10.272833 ], [ 106.584889, 10.263667 ], [ 106.64075, 10.257861 ], [ 106.679972, 10.245389 ], [ 106.694083, 10.237 ], [ 106.71825, 10.215333 ], [ 106.73075, 10.213667 ], [ 106.741611, 10.217056 ], [ 106.751167, 10.225778 ], [ 106.756139, 10.23575 ], [ 106.746611, 10.260306 ], [ 106.70575, 10.273667 ], [ 106.683222, 10.289528 ], [ 106.67825, 10.289556 ], [ 106.658306, 10.272833 ], [ 106.647389, 10.272028 ], [ 106.622444, 10.281222 ], [ 106.592417, 10.280333 ], [ 106.565778, 10.283667 ], [ 106.521611, 10.300361 ], [ 106.481972, 10.30325 ], [ 106.482028, 10.302444 ], [ 106.521611, 10.280333 ], [ 106.562444, 10.272833 ] ], [ [ 103.1975, 10.737056 ], [ 103.205417, 10.734167 ], [ 103.204583, 10.725 ], [ 103.207917, 10.719944 ], [ 103.204583, 10.714139 ], [ 103.215833, 10.702889 ], [ 103.230861, 10.699528 ], [ 103.234167, 10.707889 ], [ 103.24, 10.707917 ], [ 103.252917, 10.7 ], [ 103.262028, 10.6775 ], [ 103.262083, 10.66 ], [ 103.267528, 10.65125 ], [ 103.271639, 10.65125 ], [ 103.277944, 10.658306 ], [ 103.277111, 10.665806 ], [ 103.282917, 10.669167 ], [ 103.286722, 10.680389 ], [ 103.296667, 10.68125 ], [ 103.3025, 10.677083 ], [ 103.317111, 10.690833 ], [ 103.320444, 10.698306 ], [ 103.317889, 10.704167 ], [ 103.320444, 10.708306 ], [ 103.315833, 10.71125 ], [ 103.312472, 10.71125 ], [ 103.309611, 10.704167 ], [ 103.303389, 10.699583 ], [ 103.297472, 10.702028 ], [ 103.297056, 10.706611 ], [ 103.30125, 10.709972 ], [ 103.295417, 10.715806 ], [ 103.294583, 10.7225 ], [ 103.289194, 10.725417 ], [ 103.2825, 10.72125 ], [ 103.274139, 10.723722 ], [ 103.270806, 10.717917 ], [ 103.265389, 10.720806 ], [ 103.266222, 10.725 ], [ 103.261667, 10.725361 ], [ 103.258722, 10.73 ], [ 103.257861, 10.735 ], [ 103.26375, 10.741639 ], [ 103.26125, 10.753333 ], [ 103.254583, 10.764139 ], [ 103.26125, 10.771639 ], [ 103.243333, 10.778722 ], [ 103.234167, 10.779583 ], [ 103.233778, 10.772472 ], [ 103.224139, 10.764583 ], [ 103.197528, 10.770417 ], [ 103.192056, 10.761667 ], [ 103.194528, 10.755806 ], [ 103.192889, 10.749139 ], [ 103.185417, 10.7375 ], [ 103.185444, 10.734972 ], [ 103.19, 10.730361 ], [ 103.1975, 10.737056 ] ], [ [ 106.58375, 8.649167 ], [ 106.583333, 8.644583 ], [ 106.616667, 8.63875 ], [ 106.617917, 8.644944 ], [ 106.60375, 8.665806 ], [ 106.603722, 8.672528 ], [ 106.624139, 8.688722 ], [ 106.628306, 8.689583 ], [ 106.6325, 8.686222 ], [ 106.639139, 8.697917 ], [ 106.649167, 8.69625 ], [ 106.655806, 8.689583 ], [ 106.665417, 8.692472 ], [ 106.642028, 8.714139 ], [ 106.642056, 8.719139 ], [ 106.647472, 8.727917 ], [ 106.662472, 8.72875 ], [ 106.667917, 8.731667 ], [ 106.670389, 8.738306 ], [ 106.661694, 8.745417 ], [ 106.6575, 8.743778 ], [ 106.657083, 8.746639 ], [ 106.659972, 8.751222 ], [ 106.663306, 8.751194 ], [ 106.665833, 8.746194 ], [ 106.672472, 8.747028 ], [ 106.67375, 8.754139 ], [ 106.669194, 8.759556 ], [ 106.659139, 8.75875 ], [ 106.654944, 8.752917 ], [ 106.644139, 8.750417 ], [ 106.639167, 8.744583 ], [ 106.628306, 8.742917 ], [ 106.626194, 8.738333 ], [ 106.628722, 8.734139 ], [ 106.624167, 8.729556 ], [ 106.619139, 8.732917 ], [ 106.606639, 8.723722 ], [ 106.599139, 8.72375 ], [ 106.59375, 8.7175 ], [ 106.595389, 8.706667 ], [ 106.584972, 8.705389 ], [ 106.579556, 8.691611 ], [ 106.574167, 8.692111 ], [ 106.564556, 8.676639 ], [ 106.564611, 8.674972 ], [ 106.57125, 8.662472 ], [ 106.58375, 8.649167 ] ], [ [ 102.989556, 11.507444 ], [ 103.012889, 11.468333 ], [ 103.019583, 11.442472 ], [ 103.016278, 11.429139 ], [ 103.017917, 11.421639 ], [ 103.023389, 11.419556 ], [ 103.043722, 11.434944 ], [ 103.048361, 11.447889 ], [ 103.049167, 11.445389 ], [ 103.071694, 11.447889 ], [ 103.077056, 11.452444 ], [ 103.077056, 11.460833 ], [ 103.072917, 11.464139 ], [ 103.075417, 11.471667 ], [ 103.069972, 11.475417 ], [ 103.049139, 11.476194 ], [ 103.045389, 11.479972 ], [ 103.047056, 11.484972 ], [ 103.043333, 11.490389 ], [ 103.035806, 11.487083 ], [ 103.041222, 11.493306 ], [ 103.034583, 11.494139 ], [ 103.03875, 11.499139 ], [ 103.0325, 11.510417 ], [ 103.019583, 11.5 ], [ 103.026222, 11.508306 ], [ 103.017083, 11.508306 ], [ 103.028722, 11.51 ], [ 103.024583, 11.518333 ], [ 103.025806, 11.52875 ], [ 103.017528, 11.527083 ], [ 103.015833, 11.522917 ], [ 103.014972, 11.52625 ], [ 103.010806, 11.526222 ], [ 103.01, 11.52375 ], [ 103.0025, 11.522028 ], [ 103.0, 11.522083 ], [ 102.989556, 11.514167 ], [ 102.989556, 11.507444 ] ], [ [ 109.319972, 12.60625 ], [ 109.322444, 12.602083 ], [ 109.328278, 12.607056 ], [ 109.335806, 12.607056 ], [ 109.34375, 12.600778 ], [ 109.343333, 12.587861 ], [ 109.355833, 12.584556 ], [ 109.360833, 12.579528 ], [ 109.364139, 12.580417 ], [ 109.378333, 12.564611 ], [ 109.388333, 12.564556 ], [ 109.389583, 12.559167 ], [ 109.402444, 12.547917 ], [ 109.413306, 12.54875 ], [ 109.417917, 12.5525 ], [ 109.418694, 12.5575 ], [ 109.403722, 12.570833 ], [ 109.405389, 12.575833 ], [ 109.400417, 12.584139 ], [ 109.402056, 12.592472 ], [ 109.391222, 12.604167 ], [ 109.388306, 12.624583 ], [ 109.372472, 12.631222 ], [ 109.365806, 12.631222 ], [ 109.360028, 12.624583 ], [ 109.353361, 12.624556 ], [ 109.348333, 12.631222 ], [ 109.344139, 12.630389 ], [ 109.323333, 12.637917 ], [ 109.309139, 12.62875 ], [ 109.307056, 12.623278 ], [ 109.307056, 12.617472 ], [ 109.312889, 12.608333 ], [ 109.319972, 12.60625 ] ], [ [ 106.438333, 9.913722 ], [ 106.480806, 9.884556 ], [ 106.514139, 9.851278 ], [ 106.527444, 9.829556 ], [ 106.533306, 9.829556 ], [ 106.549556, 9.839111 ], [ 106.55125, 9.849944 ], [ 106.527444, 9.867917 ], [ 106.494167, 9.907056 ], [ 106.4675, 9.925361 ], [ 106.430806, 9.940417 ], [ 106.409583, 9.953361 ], [ 106.409583, 9.949972 ], [ 106.412028, 9.943361 ], [ 106.438333, 9.913722 ] ], [ [ 103.76125, 10.454972 ], [ 103.762889, 10.449111 ], [ 103.770861, 10.445417 ], [ 103.775, 10.439583 ], [ 103.78375, 10.445 ], [ 103.785806, 10.451222 ], [ 103.802889, 10.456667 ], [ 103.799583, 10.475778 ], [ 103.800417, 10.500833 ], [ 103.7925, 10.508778 ], [ 103.782472, 10.513722 ], [ 103.749167, 10.518778 ], [ 103.746222, 10.515833 ], [ 103.755444, 10.491639 ], [ 103.752917, 10.480833 ], [ 103.749972, 10.476222 ], [ 103.737528, 10.479556 ], [ 103.737056, 10.473306 ], [ 103.737056, 10.4725 ], [ 103.754972, 10.46125 ], [ 103.76125, 10.454972 ] ], [ [ 109.248333, 12.207056 ], [ 109.253333, 12.206222 ], [ 109.265028, 12.19625 ], [ 109.274194, 12.194583 ], [ 109.277917, 12.185833 ], [ 109.288278, 12.178722 ], [ 109.300361, 12.18 ], [ 109.300389, 12.183333 ], [ 109.294528, 12.187472 ], [ 109.294556, 12.192472 ], [ 109.305806, 12.202917 ], [ 109.307889, 12.199139 ], [ 109.30125, 12.194111 ], [ 109.30125, 12.190833 ], [ 109.319194, 12.187917 ], [ 109.327472, 12.191222 ], [ 109.319583, 12.186639 ], [ 109.3225, 12.182889 ], [ 109.329167, 12.182056 ], [ 109.332472, 12.18875 ], [ 109.34125, 12.192472 ], [ 109.33375, 12.199139 ], [ 109.332861, 12.206639 ], [ 109.336222, 12.21 ], [ 109.33625, 12.217528 ], [ 109.333306, 12.220417 ], [ 109.326667, 12.219583 ], [ 109.323306, 12.225417 ], [ 109.319556, 12.224139 ], [ 109.31625, 12.214139 ], [ 109.311667, 12.211222 ], [ 109.30875, 12.22 ], [ 109.303722, 12.221639 ], [ 109.3025, 12.22875 ], [ 109.281667, 12.226194 ], [ 109.27, 12.234556 ], [ 109.265417, 12.225 ], [ 109.267028, 12.2175 ], [ 109.261667, 12.212056 ], [ 109.256694, 12.222889 ], [ 109.250361, 12.2225 ], [ 109.249167, 12.229556 ], [ 109.24, 12.231222 ], [ 109.235389, 12.227444 ], [ 109.235417, 12.223333 ], [ 109.243306, 12.222917 ], [ 109.248333, 12.207056 ] ], [ [ 108.010833, 4.780444 ], [ 108.003333, 4.78125 ], [ 107.99625, 4.776667 ], [ 107.993722, 4.761639 ], [ 107.977917, 4.749944 ], [ 107.969583, 4.724972 ], [ 107.954944, 4.710389 ], [ 107.931639, 4.702056 ], [ 107.93125, 4.690028 ], [ 107.9675, 4.676278 ], [ 107.970806, 4.682056 ], [ 107.979556, 4.687472 ], [ 107.98125, 4.694167 ], [ 107.990389, 4.706639 ], [ 107.99375, 4.716667 ], [ 107.992861, 4.725778 ], [ 107.999583, 4.742444 ], [ 107.999556, 4.744167 ], [ 108.011222, 4.768333 ], [ 108.010833, 4.780444 ] ], [ [ 106.21575, 10.109528 ], [ 106.25075, 10.081139 ], [ 106.277, 10.06825 ], [ 106.267861, 10.084944 ], [ 106.247028, 10.106611 ], [ 106.231194, 10.13325 ], [ 106.211972, 10.155833 ], [ 106.191583, 10.172083 ], [ 106.185778, 10.172917 ], [ 106.183694, 10.165806 ], [ 106.183694, 10.153333 ], [ 106.188667, 10.140806 ], [ 106.21575, 10.109528 ] ], [ [ 105.899972, 9.94125 ], [ 105.915806, 9.934583 ], [ 105.922472, 9.934583 ], [ 105.964139, 9.902056 ], [ 105.979556, 9.886639 ], [ 105.954583, 9.9175 ], [ 105.934972, 9.947861 ], [ 105.904972, 9.971194 ], [ 105.866667, 9.987083 ], [ 105.85125, 9.988333 ], [ 105.85125, 9.985806 ], [ 105.885, 9.950417 ], [ 105.899972, 9.94125 ] ], [ [ 103.30125, 10.573333 ], [ 103.299556, 10.564944 ], [ 103.304194, 10.567056 ], [ 103.308361, 10.565417 ], [ 103.30875, 10.56 ], [ 103.315417, 10.554139 ], [ 103.317056, 10.549139 ], [ 103.314611, 10.544139 ], [ 103.318333, 10.541222 ], [ 103.329167, 10.542028 ], [ 103.329528, 10.559944 ], [ 103.342861, 10.571667 ], [ 103.343722, 10.577472 ], [ 103.338778, 10.580833 ], [ 103.338722, 10.5875 ], [ 103.335833, 10.58875 ], [ 103.329583, 10.572472 ], [ 103.327528, 10.570389 ], [ 103.320028, 10.572083 ], [ 103.309611, 10.582528 ], [ 103.309583, 10.585778 ], [ 103.31625, 10.589972 ], [ 103.306222, 10.599139 ], [ 103.3075, 10.602889 ], [ 103.316694, 10.602083 ], [ 103.328694, 10.605806 ], [ 103.319583, 10.617472 ], [ 103.322917, 10.620833 ], [ 103.315833, 10.625444 ], [ 103.310861, 10.617889 ], [ 103.304972, 10.615389 ], [ 103.298333, 10.622944 ], [ 103.289972, 10.61875 ], [ 103.282889, 10.61 ], [ 103.282972, 10.604139 ], [ 103.288722, 10.583333 ], [ 103.30125, 10.573333 ] ], [ [ 106.202056, 9.628306 ], [ 106.229972, 9.602083 ], [ 106.236639, 9.600389 ], [ 106.241667, 9.602889 ], [ 106.243722, 9.608333 ], [ 106.240833, 9.612889 ], [ 106.219944, 9.630417 ], [ 106.148333, 9.705417 ], [ 106.13875, 9.709139 ], [ 106.138722, 9.706667 ], [ 106.165417, 9.665806 ], [ 106.202056, 9.628306 ] ], [ [ 108.085389, 3.603278 ], [ 108.091611, 3.606194 ], [ 108.10825, 3.593667 ], [ 108.110417, 3.6 ], [ 108.107889, 3.608306 ], [ 108.124583, 3.61575 ], [ 108.127056, 3.630806 ], [ 108.111639, 3.644583 ], [ 108.097472, 3.643722 ], [ 108.091194, 3.622472 ], [ 108.078694, 3.619972 ], [ 108.068667, 3.597444 ], [ 108.068667, 3.594917 ], [ 108.080806, 3.590361 ], [ 108.085389, 3.603278 ] ], [ [ 108.939167, 10.509556 ], [ 108.956667, 10.500417 ], [ 108.965861, 10.501222 ], [ 108.972056, 10.505806 ], [ 108.972889, 10.513333 ], [ 108.964611, 10.524972 ], [ 108.962472, 10.546194 ], [ 108.950833, 10.551222 ], [ 108.940861, 10.551222 ], [ 108.930778, 10.547889 ], [ 108.927917, 10.543333 ], [ 108.927917, 10.542472 ], [ 108.932889, 10.536639 ], [ 108.939167, 10.509556 ] ], [ [ 102.459167, 11.810361 ], [ 102.473333, 11.807917 ], [ 102.482028, 11.800833 ], [ 102.484167, 11.795389 ], [ 102.48875, 11.794111 ], [ 102.491639, 11.787083 ], [ 102.494639, 11.795833 ], [ 102.491222, 11.800778 ], [ 102.492083, 11.809111 ], [ 102.503361, 11.812083 ], [ 102.511667, 11.810444 ], [ 102.515361, 11.824139 ], [ 102.510778, 11.827861 ], [ 102.485806, 11.827083 ], [ 102.475417, 11.831639 ], [ 102.477083, 11.838306 ], [ 102.474972, 11.83875 ], [ 102.471222, 11.835778 ], [ 102.47375, 11.8275 ], [ 102.47125, 11.820806 ], [ 102.459167, 11.816222 ], [ 102.453306, 11.820417 ], [ 102.44875, 11.816639 ], [ 102.447056, 11.809972 ], [ 102.447056, 11.809167 ], [ 102.449167, 11.805417 ], [ 102.459167, 11.810361 ] ], [ [ 115.132972, 4.991556 ], [ 115.125444, 4.999972 ], [ 115.119139, 5.015389 ], [ 115.094194, 5.017056 ], [ 115.074194, 5.026222 ], [ 115.072083, 5.016639 ], [ 115.082083, 5.007472 ], [ 115.083806, 5.0 ], [ 115.084694, 4.999056 ], [ 115.095083, 4.991167 ], [ 115.132972, 4.991556 ] ], [ [ 108.055361, 3.6475 ], [ 108.052028, 3.640833 ], [ 108.054972, 3.637056 ], [ 108.058722, 3.637472 ], [ 108.058694, 3.642417 ], [ 108.061611, 3.643722 ], [ 108.081667, 3.641194 ], [ 108.086222, 3.643278 ], [ 108.089556, 3.654944 ], [ 108.078306, 3.671194 ], [ 108.055, 3.677889 ], [ 108.050778, 3.677889 ], [ 108.047861, 3.673278 ], [ 108.047889, 3.669139 ], [ 108.054556, 3.658333 ], [ 108.055361, 3.6475 ] ], [ [ 106.602389, 10.251167 ], [ 106.624083, 10.250444 ], [ 106.659917, 10.240444 ], [ 106.670361, 10.240778 ], [ 106.667417, 10.247056 ], [ 106.639944, 10.255361 ], [ 106.579917, 10.262833 ], [ 106.556611, 10.272806 ], [ 106.526583, 10.277028 ], [ 106.526194, 10.276583 ], [ 106.535722, 10.269528 ], [ 106.602389, 10.251167 ] ], [ [ 104.635833, 9.79625 ], [ 104.640028, 9.79125 ], [ 104.650861, 9.793722 ], [ 104.659556, 9.8 ], [ 104.662944, 9.814194 ], [ 104.661639, 9.817056 ], [ 104.648333, 9.817111 ], [ 104.642528, 9.822083 ], [ 104.6375, 9.822083 ], [ 104.624167, 9.812944 ], [ 104.617056, 9.801611 ], [ 104.609556, 9.797472 ], [ 104.609556, 9.796667 ], [ 104.622472, 9.793694 ], [ 104.635833, 9.79625 ] ], [ [ 103.458333, 9.278722 ], [ 103.469972, 9.278778 ], [ 103.483306, 9.293694 ], [ 103.496222, 9.301667 ], [ 103.496194, 9.304944 ], [ 103.493389, 9.310389 ], [ 103.49, 9.31125 ], [ 103.451639, 9.307056 ], [ 103.447083, 9.301639 ], [ 103.447111, 9.299972 ], [ 103.457056, 9.294972 ], [ 103.458333, 9.278722 ] ], [ [ 108.015389, 3.80575 ], [ 108.019528, 3.796639 ], [ 108.014528, 3.787444 ], [ 108.016667, 3.785389 ], [ 108.031611, 3.787056 ], [ 108.036194, 3.781611 ], [ 108.032861, 3.771611 ], [ 108.039167, 3.772917 ], [ 108.042917, 3.777444 ], [ 108.042056, 3.790778 ], [ 108.035361, 3.792444 ], [ 108.036194, 3.79825 ], [ 108.032889, 3.801639 ], [ 108.035389, 3.804972 ], [ 108.024528, 3.822472 ], [ 108.020806, 3.825389 ], [ 108.011639, 3.822889 ], [ 108.002472, 3.82625 ], [ 107.992917, 3.818278 ], [ 107.999194, 3.817056 ], [ 108.0, 3.817056 ], [ 108.016222, 3.810806 ], [ 108.015389, 3.80575 ] ], [ [ 108.855417, 3.03325 ], [ 108.853722, 3.025778 ], [ 108.847056, 3.023306 ], [ 108.847444, 3.019583 ], [ 108.868306, 3.022028 ], [ 108.872917, 3.026639 ], [ 108.874583, 3.033278 ], [ 108.86875, 3.045806 ], [ 108.873722, 3.052472 ], [ 108.869139, 3.053694 ], [ 108.865833, 3.059556 ], [ 108.863306, 3.055361 ], [ 108.856639, 3.064556 ], [ 108.849139, 3.062861 ], [ 108.845806, 3.065389 ], [ 108.843722, 3.059111 ], [ 108.83875, 3.055778 ], [ 108.83875, 3.053306 ], [ 108.847056, 3.049944 ], [ 108.855417, 3.03325 ] ], [ [ 105.952472, 9.89125 ], [ 105.964111, 9.88875 ], [ 105.988278, 9.861222 ], [ 105.995417, 9.858278 ], [ 105.985389, 9.874972 ], [ 105.964139, 9.89875 ], [ 105.949167, 9.905389 ], [ 105.924139, 9.927917 ], [ 105.919972, 9.928722 ], [ 105.917917, 9.926667 ], [ 105.939139, 9.901222 ], [ 105.952472, 9.89125 ] ], [ [ 103.799167, 10.414583 ], [ 103.806639, 10.402889 ], [ 103.8125, 10.402056 ], [ 103.813694, 10.406639 ], [ 103.809583, 10.411694 ], [ 103.810417, 10.415833 ], [ 103.815, 10.418778 ], [ 103.819972, 10.417917 ], [ 103.827917, 10.425806 ], [ 103.823306, 10.428722 ], [ 103.811667, 10.427889 ], [ 103.797556, 10.437083 ], [ 103.791667, 10.437056 ], [ 103.789583, 10.431639 ], [ 103.792056, 10.425 ], [ 103.787083, 10.4225 ], [ 103.787083, 10.419972 ], [ 103.790833, 10.41375 ], [ 103.799167, 10.414583 ] ], [ [ 106.764528, 10.199083 ], [ 106.768278, 10.198639 ], [ 106.779111, 10.205361 ], [ 106.796583, 10.207 ], [ 106.801167, 10.211611 ], [ 106.802, 10.217417 ], [ 106.79075, 10.226139 ], [ 106.784056, 10.221194 ], [ 106.765778, 10.217833 ], [ 106.760306, 10.213278 ], [ 106.760389, 10.209083 ], [ 106.7645, 10.204056 ], [ 106.764528, 10.199083 ] ], [ [ 106.675361, 8.658306 ], [ 106.680833, 8.655417 ], [ 106.684528, 8.656667 ], [ 106.686667, 8.66625 ], [ 106.701639, 8.659583 ], [ 106.71625, 8.666694 ], [ 106.715, 8.670361 ], [ 106.709972, 8.670389 ], [ 106.702444, 8.677889 ], [ 106.696667, 8.669583 ], [ 106.691639, 8.672889 ], [ 106.685833, 8.67125 ], [ 106.678389, 8.680417 ], [ 106.669194, 8.68125 ], [ 106.664556, 8.677472 ], [ 106.664528, 8.674139 ], [ 106.672056, 8.666639 ], [ 106.675361, 8.658306 ] ], [ [ 106.385333, 10.136583 ], [ 106.398694, 10.119083 ], [ 106.414083, 10.106167 ], [ 106.409528, 10.123278 ], [ 106.386972, 10.152444 ], [ 106.379528, 10.166583 ], [ 106.375333, 10.168278 ], [ 106.375333, 10.164944 ], [ 106.378667, 10.149083 ], [ 106.385333, 10.136583 ] ], [ [ 107.848361, 4.125444 ], [ 107.855778, 4.12375 ], [ 107.864556, 4.133306 ], [ 107.862889, 4.145 ], [ 107.865444, 4.153306 ], [ 107.869556, 4.156694 ], [ 107.87, 4.165417 ], [ 107.861667, 4.167056 ], [ 107.855417, 4.159139 ], [ 107.854556, 4.149972 ], [ 107.847056, 4.144139 ], [ 107.845361, 4.133306 ], [ 107.847944, 4.129167 ], [ 107.842889, 4.128333 ], [ 107.842917, 4.120806 ], [ 107.846639, 4.120389 ], [ 107.848361, 4.125444 ] ], [ [ 103.589167, 10.485417 ], [ 103.584528, 10.484139 ], [ 103.584972, 10.480417 ], [ 103.591639, 10.477056 ], [ 103.595806, 10.479556 ], [ 103.601667, 10.472917 ], [ 103.604944, 10.472917 ], [ 103.603722, 10.4775 ], [ 103.612917, 10.481694 ], [ 103.610389, 10.491667 ], [ 103.604556, 10.495833 ], [ 103.604139, 10.505417 ], [ 103.595806, 10.504583 ], [ 103.585833, 10.508722 ], [ 103.582028, 10.501639 ], [ 103.582028, 10.500833 ], [ 103.592083, 10.489972 ], [ 103.589167, 10.485417 ] ], [ [ 107.914194, 3.889556 ], [ 107.92375, 3.896667 ], [ 107.924556, 3.909167 ], [ 107.920806, 3.914583 ], [ 107.899111, 3.920389 ], [ 107.897083, 3.909944 ], [ 107.897083, 3.904167 ], [ 107.908333, 3.890417 ], [ 107.914194, 3.889556 ] ], [ [ 103.053333, 11.477889 ], [ 103.076667, 11.477083 ], [ 103.075, 11.481194 ], [ 103.082917, 11.483306 ], [ 103.081639, 11.48875 ], [ 103.055806, 11.496222 ], [ 103.050028, 11.506222 ], [ 103.043722, 11.504167 ], [ 103.043722, 11.502444 ], [ 103.047028, 11.4875 ], [ 103.053333, 11.477889 ] ], [ [ 106.557889, 8.644167 ], [ 106.557056, 8.634972 ], [ 106.562528, 8.631222 ], [ 106.580389, 8.641667 ], [ 106.577472, 8.647889 ], [ 106.569972, 8.65125 ], [ 106.565028, 8.650389 ], [ 106.555778, 8.66375 ], [ 106.5525, 8.657056 ], [ 106.544972, 8.660417 ], [ 106.54375, 8.654167 ], [ 106.54375, 8.653306 ], [ 106.545778, 8.645417 ], [ 106.557889, 8.644167 ] ], [ [ 103.145389, 10.293306 ], [ 103.149556, 10.287472 ], [ 103.151667, 10.274583 ], [ 103.161278, 10.276639 ], [ 103.161278, 10.286639 ], [ 103.155833, 10.286194 ], [ 103.142917, 10.303278 ], [ 103.144583, 10.314139 ], [ 103.153361, 10.315417 ], [ 103.154167, 10.320417 ], [ 103.144167, 10.317944 ], [ 103.141222, 10.326639 ], [ 103.136667, 10.329611 ], [ 103.136222, 10.3175 ], [ 103.12625, 10.3075 ], [ 103.126194, 10.305833 ], [ 103.134194, 10.297056 ], [ 103.145389, 10.293306 ] ], [ [ 105.961222, 9.916667 ], [ 106.0, 9.874556 ], [ 106.002889, 9.875806 ], [ 106.000833, 9.88625 ], [ 106.0, 9.886278 ], [ 105.951222, 9.935806 ], [ 105.961222, 9.916667 ] ], [ [ 106.489111, 10.282028 ], [ 106.527028, 10.270778 ], [ 106.523222, 10.275333 ], [ 106.499111, 10.285306 ], [ 106.474056, 10.301222 ], [ 106.457028, 10.301583 ], [ 106.457028, 10.299917 ], [ 106.467417, 10.291139 ], [ 106.489111, 10.282028 ] ], [ [ 104.366278, 9.6575 ], [ 104.362917, 9.687472 ], [ 104.367944, 9.695 ], [ 104.364556, 9.705778 ], [ 104.360861, 9.708722 ], [ 104.357889, 9.705833 ], [ 104.360417, 9.6925 ], [ 104.354583, 9.688306 ], [ 104.352056, 9.681639 ], [ 104.352056, 9.669167 ], [ 104.358333, 9.660417 ], [ 104.366278, 9.6575 ] ], [ [ 106.141667, 9.645389 ], [ 106.135417, 9.665 ], [ 106.137944, 9.674167 ], [ 106.125833, 9.686194 ], [ 106.115389, 9.684167 ], [ 106.115389, 9.679972 ], [ 106.128722, 9.657472 ], [ 106.141667, 9.645389 ] ], [ [ 104.8325, 8.417889 ], [ 104.843722, 8.423306 ], [ 104.842917, 8.434944 ], [ 104.851222, 8.441694 ], [ 104.847972, 8.451667 ], [ 104.843722, 8.45 ], [ 104.835417, 8.437472 ], [ 104.822917, 8.425806 ], [ 104.822917, 8.423278 ], [ 104.826667, 8.41875 ], [ 104.8325, 8.417889 ] ], [ [ 103.094972, 11.453722 ], [ 103.107472, 11.456222 ], [ 103.11375, 11.461639 ], [ 103.103333, 11.458778 ], [ 103.090778, 11.470389 ], [ 103.087056, 11.469972 ], [ 103.087472, 11.462056 ], [ 103.076667, 11.467083 ], [ 103.076222, 11.463306 ], [ 103.082083, 11.457472 ], [ 103.079556, 11.454139 ], [ 103.089556, 11.448333 ], [ 103.076306, 11.449167 ], [ 103.076222, 11.445861 ], [ 103.089167, 11.445417 ], [ 103.094972, 11.453722 ] ], [ [ 106.514139, 9.842028 ], [ 106.512889, 9.8475 ], [ 106.480861, 9.880417 ], [ 106.460833, 9.89625 ], [ 106.457861, 9.895778 ], [ 106.457861, 9.895 ], [ 106.466611, 9.88375 ], [ 106.514139, 9.842028 ] ], [ [ 108.049139, 3.567 ], [ 108.053722, 3.595 ], [ 108.051667, 3.597056 ], [ 108.047444, 3.595361 ], [ 108.048778, 3.599972 ], [ 108.044139, 3.600361 ], [ 108.042917, 3.592417 ], [ 108.036167, 3.584139 ], [ 108.036194, 3.577444 ], [ 108.044139, 3.567083 ], [ 108.049139, 3.567 ] ], [ [ 104.845028, 9.948722 ], [ 104.850444, 9.968361 ], [ 104.860417, 9.976639 ], [ 104.850806, 9.977083 ], [ 104.832917, 9.965806 ], [ 104.832917, 9.958361 ], [ 104.838306, 9.949556 ], [ 104.845028, 9.948722 ] ], [ [ 106.32075, 10.022833 ], [ 106.331583, 10.017833 ], [ 106.337, 10.018278 ], [ 106.319917, 10.037806 ], [ 106.303278, 10.050333 ], [ 106.299528, 10.049944 ], [ 106.299528, 10.049083 ], [ 106.305333, 10.037417 ], [ 106.32075, 10.022833 ] ], [ [ 109.228722, 11.834972 ], [ 109.234139, 11.82875 ], [ 109.242472, 11.826278 ], [ 109.245806, 11.832889 ], [ 109.257083, 11.830833 ], [ 109.257083, 11.8375 ], [ 109.252056, 11.840778 ], [ 109.253361, 11.848722 ], [ 109.24625, 11.846667 ], [ 109.247861, 11.840833 ], [ 109.244972, 11.837083 ], [ 109.237528, 11.839556 ], [ 109.230806, 11.84875 ], [ 109.225361, 11.849111 ], [ 109.225417, 11.846639 ], [ 109.229556, 11.842472 ], [ 109.228722, 11.834972 ] ], [ [ 103.193278, 10.817861 ], [ 103.202083, 10.8225 ], [ 103.188333, 10.835389 ], [ 103.176667, 10.829583 ], [ 103.169583, 10.831667 ], [ 103.169528, 10.829139 ], [ 103.18, 10.816222 ], [ 103.193278, 10.817861 ] ], [ [ 106.540361, 10.004083 ], [ 106.5395, 10.008278 ], [ 106.525778, 10.018667 ], [ 106.502056, 10.019139 ], [ 106.502056, 10.017417 ], [ 106.524083, 10.003694 ], [ 106.540361, 10.004083 ] ], [ [ 106.434083, 10.082806 ], [ 106.454111, 10.067861 ], [ 106.449472, 10.082417 ], [ 106.43325, 10.092861 ], [ 106.414528, 10.117417 ], [ 106.414528, 10.116611 ], [ 106.420389, 10.099056 ], [ 106.434083, 10.082806 ] ], [ [ 111.396639, 2.722083 ], [ 111.405417, 2.753333 ], [ 111.397528, 2.75625 ], [ 111.389583, 2.751667 ], [ 111.389583, 2.745806 ], [ 111.392889, 2.724139 ], [ 111.396639, 2.722083 ] ], [ [ 106.389139, 9.950389 ], [ 106.374583, 9.976639 ], [ 106.35, 9.997917 ], [ 106.341667, 9.999556 ], [ 106.340389, 9.998306 ], [ 106.3725, 9.97125 ], [ 106.389139, 9.950389 ] ], [ [ 102.479556, 11.930806 ], [ 102.478278, 11.935389 ], [ 102.483778, 11.935833 ], [ 102.48125, 11.943278 ], [ 102.486194, 11.948306 ], [ 102.482917, 11.950806 ], [ 102.485417, 11.9525 ], [ 102.484139, 11.957889 ], [ 102.479167, 11.95875 ], [ 102.47375, 11.9525 ], [ 102.470417, 11.934972 ], [ 102.470417, 11.929972 ], [ 102.474194, 11.927028 ], [ 102.479556, 11.930806 ] ], [ [ 104.565472, 10.015806 ], [ 104.566222, 10.026667 ], [ 104.559583, 10.038306 ], [ 104.549583, 10.031639 ], [ 104.549611, 10.025778 ], [ 104.555806, 10.012861 ], [ 104.565472, 10.015806 ] ], [ [ 103.092472, 10.88625 ], [ 103.094583, 10.892472 ], [ 103.075806, 10.905444 ], [ 103.069556, 10.889944 ], [ 103.069583, 10.888333 ], [ 103.0725, 10.88625 ], [ 103.092472, 10.88625 ] ], [ [ 104.025861, 9.938722 ], [ 104.028722, 9.941639 ], [ 104.025389, 9.949972 ], [ 104.02625, 9.961639 ], [ 104.020833, 9.967056 ], [ 104.01375, 9.9675 ], [ 104.013722, 9.961639 ], [ 104.015389, 9.945 ], [ 104.025861, 9.938722 ] ], [ [ 106.06625, 9.774139 ], [ 106.050028, 9.797056 ], [ 106.032472, 9.805417 ], [ 106.031194, 9.804167 ], [ 106.046667, 9.785389 ], [ 106.06625, 9.774139 ] ], [ [ 106.408306, 9.935389 ], [ 106.405444, 9.955833 ], [ 106.397472, 9.96375 ], [ 106.38875, 9.967444 ], [ 106.388722, 9.964972 ], [ 106.39375, 9.951639 ], [ 106.408306, 9.935389 ] ], [ [ 102.387889, 11.778333 ], [ 102.391667, 11.773722 ], [ 102.397861, 11.794972 ], [ 102.390028, 11.808722 ], [ 102.385806, 11.808722 ], [ 102.38375, 11.804111 ], [ 102.383722, 11.800861 ], [ 102.387889, 11.791667 ], [ 102.387889, 11.778333 ] ], [ [ 102.364583, 11.913306 ], [ 102.370417, 11.925861 ], [ 102.358333, 11.921278 ], [ 102.347056, 11.906639 ], [ 102.347056, 11.903306 ], [ 102.351667, 11.898722 ], [ 102.364583, 11.913306 ] ], [ [ 103.058306, 11.437861 ], [ 103.057861, 11.434139 ], [ 103.060861, 11.43375 ], [ 103.063333, 11.437889 ], [ 103.063778, 11.431639 ], [ 103.069194, 11.429556 ], [ 103.067861, 11.426667 ], [ 103.071667, 11.423722 ], [ 103.075417, 11.430806 ], [ 103.082056, 11.434972 ], [ 103.078333, 11.43875 ], [ 103.064167, 11.442028 ], [ 103.055833, 11.44125 ], [ 103.050417, 11.435806 ], [ 103.050361, 11.434139 ], [ 103.054167, 11.433694 ], [ 103.058306, 11.437861 ] ], [ [ 109.244611, 12.3825 ], [ 109.242917, 12.393333 ], [ 109.234944, 12.398722 ], [ 109.227028, 12.386639 ], [ 109.227056, 12.384972 ], [ 109.239167, 12.378722 ], [ 109.244611, 12.3825 ] ], [ [ 102.946667, 9.909583 ], [ 102.960361, 9.912472 ], [ 102.953333, 9.919611 ], [ 102.945806, 9.919556 ], [ 102.938306, 9.927083 ], [ 102.933722, 9.925861 ], [ 102.933722, 9.924139 ], [ 102.937083, 9.9175 ], [ 102.946667, 9.909583 ] ], [ [ 106.991167, 10.486611 ], [ 106.998694, 10.493278 ], [ 106.998722, 10.496611 ], [ 106.994167, 10.503694 ], [ 106.987, 10.496556 ], [ 106.985333, 10.476583 ], [ 106.985361, 10.472389 ], [ 106.994528, 10.476583 ], [ 106.991167, 10.486611 ] ], [ [ 106.121667, 9.687889 ], [ 106.11375, 9.7075 ], [ 106.104556, 9.716667 ], [ 106.104556, 9.715 ], [ 106.11375, 9.6875 ], [ 106.121667, 9.687889 ] ], [ [ 102.915806, 9.911278 ], [ 102.92, 9.907056 ], [ 102.927056, 9.909972 ], [ 102.922528, 9.913722 ], [ 102.914972, 9.914528 ], [ 102.910361, 9.9225 ], [ 102.904944, 9.925389 ], [ 102.898722, 9.920806 ], [ 102.89875, 9.919139 ], [ 102.906667, 9.912083 ], [ 102.915806, 9.911278 ] ], [ [ 105.987917, 9.856639 ], [ 105.976694, 9.87125 ], [ 105.957889, 9.883306 ], [ 105.957889, 9.881639 ], [ 105.977528, 9.86125 ], [ 105.987917, 9.856639 ] ], [ [ 108.202083, 4.256639 ], [ 108.211667, 4.276222 ], [ 108.201222, 4.274139 ], [ 108.198722, 4.270833 ], [ 108.199556, 4.261611 ], [ 108.18875, 4.246667 ], [ 108.18875, 4.245 ], [ 108.190806, 4.243722 ], [ 108.202083, 4.256639 ] ], [ [ 102.534556, 11.8325 ], [ 102.537056, 11.840833 ], [ 102.531667, 11.851222 ], [ 102.523778, 11.834972 ], [ 102.52375, 11.830861 ], [ 102.530833, 11.829528 ], [ 102.534556, 11.8325 ] ], [ [ 104.336222, 10.432472 ], [ 104.337083, 10.436667 ], [ 104.335, 10.440389 ], [ 104.325, 10.443694 ], [ 104.32375, 10.4375 ], [ 104.318306, 10.432889 ], [ 104.317083, 10.431639 ], [ 104.329167, 10.428722 ], [ 104.336222, 10.432472 ] ], [ [ 106.022917, 9.8225 ], [ 106.01, 9.83875 ], [ 105.99, 9.852889 ], [ 105.98875, 9.850833 ], [ 105.999167, 9.842083 ], [ 106.0, 9.842056 ], [ 106.016667, 9.825389 ], [ 106.022917, 9.8225 ] ], [ [ 109.311667, 12.490361 ], [ 109.320444, 12.495833 ], [ 109.310861, 12.496222 ], [ 109.300778, 12.492889 ], [ 109.297056, 12.485 ], [ 109.296222, 12.484194 ], [ 109.3075, 12.48375 ], [ 109.311667, 12.490361 ] ], [ [ 115.138722, 5.2225 ], [ 115.133333, 5.232861 ], [ 115.125806, 5.232917 ], [ 115.120889, 5.237889 ], [ 115.11875, 5.236611 ], [ 115.11875, 5.232472 ], [ 115.1275, 5.22125 ], [ 115.138722, 5.2225 ] ], [ [ 106.982889, 10.456583 ], [ 106.981167, 10.465778 ], [ 106.98325, 10.472 ], [ 106.978639, 10.469056 ], [ 106.975417, 10.456611 ], [ 106.966167, 10.449111 ], [ 106.966167, 10.447444 ], [ 106.973222, 10.447 ], [ 106.982889, 10.456583 ] ], [ [ 109.31875, 12.720833 ], [ 109.309972, 12.722083 ], [ 109.303333, 12.719583 ], [ 109.299528, 12.711694 ], [ 109.298778, 12.710833 ], [ 109.308306, 12.709556 ], [ 109.31875, 12.720833 ] ], [ [ 115.04425, 4.888639 ], [ 115.053778, 4.898194 ], [ 115.045889, 4.898639 ], [ 115.039194, 4.891944 ], [ 115.038389, 4.895333 ], [ 115.033, 4.889056 ], [ 115.033, 4.886556 ], [ 115.036778, 4.885361 ], [ 115.04425, 4.888639 ] ], [ [ 103.564167, 10.486222 ], [ 103.571222, 10.489139 ], [ 103.564972, 10.500417 ], [ 103.55125, 10.495833 ], [ 103.55125, 10.494167 ], [ 103.560861, 10.49375 ], [ 103.564167, 10.486222 ] ], [ [ 104.028361, 9.967028 ], [ 104.032083, 9.968306 ], [ 104.025861, 9.981278 ], [ 104.020833, 9.984583 ], [ 104.016222, 9.981639 ], [ 104.016222, 9.979972 ], [ 104.020806, 9.972056 ], [ 104.028361, 9.967028 ] ], [ [ 108.025389, 4.8 ], [ 108.015778, 4.800417 ], [ 108.009583, 4.792472 ], [ 108.009556, 4.787472 ], [ 108.014139, 4.78625 ], [ 108.025389, 4.8 ] ], [ [ 108.0875, 3.690389 ], [ 108.09125, 3.700778 ], [ 108.077028, 3.699139 ], [ 108.077028, 3.695806 ], [ 108.080833, 3.689556 ], [ 108.0875, 3.690389 ] ], [ [ 109.315, 12.162917 ], [ 109.318333, 12.159556 ], [ 109.322056, 12.160833 ], [ 109.321667, 12.163694 ], [ 109.310833, 12.169556 ], [ 109.30125, 12.168278 ], [ 109.30125, 12.164167 ], [ 109.305833, 12.16125 ], [ 109.315, 12.162917 ] ], [ [ 107.02125, 10.479139 ], [ 107.0175, 10.490417 ], [ 107.00625, 10.485778 ], [ 107.006222, 10.484972 ], [ 107.017528, 10.47625 ], [ 107.02125, 10.479139 ] ], [ [ 109.159583, 12.428306 ], [ 109.151639, 12.437083 ], [ 109.145417, 12.435833 ], [ 109.145389, 12.431667 ], [ 109.153333, 12.423722 ], [ 109.159583, 12.428306 ] ], [ [ 102.401222, 11.896667 ], [ 102.404167, 11.893694 ], [ 102.414194, 11.893722 ], [ 102.419556, 11.898306 ], [ 102.416639, 11.901222 ], [ 102.409111, 11.899583 ], [ 102.401667, 11.90625 ], [ 102.397889, 11.904139 ], [ 102.397917, 11.902472 ], [ 102.405417, 11.8975 ], [ 102.401222, 11.896667 ] ], [ [ 102.969972, 10.373722 ], [ 102.974583, 10.376667 ], [ 102.974556, 10.38 ], [ 102.958333, 10.380417 ], [ 102.955389, 10.376667 ], [ 102.955389, 10.375806 ], [ 102.9575, 10.372889 ], [ 102.969972, 10.373722 ] ], [ [ 103.492944, 10.628278 ], [ 103.488333, 10.632056 ], [ 103.484167, 10.627889 ], [ 103.479167, 10.632056 ], [ 103.477111, 10.626667 ], [ 103.476222, 10.625806 ], [ 103.485833, 10.620389 ], [ 103.492944, 10.628278 ] ], [ [ 109.239528, 12.192472 ], [ 109.227444, 12.195361 ], [ 109.223722, 12.190806 ], [ 109.22375, 12.186694 ], [ 109.23, 12.180417 ], [ 109.239528, 12.192472 ] ], [ [ 106.447083, 9.904167 ], [ 106.425778, 9.922056 ], [ 106.420417, 9.923333 ], [ 106.420417, 9.922472 ], [ 106.438333, 9.907083 ], [ 106.447083, 9.904167 ] ], [ [ 106.687, 10.011583 ], [ 106.690778, 10.010361 ], [ 106.694528, 10.015778 ], [ 106.692806, 10.02825 ], [ 106.689944, 10.032861 ], [ 106.685361, 10.032417 ], [ 106.685361, 10.031556 ], [ 106.690333, 10.019083 ], [ 106.687, 10.011583 ] ], [ [ 108.088278, 3.592056 ], [ 108.084972, 3.592056 ], [ 108.082056, 3.586639 ], [ 108.082028, 3.58325 ], [ 108.098694, 3.581583 ], [ 108.088278, 3.592056 ] ], [ [ 107.737917, 4.528306 ], [ 107.733278, 4.529583 ], [ 107.725417, 4.526639 ], [ 107.725361, 4.521639 ], [ 107.734167, 4.518722 ], [ 107.737917, 4.528306 ] ], [ [ 106.749556, 8.689167 ], [ 106.745806, 8.697889 ], [ 106.737917, 8.688333 ], [ 106.737917, 8.686611 ], [ 106.747111, 8.682444 ], [ 106.749556, 8.689167 ] ], [ [ 109.257028, 12.168306 ], [ 109.250833, 12.177889 ], [ 109.23875, 12.175806 ], [ 109.23875, 12.174944 ], [ 109.255, 12.167083 ], [ 109.257028, 12.168306 ] ], [ [ 109.365806, 12.47625 ], [ 109.367056, 12.479972 ], [ 109.361667, 12.482083 ], [ 109.360778, 12.485389 ], [ 109.355806, 12.484556 ], [ 109.354167, 12.487889 ], [ 109.35125, 12.487472 ], [ 109.351222, 12.481667 ], [ 109.358333, 12.474583 ], [ 109.365806, 12.47625 ] ], [ [ 103.042056, 11.531667 ], [ 103.034167, 11.52875 ], [ 103.029583, 11.5225 ], [ 103.029611, 11.519972 ], [ 103.036639, 11.517917 ], [ 103.042056, 11.531667 ] ], [ [ 103.436222, 10.608306 ], [ 103.418333, 10.610417 ], [ 103.412944, 10.605 ], [ 103.412944, 10.604139 ], [ 103.433361, 10.604583 ], [ 103.436222, 10.608306 ] ], [ [ 109.2275, 11.77125 ], [ 109.227917, 11.7825 ], [ 109.217083, 11.785 ], [ 109.217111, 11.781667 ], [ 109.220389, 11.774167 ], [ 109.2275, 11.77125 ] ], [ [ 102.297056, 12.373333 ], [ 102.288278, 12.38625 ], [ 102.284222, 12.387083 ], [ 102.282083, 12.384139 ], [ 102.282056, 12.381611 ], [ 102.287472, 12.375417 ], [ 102.297056, 12.373333 ] ], [ [ 103.084139, 10.943722 ], [ 103.078778, 10.941667 ], [ 103.072056, 10.9275 ], [ 103.072056, 10.924972 ], [ 103.078722, 10.928361 ], [ 103.084139, 10.943722 ] ], [ [ 109.352917, 12.640778 ], [ 109.353361, 12.65125 ], [ 109.343722, 12.648306 ], [ 109.342917, 12.6475 ], [ 109.347472, 12.63875 ], [ 109.352917, 12.640778 ] ], [ [ 109.38875, 12.353306 ], [ 109.379194, 12.366222 ], [ 109.374583, 12.364139 ], [ 109.374583, 12.362472 ], [ 109.381667, 12.352861 ], [ 109.38875, 12.353306 ] ], [ [ 106.376639, 10.170333 ], [ 106.372861, 10.186667 ], [ 106.366167, 10.193278 ], [ 106.366167, 10.189944 ], [ 106.372, 10.174083 ], [ 106.376639, 10.170333 ] ], [ [ 108.839528, 11.229972 ], [ 108.836667, 11.232083 ], [ 108.824556, 11.225806 ], [ 108.823694, 11.225 ], [ 108.834139, 11.221222 ], [ 108.839528, 11.229972 ] ], [ [ 104.53375, 10.169972 ], [ 104.537472, 10.167917 ], [ 104.537083, 10.184167 ], [ 104.533306, 10.187083 ], [ 104.52875, 10.184944 ], [ 104.52875, 10.182472 ], [ 104.534556, 10.175833 ], [ 104.53375, 10.169972 ] ], [ [ 108.127861, 3.764139 ], [ 108.127444, 3.767861 ], [ 108.119111, 3.772028 ], [ 108.117056, 3.769944 ], [ 108.117056, 3.7675 ], [ 108.119139, 3.760389 ], [ 108.127861, 3.764139 ] ], [ [ 102.526639, 11.709583 ], [ 102.528722, 11.712472 ], [ 102.527111, 11.719167 ], [ 102.51875, 11.721667 ], [ 102.518778, 11.719167 ], [ 102.52125, 11.711667 ], [ 102.526639, 11.709583 ] ], [ [ 106.42625, 9.924167 ], [ 106.414972, 9.93875 ], [ 106.412083, 9.9375 ], [ 106.412083, 9.936639 ], [ 106.417472, 9.927889 ], [ 106.42625, 9.924167 ] ], [ [ 109.407889, 12.6425 ], [ 109.404611, 12.646611 ], [ 109.409139, 12.647111 ], [ 109.409139, 12.649556 ], [ 109.399167, 12.655361 ], [ 109.397917, 12.649972 ], [ 109.397083, 12.649139 ], [ 109.403361, 12.642944 ], [ 109.407889, 12.6425 ] ], [ [ 108.975444, 10.491639 ], [ 108.970806, 10.495389 ], [ 108.965389, 10.4875 ], [ 108.965361, 10.484972 ], [ 108.971639, 10.482028 ], [ 108.975444, 10.491639 ] ], [ [ 103.075806, 10.974556 ], [ 103.0825, 10.975389 ], [ 103.084556, 10.979194 ], [ 103.074167, 10.980389 ], [ 103.069556, 10.973306 ], [ 103.069583, 10.969972 ], [ 103.072472, 10.969528 ], [ 103.075806, 10.974556 ] ], [ [ 103.52125, 9.313333 ], [ 103.518361, 9.31625 ], [ 103.510417, 9.314139 ], [ 103.510417, 9.309139 ], [ 103.521278, 9.307472 ], [ 103.52125, 9.313333 ] ], [ [ 104.412083, 9.639139 ], [ 104.397083, 9.637444 ], [ 104.397139, 9.634972 ], [ 104.406667, 9.63125 ], [ 104.412083, 9.639139 ] ], [ [ 106.554583, 8.705778 ], [ 106.554167, 8.707917 ], [ 106.544139, 8.709556 ], [ 106.540417, 8.707444 ], [ 106.540361, 8.704111 ], [ 106.550806, 8.702083 ], [ 106.554583, 8.705778 ] ], [ [ 102.495806, 11.951278 ], [ 102.5025, 11.951222 ], [ 102.505389, 11.954167 ], [ 102.498333, 11.957028 ], [ 102.490389, 11.950806 ], [ 102.490389, 11.950028 ], [ 102.494944, 11.947889 ], [ 102.495806, 11.951278 ] ], [ [ 107.1075, 10.409556 ], [ 107.100444, 10.405806 ], [ 107.097944, 10.398306 ], [ 107.097889, 10.394167 ], [ 107.103722, 10.398333 ], [ 107.1075, 10.409556 ] ], [ [ 109.182028, 12.450778 ], [ 109.179139, 12.455417 ], [ 109.170389, 12.455 ], [ 109.170389, 12.452472 ], [ 109.174944, 12.44625 ], [ 109.182028, 12.450778 ] ], [ [ 104.534611, 8.939972 ], [ 104.532083, 8.951639 ], [ 104.529972, 8.954556 ], [ 104.527889, 8.953333 ], [ 104.527889, 8.944167 ], [ 104.531667, 8.939556 ], [ 104.534611, 8.939972 ] ], [ [ 102.247111, 12.291667 ], [ 102.245806, 12.294583 ], [ 102.238278, 12.296278 ], [ 102.237083, 12.293333 ], [ 102.237083, 12.292472 ], [ 102.241667, 12.28375 ], [ 102.247111, 12.291667 ] ], [ [ 104.86375, 8.416639 ], [ 104.856667, 8.417917 ], [ 104.852917, 8.413306 ], [ 104.852917, 8.409972 ], [ 104.860028, 8.409583 ], [ 104.86375, 8.416639 ] ], [ [ 104.339528, 10.317444 ], [ 104.339611, 10.320833 ], [ 104.326194, 10.32 ], [ 104.326194, 10.318278 ], [ 104.331667, 10.312028 ], [ 104.339528, 10.317444 ] ], [ [ 107.96125, 3.945833 ], [ 107.950833, 3.953722 ], [ 107.947056, 3.950806 ], [ 107.947028, 3.948333 ], [ 107.959139, 3.943694 ], [ 107.96125, 3.945833 ] ], [ [ 104.408306, 9.674556 ], [ 104.40375, 9.674167 ], [ 104.402889, 9.664972 ], [ 104.399639, 9.660833 ], [ 104.399639, 9.659167 ], [ 104.40625, 9.6625 ], [ 104.408306, 9.674556 ] ], [ [ 115.044278, 4.9045 ], [ 115.0455, 4.91075 ], [ 115.040917, 4.911139 ], [ 115.0355, 4.904861 ], [ 115.035528, 4.902389 ], [ 115.03925, 4.900333 ], [ 115.044278, 4.9045 ] ], [ [ 103.200833, 10.800389 ], [ 103.210389, 10.804139 ], [ 103.203278, 10.807861 ], [ 103.195444, 10.804972 ], [ 103.195444, 10.803361 ], [ 103.196667, 10.800417 ], [ 103.200833, 10.800389 ] ], [ [ 103.532889, 9.3125 ], [ 103.531639, 9.321222 ], [ 103.527472, 9.322083 ], [ 103.524583, 9.319139 ], [ 103.524583, 9.318333 ], [ 103.526639, 9.31375 ], [ 103.532889, 9.3125 ] ], [ [ 103.309611, 10.631667 ], [ 103.304972, 10.635417 ], [ 103.300389, 10.629139 ], [ 103.299556, 10.628333 ], [ 103.304167, 10.625361 ], [ 103.309611, 10.631667 ] ], [ [ 104.01875, 9.991639 ], [ 104.015806, 9.997889 ], [ 104.010417, 9.997472 ], [ 104.010417, 9.994139 ], [ 104.013361, 9.988694 ], [ 104.01875, 9.991639 ] ], [ [ 109.33125, 12.04 ], [ 109.335417, 12.0425 ], [ 109.332472, 12.047861 ], [ 109.327889, 12.039972 ], [ 109.327861, 12.035 ], [ 109.331639, 12.027889 ], [ 109.33125, 12.04 ] ], [ [ 104.394556, 9.704111 ], [ 104.392444, 9.707056 ], [ 104.387083, 9.705833 ], [ 104.387083, 9.704167 ], [ 104.390028, 9.69625 ], [ 104.394556, 9.704111 ] ], [ [ 104.50875, 10.108306 ], [ 104.503306, 10.112028 ], [ 104.499583, 10.104167 ], [ 104.499583, 10.101639 ], [ 104.507472, 10.104583 ], [ 104.50875, 10.108306 ] ], [ [ 103.025, 11.542111 ], [ 103.017917, 11.54 ], [ 103.017861, 11.538333 ], [ 103.032889, 11.538306 ], [ 103.025, 11.542111 ] ], [ [ 103.55125, 10.523333 ], [ 103.552944, 10.530861 ], [ 103.548306, 10.529556 ], [ 103.544556, 10.523306 ], [ 103.544583, 10.5225 ], [ 103.547472, 10.519583 ], [ 103.55125, 10.523333 ] ], [ [ 106.056222, 9.776639 ], [ 106.049528, 9.779139 ], [ 106.049583, 9.778333 ], [ 106.061667, 9.766222 ], [ 106.056222, 9.776639 ] ], [ [ 103.061222, 10.959111 ], [ 103.054194, 10.959583 ], [ 103.05125, 10.954972 ], [ 103.051278, 10.952472 ], [ 103.0575, 10.952028 ], [ 103.061222, 10.959111 ] ], [ [ 103.99875, 9.913306 ], [ 103.992472, 9.915417 ], [ 103.98875, 9.912472 ], [ 103.98875, 9.909139 ], [ 103.994167, 9.907889 ], [ 103.99875, 9.913306 ] ], [ [ 109.093722, 9.970806 ], [ 109.090778, 9.977917 ], [ 109.08625, 9.974139 ], [ 109.08625, 9.971639 ], [ 109.088306, 9.968722 ], [ 109.093722, 9.970806 ] ], [ [ 104.39875, 9.689139 ], [ 104.391222, 9.685 ], [ 104.391222, 9.68 ], [ 104.397083, 9.681667 ], [ 104.39875, 9.689139 ] ], [ [ 106.642028, 8.634972 ], [ 106.639139, 8.638722 ], [ 106.632056, 8.637472 ], [ 106.632056, 8.635833 ], [ 106.634972, 8.631222 ], [ 106.642028, 8.634972 ] ], [ [ 104.027944, 9.930806 ], [ 104.0225, 9.933694 ], [ 104.019611, 9.930833 ], [ 104.019556, 9.926639 ], [ 104.025806, 9.926194 ], [ 104.027944, 9.930806 ] ], [ [ 109.059611, 9.994944 ], [ 109.0525, 9.996222 ], [ 109.05125, 9.993306 ], [ 109.05125, 9.990028 ], [ 109.059167, 9.990417 ], [ 109.059611, 9.994944 ] ], [ [ 102.57, 12.202056 ], [ 102.562889, 12.200778 ], [ 102.562917, 12.198306 ], [ 102.573722, 12.196639 ], [ 102.57, 12.202056 ] ], [ [ 102.44375, 11.945806 ], [ 102.4475, 11.945389 ], [ 102.44875, 11.949111 ], [ 102.443333, 11.952056 ], [ 102.440417, 11.9475 ], [ 102.440417, 11.946639 ], [ 102.445778, 11.942028 ], [ 102.44375, 11.945806 ] ], [ [ 104.52625, 10.148306 ], [ 104.530833, 10.159556 ], [ 104.524556, 10.1525 ], [ 104.522083, 10.149972 ], [ 104.523389, 10.147028 ], [ 104.52625, 10.148306 ] ], [ [ 109.282889, 12.173333 ], [ 109.281639, 12.179528 ], [ 109.276667, 12.179556 ], [ 109.275417, 12.175806 ], [ 109.275361, 12.174139 ], [ 109.279167, 12.17125 ], [ 109.282889, 12.173333 ] ], [ [ 108.047472, 3.620389 ], [ 108.041194, 3.614111 ], [ 108.041222, 3.609111 ], [ 108.045361, 3.608278 ], [ 108.047472, 3.620389 ] ], [ [ 104.007917, 9.920806 ], [ 104.000417, 9.920778 ], [ 104.000417, 9.919972 ], [ 104.006694, 9.912861 ], [ 104.007917, 9.920806 ] ], [ [ 115.048472, 4.923667 ], [ 115.044667, 4.922389 ], [ 115.042972, 4.916528 ], [ 115.042972, 4.914889 ], [ 115.048, 4.914889 ], [ 115.048472, 4.923667 ] ], [ [ 103.457083, 9.25 ], [ 103.450833, 9.25125 ], [ 103.448778, 9.249111 ], [ 103.448722, 9.245833 ], [ 103.455, 9.244611 ], [ 103.457083, 9.25 ] ], [ [ 103.626222, 9.372472 ], [ 103.618722, 9.370833 ], [ 103.61875, 9.365861 ], [ 103.6225, 9.365417 ], [ 103.626222, 9.372472 ] ], [ [ 104.584139, 10.15625 ], [ 104.57625, 10.154167 ], [ 104.575389, 10.153306 ], [ 104.587056, 10.152472 ], [ 104.584139, 10.15625 ] ], [ [ 104.549583, 10.124167 ], [ 104.548306, 10.132889 ], [ 104.544583, 10.126667 ], [ 104.544611, 10.123278 ], [ 104.547528, 10.121222 ], [ 104.549583, 10.124167 ] ], [ [ 109.367472, 12.272861 ], [ 109.362056, 12.270833 ], [ 109.362083, 12.2675 ], [ 109.36875, 12.265806 ], [ 109.367472, 12.272861 ] ], [ [ 102.457472, 11.889528 ], [ 102.457083, 11.896639 ], [ 102.450389, 11.898306 ], [ 102.450389, 11.896639 ], [ 102.453722, 11.889972 ], [ 102.457472, 11.889528 ] ], [ [ 102.392028, 11.985833 ], [ 102.387889, 11.984139 ], [ 102.387917, 11.977472 ], [ 102.392889, 11.976667 ], [ 102.392028, 11.985833 ] ], [ [ 104.104556, 9.848306 ], [ 104.098722, 9.8475 ], [ 104.09875, 9.841639 ], [ 104.103778, 9.843306 ], [ 104.104556, 9.848306 ] ], [ [ 107.901611, 4.04625 ], [ 107.899167, 4.047056 ], [ 107.897889, 4.044194 ], [ 107.897889, 4.042472 ], [ 107.904611, 4.0375 ], [ 107.901611, 4.04625 ] ], [ [ 108.120333, 3.777472 ], [ 108.116611, 3.782056 ], [ 108.112917, 3.779917 ], [ 108.112861, 3.776667 ], [ 108.115778, 3.77375 ], [ 108.120333, 3.777472 ] ], [ [ 104.52, 10.104583 ], [ 104.515417, 10.105 ], [ 104.515417, 10.098333 ], [ 104.515417, 10.095806 ], [ 104.51875, 10.095 ], [ 104.52, 10.104583 ] ], [ [ 108.065806, 3.761167 ], [ 108.062056, 3.760833 ], [ 108.060389, 3.753306 ], [ 108.060389, 3.751639 ], [ 108.064556, 3.751639 ], [ 108.065806, 3.761167 ] ], [ [ 103.072111, 10.909944 ], [ 103.060444, 10.908333 ], [ 103.060389, 10.906667 ], [ 103.064139, 10.903694 ], [ 103.072111, 10.909944 ] ], [ [ 108.027028, 4.09 ], [ 108.017917, 4.085833 ], [ 108.017917, 4.084167 ], [ 108.024139, 4.084528 ], [ 108.027028, 4.09 ] ], [ [ 108.907083, 10.055 ], [ 108.901222, 10.055 ], [ 108.90125, 10.050028 ], [ 108.905806, 10.048722 ], [ 108.907083, 10.055 ] ], [ [ 106.14625, 9.344194 ], [ 106.134583, 9.3425 ], [ 106.134583, 9.339972 ], [ 106.144111, 9.34125 ], [ 106.14625, 9.344194 ] ], [ [ 115.060056, 4.983639 ], [ 115.057972, 4.979111 ], [ 115.057972, 4.975722 ], [ 115.064639, 4.982389 ], [ 115.060056, 4.983639 ] ], [ [ 106.259056, 10.072861 ], [ 106.252028, 10.073278 ], [ 106.251972, 10.071556 ], [ 106.262889, 10.06825 ], [ 106.259056, 10.072861 ] ], [ [ 103.04375, 11.509167 ], [ 103.039194, 11.515389 ], [ 103.037083, 11.512444 ], [ 103.037083, 11.510861 ], [ 103.039167, 11.507944 ], [ 103.04375, 11.509167 ] ], [ [ 103.635417, 9.363333 ], [ 103.634111, 9.36625 ], [ 103.627083, 9.365028 ], [ 103.627083, 9.363306 ], [ 103.628306, 9.361222 ], [ 103.635417, 9.363333 ] ], [ [ 103.18125, 10.257472 ], [ 103.178333, 10.26125 ], [ 103.174583, 10.2575 ], [ 103.174611, 10.255833 ], [ 103.18, 10.252861 ], [ 103.18125, 10.257472 ] ], [ [ 108.422083, 4.018306 ], [ 108.420806, 4.022028 ], [ 108.417028, 4.019972 ], [ 108.417056, 4.014167 ], [ 108.419167, 4.012917 ], [ 108.422083, 4.018306 ] ], [ [ 109.397472, 12.832028 ], [ 109.395389, 12.8275 ], [ 109.395417, 12.8225 ], [ 109.402111, 12.83 ], [ 109.397472, 12.832028 ] ], [ [ 104.350444, 9.709139 ], [ 104.349139, 9.712083 ], [ 104.347056, 9.710806 ], [ 104.347083, 9.705806 ], [ 104.350806, 9.699556 ], [ 104.350444, 9.709139 ] ], [ [ 103.478778, 9.2725 ], [ 103.472056, 9.272472 ], [ 103.472083, 9.269139 ], [ 103.476694, 9.267889 ], [ 103.478778, 9.2725 ] ], [ [ 104.335389, 10.394972 ], [ 104.336222, 10.400833 ], [ 104.329583, 10.396639 ], [ 104.329583, 10.393361 ], [ 104.3325, 10.392028 ], [ 104.335389, 10.394972 ] ], [ [ 104.521639, 10.404556 ], [ 104.510417, 10.395806 ], [ 104.510417, 10.395 ], [ 104.523722, 10.403361 ], [ 104.521639, 10.404556 ] ], [ [ 104.047056, 9.989139 ], [ 104.044139, 9.994583 ], [ 104.039583, 9.995833 ], [ 104.039583, 9.994111 ], [ 104.0425, 9.989583 ], [ 104.047056, 9.989139 ] ], [ [ 106.47825, 10.301194 ], [ 106.477833, 10.30075 ], [ 106.491139, 10.293278 ], [ 106.47825, 10.301194 ] ], [ [ 102.398306, 11.773722 ], [ 102.392083, 11.772472 ], [ 102.392111, 11.770806 ], [ 102.399583, 11.769167 ], [ 102.398306, 11.773722 ] ], [ [ 106.330333, 10.029917 ], [ 106.330333, 10.029111 ], [ 106.341972, 10.019111 ], [ 106.330333, 10.029917 ] ], [ [ 102.25375, 12.159972 ], [ 102.251722, 12.162056 ], [ 102.246222, 12.160806 ], [ 102.24625, 12.158333 ], [ 102.2525, 12.157083 ], [ 102.25375, 12.159972 ] ], [ [ 104.030444, 9.913278 ], [ 104.028361, 9.919611 ], [ 104.024556, 9.918333 ], [ 104.024583, 9.916667 ], [ 104.025806, 9.913722 ], [ 104.030444, 9.913278 ] ], [ [ 104.514139, 10.402861 ], [ 104.505389, 10.394194 ], [ 104.505444, 10.392472 ], [ 104.517917, 10.403333 ], [ 104.514139, 10.402861 ] ], [ [ 103.08875, 11.064167 ], [ 103.081278, 11.06 ], [ 103.081278, 11.058333 ], [ 103.087528, 11.058722 ], [ 103.08875, 11.064167 ] ], [ [ 108.142861, 3.633306 ], [ 108.139139, 3.634528 ], [ 108.135417, 3.629972 ], [ 108.135417, 3.629167 ], [ 108.141667, 3.6295 ], [ 108.142861, 3.633306 ] ], [ [ 109.377083, 12.706667 ], [ 109.373361, 12.707028 ], [ 109.370389, 12.7025 ], [ 109.370389, 12.700833 ], [ 109.375833, 12.702056 ], [ 109.377083, 12.706667 ] ], [ [ 102.431222, 12.046639 ], [ 102.4275, 12.052056 ], [ 102.424583, 12.051611 ], [ 102.424556, 12.049167 ], [ 102.429139, 12.044556 ], [ 102.431222, 12.046639 ] ], [ [ 106.563333, 8.68875 ], [ 106.559611, 8.686639 ], [ 106.559583, 8.683306 ], [ 106.565389, 8.683361 ], [ 106.563333, 8.68875 ] ], [ [ 107.915, 4.047917 ], [ 107.912083, 4.046667 ], [ 107.912056, 4.044139 ], [ 107.91875, 4.043306 ], [ 107.915, 4.047917 ] ], [ [ 104.853722, 8.693306 ], [ 104.848361, 8.698778 ], [ 104.845417, 8.698306 ], [ 104.845417, 8.696639 ], [ 104.850833, 8.692056 ], [ 104.853722, 8.693306 ] ], [ [ 104.054556, 9.823306 ], [ 104.049583, 9.8225 ], [ 104.049583, 9.819167 ], [ 104.053389, 9.817917 ], [ 104.054556, 9.823306 ] ], [ [ 102.412917, 11.9375 ], [ 102.40625, 11.944139 ], [ 102.406222, 11.941667 ], [ 102.409167, 11.937056 ], [ 102.412917, 11.9375 ] ], [ [ 108.382944, 3.894917 ], [ 108.379944, 3.897056 ], [ 108.377861, 3.891639 ], [ 108.377861, 3.890778 ], [ 108.379972, 3.888722 ], [ 108.382944, 3.894917 ] ], [ [ 103.627889, 10.480833 ], [ 103.626639, 10.489556 ], [ 103.623694, 10.485 ], [ 103.623722, 10.482472 ], [ 103.625, 10.479556 ], [ 103.627889, 10.480833 ] ], [ [ 103.440389, 9.29 ], [ 103.434528, 9.289972 ], [ 103.434583, 9.286667 ], [ 103.44, 9.286222 ], [ 103.440389, 9.29 ] ], [ [ 104.557111, 10.144167 ], [ 104.553333, 10.144556 ], [ 104.552056, 10.139944 ], [ 104.55125, 10.139139 ], [ 104.555, 10.137889 ], [ 104.557111, 10.144167 ] ], [ [ 107.984583, 3.967472 ], [ 107.981639, 3.970417 ], [ 107.977111, 3.969972 ], [ 107.977083, 3.968306 ], [ 107.980861, 3.965417 ], [ 107.984583, 3.967472 ] ], [ [ 104.397889, 9.653306 ], [ 104.393306, 9.654556 ], [ 104.392917, 9.652472 ], [ 104.392028, 9.651667 ], [ 104.395, 9.647889 ], [ 104.397889, 9.653306 ] ], [ [ 109.376222, 12.2825 ], [ 109.372889, 12.284167 ], [ 109.372917, 12.279972 ], [ 109.376639, 12.273722 ], [ 109.376222, 12.2825 ] ], [ [ 103.159583, 9.967444 ], [ 103.154611, 9.966667 ], [ 103.154611, 9.962472 ], [ 103.158333, 9.962056 ], [ 103.159583, 9.967444 ] ], [ [ 104.329167, 10.287917 ], [ 104.327083, 10.284972 ], [ 104.327083, 10.283306 ], [ 104.33625, 10.287472 ], [ 104.329167, 10.287917 ] ], [ [ 109.202083, 12.260806 ], [ 109.19375, 12.260028 ], [ 109.19375, 12.259167 ], [ 109.199894, 12.257396 ], [ 109.202083, 12.260806 ] ], [ [ 104.502056, 10.128333 ], [ 104.497889, 10.127472 ], [ 104.497889, 10.125806 ], [ 104.502917, 10.121611 ], [ 104.502056, 10.128333 ] ], [ [ 104.360417, 9.720028 ], [ 104.359611, 9.725028 ], [ 104.35625, 9.724139 ], [ 104.35625, 9.720806 ], [ 104.357472, 9.717889 ], [ 104.360417, 9.720028 ] ], [ [ 109.293806, 12.698333 ], [ 109.291667, 12.699583 ], [ 109.28625, 12.694944 ], [ 109.284556, 12.693333 ], [ 109.288306, 12.692889 ], [ 109.293806, 12.698333 ] ], [ [ 104.344972, 10.297083 ], [ 104.341222, 10.291611 ], [ 104.340417, 10.290806 ], [ 104.344583, 10.291611 ], [ 104.344972, 10.297083 ] ], [ [ 102.947917, 10.368361 ], [ 102.945806, 10.372056 ], [ 102.941222, 10.371639 ], [ 102.94125, 10.369972 ], [ 102.944972, 10.367056 ], [ 102.947917, 10.368361 ] ], [ [ 102.456667, 11.79875 ], [ 102.452861, 11.798333 ], [ 102.452917, 11.793278 ], [ 102.457917, 11.795 ], [ 102.456667, 11.79875 ] ], [ [ 104.034167, 10.005389 ], [ 104.031222, 10.004972 ], [ 104.031222, 10.003306 ], [ 104.037944, 10.000806 ], [ 104.034167, 10.005389 ] ], [ [ 103.013722, 11.433333 ], [ 103.007917, 11.434139 ], [ 103.007944, 11.431667 ], [ 103.010028, 11.429556 ], [ 103.013722, 11.433333 ] ], [ [ 109.222889, 12.359167 ], [ 109.215417, 12.359167 ], [ 109.215444, 12.3575 ], [ 109.220806, 12.356222 ], [ 109.222889, 12.359167 ] ], [ [ 106.046278, 9.800861 ], [ 106.037472, 9.806222 ], [ 106.037056, 9.805806 ], [ 106.041667, 9.801222 ], [ 106.046278, 9.800861 ] ], [ [ 104.366639, 9.739556 ], [ 104.364556, 9.735028 ], [ 104.364556, 9.734167 ], [ 104.370389, 9.738306 ], [ 104.366639, 9.739556 ] ], [ [ 102.461222, 11.807472 ], [ 102.455389, 11.804139 ], [ 102.455389, 11.802472 ], [ 102.458306, 11.802056 ], [ 102.461222, 11.807472 ] ], [ [ 103.096278, 11.051639 ], [ 103.090417, 11.052472 ], [ 103.090417, 11.049944 ], [ 103.094972, 11.048722 ], [ 103.096278, 11.051639 ] ], [ [ 108.392861, 3.745806 ], [ 108.388333, 3.752056 ], [ 108.386222, 3.750778 ], [ 108.386222, 3.749972 ], [ 108.3875, 3.746194 ], [ 108.392861, 3.745806 ] ], [ [ 104.530861, 10.126194 ], [ 104.528722, 10.120806 ], [ 104.528722, 10.117472 ], [ 104.532083, 10.120806 ], [ 104.530861, 10.126194 ] ], [ [ 109.474583, 12.654139 ], [ 109.473333, 12.65625 ], [ 109.470361, 12.654972 ], [ 109.470389, 12.651639 ], [ 109.4725, 12.649528 ], [ 109.474583, 12.654139 ] ], [ [ 106.625417, 8.637444 ], [ 106.6225, 8.638722 ], [ 106.621194, 8.635806 ], [ 106.621194, 8.633333 ], [ 106.624139, 8.632861 ], [ 106.625417, 8.637444 ] ], [ [ 104.022139, 9.91 ], [ 104.020833, 9.912056 ], [ 104.015389, 9.910833 ], [ 104.015389, 9.909167 ], [ 104.020028, 9.907917 ], [ 104.022139, 9.91 ] ], [ [ 106.148278, 8.60875 ], [ 106.144583, 8.609167 ], [ 106.144583, 8.606639 ], [ 106.150417, 8.604944 ], [ 106.148278, 8.60875 ] ], [ [ 106.595389, 8.736611 ], [ 106.58875, 8.735 ], [ 106.587889, 8.734139 ], [ 106.592472, 8.732917 ], [ 106.595389, 8.736611 ] ], [ [ 107.959111, 4.020389 ], [ 107.953778, 4.020806 ], [ 107.953722, 4.019139 ], [ 107.959556, 4.017444 ], [ 107.959111, 4.020389 ] ], [ [ 103.984972, 9.922917 ], [ 103.981222, 9.919167 ], [ 103.985028, 9.917056 ], [ 103.984972, 9.922917 ] ], [ [ 104.555889, 10.152083 ], [ 104.553722, 10.150806 ], [ 104.552917, 10.15 ], [ 104.558694, 10.1475 ], [ 104.555889, 10.152083 ] ], [ [ 109.163333, 12.45375 ], [ 109.158722, 12.453333 ], [ 109.158722, 12.452472 ], [ 109.166278, 12.45 ], [ 109.163333, 12.45375 ] ], [ [ 103.0675, 11.422889 ], [ 103.064583, 11.422472 ], [ 103.064583, 11.420806 ], [ 103.069556, 11.418306 ], [ 103.0675, 11.422889 ] ], [ [ 104.589639, 10.152472 ], [ 104.589639, 10.151667 ], [ 104.597972, 10.152472 ], [ 104.589639, 10.152472 ] ], [ [ 107.998361, 10.695361 ], [ 107.993722, 10.693333 ], [ 107.993722, 10.691611 ], [ 107.999583, 10.691694 ], [ 107.998361, 10.695361 ] ], [ [ 104.510806, 10.087917 ], [ 104.506222, 10.084111 ], [ 104.506222, 10.083333 ], [ 104.512889, 10.086667 ], [ 104.510806, 10.087917 ] ], [ [ 109.226667, 12.642056 ], [ 109.222889, 12.640806 ], [ 109.222861, 12.638333 ], [ 109.227917, 12.639139 ], [ 109.226667, 12.642056 ] ], [ [ 103.064556, 10.926667 ], [ 103.064583, 10.925 ], [ 103.070444, 10.9275 ], [ 103.064556, 10.926667 ] ], [ [ 103.179583, 10.84 ], [ 103.175417, 10.836639 ], [ 103.174556, 10.835833 ], [ 103.176639, 10.834583 ], [ 103.179583, 10.84 ] ], [ [ 102.256222, 12.288306 ], [ 102.252083, 12.287472 ], [ 102.252056, 12.285 ], [ 102.254972, 12.283694 ], [ 102.256222, 12.288306 ] ], [ [ 115.025556, 4.946583 ], [ 115.025472, 4.944917 ], [ 115.030528, 4.950722 ], [ 115.025556, 4.946583 ] ], [ [ 108.823306, 3.015389 ], [ 108.820444, 3.011611 ], [ 108.820444, 3.008333 ], [ 108.822917, 3.009139 ], [ 108.823306, 3.015389 ] ], [ [ 109.149972, 11.579611 ], [ 109.14625, 11.579972 ], [ 109.14625, 11.579111 ], [ 109.152111, 11.574972 ], [ 109.149972, 11.579611 ] ], [ [ 103.077444, 11.061222 ], [ 103.073722, 11.061667 ], [ 103.07375, 11.059139 ], [ 103.077944, 11.058306 ], [ 103.077444, 11.061222 ] ], [ [ 104.597944, 10.179139 ], [ 104.59375, 10.177444 ], [ 104.59375, 10.174972 ], [ 104.596639, 10.174528 ], [ 104.597944, 10.179139 ] ], [ [ 108.024583, 10.737444 ], [ 108.02125, 10.735028 ], [ 108.02125, 10.731639 ], [ 108.024556, 10.732472 ], [ 108.024583, 10.737444 ] ], [ [ 109.30875, 12.635 ], [ 109.305806, 12.63625 ], [ 109.302083, 12.633361 ], [ 109.302083, 12.6325 ], [ 109.308278, 12.632889 ], [ 109.30875, 12.635 ] ], [ [ 109.174528, 12.445 ], [ 109.170389, 12.4475 ], [ 109.170389, 12.446694 ], [ 109.174167, 12.440389 ], [ 109.174528, 12.445 ] ], [ [ 102.395833, 11.972917 ], [ 102.392889, 11.971667 ], [ 102.392889, 11.970806 ], [ 102.397056, 11.967472 ], [ 102.395833, 11.972917 ] ], [ [ 104.496222, 10.140806 ], [ 104.49625, 10.137472 ], [ 104.500417, 10.142472 ], [ 104.496222, 10.140806 ] ], [ [ 104.80125, 9.176667 ], [ 104.80125, 9.175806 ], [ 104.807917, 9.175806 ], [ 104.80125, 9.176667 ] ], [ [ 108.872028, 3.059972 ], [ 108.872083, 3.05825 ], [ 108.876278, 3.062472 ], [ 108.872028, 3.059972 ] ], [ [ 107.962889, 3.940833 ], [ 107.962889, 3.9375 ], [ 107.967083, 3.936611 ], [ 107.962889, 3.940833 ] ], [ [ 108.790417, 2.964944 ], [ 108.783722, 2.966667 ], [ 108.783722, 2.964972 ], [ 108.789194, 2.962889 ], [ 108.790417, 2.964944 ] ], [ [ 103.570833, 10.510444 ], [ 103.567083, 10.509167 ], [ 103.567083, 10.508361 ], [ 103.571222, 10.506639 ], [ 103.570833, 10.510444 ] ], [ [ 104.52375, 10.143306 ], [ 104.523722, 10.1375 ], [ 104.527889, 10.1375 ], [ 104.52375, 10.143306 ] ], [ [ 102.525806, 11.68375 ], [ 102.52375, 11.679944 ], [ 102.523778, 11.678333 ], [ 102.52875, 11.682528 ], [ 102.525806, 11.68375 ] ], [ [ 106.179083, 10.160417 ], [ 106.177028, 10.156639 ], [ 106.177028, 10.155778 ], [ 106.180333, 10.154167 ], [ 106.179083, 10.160417 ] ], [ [ 108.359972, 3.893722 ], [ 108.357056, 3.893306 ], [ 108.357056, 3.891639 ], [ 108.36125, 3.889972 ], [ 108.359972, 3.893722 ] ], [ [ 108.752056, 2.926639 ], [ 108.747889, 2.924167 ], [ 108.747889, 2.9225 ], [ 108.752056, 2.923306 ], [ 108.752056, 2.926639 ] ], [ [ 108.047444, 3.626167 ], [ 108.044528, 3.624972 ], [ 108.044556, 3.624111 ], [ 108.049528, 3.622444 ], [ 108.047444, 3.626167 ] ], [ [ 104.369611, 9.6525 ], [ 104.366222, 9.6525 ], [ 104.366222, 9.649972 ], [ 104.370389, 9.649111 ], [ 104.369611, 9.6525 ] ], [ [ 103.547889, 10.555806 ], [ 103.542083, 10.554972 ], [ 103.542111, 10.554111 ], [ 103.545, 10.552917 ], [ 103.547889, 10.555806 ] ], [ [ 102.337889, 12.189167 ], [ 102.337917, 12.185 ], [ 102.34125, 12.185833 ], [ 102.337889, 12.189167 ] ], [ [ 102.883694, 10.235806 ], [ 102.883694, 10.234139 ], [ 102.888722, 10.236639 ], [ 102.883694, 10.235806 ] ], [ [ 102.267111, 12.021611 ], [ 102.264972, 12.025389 ], [ 102.26375, 12.023306 ], [ 102.262889, 12.0225 ], [ 102.264139, 12.020389 ], [ 102.267111, 12.021611 ] ], [ [ 104.3525, 10.301222 ], [ 104.34875, 10.2975 ], [ 104.34875, 10.296639 ], [ 104.354556, 10.298306 ], [ 104.3525, 10.301222 ] ], [ [ 103.244556, 10.256667 ], [ 103.244556, 10.254139 ], [ 103.24875, 10.253306 ], [ 103.244556, 10.256667 ] ], [ [ 102.476694, 11.916222 ], [ 102.474583, 11.915 ], [ 102.474528, 11.912528 ], [ 102.477917, 11.9125 ], [ 102.476694, 11.916222 ] ], [ [ 103.055, 10.915417 ], [ 103.052917, 10.912528 ], [ 103.052944, 10.911667 ], [ 103.057861, 10.9125 ], [ 103.055, 10.915417 ] ], [ [ 109.169556, 12.455 ], [ 109.167056, 12.455 ], [ 109.167083, 12.451667 ], [ 109.169139, 12.44875 ], [ 109.169556, 12.455 ] ], [ [ 103.998361, 9.904583 ], [ 103.994639, 9.904167 ], [ 103.994556, 9.903306 ], [ 103.998722, 9.901639 ], [ 103.998361, 9.904583 ] ], [ [ 107.997028, 3.938361 ], [ 107.992944, 3.939167 ], [ 107.992917, 3.9375 ], [ 107.995861, 3.936222 ], [ 107.997028, 3.938361 ] ], [ [ 115.140417, 5.191667 ], [ 115.137472, 5.192917 ], [ 115.136222, 5.190806 ], [ 115.135417, 5.19 ], [ 115.140028, 5.189611 ], [ 115.140417, 5.191667 ] ], [ [ 103.236278, 10.260806 ], [ 103.236194, 10.2575 ], [ 103.240417, 10.259972 ], [ 103.236278, 10.260806 ] ], [ [ 104.027889, 9.908278 ], [ 104.024583, 9.907472 ], [ 104.024556, 9.905 ], [ 104.0275, 9.904556 ], [ 104.027889, 9.908278 ] ], [ [ 102.389167, 11.822083 ], [ 102.387083, 11.820861 ], [ 102.387111, 11.819139 ], [ 102.391278, 11.819167 ], [ 102.389167, 11.822083 ] ], [ [ 104.841222, 8.509972 ], [ 104.841222, 8.5075 ], [ 104.844583, 8.506639 ], [ 104.841222, 8.509972 ] ], [ [ 102.283361, 12.040417 ], [ 102.280389, 12.039972 ], [ 102.280389, 12.038333 ], [ 102.284611, 12.037444 ], [ 102.283361, 12.040417 ] ], [ [ 106.664944, 10.004528 ], [ 106.662028, 10.003278 ], [ 106.662, 10.001611 ], [ 106.666167, 10.001583 ], [ 106.664944, 10.004528 ] ], [ [ 102.2875, 12.017056 ], [ 102.284583, 12.016611 ], [ 102.284556, 12.015 ], [ 102.28875, 12.014139 ], [ 102.2875, 12.017056 ] ], [ [ 109.322917, 12.643306 ], [ 109.319556, 12.643333 ], [ 109.319583, 12.641611 ], [ 109.322917, 12.639972 ], [ 109.322917, 12.643306 ] ], [ [ 104.372889, 9.640778 ], [ 104.369639, 9.643306 ], [ 104.369639, 9.640833 ], [ 104.370806, 9.638722 ], [ 104.372889, 9.640778 ] ], [ [ 108.220389, 4.250833 ], [ 108.220361, 4.245806 ], [ 108.222944, 4.248333 ], [ 108.220389, 4.250833 ] ], [ [ 109.22125, 12.386639 ], [ 109.221194, 12.384167 ], [ 109.224556, 12.381667 ], [ 109.22125, 12.386639 ] ], [ [ 109.220389, 12.401611 ], [ 109.220389, 12.400806 ], [ 109.225361, 12.4 ], [ 109.220389, 12.401611 ] ], [ [ 102.492083, 11.963333 ], [ 102.492083, 11.962472 ], [ 102.497111, 11.963333 ], [ 102.492083, 11.963333 ] ], [ [ 104.532889, 10.1625 ], [ 104.532889, 10.160833 ], [ 104.536194, 10.159111 ], [ 104.532889, 10.1625 ] ], [ [ 107.805444, 10.651667 ], [ 107.805417, 10.648278 ], [ 107.80875, 10.651639 ], [ 107.805444, 10.651667 ] ], [ [ 109.282083, 11.936667 ], [ 109.282083, 11.934139 ], [ 109.285361, 11.937472 ], [ 109.282083, 11.936667 ] ], [ [ 102.518361, 11.957889 ], [ 102.51375, 11.9575 ], [ 102.51375, 11.956639 ], [ 102.51875, 11.955833 ], [ 102.518361, 11.957889 ] ], [ [ 108.11625, 4.1625 ], [ 108.11625, 4.16075 ], [ 108.120417, 4.164194 ], [ 108.11625, 4.1625 ] ], [ [ 107.996639, 4.114556 ], [ 107.99375, 4.113306 ], [ 107.993722, 4.111639 ], [ 107.997889, 4.111639 ], [ 107.996639, 4.114556 ] ], [ [ 109.330389, 12.004167 ], [ 109.327028, 12.0025 ], [ 109.327028, 12.001694 ], [ 109.330028, 12.000389 ], [ 109.330389, 12.004167 ] ], [ [ 104.347889, 10.425833 ], [ 104.345417, 10.425833 ], [ 104.345417, 10.4225 ], [ 104.347944, 10.421639 ], [ 104.347889, 10.425833 ] ], [ [ 109.379194, 12.646222 ], [ 109.377889, 12.645028 ], [ 109.380833, 12.642056 ], [ 109.379194, 12.646222 ] ], [ [ 106.370361, 10.17075 ], [ 106.370361, 10.169083 ], [ 106.373667, 10.166611 ], [ 106.370361, 10.17075 ] ], [ [ 102.399556, 11.813278 ], [ 102.399583, 11.812472 ], [ 102.403722, 11.815833 ], [ 102.399556, 11.813278 ] ], [ [ 104.241222, 10.208306 ], [ 104.241222, 10.206639 ], [ 104.244611, 10.209972 ], [ 104.241222, 10.208306 ] ], [ [ 108.069111, 3.779556 ], [ 108.066194, 3.779139 ], [ 108.066194, 3.777472 ], [ 108.069583, 3.776611 ], [ 108.069111, 3.779556 ] ], [ [ 108.132056, 3.631611 ], [ 108.128694, 3.633278 ], [ 108.128694, 3.631611 ], [ 108.129972, 3.6295 ], [ 108.132056, 3.631611 ] ], [ [ 108.412944, 3.807444 ], [ 108.412944, 3.804972 ], [ 108.416222, 3.805806 ], [ 108.412944, 3.807444 ] ], [ [ 109.22625, 12.399139 ], [ 109.22625, 12.397472 ], [ 109.230417, 12.3975 ], [ 109.22625, 12.399139 ] ], [ [ 104.319556, 10.302472 ], [ 104.319583, 10.300806 ], [ 104.322528, 10.305417 ], [ 104.319556, 10.302472 ] ], [ [ 104.5, 10.137056 ], [ 104.497917, 10.135806 ], [ 104.497917, 10.134139 ], [ 104.501222, 10.134139 ], [ 104.5, 10.137056 ] ], [ [ 104.062083, 10.404111 ], [ 104.062056, 10.401639 ], [ 104.065389, 10.401639 ], [ 104.062083, 10.404111 ] ], [ [ 115.034639, 5.0 ], [ 115.035917, 4.998667 ], [ 115.039611, 5.0 ], [ 115.034639, 5.0 ] ], [ [ 109.293722, 12.703333 ], [ 109.29375, 12.701667 ], [ 109.297944, 12.704972 ], [ 109.293722, 12.703333 ] ], [ [ 102.379194, 11.809583 ], [ 102.377889, 11.808306 ], [ 102.380833, 11.806222 ], [ 102.379194, 11.809583 ] ], [ [ 104.527889, 10.245028 ], [ 104.525417, 10.245028 ], [ 104.525417, 10.243306 ], [ 104.527917, 10.241639 ], [ 104.527889, 10.245028 ] ], [ [ 102.26375, 12.012444 ], [ 102.263722, 12.010861 ], [ 102.267083, 12.013306 ], [ 102.26375, 12.012444 ] ], [ [ 104.308694, 10.362472 ], [ 104.308694, 10.361667 ], [ 104.312889, 10.363333 ], [ 104.308694, 10.362472 ] ], [ [ 106.562528, 8.630361 ], [ 106.560444, 8.629167 ], [ 106.560417, 8.627444 ], [ 106.563722, 8.6275 ], [ 106.562528, 8.630361 ] ], [ [ 109.300833, 12.637889 ], [ 109.297528, 12.637056 ], [ 109.297056, 12.636639 ], [ 109.30125, 12.635806 ], [ 109.300833, 12.637889 ] ], [ [ 109.28625, 11.938306 ], [ 109.28625, 11.935028 ], [ 109.28875, 11.9375 ], [ 109.28625, 11.938306 ] ], [ [ 102.578694, 12.200806 ], [ 102.574611, 12.201639 ], [ 102.574556, 12.200833 ], [ 102.577917, 12.198333 ], [ 102.578694, 12.200806 ] ], [ [ 108.317861, 3.72 ], [ 108.317889, 3.718278 ], [ 108.32125, 3.719944 ], [ 108.317861, 3.72 ] ], [ [ 114.607111, 4.776639 ], [ 114.607111, 4.775778 ], [ 114.612083, 4.779111 ], [ 114.607111, 4.776639 ] ], [ [ 108.056222, 3.599139 ], [ 108.055417, 3.598333 ], [ 108.059528, 3.6 ], [ 108.056222, 3.599139 ] ], [ [ 108.004972, 3.873694 ], [ 108.003722, 3.872444 ], [ 108.007944, 3.870778 ], [ 108.004972, 3.873694 ] ], [ [ 104.396639, 9.659556 ], [ 104.394556, 9.658278 ], [ 104.394583, 9.656667 ], [ 104.397944, 9.656694 ], [ 104.396639, 9.659556 ] ], [ [ 104.315417, 10.291667 ], [ 104.315417, 10.29 ], [ 104.319583, 10.291694 ], [ 104.315417, 10.291667 ] ], [ [ 104.368722, 9.6475 ], [ 104.365417, 9.644972 ], [ 104.365417, 9.644167 ], [ 104.367917, 9.644111 ], [ 104.368722, 9.6475 ] ], [ [ 108.885417, 3.066611 ], [ 108.882083, 3.065806 ], [ 108.882083, 3.064944 ], [ 108.884167, 3.06375 ], [ 108.885417, 3.066611 ] ], [ [ 102.800417, 11.1125 ], [ 102.797056, 11.111611 ], [ 102.797056, 11.110833 ], [ 102.799167, 11.109583 ], [ 102.800417, 11.1125 ] ], [ [ 104.88125, 8.379139 ], [ 104.88125, 8.378333 ], [ 104.885417, 8.38 ], [ 104.88125, 8.379139 ] ], [ [ 102.412944, 11.929972 ], [ 102.412861, 11.9275 ], [ 102.41625, 11.928333 ], [ 102.412944, 11.929972 ] ], [ [ 103.549611, 10.735806 ], [ 103.549611, 10.735 ], [ 103.552889, 10.737472 ], [ 103.549611, 10.735806 ] ], [ [ 109.45125, 12.596667 ], [ 109.45125, 12.595 ], [ 109.454528, 12.594167 ], [ 109.45125, 12.596667 ] ], [ [ 115.026722, 4.814472 ], [ 115.025472, 4.81325 ], [ 115.030528, 4.812417 ], [ 115.026722, 4.814472 ] ], [ [ 108.367861, 3.908306 ], [ 108.367861, 3.907444 ], [ 108.37125, 3.905806 ], [ 108.367861, 3.908306 ] ], [ [ 115.0955, 4.881556 ], [ 115.0955, 4.88075 ], [ 115.098833, 4.879028 ], [ 115.0955, 4.881556 ] ], [ [ 102.927861, 10.366667 ], [ 102.927889, 10.365 ], [ 102.93125, 10.364972 ], [ 102.927861, 10.366667 ] ], [ [ 104.3725, 9.637917 ], [ 104.371222, 9.636639 ], [ 104.374583, 9.635 ], [ 104.3725, 9.637917 ] ], [ [ 109.230833, 11.769583 ], [ 109.227056, 11.769167 ], [ 109.227056, 11.768306 ], [ 109.231194, 11.767472 ], [ 109.230833, 11.769583 ] ], [ [ 102.248778, 12.139139 ], [ 102.248722, 12.137472 ], [ 102.252056, 12.137444 ], [ 102.248778, 12.139139 ] ], [ [ 109.275389, 11.930833 ], [ 109.275389, 11.929167 ], [ 109.278722, 11.929111 ], [ 109.275389, 11.930833 ] ], [ [ 115.142083, 5.205806 ], [ 115.142083, 5.205 ], [ 115.146222, 5.204139 ], [ 115.142083, 5.205806 ] ], [ [ 109.249167, 12.288722 ], [ 109.247111, 12.287444 ], [ 109.247111, 12.286639 ], [ 109.250417, 12.285806 ], [ 109.249167, 12.288722 ] ], [ [ 102.27125, 12.013333 ], [ 102.27125, 12.011667 ], [ 102.274583, 12.013306 ], [ 102.27125, 12.013333 ] ], [ [ 109.205833, 11.816222 ], [ 109.204556, 11.815 ], [ 109.208722, 11.814167 ], [ 109.205833, 11.816222 ] ], [ [ 104.573306, 8.877944 ], [ 104.572889, 8.877472 ], [ 104.577889, 8.876611 ], [ 104.573306, 8.877944 ] ], [ [ 108.039556, 3.704972 ], [ 108.039556, 3.70325 ], [ 108.042917, 3.703278 ], [ 108.039556, 3.704972 ] ], [ [ 107.972056, 3.870806 ], [ 107.972056, 3.869139 ], [ 107.975417, 3.869111 ], [ 107.972056, 3.870806 ] ], [ [ 108.372889, 3.901611 ], [ 108.372861, 3.899944 ], [ 108.376222, 3.899972 ], [ 108.372889, 3.901611 ] ], [ [ 106.554528, 8.709972 ], [ 106.554583, 8.708306 ], [ 106.557111, 8.710833 ], [ 106.554528, 8.709972 ] ], [ [ 108.198694, 3.657472 ], [ 108.198694, 3.655806 ], [ 108.202056, 3.656611 ], [ 108.198694, 3.657472 ] ], [ [ 104.389556, 9.676667 ], [ 104.389556, 9.674139 ], [ 104.392111, 9.675 ], [ 104.389556, 9.676667 ] ], [ [ 108.88625, 2.920806 ], [ 108.88625, 2.92 ], [ 108.890417, 2.919972 ], [ 108.88625, 2.920806 ] ], [ [ 107.993722, 3.804167 ], [ 107.993722, 3.802444 ], [ 107.996222, 3.804972 ], [ 107.993722, 3.804167 ] ], [ [ 108.172861, 3.802444 ], [ 108.172861, 3.801639 ], [ 108.176222, 3.799917 ], [ 108.172861, 3.802444 ] ], [ [ 108.322889, 3.715806 ], [ 108.322889, 3.714944 ], [ 108.326222, 3.715833 ], [ 108.322889, 3.715806 ] ], [ [ 104.368778, 9.709194 ], [ 104.368722, 9.707472 ], [ 104.371222, 9.706667 ], [ 104.368778, 9.709194 ] ], [ [ 102.418722, 11.92 ], [ 102.418722, 11.918333 ], [ 102.422056, 11.918306 ], [ 102.418722, 11.92 ] ], [ [ 108.906222, 2.870778 ], [ 108.906222, 2.87 ], [ 108.91125, 2.870806 ], [ 108.906222, 2.870778 ] ], [ [ 102.469556, 11.925778 ], [ 102.469556, 11.924194 ], [ 102.472944, 11.924972 ], [ 102.469556, 11.925778 ] ], [ [ 106.541222, 9.999167 ], [ 106.541194, 9.9975 ], [ 106.544583, 9.998278 ], [ 106.541222, 9.999167 ] ], [ [ 108.100806, 10.911222 ], [ 108.099611, 10.909972 ], [ 108.103778, 10.910806 ], [ 108.100806, 10.911222 ] ], [ [ 102.462861, 11.833306 ], [ 102.462889, 11.830833 ], [ 102.465417, 11.833333 ], [ 102.462861, 11.833306 ] ], [ [ 102.404611, 11.817444 ], [ 102.404583, 11.815833 ], [ 102.407917, 11.815833 ], [ 102.404611, 11.817444 ] ], [ [ 103.156222, 10.849972 ], [ 103.156222, 10.849167 ], [ 103.159611, 10.847444 ], [ 103.156222, 10.849972 ] ], [ [ 102.411222, 11.935806 ], [ 102.41125, 11.934139 ], [ 102.414556, 11.935778 ], [ 102.411222, 11.935806 ] ], [ [ 102.449583, 11.959167 ], [ 102.449583, 11.958306 ], [ 102.452917, 11.958333 ], [ 102.449583, 11.959167 ] ], [ [ 102.340389, 11.921667 ], [ 102.340417, 11.919944 ], [ 102.343722, 11.921639 ], [ 102.340389, 11.921667 ] ], [ [ 109.39625, 12.546639 ], [ 109.396278, 12.545833 ], [ 109.399583, 12.5475 ], [ 109.39625, 12.546639 ] ], [ [ 109.310361, 12.635806 ], [ 109.310389, 12.634944 ], [ 109.313694, 12.636639 ], [ 109.310361, 12.635806 ] ], [ [ 104.407889, 9.681694 ], [ 104.407889, 9.680833 ], [ 104.41125, 9.6825 ], [ 104.407889, 9.681694 ] ], [ [ 108.382056, 3.884944 ], [ 108.382056, 3.882472 ], [ 108.384556, 3.883278 ], [ 108.382056, 3.884944 ] ], [ [ 107.43875, 4.072444 ], [ 107.43875, 4.071639 ], [ 107.442083, 4.073306 ], [ 107.43875, 4.072444 ] ], [ [ 108.398722, 3.779111 ], [ 108.398722, 3.778306 ], [ 108.401222, 3.780778 ], [ 108.398722, 3.779111 ] ], [ [ 103.099972, 11.11125 ], [ 103.09875, 11.109972 ], [ 103.102083, 11.109139 ], [ 103.099972, 11.11125 ] ], [ [ 106.09125, 8.5775 ], [ 106.091222, 8.575833 ], [ 106.093778, 8.575833 ], [ 106.09125, 8.5775 ] ], [ [ 109.464611, 12.564139 ], [ 109.464528, 12.562472 ], [ 109.467917, 12.563278 ], [ 109.464611, 12.564139 ] ], [ [ 109.245389, 11.864167 ], [ 109.245389, 11.8625 ], [ 109.248722, 11.863333 ], [ 109.245389, 11.864167 ] ], [ [ 107.928722, 3.882472 ], [ 107.928722, 3.881667 ], [ 107.932056, 3.881667 ], [ 107.928722, 3.882472 ] ], [ [ 103.077083, 11.451639 ], [ 103.077083, 11.450861 ], [ 103.081278, 11.450806 ], [ 103.077083, 11.451639 ] ], [ [ 102.267083, 12.019139 ], [ 102.267028, 12.017472 ], [ 102.270417, 12.017444 ], [ 102.267083, 12.019139 ] ], [ [ 104.507944, 10.151667 ], [ 104.507944, 10.150806 ], [ 104.511222, 10.150806 ], [ 104.507944, 10.151667 ] ], [ [ 109.345417, 12.189167 ], [ 109.345417, 12.188306 ], [ 109.34875, 12.187472 ], [ 109.345417, 12.189167 ] ], [ [ 104.32125, 10.359167 ], [ 104.32125, 10.3575 ], [ 104.32375, 10.3575 ], [ 104.32125, 10.359167 ] ], [ [ 107.95125, 3.943333 ], [ 107.95125, 3.942472 ], [ 107.954556, 3.941667 ], [ 107.95125, 3.943333 ] ], [ [ 104.535, 10.142056 ], [ 104.534556, 10.141667 ], [ 104.536639, 10.137917 ], [ 104.535, 10.142056 ] ], [ [ 103.099611, 11.050806 ], [ 103.099611, 11.05 ], [ 103.101667, 11.04875 ], [ 103.099611, 11.050806 ] ], [ [ 106.679139, 8.650361 ], [ 106.677917, 8.649167 ], [ 106.680806, 8.647889 ], [ 106.679139, 8.650361 ] ], [ [ 109.307917, 12.598306 ], [ 109.307944, 12.597444 ], [ 109.310389, 12.595806 ], [ 109.307917, 12.598306 ] ], [ [ 104.501278, 10.139139 ], [ 104.501222, 10.137472 ], [ 104.503694, 10.14 ], [ 104.501278, 10.139139 ] ], [ [ 104.574611, 10.178306 ], [ 104.574611, 10.176694 ], [ 104.577028, 10.176694 ], [ 104.574611, 10.178306 ] ], [ [ 112.578722, 3.01 ], [ 112.578722, 3.008333 ], [ 112.581278, 3.008333 ], [ 112.578722, 3.01 ] ], [ [ 108.074556, 3.786611 ], [ 108.073694, 3.785806 ], [ 108.077083, 3.78575 ], [ 108.074556, 3.786611 ] ], [ [ 108.321194, 3.713278 ], [ 108.321222, 3.711611 ], [ 108.323722, 3.713278 ], [ 108.321194, 3.713278 ] ], [ [ 104.867056, 8.418306 ], [ 104.867056, 8.416639 ], [ 104.869611, 8.416639 ], [ 104.867056, 8.418306 ] ], [ [ 108.878694, 3.067444 ], [ 108.878694, 3.066667 ], [ 108.882083, 3.068278 ], [ 108.878694, 3.067444 ] ], [ [ 102.320833, 11.90375 ], [ 102.319556, 11.902472 ], [ 102.322472, 11.901194 ], [ 102.320833, 11.90375 ] ], [ [ 104.402056, 9.647444 ], [ 104.402056, 9.645833 ], [ 104.404583, 9.645833 ], [ 104.402056, 9.647444 ] ], [ [ 104.346222, 9.727472 ], [ 104.346222, 9.725861 ], [ 104.348778, 9.727472 ], [ 104.346222, 9.727472 ] ], [ [ 106.724556, 8.778306 ], [ 106.724556, 8.776639 ], [ 106.727083, 8.776639 ], [ 106.724556, 8.778306 ] ], [ [ 102.416694, 11.924556 ], [ 102.415361, 11.923333 ], [ 102.418333, 11.922056 ], [ 102.416694, 11.924556 ] ], [ [ 104.51375, 10.09 ], [ 104.51375, 10.088333 ], [ 104.516278, 10.088333 ], [ 104.51375, 10.09 ] ], [ [ 104.830417, 9.954972 ], [ 104.830417, 9.953361 ], [ 104.832917, 9.953361 ], [ 104.830417, 9.954972 ] ], [ [ 102.935861, 11.602917 ], [ 102.935389, 11.602444 ], [ 102.938694, 11.601611 ], [ 102.935861, 11.602917 ] ], [ [ 108.402111, 3.815806 ], [ 108.402111, 3.814139 ], [ 108.404611, 3.814139 ], [ 108.402111, 3.815806 ] ], [ [ 113.356222, 3.614972 ], [ 113.356222, 3.614167 ], [ 113.360417, 3.615806 ], [ 113.356222, 3.614972 ] ], [ [ 104.310444, 10.259167 ], [ 104.310444, 10.258306 ], [ 104.31375, 10.258306 ], [ 104.310444, 10.259167 ] ], [ [ 104.567083, 8.878333 ], [ 104.567083, 8.877472 ], [ 104.57125, 8.877472 ], [ 104.567083, 8.878333 ] ], [ [ 104.530417, 10.272472 ], [ 104.530417, 10.271611 ], [ 104.532917, 10.270806 ], [ 104.530417, 10.272472 ] ], [ [ 109.274556, 11.859167 ], [ 109.274556, 11.857444 ], [ 109.277056, 11.857472 ], [ 109.274556, 11.859167 ] ], [ [ 104.323722, 10.312472 ], [ 104.323722, 10.310806 ], [ 104.326222, 10.3125 ], [ 104.323722, 10.312472 ] ], [ [ 104.392917, 9.644972 ], [ 104.392917, 9.643306 ], [ 104.395417, 9.643306 ], [ 104.392917, 9.644972 ] ], [ [ 102.379583, 11.803278 ], [ 102.379583, 11.801667 ], [ 102.382083, 11.803306 ], [ 102.379583, 11.803278 ] ], [ [ 104.548778, 10.135 ], [ 104.548778, 10.134139 ], [ 104.55125, 10.135806 ], [ 104.548778, 10.135 ] ], [ [ 102.448722, 11.945 ], [ 102.448722, 11.943333 ], [ 102.451222, 11.943306 ], [ 102.448722, 11.945 ] ], [ [ 104.317056, 10.279167 ], [ 104.316194, 10.278306 ], [ 104.319556, 10.279972 ], [ 104.317056, 10.279167 ] ], [ [ 103.267083, 10.759167 ], [ 103.267083, 10.7575 ], [ 103.269583, 10.7575 ], [ 103.267083, 10.759167 ] ], [ [ 104.335444, 10.451667 ], [ 104.335444, 10.45 ], [ 104.337917, 10.45 ], [ 104.335444, 10.451667 ] ], [ [ 102.562917, 12.184944 ], [ 102.562944, 12.183333 ], [ 102.565389, 12.183306 ], [ 102.562917, 12.184944 ] ], [ [ 109.407917, 12.657472 ], [ 109.407917, 12.655806 ], [ 109.410361, 12.6575 ], [ 109.407917, 12.657472 ] ], [ [ 104.326222, 10.388361 ], [ 104.326222, 10.3875 ], [ 104.328806, 10.389167 ], [ 104.326222, 10.388361 ] ], [ [ 108.822917, 3.018333 ], [ 108.822917, 3.016667 ], [ 108.825417, 3.017472 ], [ 108.822917, 3.018333 ] ], [ [ 107.948694, 3.983306 ], [ 107.94875, 3.982472 ], [ 107.951306, 3.981667 ], [ 107.948694, 3.983306 ] ], [ [ 109.212056, 11.789972 ], [ 109.212083, 11.788306 ], [ 109.214611, 11.789111 ], [ 109.212056, 11.789972 ] ], [ [ 103.265417, 10.756611 ], [ 103.265417, 10.755028 ], [ 103.267917, 10.755833 ], [ 103.265417, 10.756611 ] ], [ [ 109.020389, 11.542472 ], [ 109.020417, 11.541611 ], [ 109.023722, 11.5425 ], [ 109.020389, 11.542472 ] ], [ [ 107.980417, 3.981667 ], [ 107.980417, 3.980806 ], [ 107.982889, 3.982472 ], [ 107.980417, 3.981667 ] ], [ [ 108.304556, 10.909139 ], [ 108.304583, 10.907472 ], [ 108.307111, 10.9075 ], [ 108.304556, 10.909139 ] ], [ [ 108.372889, 11.024972 ], [ 108.372889, 11.024167 ], [ 108.37625, 11.024139 ], [ 108.372889, 11.024972 ] ], [ [ 102.392917, 11.776667 ], [ 102.392889, 11.775 ], [ 102.395389, 11.774972 ], [ 102.392917, 11.776667 ] ], [ [ 103.459528, 10.634944 ], [ 103.459528, 10.634167 ], [ 103.462083, 10.635833 ], [ 103.459528, 10.634944 ] ], [ [ 109.024556, 11.540778 ], [ 109.024556, 11.539972 ], [ 109.027056, 11.539139 ], [ 109.024556, 11.540778 ] ], [ [ 102.52625, 11.855833 ], [ 102.526222, 11.854167 ], [ 102.528722, 11.855 ], [ 102.52625, 11.855833 ] ], [ [ 102.391278, 11.989167 ], [ 102.391306, 11.9875 ], [ 102.393778, 11.989111 ], [ 102.391278, 11.989167 ] ], [ [ 106.62625, 8.639167 ], [ 106.626222, 8.638306 ], [ 106.628722, 8.6375 ], [ 106.62625, 8.639167 ] ], [ [ 104.494611, 9.970833 ], [ 104.494611, 9.969972 ], [ 104.497111, 9.969167 ], [ 104.494611, 9.970833 ] ], [ [ 109.266667, 12.676222 ], [ 109.266194, 12.675833 ], [ 109.270417, 12.675861 ], [ 109.266667, 12.676222 ] ], [ [ 103.816278, 10.353306 ], [ 103.816222, 10.351639 ], [ 103.818722, 10.351667 ], [ 103.816278, 10.353306 ] ], [ [ 109.30875, 12.474972 ], [ 109.30875, 12.474167 ], [ 109.312083, 12.474139 ], [ 109.30875, 12.474972 ] ], [ [ 103.817972, 10.374167 ], [ 103.817972, 10.373306 ], [ 103.820417, 10.3725 ], [ 103.817972, 10.374167 ] ], [ [ 103.660389, 10.744167 ], [ 103.660389, 10.743306 ], [ 103.662917, 10.744972 ], [ 103.660389, 10.744167 ] ], [ [ 109.325389, 12.729139 ], [ 109.325389, 12.727528 ], [ 109.327944, 12.729139 ], [ 109.325389, 12.729139 ] ], [ [ 103.059139, 10.91125 ], [ 103.057889, 10.909972 ], [ 103.06125, 10.91 ], [ 103.059139, 10.91125 ] ], [ [ 104.474944, 10.072083 ], [ 104.47375, 10.070806 ], [ 104.477111, 10.070806 ], [ 104.474944, 10.072083 ] ], [ [ 104.218722, 10.462472 ], [ 104.218722, 10.461667 ], [ 104.222111, 10.461667 ], [ 104.218722, 10.462472 ] ], [ [ 113.210417, 3.436611 ], [ 113.210417, 3.435833 ], [ 113.212917, 3.437472 ], [ 113.210417, 3.436611 ] ], [ [ 102.528722, 11.853333 ], [ 102.52875, 11.851611 ], [ 102.531222, 11.853306 ], [ 102.528722, 11.853333 ] ], [ [ 103.120806, 10.877056 ], [ 103.120417, 10.876667 ], [ 103.123722, 10.875833 ], [ 103.120806, 10.877056 ] ], [ [ 104.547083, 10.138278 ], [ 104.547083, 10.137472 ], [ 104.550389, 10.137472 ], [ 104.547083, 10.138278 ] ], [ [ 104.341222, 10.457472 ], [ 104.341222, 10.456667 ], [ 104.343778, 10.455806 ], [ 104.341222, 10.457472 ] ], [ [ 107.992472, 3.810361 ], [ 107.992083, 3.809972 ], [ 107.995389, 3.809167 ], [ 107.992472, 3.810361 ] ], [ [ 109.334556, 12.738306 ], [ 109.334556, 12.736639 ], [ 109.337056, 12.738333 ], [ 109.334556, 12.738306 ] ], [ [ 104.407083, 9.679167 ], [ 104.407083, 9.6775 ], [ 104.409583, 9.678306 ], [ 104.407083, 9.679167 ] ], [ [ 109.206611, 12.400389 ], [ 109.20625, 12.399972 ], [ 109.209556, 12.399139 ], [ 109.206611, 12.400389 ] ], [ [ 109.175833, 12.444556 ], [ 109.175417, 12.444139 ], [ 109.1775, 12.442083 ], [ 109.175833, 12.444556 ] ], [ [ 103.865028, 10.298694 ], [ 103.86375, 10.2975 ], [ 103.86625, 10.296639 ], [ 103.865028, 10.298694 ] ], [ [ 108.027056, 3.784111 ], [ 108.027056, 3.783306 ], [ 108.029583, 3.78325 ], [ 108.027056, 3.784111 ] ], [ [ 104.506222, 10.123361 ], [ 104.506222, 10.1225 ], [ 104.508778, 10.124167 ], [ 104.506222, 10.123361 ] ], [ [ 108.887889, 2.9175 ], [ 108.887889, 2.916694 ], [ 108.890417, 2.916694 ], [ 108.887889, 2.9175 ] ], [ [ 109.317056, 12.169194 ], [ 109.317056, 12.168333 ], [ 109.319583, 12.168333 ], [ 109.317056, 12.169194 ] ], [ [ 104.322472, 10.354583 ], [ 104.32125, 10.353306 ], [ 104.323361, 10.352056 ], [ 104.322472, 10.354583 ] ], [ [ 104.400417, 10.145806 ], [ 104.400417, 10.145 ], [ 104.402889, 10.145 ], [ 104.400417, 10.145806 ] ], [ [ 104.477944, 10.0575 ], [ 104.477056, 10.056639 ], [ 104.479556, 10.058361 ], [ 104.477944, 10.0575 ] ], [ [ 109.177889, 12.409944 ], [ 109.177889, 12.409139 ], [ 109.180389, 12.409972 ], [ 109.177889, 12.409944 ] ], [ [ 109.031278, 11.536639 ], [ 109.031222, 11.535833 ], [ 109.033722, 11.535806 ], [ 109.031278, 11.536639 ] ], [ [ 104.641306, 10.135806 ], [ 104.641306, 10.134139 ], [ 104.643778, 10.134139 ], [ 104.641306, 10.135806 ] ], [ [ 107.842028, 3.409139 ], [ 107.842028, 3.408333 ], [ 107.844583, 3.409111 ], [ 107.842028, 3.409139 ] ], [ [ 103.717917, 10.551667 ], [ 103.717944, 10.550861 ], [ 103.719611, 10.552472 ], [ 103.717917, 10.551667 ] ], [ [ 107.952889, 10.704167 ], [ 107.952889, 10.703306 ], [ 107.954556, 10.7025 ], [ 107.952889, 10.704167 ] ], [ [ 102.397944, 11.782444 ], [ 102.397944, 11.781639 ], [ 102.400389, 11.781611 ], [ 102.397944, 11.782444 ] ], [ [ 108.273778, 3.723306 ], [ 108.273722, 3.722444 ], [ 108.275361, 3.721639 ], [ 108.273778, 3.723306 ] ], [ [ 107.967111, 10.696639 ], [ 107.967111, 10.695833 ], [ 107.969583, 10.696667 ], [ 107.967111, 10.696639 ] ] ], [ [ [ 111.340954155941034, 2.152464512809235 ], [ 111.336714726769458, 2.152417674592952 ], [ 111.340833, 2.160361 ], [ 111.348361, 2.161222 ], [ 111.352453006281209, 2.15263496947144 ], [ 111.351207441491326, 2.152612711710863 ], [ 111.340954155941034, 2.152464512809235 ] ] ], [ [ [ 111.238379323791719, 2.152895838297493 ], [ 111.228135489350834, 2.1531291127209 ], [ 111.217892642203253, 2.153397793149873 ], [ 111.208620476177984, 2.15367186955931 ], [ 111.209972, 2.154583 ], [ 111.231694, 2.153722 ], [ 111.236639, 2.157056 ], [ 111.250833, 2.155389 ], [ 111.257350840107776, 2.152555319110024 ], [ 111.248624787263154, 2.152695589911049 ], [ 111.238379323791719, 2.152895838297493 ] ] ], [ [ [ 111.203306, 2.157917 ], [ 111.204366949910579, 2.153809361757325 ], [ 111.202410764826951, 2.153874210328337 ], [ 111.203306, 2.157917 ] ] ], [ [ [ 102.249194, 12.368722 ], [ 102.248966553258782, 12.370096963479975 ], [ 102.249666887873175, 12.370585462415725 ], [ 102.249194, 12.368722 ] ] ] ] } }
]
}
