{
"type": "FeatureCollection",
"name": "Hydrophis_bituberculatus",
"crs": { "type": "name", "properties": { "name": "urn:ogc:def:crs:OGC:1.3:CRS84" } },
"features": [
{ "type": "Feature", "properties": { "species": "Hydrophis bituberculatus", "EOO_km2": 273885.63290155225, "AOO_km2": 273932.0 }, "geometry": { "type": "Polygon", "coordinates": [ [ [ 98.912377298772427, 8.017525560883202 ], [ 98.897475027897741, 8.012559659356477 ], [ 98.882521572275294, 8.007750083476726 ], [ 98.867518571720012, 8.003097360668141 ], [ 98.852467671479971, 7.998602001154211 ], [ 98.837370522055977, 7.994264497901765 ], [ 98.822228779020591, 7.990085326566913 ], [ 98.807044102836599, 7.986064945442886 ], [ 98.791818158674829, 7.982203795409782 ], [ 98.776552616231655, 7.978502299886212 ], [ 98.761249149545819, 7.974960864782871 ], [ 98.745909436814912, 7.97157987845803 ], [ 98.730535160211303, 7.968359711674936 ], [ 98.715128005697665, 7.965300717561168 ], [ 98.699689662842104, 7.962403231569899 ], [ 98.6842218246329, 7.959667571443123 ], [ 98.668726187292805, 7.957094037176798 ], [ 98.653204450093099, 7.954682910987959 ], [ 98.637658315167158, 7.952434457283764 ], [ 98.622089487323876, 7.950348922632497 ], [ 98.615566045739115, 7.949544514122498 ], [ 98.617028, 7.9625 ], [ 98.614611, 7.981639 ], [ 98.609583, 7.985806 ], [ 98.607889, 7.994139 ], [ 98.607083, 7.994944 ], [ 98.604556, 8.025778 ], [ 98.606222, 8.0325 ], [ 98.614583, 8.0425 ], [ 98.597056, 8.060806 ], [ 98.597083, 8.07 ], [ 98.602028, 8.08 ], [ 98.590833, 8.074528 ], [ 98.575833, 8.077028 ], [ 98.558361, 8.08875 ], [ 98.531639, 8.114556 ], [ 98.537056, 8.100833 ], [ 98.534583, 8.099167 ], [ 98.535389, 8.091639 ], [ 98.528333, 8.09375 ], [ 98.527056, 8.0875 ], [ 98.535444, 8.075 ], [ 98.535361, 8.069139 ], [ 98.544139, 8.065417 ], [ 98.546222, 8.061667 ], [ 98.542944, 8.061667 ], [ 98.54375, 8.058278 ], [ 98.547528, 8.052889 ], [ 98.552111, 8.0525 ], [ 98.549556, 8.046694 ], [ 98.557111, 8.033306 ], [ 98.557889, 8.025833 ], [ 98.562083, 8.025 ], [ 98.564111, 8.032917 ], [ 98.569972, 8.032056 ], [ 98.580389, 8.019139 ], [ 98.591222, 8.011639 ], [ 98.592083, 7.995778 ], [ 98.584583, 7.986639 ], [ 98.58, 7.982917 ], [ 98.575, 7.990361 ], [ 98.568722, 7.989167 ], [ 98.57375, 7.970778 ], [ 98.567889, 7.960778 ], [ 98.567889, 7.955778 ], [ 98.571679342140854, 7.944743934993769 ], [ 98.559621426120216, 7.943640280102667 ], [ 98.543964786364157, 7.942372413096919 ], [ 98.528295728242, 7.941268568560634 ], [ 98.512615970042575, 7.940328867542807 ], [ 98.496927231228057, 7.93955341309224 ], [ 98.48123123224542, 7.938942290246256 ], [ 98.465529694337874, 7.938495566021359 ], [ 98.44982433935597, 7.938213289405897 ], [ 98.442008698330667, 7.938154675990335 ], [ 98.44, 7.945417 ], [ 98.430889, 7.940417 ], [ 98.420833, 7.942917 ], [ 98.418614913750332, 7.938141572882252 ], [ 98.418409067475423, 7.938142184785592 ], [ 98.405526707590056, 7.938315393263778 ], [ 98.400417, 7.944139 ], [ 98.39625, 7.967472 ], [ 98.397917, 7.978333 ], [ 98.408306, 7.987917 ], [ 98.417472, 7.98875 ], [ 98.423306, 7.982889 ], [ 98.428722, 7.985833 ], [ 98.415417, 8.0 ], [ 98.415417, 8.024167 ], [ 98.422056, 8.039167 ], [ 98.425389, 8.039972 ], [ 98.424167, 8.044583 ], [ 98.436222, 8.038333 ], [ 98.435389, 8.059111 ], [ 98.439944, 8.064528 ], [ 98.446611, 8.064528 ], [ 98.447917, 8.07 ], [ 98.44125, 8.077444 ], [ 98.445361, 8.093306 ], [ 98.438333, 8.09875 ], [ 98.428306, 8.100417 ], [ 98.427056, 8.093278 ], [ 98.421639, 8.086222 ], [ 98.415833, 8.084611 ], [ 98.411722, 8.079583 ], [ 98.407889, 8.080806 ], [ 98.407528, 8.083722 ], [ 98.400778, 8.080389 ], [ 98.390806, 8.084556 ], [ 98.38625, 8.093333 ], [ 98.379556, 8.098333 ], [ 98.376639, 8.118722 ], [ 98.371694, 8.118694 ], [ 98.355833, 8.109556 ], [ 98.350444, 8.117472 ], [ 98.349583, 8.133306 ], [ 98.352056, 8.139111 ], [ 98.347083, 8.146639 ], [ 98.34375, 8.17 ], [ 98.3325, 8.173722 ], [ 98.318306, 8.186222 ], [ 98.314167, 8.184556 ], [ 98.31, 8.190389 ], [ 98.304528, 8.191667 ], [ 98.304167, 8.197056 ], [ 98.289972, 8.198694 ], [ 98.288722, 8.190833 ], [ 98.302889, 8.1425 ], [ 98.306222, 8.107528 ], [ 98.30125, 8.0975 ], [ 98.30125, 8.088333 ], [ 98.289167, 8.084583 ], [ 98.275389, 8.073333 ], [ 98.275417, 8.066639 ], [ 98.279583, 8.060833 ], [ 98.277889, 8.0575 ], [ 98.28125, 8.056639 ], [ 98.28125, 8.053306 ], [ 98.280417, 8.0425 ], [ 98.275389, 8.0375 ], [ 98.280028, 8.032056 ], [ 98.284583, 8.031667 ], [ 98.284972, 8.027861 ], [ 98.29, 8.02875 ], [ 98.29375, 8.024972 ], [ 98.297056, 8.004167 ], [ 98.295389, 8.0 ], [ 98.295444, 7.994139 ], [ 98.289972, 7.983722 ], [ 98.274528, 7.986694 ], [ 98.280417, 7.976639 ], [ 98.279611, 7.968306 ], [ 98.286222, 7.96 ], [ 98.286222, 7.950806 ], [ 98.266914594357331, 7.947081168333858 ], [ 98.26168910559214, 7.947646099246061 ], [ 98.246090749727529, 7.949497895540529 ], [ 98.230512640741679, 7.951512932915015 ], [ 98.214956486949802, 7.953690990397961 ], [ 98.199423994259476, 7.956031829140822 ], [ 98.183916865983534, 7.958535192444249 ], [ 98.16843680265336, 7.961200805786247 ], [ 98.152985501832319, 7.964028376852274 ], [ 98.137564657929701, 7.967017595567297 ], [ 98.122175962014794, 7.970168134129802 ], [ 98.10682110163151, 7.973479647047728 ], [ 98.091501760613355, 7.976951771176369 ], [ 98.076219618898676, 7.980584125758186 ], [ 98.060976352346543, 7.984376312464567 ], [ 98.045773632552908, 7.988327915439505 ], [ 98.030613126667305, 7.992438501345204 ], [ 98.015496497210066, 7.996707619409596 ], [ 98.000425401889942, 8.001134801475779 ], [ 97.985401493422373, 8.005719562053345 ], [ 97.970426419348229, 8.010461398371637 ], [ 97.955501821853147, 8.015359790434863 ], [ 97.94062933758741, 8.020414201079134 ], [ 97.925810597486532, 8.025624076031367 ], [ 97.911047226592345, 8.030988843970061 ], [ 97.896340843874839, 8.036507916587956 ], [ 97.881693062054609, 8.042180688656547 ], [ 97.867105487425988, 8.048006538092451 ], [ 97.852579719680918, 8.053984826025623 ], [ 97.838117351733544, 8.060114896869424 ], [ 97.823719969545465, 8.066396078392506 ], [ 97.809389151951891, 8.072827681792532 ], [ 97.795126470488469, 8.079409001771712 ], [ 97.780933489218953, 8.086139316614144 ], [ 97.766811764563656, 8.093017888264965 ], [ 97.752762845128842, 8.100043962411277 ], [ 97.738788271536833, 8.107216768564875 ], [ 97.724889576257112, 8.114535520146731 ], [ 97.711068283438237, 8.121999414573262 ], [ 97.697325908740723, 8.129607633344332 ], [ 97.683663959170815, 8.137359342133015 ], [ 97.670083932915233, 8.145253690877091 ], [ 97.656587319176893, 8.153289813872258 ], [ 97.643175598011581, 8.16146682986707 ], [ 97.640016147544841, 8.163438798550635 ], [ 97.639558608166254, 8.164299320364002 ], [ 97.635941456140714, 8.171147423015562 ], [ 97.632395259883978, 8.177908815166052 ], [ 97.628922512585504, 8.184579150097692 ], [ 97.625522730072859, 8.191159689391212 ], [ 97.622196073816198, 8.197650274491497 ], [ 97.618941237767473, 8.204054217683337 ], [ 97.615760318390443, 8.210365813129094 ], [ 97.612650668089501, 8.216590582146553 ], [ 97.609612214372063, 8.222729244852021 ], [ 97.606643759264841, 8.228781893660184 ], [ 97.603745311622788, 8.234749690729819 ], [ 97.600915304137459, 8.240633267155776 ], [ 97.598152745233776, 8.246434582335025 ], [ 97.59545488293513, 8.252158873178253 ], [ 97.592820702683611, 8.257805650224642 ], [ 97.59024813696, 8.263378766988035 ], [ 97.587735004051837, 8.268882197588677 ], [ 97.585280086417356, 8.274315874829387 ], [ 97.582881095936401, 8.279683934756898 ], [ 97.580535668668688, 8.284990607007812 ], [ 97.578242508225131, 8.290236085804757 ], [ 97.57599883736647, 8.295426053779593 ], [ 97.573802270910321, 8.300563456131393 ], [ 97.571651980455314, 8.305648353895702 ], [ 97.569545168409832, 8.310686458966563 ], [ 97.567480209323804, 8.315679368132432 ], [ 97.565454689310315, 8.320631458063993 ], [ 97.563467015990042, 8.325544342042384 ], [ 97.56151645503796, 8.330418089901608 ], [ 97.559599136336573, 8.335260977373611 ], [ 97.557713430098715, 8.340074543294714 ], [ 97.555859009771481, 8.344858614061602 ], [ 97.554032563227551, 8.349619957432495 ], [ 97.552233717158316, 8.354357360136184 ], [ 97.55046180990027, 8.359071498756384 ], [ 97.548714531553557, 8.363767129350714 ], [ 97.54699119591892, 8.368445085543598 ], [ 97.545289259931792, 8.373110179988819 ], [ 97.543608203357977, 8.377763033590499 ], [ 97.541947565354903, 8.382404200253843 ], [ 97.54030469966419, 8.387039369645128 ], [ 97.538680707380976, 8.391665062927515 ], [ 97.537073729204891, 8.396285388670464 ], [ 97.535482081546959, 8.400904307803559 ], [ 97.533906623643404, 8.405519342793395 ], [ 97.532346473392451, 8.410131809584483 ], [ 97.530799632947208, 8.414747675761188 ], [ 97.529266803800482, 8.419364373235863 ], [ 97.527747894084996, 8.423982714268019 ], [ 97.526241435680447, 8.428606192310488 ], [ 97.524748519912578, 8.433230636467938 ], [ 97.523269569819405, 8.437855046391078 ], [ 97.521801489883103, 8.442488374233168 ], [ 97.52034552984658, 8.447126930669247 ], [ 97.518904059971959, 8.451766153347647 ], [ 97.517475386601319, 8.456410244500379 ], [ 97.516060352851525, 8.46105683972587 ], [ 97.51465801652796, 8.46570969093634 ], [ 97.513267867881169, 8.470369974803965 ], [ 97.511890916810856, 8.475034837603502 ], [ 97.510527349936481, 8.479705393115761 ], [ 97.509178682798748, 8.484376594582852 ], [ 97.507843279555459, 8.489054492511485 ], [ 97.506522774488062, 8.493733857043264 ], [ 97.505216980338432, 8.498417010020443 ], [ 97.503925589970265, 8.503103556007146 ], [ 97.50264861071966, 8.507794410452812 ], [ 97.501385165635142, 8.512492643889951 ], [ 97.500139242083776, 8.517189500951574 ], [ 97.498909431771466, 8.52188761295735 ], [ 97.497695384508049, 8.526587915976236 ], [ 97.496497633152686, 8.531290295360941 ], [ 97.495315343875617, 8.535995722243591 ], [ 97.494148605486799, 8.540703994256553 ], [ 97.492997860075846, 8.545413361806929 ], [ 97.491863349429835, 8.550125167216644 ], [ 97.490744463166607, 8.554837673326231 ], [ 97.48964267380039, 8.559548382108678 ], [ 97.488557081505704, 8.564259979667266 ], [ 97.487487314476653, 8.568974085257034 ], [ 97.486433562793621, 8.573688167828658 ], [ 97.485395387845458, 8.578403920407251 ], [ 97.484373534534683, 8.583119728472916 ], [ 97.483366353468881, 8.587838573581328 ], [ 97.482373785879233, 8.592561336398822 ], [ 97.481393420504844, 8.597293888275948 ], [ 97.480426225495023, 8.60203203549216 ], [ 97.479471722452018, 8.606775290247558 ], [ 97.478529877321179, 8.611521980884921 ], [ 97.477598365499418, 8.616279872244723 ], [ 97.476677633136134, 8.621046540726136 ], [ 97.475766755617499, 8.625823495835782 ], [ 97.474864223134546, 8.630613449615071 ], [ 97.473968966119898, 8.635419593290171 ], [ 97.473080016029613, 8.640242375775291 ], [ 97.472195671954594, 8.645086218934077 ], [ 97.47131600584747, 8.649949452849366 ], [ 97.470438685017498, 8.654836437595678 ], [ 97.469563079869062, 8.659746758952133 ], [ 97.468688397009842, 8.664682907567622 ], [ 97.467812672509993, 8.66964986273795 ], [ 97.466934188708279, 8.674646675275021 ], [ 97.466052537621721, 8.679676390026357 ], [ 97.46516574936895, 8.68474262006041 ], [ 97.46427238221645, 8.689847986952309 ], [ 97.463370978523471, 8.694995131854109 ], [ 97.46246006726777, 8.700186720893159 ], [ 97.461538025020985, 8.705427073069322 ], [ 97.460603331217911, 8.710719015255366 ], [ 97.45965479645416, 8.716062309692635 ], [ 97.458690640660706, 8.721459081526314 ], [ 97.457710136550801, 8.726912654468606 ], [ 97.456710606990711, 8.732429388600822 ], [ 97.455693051702852, 8.738004692763516 ], [ 97.454653727694421, 8.743647076314307 ], [ 97.453592369384239, 8.749356739437371 ], [ 97.452506400907566, 8.755139921830514 ], [ 97.451396012396714, 8.760993512574958 ], [ 97.450258368526818, 8.766926805185756 ], [ 97.449093954337798, 8.772934880830524 ], [ 97.447900970025756, 8.779022411039637 ], [ 97.446677821385066, 8.78519376178027 ], [ 97.445425058907915, 8.791443531112208 ], [ 97.444140440203896, 8.797779997908533 ], [ 97.442824333381139, 8.804200569943042 ], [ 97.441475262299946, 8.810708347935989 ], [ 97.440093618188271, 8.817301869132363 ], [ 97.438678365957713, 8.823982121534028 ], [ 97.437229772351643, 8.830750384712331 ], [ 97.43574726582176, 8.83760544005659 ], [ 97.434231361539545, 8.844548096410257 ], [ 97.432681784130352, 8.851576522152575 ], [ 97.431099328708669, 8.858690982448399 ], [ 97.429483112315395, 8.865893023429974 ], [ 97.427833982126813, 8.873185983306335 ], [ 97.426154053516896, 8.8805568231201 ], [ 97.424444963925225, 8.888003135379179 ], [ 97.422706854989755, 8.895524364154936 ], [ 97.420940606731378, 8.903121290241886 ], [ 97.419147390536224, 8.910793107231044 ], [ 97.417329626382411, 8.918529586956025 ], [ 97.415489139779481, 8.926326542685366 ], [ 97.413627377952537, 8.934183630873875 ], [ 97.411746344583349, 8.942096789835523 ], [ 97.409848172576829, 8.950061737758331 ], [ 97.407934958405193, 8.958073683477647 ], [ 97.406008994464585, 8.966129279866383 ], [ 97.40407278139557, 8.974223679568656 ], [ 97.402129412222379, 8.982348957927798 ], [ 97.400181170701927, 8.990501673474542 ], [ 97.398231042486913, 8.998675163795815 ], [ 97.396281212746004, 9.006867310998711 ], [ 97.39433535559381, 9.015068371730454 ], [ 97.392395683470184, 9.02327637454724 ], [ 97.390465033813769, 9.031486139020339 ], [ 97.38854620594897, 9.039694365152204 ], [ 97.386641975527283, 9.047898289303976 ], [ 97.384755211822466, 9.056089569234228 ], [ 97.382888657813268, 9.064263523984293 ], [ 97.381044994084533, 9.072415663377123 ], [ 97.379226845540444, 9.080541616574157 ], [ 97.377436858185405, 9.088633298643874 ], [ 97.375677135549267, 9.096691842242281 ], [ 97.373949951249031, 9.104715204733772 ], [ 97.37225808389195, 9.112696986403495 ], [ 97.370602746503565, 9.120643123521988 ], [ 97.368987376051393, 9.128531538440713 ], [ 97.367413472806405, 9.136370088627729 ], [ 97.365882282998243, 9.144157776610351 ], [ 97.364395793236483, 9.151889474362173 ], [ 97.362955350556433, 9.159565209871165 ], [ 97.361562600508961, 9.167182170023784 ], [ 97.360218135554234, 9.174740535102179 ], [ 97.358923156423529, 9.182241649452187 ], [ 97.357678992716814, 9.189681909162616 ], [ 97.356486023602216, 9.197062664387825 ], [ 97.355344839884424, 9.204384103704674 ], [ 97.354255818374142, 9.211648394869576 ], [ 97.353217463273367, 9.218860966282932 ], [ 97.352233232654427, 9.226011387484649 ], [ 97.351302068281655, 9.233104120882365 ], [ 97.350423534229478, 9.240141978867301 ], [ 97.349597030373758, 9.247127924940784 ], [ 97.348821226774547, 9.254062035238892 ], [ 97.348098003080338, 9.260944094561072 ], [ 97.347426017794248, 9.267777396047967 ], [ 97.346804663326395, 9.274564057803925 ], [ 97.346233593343072, 9.281304867522486 ], [ 97.345711202896481, 9.288003355290263 ], [ 97.345237605590256, 9.294661236213585 ], [ 97.344811339767645, 9.301280886471858 ], [ 97.344430953471161, 9.30786625620442 ], [ 97.344094986515458, 9.314421352948491 ], [ 97.343802898109033, 9.320943896470958 ], [ 97.343552754419605, 9.327443040079549 ], [ 97.343344072396206, 9.333918858584353 ], [ 97.343175165879103, 9.3403742832497 ], [ 97.343044073609107, 9.346811329527668 ], [ 97.342949930666549, 9.353231281711363 ], [ 97.342890666796492, 9.359637699835533 ], [ 97.342865398888648, 9.366033673700253 ], [ 97.342871928767138, 9.372421076017902 ], [ 97.342909586532514, 9.378799719509171 ], [ 97.342975913164054, 9.385176248437968 ], [ 97.343069596481286, 9.391551481609916 ], [ 97.343188919126945, 9.397925870485732 ], [ 97.343332456263951, 9.404305002665053 ], [ 97.34349875173254, 9.410687728549057 ], [ 97.343685497494747, 9.417076970304214 ], [ 97.343891438718217, 9.423474887920593 ], [ 97.344114943066714, 9.429883240666072 ], [ 97.344354383852817, 9.436303696669961 ], [ 97.344608384985548, 9.442736428488621 ], [ 97.344874856198317, 9.44918569327468 ], [ 97.345151347420355, 9.45565815282227 ], [ 97.345437603731, 9.462147471466084 ], [ 97.345732758688627, 9.4686502291406 ], [ 97.34603457103772, 9.475174857017459 ], [ 97.346342105490237, 9.481731565787037 ], [ 97.346652806998435, 9.488304464165225 ], [ 97.346965194835093, 9.494900382119027 ], [ 97.347278361432188, 9.50151884039634 ], [ 97.347590741058426, 9.508162026674237 ], [ 97.347900881006481, 9.514832126602375 ], [ 97.348207518732636, 9.521529534024678 ], [ 97.348509514815873, 9.528256344897308 ], [ 97.348805556669433, 9.535007870493084 ], [ 97.349094582695827, 9.541787650880259 ], [ 97.349375391775808, 9.548591081242066 ], [ 97.349646898448555, 9.555423398998098 ], [ 97.349908101511218, 9.562281504655221 ], [ 97.350158091108511, 9.569160756876396 ], [ 97.350395737415099, 9.576067088521855 ], [ 97.350620386606181, 9.583000620469125 ], [ 97.350831019013839, 9.589962454229388 ], [ 97.351027179315849, 9.596947596753258 ], [ 97.351207873204444, 9.603962047505529 ], [ 97.351372770502778, 9.611002372270034 ], [ 97.351520989359415, 9.618073288433022 ], [ 97.351652113427434, 9.625171075392959 ], [ 97.351766108804298, 9.632292093258373 ], [ 97.351862504130452, 9.639433969748161 ], [ 97.351940990171911, 9.646597447458108 ], [ 97.352001341208464, 9.653783508494996 ], [ 97.352043405192717, 9.660991481287127 ], [ 97.352067096061319, 9.668220665911194 ], [ 97.352072672559245, 9.675472162249322 ], [ 97.352059674578541, 9.682750323698315 ], [ 97.352028611886666, 9.690044988916673 ], [ 97.351979457268783, 9.697358545386756 ], [ 97.351912339423819, 9.704686766420695 ], [ 97.351827461682959, 9.712031656935787 ], [ 97.351724994667407, 9.719396883891042 ], [ 97.35160570644004, 9.726776828767591 ], [ 97.351469874469061, 9.734172147996738 ], [ 97.351318492461786, 9.741577777080352 ], [ 97.351151730574671, 9.748996521154375 ], [ 97.350970336608512, 9.756427702982164 ], [ 97.35077490148646, 9.763868990548966 ], [ 97.350566352841824, 9.771317963176031 ], [ 97.350344955698475, 9.778780431009229 ], [ 97.350111518660214, 9.7862540472857 ], [ 97.349866114397273, 9.793739029393649 ], [ 97.349610803563777, 9.801231025430036 ], [ 97.349347044867443, 9.808724537627024 ], [ 97.349074752654246, 9.81622596147154 ], [ 97.348795596925669, 9.823728194986925 ], [ 97.348510020194027, 9.831237532879749 ], [ 97.348219442142508, 9.838748471028875 ], [ 97.34792453605715, 9.846262592353701 ], [ 97.347625830054369, 9.853782818531631 ], [ 97.347324757962639, 9.861303758685871 ], [ 97.34702218601781, 9.868830052179355 ], [ 97.346719093682253, 9.876359711839198 ], [ 97.346416257301115, 9.883894131919062 ], [ 97.346115323481115, 9.891433408754548 ], [ 97.345816921943282, 9.898975863829733 ], [ 97.345521834557942, 9.906523036983126 ], [ 97.345231519798972, 9.914071596559412 ], [ 97.344946420760692, 9.92162317198361 ], [ 97.344667842114561, 9.929179639611412 ], [ 97.34439687198784, 9.936737762839677 ], [ 97.344133985969478, 9.944299324323463 ], [ 97.343880517390147, 9.951862946175099 ], [ 97.343637125166993, 9.95943231041398 ], [ 97.343404493027094, 9.967006057554331 ], [ 97.343183857563318, 9.974581195933222 ], [ 97.342975804650649, 9.98216135009938 ], [ 97.342781102328615, 9.989746977588446 ], [ 97.342600324708172, 9.99734021935639 ], [ 97.342434504819238, 10.004938269352358 ], [ 97.342284134058275, 10.012543397250731 ], [ 97.342149844080168, 10.02015617413476 ], [ 97.342032228874857, 10.027777189586349 ], [ 97.341931843605124, 10.035407046563677 ], [ 97.341849203507408, 10.043046355980779 ], [ 97.341784782852358, 10.050695731004618 ], [ 97.34173883524484, 10.058357608064332 ], [ 97.341711697210215, 10.066032703975834 ], [ 97.34170386453097, 10.073719949186785 ], [ 97.3417158481315, 10.081418331859762 ], [ 97.341747250654493, 10.089133400793031 ], [ 97.341798679206462, 10.096862501892105 ], [ 97.341870406855421, 10.104606118341477 ], [ 97.341962325941452, 10.1123647154628 ], [ 97.342074861197247, 10.120137078032434 ], [ 97.342207665589044, 10.127926717919593 ], [ 97.342361243998369, 10.135728880666587 ], [ 97.342535029956991, 10.143548605816049 ], [ 97.342729356874528, 10.151381116014152 ], [ 97.342943402615603, 10.159231372267318 ], [ 97.343177132036786, 10.167099276645219 ], [ 97.343430401507518, 10.174981341284665 ], [ 97.343702809697362, 10.18287894552831 ], [ 97.343993967995559, 10.190791703198697 ], [ 97.344303432398206, 10.198720734287559 ], [ 97.344630931628529, 10.206662139062573 ], [ 97.344975511044836, 10.214616741409296 ], [ 97.345336999288563, 10.222583675296036 ], [ 97.345714398785688, 10.230563607378976 ], [ 97.346107315687291, 10.238550484147973 ], [ 97.346514948561577, 10.246548032548297 ], [ 97.346936421975698, 10.254556493637814 ], [ 97.347371069382319, 10.26256772899742 ], [ 97.347818067249662, 10.270585146312076 ], [ 97.348276448077968, 10.278605335439391 ], [ 97.348745401352744, 10.286628062502732 ], [ 97.349223849879124, 10.294649697485161 ], [ 97.349710950841967, 10.302669867142427 ], [ 97.350205392789022, 10.310686158895697 ], [ 97.350705968475509, 10.318689872822091 ], [ 97.351211690722735, 10.326682441652112 ], [ 97.351721653161064, 10.334663264926244 ], [ 97.352234746409067, 10.342629927451712 ], [ 97.352749748335427, 10.35058177804201 ], [ 97.353265493042571, 10.358516431169187 ], [ 97.353780999066657, 10.366428059174968 ], [ 97.354295161529194, 10.37431757094123 ], [ 97.35480665009726, 10.382177130181086 ], [ 97.355314365630818, 10.390007511340269 ], [ 97.35581712906334, 10.39780960139961 ], [ 97.356313911899022, 10.405575800772972 ], [ 97.356803473146385, 10.413305359193785 ], [ 97.357284757024658, 10.420997574918383 ], [ 97.35775659945277, 10.428648213772137 ], [ 97.358217997063804, 10.436258678846073 ], [ 97.358667844164117, 10.44382298203846 ], [ 97.359104967098972, 10.45133216127984 ], [ 97.359528087463758, 10.45879549803157 ], [ 97.359936608864984, 10.466209761493417 ], [ 97.360329687990458, 10.473568040189793 ], [ 97.36070599371422, 10.480873971526856 ], [ 97.361065101222167, 10.48812292904362 ], [ 97.361405608583013, 10.495315068855918 ], [ 97.361727308114041, 10.502449808176126 ], [ 97.362029105576241, 10.509526023205687 ], [ 97.362310220291064, 10.516541110937736 ], [ 97.362570002205302, 10.52349811739831 ], [ 97.36280772567126, 10.530393076479436 ], [ 97.36302312191097, 10.537226115518838 ], [ 97.363214930295939, 10.54400184891489 ], [ 97.363382884911829, 10.550715402531546 ], [ 97.363526888463483, 10.55736908006414 ], [ 97.363645672595041, 10.563962749554241 ], [ 97.363739576964676, 10.570499273359511 ], [ 97.363807382852627, 10.576978652685781 ], [ 97.363849482183952, 10.583398934608168 ], [ 97.363864718343208, 10.589764105886147 ], [ 97.363853594360464, 10.596074104510873 ], [ 97.363814950696948, 10.602331472072327 ], [ 97.363748897387424, 10.608536307975276 ], [ 97.363655593323529, 10.614687221674499 ], [ 97.363533918703723, 10.620790518018417 ], [ 97.363384126123734, 10.626845103210034 ], [ 97.363206040905425, 10.6328532372941 ], [ 97.362999502446343, 10.638818688402822 ], [ 97.362764359679545, 10.644743593334571 ], [ 97.362500478014709, 10.650630172641602 ], [ 97.362207219710044, 10.656483813789285 ], [ 97.361884406129363, 10.662303752060284 ], [ 97.361532463494243, 10.668092730618653 ], [ 97.361152384053355, 10.673853494892743 ], [ 97.360743619316594, 10.679587735408534 ], [ 97.360305605639454, 10.685297763128277 ], [ 97.359837894459375, 10.690982938459365 ], [ 97.359341312186231, 10.696649732989171 ], [ 97.358815387023029, 10.702300529764024 ], [ 97.358259679547274, 10.707939383973169 ], [ 97.357675024929662, 10.713566047983923 ], [ 97.357060152075405, 10.719187516714767 ], [ 97.356416071075088, 10.724805271435885 ], [ 97.355742319576265, 10.730419727901216 ], [ 97.355039457444477, 10.736033903597962 ], [ 97.354307696508329, 10.741648368879565 ], [ 97.35354669822118, 10.747267014113262 ], [ 97.352756641042092, 10.752890678865446 ], [ 97.351937443413036, 10.758523463848586 ], [ 97.351089164612603, 10.76416767094566 ], [ 97.350211984882378, 10.769823965488639 ], [ 97.349305875147465, 10.77549631374578 ], [ 97.348370930402993, 10.781186786140212 ], [ 97.347407258883138, 10.78689737566685 ], [ 97.346414641038763, 10.792631551058996 ], [ 97.3453927227809, 10.798394841798331 ], [ 97.344341984062709, 10.804185734101809 ], [ 97.343262499322137, 10.810006134943549 ], [ 97.342155486468684, 10.815851307319182 ], [ 97.341021673445411, 10.821722514642548 ], [ 97.339860207175207, 10.827623990321772 ], [ 97.338670895340385, 10.833560342735227 ], [ 97.337454814538063, 10.839529625305302 ], [ 97.33621184870816, 10.845536161856682 ], [ 97.334942273526636, 10.851577409431561 ], [ 97.33364641393662, 10.857655973226125 ], [ 97.33232463908017, 10.863776036912686 ], [ 97.330974602510423, 10.869940726525142 ], [ 97.329599504133668, 10.876143791669664 ], [ 97.328201560087507, 10.882380588577659 ], [ 97.326779203035215, 10.88865729282573 ], [ 97.32533340153249, 10.894972638742605 ], [ 97.323863584496067, 10.901329847039131 ], [ 97.322370757397451, 10.90772737455417 ], [ 97.320855422269489, 10.914165125783031 ], [ 97.319318104586301, 10.920641122667424 ], [ 97.31775932722428, 10.92715863675199 ], [ 97.316179640277596, 10.933715563506235 ], [ 97.314579631527124, 10.940309604083046 ], [ 97.312959845514442, 10.946943794270313 ], [ 97.31131879015264, 10.953620941604866 ], [ 97.30965949127345, 10.960335883539006 ], [ 97.307982496071844, 10.967089485523076 ], [ 97.306287576586882, 10.97388183889708 ], [ 97.304576320827849, 10.980705288486766 ], [ 97.302847119836585, 10.987567806603037 ], [ 97.301102562274778, 10.994462371618697 ], [ 97.299344116846186, 11.001389476686599 ], [ 97.297570661823428, 11.008348746324577 ], [ 97.295784002505982, 11.015327172723522 ], [ 97.293984432895442, 11.02233259592861 ], [ 97.292171664965011, 11.029367129536025 ], [ 97.290347094916555, 11.036426142680211 ], [ 97.288510418129718, 11.04351173363693 ], [ 97.286663054024814, 11.050617409532805 ], [ 97.28480470381858, 11.057745321118977 ], [ 97.282934367902399, 11.064903666143772 ], [ 97.281054553341008, 11.072080860987297 ], [ 97.279166165270482, 11.079273273520513 ], [ 97.277268835472228, 11.0864829908197 ], [ 97.275362937415977, 11.093708660887893 ], [ 97.273448410018148, 11.100950864776394 ], [ 97.271525489283377, 11.108208441417384 ], [ 97.269595809016394, 11.115472962028031 ], [ 97.267658349542472, 11.122751701032902 ], [ 97.265713567844088, 11.130041036870113 ], [ 97.263761660654779, 11.137339693701854 ], [ 97.261803207788944, 11.144642564434266 ], [ 97.259837147618981, 11.151955955620267 ], [ 97.257864307239672, 11.159273803440572 ], [ 97.255887196115935, 11.166581868519906 ], [ 97.253903305053569, 11.173895107093674 ], [ 97.251913314501266, 11.181206509363331 ], [ 97.249916679467205, 11.188524473536603 ], [ 97.247913907612443, 11.195839223822954 ], [ 97.245905383806004, 11.203142414206503 ], [ 97.243890546097873, 11.210442928631069 ], [ 97.241869948200005, 11.217735859613493 ], [ 97.239842889947326, 11.225021686219421 ], [ 97.237809661427491, 11.232299592152483 ], [ 97.235770417539086, 11.239566454762791 ], [ 97.233724845100298, 11.246825168536075 ], [ 97.231673098245622, 11.254072780326988 ], [ 97.229614691967043, 11.261310117383768 ], [ 97.227550638320665, 11.268532429772833 ], [ 97.225479827420372, 11.275744368679172 ], [ 97.223403636430078, 11.282937312547617 ], [ 97.221321010229374, 11.290116043025572 ], [ 97.219231862715048, 11.297281661889356 ], [ 97.217136423788418, 11.304431739018282 ], [ 97.215034420411669, 11.311567485642179 ], [ 97.212926016860933, 11.318686633468939 ], [ 97.210811227565429, 11.325789354004829 ], [ 97.208694890905775, 11.332857886020385 ], [ 97.206574001307331, 11.339903755334833 ], [ 97.204448379795735, 11.346930266299694 ], [ 97.202318608224274, 11.353934914326141 ], [ 97.200183186208832, 11.360924794157961 ], [ 97.198042594278121, 11.367898739101514 ], [ 97.195899967829533, 11.374844624010816 ], [ 97.193756868589816, 11.381760264733547 ], [ 97.191611300322378, 11.388654001718804 ], [ 97.189464772731483, 11.395522078668524 ], [ 97.187316436017781, 11.402369443305593 ], [ 97.185165398258547, 11.409203375418251 ], [ 97.183014994716586, 11.416011558988082 ], [ 97.18086629262335, 11.422792123393881 ], [ 97.178721119484649, 11.429541764698557 ], [ 97.176579006736716, 11.436265446651438 ], [ 97.17443981476444, 11.442966852896683 ], [ 97.172305109956, 11.44964236862392 ], [ 97.170175294894264, 11.456294214393587 ], [ 97.168051184427739, 11.462922693678768 ], [ 97.165934093528278, 11.469526225174349 ], [ 97.163823447782647, 11.47611067341092 ], [ 97.161721520788973, 11.482671196161773 ], [ 97.159628208057455, 11.489211637370298 ], [ 97.15754476898374, 11.495731238797951 ], [ 97.155472059088069, 11.502230531436483 ], [ 97.153410940112764, 11.508710078116419 ], [ 97.151362279171522, 11.515170470005243 ], [ 97.149326913281527, 11.521612322848805 ], [ 97.147305666471865, 11.528036259562246 ], [ 97.145299707286583, 11.534441186986253 ], [ 97.143309439614256, 11.540829414941449 ], [ 97.141335270560575, 11.547203309215496 ], [ 97.139376237537164, 11.553567130730571 ], [ 97.137435256139085, 11.559915298626848 ], [ 97.135514969447883, 11.566243404584784 ], [ 97.133614092750506, 11.572557745095184 ], [ 97.131733507736399, 11.578857304110766 ], [ 97.129873214987668, 11.585146036737365 ], [ 97.128033496336485, 11.591424629535869 ], [ 97.126215945212451, 11.597690032408124 ], [ 97.124420466709623, 11.603944692924914 ], [ 97.122646982993771, 11.610191010512063 ], [ 97.120896882937942, 11.616425866424116 ], [ 97.119169501736579, 11.622653381487629 ], [ 97.117465607413507, 11.628872169692663 ], [ 97.115785683170216, 11.635082517799466 ], [ 97.114130136418467, 11.641281824926216 ], [ 97.112498897203324, 11.647472146942922 ], [ 97.110891191565372, 11.653657480202131 ], [ 97.109307917915274, 11.659834415451863 ], [ 97.107748057088898, 11.66600849519604 ], [ 97.10621236913596, 11.672176321659947 ], [ 97.104697973683102, 11.678354231523612 ], [ 97.103206797605253, 11.684528507343398 ], [ 97.101741073584122, 11.690683868948385 ], [ 97.100298194537402, 11.696834980045287 ], [ 97.098879761895759, 11.702973508784154 ], [ 97.097483891645453, 11.709106634223122 ], [ 97.096110217405268, 11.715234299989172 ], [ 97.094758331574937, 11.721356419315741 ], [ 97.09342778697399, 11.727472876403684 ], [ 97.092116633412743, 11.733588471771755 ], [ 97.090825475418569, 11.739699110381274 ], [ 97.089552960145369, 11.745808906319853 ], [ 97.088301035956661, 11.751907480340467 ], [ 97.087069302694204, 11.7579936976705 ], [ 97.085855827550745, 11.764071899480136 ], [ 97.084659951618534, 11.770141794671726 ], [ 97.083480275129034, 11.776205924866094 ], [ 97.082316442262908, 11.782262535490522 ], [ 97.081167326986815, 11.788312809975336 ], [ 97.080032579402669, 11.794354895685048 ], [ 97.078911531966313, 11.800387990318203 ], [ 97.077803305480487, 11.806412109153982 ], [ 97.076707095129592, 11.812426961169056 ], [ 97.075622901741525, 11.818429184302234 ], [ 97.074548780069378, 11.824422916762531 ], [ 97.07348465419507, 11.830405032933164 ], [ 97.072429760163359, 11.836375190803981 ], [ 97.071381619509921, 11.842339154408114 ], [ 97.070340575793551, 11.848292275817251 ], [ 97.069306259360175, 11.854232848297741 ], [ 97.068277081716673, 11.86016326283527 ], [ 97.067253192305884, 11.866080219016666 ], [ 97.066233321924813, 11.871985150705436 ], [ 97.065216329163036, 11.877878883071961 ], [ 97.064202859294554, 11.883757043317635 ], [ 97.063191899470496, 11.889620329151004 ], [ 97.062181773996258, 11.89547138838665 ], [ 97.061171819673561, 11.901309859209638 ], [ 97.060161523256184, 11.90713513481899 ], [ 97.059150794277883, 11.912945452025809 ], [ 97.058139048152896, 11.918740535087926 ], [ 97.057125744240338, 11.924520133124604 ], [ 97.056110362917792, 11.930283982658038 ], [ 97.055092408005109, 11.936031809900461 ], [ 97.054071884449471, 11.941761942769073 ], [ 97.053047874906241, 11.947475534692416 ], [ 97.052020459321582, 11.953171002973814 ], [ 97.05098789503981, 11.958852138861115 ], [ 97.049951206051063, 11.964514487649661 ], [ 97.04891051829253, 11.970156615776609 ], [ 97.047864157395793, 11.975782354754495 ], [ 97.04681241539339, 11.981390062259152 ], [ 97.045755982560422, 11.986976788619218 ], [ 97.044692948350288, 11.992547682670496 ], [ 97.043624098949891, 11.998099741763481 ], [ 97.04254987165838, 12.003631434967648 ], [ 97.041469173573176, 12.009145139388247 ], [ 97.040382527292124, 12.014639272818501 ], [ 97.039290480662672, 12.020112337516879 ], [ 97.038191719156714, 12.025568052026552 ], [ 97.037086904844031, 12.031004767015137 ], [ 97.035976711599048, 12.036419586207584 ], [ 97.034860720645923, 12.041815079725817 ], [ 97.033739366321072, 12.047189702950917 ], [ 97.032612597232273, 12.052544568163562 ], [ 97.031480866512041, 12.057878222659431 ], [ 97.030344605701814, 12.063189255402651 ], [ 97.029203604337013, 12.068480323171656 ], [ 97.028058566682887, 12.073748704373358 ], [ 97.02690973273539, 12.078994547424458 ], [ 97.025757170653222, 12.084219279830609 ], [ 97.024601416029185, 12.089421626479453 ], [ 97.023442355654794, 12.094604242466426 ], [ 97.022279871430058, 12.099767232532663 ], [ 97.021115622311541, 12.104908102804695 ], [ 97.0199492816038, 12.110028314392464 ], [ 97.018781198623984, 12.115128050267788 ], [ 97.017611722974792, 12.120207529109921 ], [ 97.016440788019452, 12.12526712240145 ], [ 97.01526881527532, 12.130308368667798 ], [ 97.014096391515309, 12.135330406912704 ], [ 97.012924174316751, 12.140332317109744 ], [ 97.011752163775682, 12.145315817843278 ], [ 97.010581031206584, 12.150281256292393 ], [ 97.00941038063786, 12.15522924369195 ], [ 97.008241546331448, 12.160158896106628 ], [ 97.007073729271625, 12.165073325261321 ], [ 97.00590717578774, 12.169972098572078 ], [ 97.004743138290848, 12.174854358578944 ], [ 97.003581113621451, 12.179722147755889 ], [ 97.002420549794167, 12.184577627373839 ], [ 97.001262987830287, 12.189418734468498 ], [ 97.000107113646877, 12.194249099240041 ], [ 96.998954421798032, 12.199066726262126 ], [ 96.997803527279856, 12.203875316866634 ], [ 96.99665587382826, 12.208672935729654 ], [ 96.995510303335621, 12.213463072634493 ], [ 96.994366468353562, 12.218246879204163 ], [ 96.99322537617725, 12.22302352113447 ], [ 96.992087025209187, 12.227793099898285 ], [ 96.990951538036853, 12.232556358546514 ], [ 96.989817602611907, 12.237316286838531 ], [ 96.98868526490476, 12.242073653021935 ], [ 96.987554226586298, 12.246829535914864 ], [ 96.986424145996111, 12.251585028589233 ], [ 96.985294637441584, 12.25634123601913 ], [ 96.984165270581158, 12.261099272705302 ], [ 96.98303556988796, 12.265860260288514 ], [ 96.981905014199938, 12.270625325163852 ], [ 96.9807730370337, 12.275395587822942 ], [ 96.979639397006721, 12.280171696104873 ], [ 96.978501998785532, 12.284957873748857 ], [ 96.977361282299299, 12.289752477346923 ], [ 96.976216487375865, 12.294556635369464 ], [ 96.9750671425804, 12.299370307403551 ], [ 96.97391202392329, 12.304195818003217 ], [ 96.972749900683127, 12.309035506663658 ], [ 96.971580514212405, 12.313887938209989 ], [ 96.9704033108912, 12.318753708024666 ], [ 96.969215699329624, 12.323637340119667 ], [ 96.96801739232211, 12.328538116307357 ], [ 96.966807533462571, 12.333455702880679 ], [ 96.965584376719519, 12.338393765127185 ], [ 96.964347016847441, 12.343351924574643 ], [ 96.963094451778829, 12.348329748197818 ], [ 96.961823993045314, 12.353332733479039 ], [ 96.960536575590766, 12.358355338759136 ], [ 96.959229477379196, 12.363403003263967 ], [ 96.957901805136046, 12.368473787663387 ], [ 96.956551643787506, 12.373571283394572 ], [ 96.955178018407793, 12.378693493262169 ], [ 96.953778984955221, 12.383843988626037 ], [ 96.952353269847464, 12.389022132123579 ], [ 96.950899524990746, 12.394227148427728 ], [ 96.949415783997537, 12.399462678363063 ], [ 96.947899652883635, 12.404730001248405 ], [ 96.94635152119433, 12.410025719565903 ], [ 96.944768761213254, 12.415352382550093 ], [ 96.943149737062029, 12.420710635624896 ], [ 96.941491708017622, 12.426103276180267 ], [ 96.939795095961898, 12.431526782922043 ], [ 96.938055802364389, 12.436988976184891 ], [ 96.93627460093073, 12.442483040188673 ], [ 96.934447827764586, 12.448012290250102 ], [ 96.932576195847105, 12.45357176638441 ], [ 96.930655218143357, 12.459171206577961 ], [ 96.928685963086693, 12.464803662315751 ], [ 96.926664267197822, 12.47047578367315 ], [ 96.924590584025466, 12.476185332181903 ], [ 96.922461490518302, 12.481934204153024 ], [ 96.92027758102239, 12.48772007638938 ], [ 96.918034142756355, 12.493551570388123 ], [ 96.915733264826443, 12.49941942613628 ], [ 96.913370182300611, 12.505332472117688 ], [ 96.910946833550739, 12.511283226781147 ], [ 96.908459220215647, 12.517277244501605 ], [ 96.9059082512277, 12.523312328048725 ], [ 96.903291349864404, 12.529391538587966 ], [ 96.900605835520111, 12.535518124202111 ], [ 96.897853420177782, 12.541687922068141 ], [ 96.895030092072275, 12.54790669980035 ], [ 96.892136307731491, 12.55417272096682 ], [ 96.889172625119699, 12.56048428983836 ], [ 96.886135187974077, 12.566847208743651 ], [ 96.883026289789385, 12.573257195618961 ], [ 96.879838874063253, 12.579728055269193 ], [ 96.876578731900494, 12.586247291303762 ], [ 96.873242691531203, 12.592821852195854 ], [ 96.869829868245077, 12.59945150108085 ], [ 96.866345440434714, 12.606124795395182 ], [ 96.862787573673202, 12.612848190034745 ], [ 96.859152242910042, 12.619629518560478 ], [ 96.855442984274518, 12.626464096454805 ], [ 96.851656438468254, 12.633358004797939 ], [ 96.847794689678736, 12.640309107069879 ], [ 96.843859480680251, 12.647317305651653 ], [ 96.83984672502595, 12.654387436869904 ], [ 96.835761168103943, 12.661517975766515 ], [ 96.83160146428294, 12.668713588284104 ], [ 96.827369775091555, 12.675962477032339 ], [ 96.82306113138074, 12.683278326839934 ], [ 96.818681627615561, 12.6906557965511 ], [ 96.814236882390006, 12.698089095410218 ], [ 96.809722372100126, 12.705586459532146 ], [ 96.805136982272501, 12.713151357946034 ], [ 96.800492530204437, 12.720770287574636 ], [ 96.795788024745207, 12.728445464451166 ], [ 96.79102215126106, 12.736183825843332 ], [ 96.786199456826878, 12.743980072123529 ], [ 96.78131797986866, 12.7518392909785 ], [ 96.776382714495071, 12.75975977595562 ], [ 96.771391820552907, 12.767746155006819 ], [ 96.766353657903437, 12.775785334441395 ], [ 96.761268687245774, 12.783879516279052 ], [ 96.7561386678193, 12.792030264927185 ], [ 96.750962445529666, 12.800244381633131 ], [ 96.74574575004975, 12.808516944682056 ], [ 96.740496240983134, 12.816830769402511 ], [ 96.735209121250705, 12.825202858178974 ], [ 96.729890747742104, 12.833624267097969 ], [ 96.724546311300301, 12.842088753735107 ], [ 96.719164358282796, 12.850620689351143 ], [ 96.713761648128809, 12.859194177781452 ], [ 96.708337289628631, 12.867815228411036 ], [ 96.702895754754977, 12.876477414455708 ], [ 96.697433844518841, 12.885190459059274 ], [ 96.691952527695079, 12.893955848942745 ], [ 96.686449353821672, 12.902780320633893 ], [ 96.680943666574109, 12.911628668590454 ], [ 96.675435250403808, 12.920507919300906 ], [ 96.669920128174653, 12.929426010475023 ], [ 96.664398896252976, 12.938384392564231 ], [ 96.658874799793125, 12.947378891169141 ], [ 96.653349467470704, 12.956408346442378 ], [ 96.647828447828971, 12.965463569716547 ], [ 96.642307012675403, 12.974555191330847 ], [ 96.636789682607372, 12.983676050936648 ], [ 96.631274161141604, 12.992831405020498 ], [ 96.625760261631299, 13.002022630894761 ], [ 96.620251951339256, 13.011242451134489 ], [ 96.614750790735215, 13.020488119981238 ], [ 96.609258267198385, 13.029756821708384 ], [ 96.603773318185432, 13.039050272029973 ], [ 96.598293023965553, 13.048374022322749 ], [ 96.59282028109439, 13.057721404102233 ], [ 96.587350627438511, 13.067100726549558 ], [ 96.58188482091137, 13.076509181779896 ], [ 96.576422382888239, 13.085946269663081 ], [ 96.570965561545762, 13.095405292620885 ], [ 96.565510669454184, 13.104891973543499 ], [ 96.560058126090425, 13.114402878354712 ], [ 96.55460884346509, 13.123934262260265 ], [ 96.549162309236578, 13.133484896206703 ], [ 96.543717318482535, 13.143053797392639 ], [ 96.53827158123066, 13.152643392014399 ], [ 96.532823734004822, 13.162252629162833 ], [ 96.527372743259093, 13.171880787637535 ], [ 96.521916108507369, 13.181529725574496 ], [ 96.516456787380477, 13.191190112041802 ], [ 96.510983956535156, 13.200879987159333 ], [ 96.505505030254881, 13.210581000729746 ], [ 96.500013333754225, 13.220302360755722 ], [ 96.494509764157925, 13.230039473471001 ], [ 96.489000471552956, 13.239775878109889 ], [ 96.483483531071087, 13.249511082339643 ], [ 96.477955033530336, 13.259250613128625 ], [ 96.47241142699427, 13.268996658979455 ], [ 96.466854993037757, 13.278742560477285 ], [ 96.46126976673267, 13.288515035504613 ], [ 96.45567934136298, 13.298266003879116 ], [ 96.450075667752088, 13.308007240432872 ], [ 96.444461142473699, 13.317730600563555 ], [ 96.438828546498414, 13.327446882637281 ], [ 96.43528634191928, 13.333531427356036 ], [ 96.436800386120879, 13.337517728049701 ], [ 96.445161386120887, 13.359184728049703 ], [ 96.450895803190306, 13.37381643653513 ], [ 96.4567831978284, 13.388387264126717 ], [ 96.45944490839392, 13.394781100788656 ], [ 96.458118859935013, 13.399439530013314 ], [ 96.453965432610588, 13.414634830111476 ], [ 96.449971810301136, 13.42987291018942 ], [ 96.446138433455459, 13.445152089669072 ], [ 96.442465724849185, 13.460470683439578 ], [ 96.439063835039931, 13.475347086920694 ], [ 96.432810863981487, 13.48793206600571 ], [ 96.425969111979384, 13.502071722345214 ], [ 96.41927580302503, 13.51628224897512 ], [ 96.412731671119957, 13.530562087540961 ], [ 96.4063374339066, 13.544909672087385 ], [ 96.400093792589658, 13.559323429229886 ], [ 96.394001431859195, 13.573801778327333 ], [ 96.388061019815552, 13.588343131655316 ], [ 96.382273207896063, 13.602945894580262 ], [ 96.376638630803626, 13.617608465734291 ], [ 96.371157906437134, 13.632329237190842 ], [ 96.365831635823639, 13.64710659464099 ], [ 96.360660403052535, 13.661938917570478 ], [ 96.355644775211431, 13.676824579437424 ], [ 96.350785302323999, 13.691761947850699 ], [ 96.346082517289659, 13.706749384748925 ], [ 96.341536935825104, 13.721785246580119 ], [ 96.337149056407824, 13.736867884481921 ], [ 96.332919360221325, 13.751995644462419 ], [ 96.328848311102476, 13.767166867581517 ], [ 96.324936355490578, 13.782379890132873 ], [ 96.321183922378424, 13.797633043826334 ], [ 96.317591423265242, 13.812924655970885 ], [ 96.314159252111608, 13.828253049658082 ], [ 96.310887785296188, 13.843616543945945 ], [ 96.307777381574525, 13.859013454043291 ], [ 96.304828382039616, 13.874442091494496 ], [ 96.302041110084616, 13.889900764364649 ], [ 96.299415871367273, 13.905387777425098 ], [ 96.29695295377644, 13.920901432339345 ], [ 96.294652627400566, 13.936440027849299 ], [ 96.292515144497955, 13.952001859961831 ], [ 96.29054073946925, 13.967585222135641 ], [ 96.288729628831575, 13.9831884054684 ], [ 96.28708201119494, 13.998809698884152 ], [ 96.285598067240329, 14.014447389320951 ], [ 96.284277959699992, 14.030099761918724 ], [ 96.283121833339521, 14.045765100207321 ], [ 96.282129814942039, 14.061441686294749 ], [ 96.281302013294209, 14.077127801055564 ], [ 96.280638519174431, 14.09282172431938 ], [ 96.28013940534278, 14.108521735059524 ], [ 96.279804726533044, 14.12422611158175 ], [ 96.279634519446788, 14.139933131713059 ], [ 96.279606519446801, 14.14493313171306 ], [ 96.27960083121657, 14.160646913572084 ], [ 96.279759756344575, 14.176359892776315 ], [ 96.280083277389835, 14.192070344927741 ], [ 96.280571358848007, 14.207776545905672 ], [ 96.281223947155269, 14.223476772055959 ], [ 96.282040970694297, 14.239169300380151 ], [ 96.283022339802017, 14.254852408724588 ], [ 96.284167946779519, 14.270524375969387 ], [ 96.285477665903841, 14.286183482217329 ], [ 96.286951353441737, 14.301828008982611 ], [ 96.288588847665523, 14.317456239379426 ], [ 96.290389968870798, 14.333066458310398 ], [ 96.292354519396127, 14.348656952654785 ], [ 96.294482283644768, 14.364226011456495 ], [ 96.296773028108348, 14.379771926111848 ], [ 96.299226501392454, 14.395292990557085 ], [ 96.301842434244207, 14.410787501455593 ], [ 96.30462053958189, 14.426253758384846 ], [ 96.307560512526379, 14.441690064023003 ], [ 96.310662030434614, 14.457094724335189 ], [ 96.313924752935037, 14.472466048759394 ], [ 96.317348321964928, 14.487802350392009 ], [ 96.320932361809668, 14.503101946172951 ], [ 96.322736075056895, 14.510453972246387 ], [ 96.31886940614001, 14.507703049693024 ], [ 96.305755489605616, 14.498581986655632 ], [ 96.292545184835703, 14.489601093287529 ], [ 96.279239989988028, 14.480761388096262 ], [ 96.265841413981661, 14.472063873577461 ], [ 96.252350976325872, 14.463509536101165 ], [ 96.238770206947791, 14.455099345799953 ], [ 96.22510064601893, 14.446834256458919 ], [ 96.211343843780483, 14.438715205407512 ], [ 96.197501360367525, 14.430743113413229 ], [ 96.183574765632116, 14.4229188845772 ], [ 96.169565638965182, 14.415243406231644 ], [ 96.155475569117499, 14.407717548839253 ], [ 96.141306154019446, 14.400342165894457 ], [ 96.127059000599829, 14.393118093826653 ], [ 96.088698000599834, 14.373923093826646 ], [ 96.074441137977857, 14.366883506029618 ], [ 96.060110457156568, 14.359995435518062 ], [ 96.045707568356264, 14.353259656247602 ], [ 96.031234089910697, 14.346676925062159 ], [ 96.016691648085185, 14.340247981608899 ], [ 96.00208187689384, 14.333973548255134 ], [ 95.987406417916091, 14.327854330007149 ], [ 95.972666920112133, 14.321891014430991 ], [ 95.957865039637653, 14.316084271575207 ], [ 95.943002439657789, 14.310434753895564 ], [ 95.928080790160223, 14.304943096181731 ], [ 95.913101767767557, 14.299609915485956 ], [ 95.898067055548879, 14.294435811053733 ], [ 95.882978342830711, 14.289421364256469 ], [ 95.867837325007144, 14.284567138526162 ], [ 95.85264570334941, 14.27987367929209 ], [ 95.8374051848146, 14.275341513919525 ], [ 95.822117481854008, 14.27097115165048 ], [ 95.806784312220614, 14.266763083546493 ], [ 95.791407398776144, 14.262717782433439 ], [ 95.775988469297431, 14.258835702848415 ], [ 95.760529256282311, 14.255117280988664 ], [ 95.745031496754947, 14.251562934662552 ], [ 95.72949693207066, 14.248173063242643 ], [ 95.71392730772024, 14.244948047620804 ], [ 95.698324373133886, 14.241888250165424 ], [ 95.682689881484563, 14.238994014680683 ], [ 95.667025589491047, 14.236265666367936 ], [ 95.651333257220514, 14.233703511789162 ], [ 95.635614647890847, 14.231307838832524 ], [ 95.584781647890836, 14.223835838832528 ], [ 95.569185196681602, 14.221626897203251 ], [ 95.553566408793614, 14.219581859708823 ], [ 95.537927006657867, 14.217700951874807 ], [ 95.522268714978679, 14.215984381126646 ], [ 95.506593260543525, 14.214432336766778 ], [ 95.490902372032551, 14.213044989953769 ], [ 95.475197779827951, 14.211822493683432 ], [ 95.459481215823189, 14.210764982771957 ], [ 95.443754413231957, 14.209872573841041 ], [ 95.428019106397045, 14.209145365305032 ], [ 95.4122770305991, 14.208583437360073 ], [ 95.396529921865223, 14.208186851975253 ], [ 95.380779516777594, 14.207955652885783 ], [ 95.365027552281845, 14.207889865588168 ], [ 95.349275765495634, 14.20798949733739 ], [ 95.333525893517006, 14.208254537146122 ], [ 95.31777967323282, 14.20868495578592 ], [ 95.315275393951097, 14.208779736314895 ], [ 95.30929611610749, 14.208794159792433 ], [ 95.293514233654037, 14.208998300721174 ], [ 95.277735372817432, 14.209368487150748 ], [ 95.261961280559433, 14.209904678095844 ], [ 95.246193703313821, 14.210606814191905 ], [ 95.230434386793092, 14.211474817701705 ], [ 95.214685075795131, 14.212508592523948 ], [ 95.198947514010058, 14.213708024203918 ], [ 95.183223443827202, 14.215072979946141 ], [ 95.167514606142149, 14.216603308629098 ], [ 95.155435121026827, 14.217908517067313 ], [ 95.15132770555465, 14.217562909364416 ], [ 95.135713425314364, 14.21641308051557 ], [ 95.120087994216121, 14.215426289352942 ], [ 95.104453114583691, 14.214602643383202 ], [ 95.088810489770168, 14.213942232339043 ], [ 95.073161823972441, 14.213445128169418 ], [ 95.057508822045591, 14.213111385031699 ], [ 95.041853189317038, 14.212941039285765 ], [ 95.026196631400879, 14.212934109490055 ], [ 95.010540854011964, 14.213090596399544 ], [ 94.994887562780121, 14.213410482965653 ], [ 94.97923846306432, 14.213893734338111 ], [ 94.963595259766876, 14.214540297868751 ], [ 94.947959657147734, 14.215350103117252 ], [ 94.932333358638772, 14.216323061858802 ], [ 94.916718066658206, 14.217459068093719 ], [ 94.901115482425155, 14.21875799805899 ], [ 94.885527305774275, 14.22021971024177 ], [ 94.86995523497059, 14.221844045394779 ], [ 94.854400966524466, 14.223630826553665 ], [ 94.83886619500673, 14.225579859056285 ], [ 94.823352612864184, 14.227690930563901 ], [ 94.807861910235047, 14.229963811084325 ], [ 94.792395774764998, 14.232398252996965 ], [ 94.776955891423157, 14.234993991079815 ], [ 94.761543942318653, 14.237750742538338 ], [ 94.746161606517234, 14.240668207036281 ], [ 94.730810559858469, 14.243746066728395 ], [ 94.715492474773058, 14.246983986295064 ], [ 94.700209020100701, 14.250381612978828 ], [ 94.68496186090826, 14.253938576622831 ], [ 94.669752658308383, 14.257654489711131 ], [ 94.654583069278459, 14.261528947410927 ], [ 94.639454746480197, 14.265561527616665 ], [ 94.624369338079504, 14.26975179099602 ], [ 94.609328487566941, 14.27409928103776 ], [ 94.594333833578702, 14.278603524101484 ], [ 94.5886835471361, 14.280333013008928 ], [ 94.579135235047502, 14.282618096984471 ], [ 94.563950614571823, 14.286420013542303 ], [ 94.548806495512082, 14.290380181014472 ], [ 94.533704527078129, 14.294498168134748 ], [ 94.518646353889523, 14.298773526450184 ], [ 94.503633615796531, 14.303205790369947 ], [ 94.488667947701458, 14.307794477216028 ], [ 94.473750979380654, 14.312539087275804 ], [ 94.458884335307019, 14.317439103856454 ], [ 94.451740170645323, 14.319876747601725 ], [ 94.445810652189309, 14.321576433515554 ], [ 94.439968816624344, 14.322727035271354 ], [ 94.424614016710962, 14.325918418179898 ], [ 94.409293422441067, 14.329270163466436 ], [ 94.407583665689003, 14.329662988834416 ], [ 94.39833226463719, 14.329588783154311 ], [ 94.382600378278937, 14.329627596242284 ], [ 94.366869764216958, 14.329831400261357 ], [ 94.351142152775154, 14.330200172793656 ], [ 94.335419273947124, 14.330733873275221 ], [ 94.319702857205911, 14.331432443000486 ], [ 94.303994631313699, 14.332295805128716 ], [ 94.288296324131778, 14.333323864692476 ], [ 94.272609662430341, 14.334516508608067 ], [ 94.256936371698629, 14.335873605687965 ], [ 94.241278175955131, 14.337395006655264 ], [ 94.225636797557925, 14.339080544160076 ], [ 94.210013957015207, 14.340930032797955 ], [ 94.194411372796068, 14.342943269130284 ], [ 94.178830761141484, 14.345120031706657 ], [ 94.163273835875486, 14.347460081089228 ], [ 94.147742308216664, 14.349963159879064 ], [ 94.132237886589962, 14.352628992744444 ], [ 94.116762276438706, 14.355457286451152 ], [ 94.101317180037086, 14.358447729894731 ], [ 94.0859042963028, 14.361599994134703 ], [ 94.08405291349392, 14.361998915248639 ], [ 94.079728524442203, 14.36438537125238 ], [ 94.07093019993718, 14.369252828448943 ], [ 94.062155245154656, 14.374118488335938 ], [ 94.053398899981033, 14.378982860264944 ], [ 94.04466864901967, 14.383840752320395 ], [ 94.035966235392365, 14.388690419154843 ], [ 94.027297090404574, 14.39352853143607 ], [ 94.018659053919791, 14.398354044169016 ], [ 94.010058445977222, 14.403162944292871 ], [ 94.001496284806322, 14.407954710510047 ], [ 93.992978859248694, 14.412725498296775 ], [ 93.984499977969975, 14.417477207389155 ], [ 93.976068136734966, 14.422205648354401 ], [ 93.967688743895778, 14.426906243811944 ], [ 93.959362913399261, 14.431578891564683 ], [ 93.951094000101691, 14.436221113361071 ], [ 93.942880624689408, 14.440833839128693 ], [ 93.934726358331943, 14.445414786605907 ], [ 93.926634319906753, 14.449963895138266 ], [ 93.918613042941644, 14.454476364977555 ], [ 93.910659049086945, 14.458953485381173 ], [ 93.902774839035757, 14.463393655542735 ], [ 93.894961551215687, 14.467797041265666 ], [ 93.887219235016659, 14.472162916741601 ], [ 93.879551183702276, 14.476490983039604 ], [ 93.871958765815904, 14.480780980426784 ], [ 93.864444888079632, 14.485032921649655 ], [ 93.857007127668027, 14.489246540944634 ], [ 93.849649744612137, 14.493422205295051 ], [ 93.842371858260563, 14.497559991077138 ], [ 93.835173797673946, 14.501660971161245 ], [ 93.828055739592401, 14.505726526947466 ], [ 93.821019447862696, 14.509754292772666 ], [ 93.814064543603578, 14.51374623964101 ], [ 93.807191256001317, 14.517703042115027 ], [ 93.80040043811141, 14.521623915565527 ], [ 93.793691499417591, 14.525511088714966 ], [ 93.78706606696781, 14.529365530405821 ], [ 93.780520579077631, 14.533188017205784 ], [ 93.774058459758336, 14.53697893997167 ], [ 93.767675605299644, 14.540740580742932 ], [ 93.7613756716203, 14.544471958479605 ], [ 93.755154174668505, 14.548176868497681 ], [ 93.749010989241526, 14.551855659829497 ], [ 93.742947802108759, 14.55550865664582 ], [ 93.736964095769835, 14.55913697084774 ], [ 93.731054163022947, 14.562743611026635 ], [ 93.725221584945217, 14.566328164464261 ], [ 93.719474070469104, 14.569888684324166 ], [ 93.713803777523808, 14.573428927938021 ], [ 93.708208345879413, 14.576951366034471 ], [ 93.702690822768616, 14.580455151393593 ], [ 93.697249055890879, 14.583941169509878 ], [ 93.691882455914637, 14.587411138442373 ], [ 93.686593720806428, 14.590864701391659 ], [ 93.68137900108475, 14.594303310633794 ], [ 93.67623778689395, 14.597729353466333 ], [ 93.67116988043297, 14.601142113826272 ], [ 93.666174914753384, 14.604543114750998 ], [ 93.661252582535454, 14.607933879936386 ], [ 93.656401158195095, 14.61131494638793 ], [ 93.651623629536985, 14.614685701793489 ], [ 93.646918263763197, 14.618048159321193 ], [ 93.642284973429398, 14.621401299268447 ], [ 93.637723806490911, 14.624748713373076 ], [ 93.633234801810971, 14.628090388768804 ], [ 93.628816160534726, 14.631422597734336 ], [ 93.624471085993335, 14.634747293656746 ], [ 93.620198165952615, 14.638065418464709 ], [ 93.615997583781109, 14.641377996105055 ], [ 93.61186950491556, 14.64468452070183 ], [ 93.607814146387355, 14.64798511182828 ], [ 93.603830331392246, 14.651278840262458 ], [ 93.599921179105522, 14.654565920753154 ], [ 93.596085581159059, 14.657847004891261 ], [ 93.592322527069669, 14.661122686956794 ], [ 93.58863509257904, 14.664391528372596 ], [ 93.585022258092508, 14.667654037117902 ], [ 93.581484410101268, 14.67091003044284 ], [ 93.578021888273909, 14.674158496530275 ], [ 93.574635182566283, 14.677400802395864 ], [ 93.571324652096052, 14.680635867933507 ], [ 93.568090803580631, 14.683864263940583 ], [ 93.564934005803224, 14.687084884579731 ], [ 93.561854673895084, 14.690297390168585 ], [ 93.558853117429507, 14.693500580945189 ], [ 93.555929813934796, 14.696694841075146 ], [ 93.553085140685369, 14.699879785193108 ], [ 93.550319456067058, 14.703055021897756 ], [ 93.547633096432975, 14.706220157242608 ], [ 93.545026392887905, 14.70937478207126 ], [ 93.542499622262312, 14.712518512003944 ], [ 93.540053034437634, 14.715650968325155 ], [ 93.537686662643694, 14.718770944495082 ], [ 93.535401047490168, 14.721879765648371 ], [ 93.533196157326969, 14.724976259063457 ], [ 93.531070975143109, 14.728060799391914 ], [ 93.529027759689768, 14.731131690334845 ], [ 93.527065410954705, 14.734189376211088 ], [ 93.525182880661177, 14.737234306272109 ], [ 93.523382245775082, 14.74026485837611 ], [ 93.521661450057621, 14.743283204290265 ], [ 93.520021072971375, 14.746286872221823 ], [ 93.518461205066245, 14.749277512602319 ], [ 93.516980587167239, 14.752255851040809 ], [ 93.51558003580206, 14.755221175612197 ], [ 93.514259018524271, 14.75817274952089 ], [ 93.513017379132279, 14.761112618113676 ], [ 93.511855447775361, 14.764039623636869 ], [ 93.51077239041922, 14.766951491847713 ], [ 93.509765480052593, 14.769848755252045 ], [ 93.508835679355812, 14.772734548030961 ], [ 93.507980868458034, 14.775607255374199 ], [ 93.507202536048638, 14.778466777180203 ], [ 93.506498363624758, 14.781316751812843 ], [ 93.505868394219192, 14.784156239514102 ], [ 93.505313688335534, 14.786984636068194 ], [ 93.504830449458467, 14.789804738618189 ], [ 93.504419729913195, 14.792616058429829 ], [ 93.50407968554255, 14.795420115936123 ], [ 93.503809621547887, 14.798218757194611 ], [ 93.503608156906523, 14.801011136647121 ], [ 93.503474273538984, 14.803798219332052 ], [ 93.503406528288721, 14.806583587295817 ], [ 93.503405226802769, 14.809365232712448 ], [ 93.503468643602872, 14.812145943722211 ], [ 93.503595935977927, 14.814927978886331 ], [ 93.503784718478471, 14.817711400400707 ], [ 93.504036031829244, 14.820498204708668 ], [ 93.504347675128017, 14.823289589612203 ], [ 93.504717708468519, 14.826087746875533 ], [ 93.505146626028477, 14.828892880260581 ], [ 93.505630877420714, 14.831708594814128 ], [ 93.50616955309205, 14.834536339049878 ], [ 93.506764569928237, 14.837375117941903 ], [ 93.507413700610371, 14.840227507876246 ], [ 93.508114927399973, 14.84309598319795 ], [ 93.508867618080544, 14.845980639503534 ], [ 93.50966945756997, 14.848886727109216 ], [ 93.510520004197517, 14.851815532501627 ], [ 93.511418640848717, 14.854767336112507 ], [ 93.512363309123657, 14.857744779949938 ], [ 93.513353573162576, 14.86074917696817 ], [ 93.514386498335242, 14.863782590476051 ], [ 93.515461831681677, 14.866847458469914 ], [ 93.516578594332856, 14.869946910443122 ], [ 93.517735865764507, 14.873080104976269 ], [ 93.51893118381922, 14.876251349257391 ], [ 93.520164060046582, 14.879462059751987 ], [ 93.521433527987014, 14.882715413910997 ], [ 93.522737889488127, 14.88601109513645 ], [ 93.52407716835296, 14.889352843739294 ], [ 93.525448222343357, 14.892741509518576 ], [ 93.526850383682671, 14.89618138476102 ], [ 93.528282334039403, 14.899673139923483 ], [ 93.529743878658195, 14.903219438316388 ], [ 93.531233816939775, 14.90682227679175 ], [ 93.532751035947712, 14.910480643051683 ], [ 93.534293819163324, 14.914201229223824 ], [ 93.535860171790731, 14.917979114863316 ], [ 93.537450327049257, 14.92181888118153 ], [ 93.539062944525099, 14.925722298176368 ], [ 93.540695914886172, 14.929690354072141 ], [ 93.542349146918241, 14.933726429362157 ], [ 93.544019946632133, 14.937831978755174 ], [ 93.545707737641109, 14.942007844083518 ], [ 93.547411132858485, 14.946254134768486 ], [ 93.549129139709038, 14.950573249295612 ], [ 93.550860567099704, 14.954966365183838 ], [ 93.552604931579296, 14.959435122781153 ], [ 93.554359627794767, 14.963979404118245 ], [ 93.556124332286259, 14.968601914367989 ], [ 93.55789759464102, 14.973301172153093 ], [ 93.559678023364555, 14.978080870429636 ], [ 93.561465329161379, 14.982939127547704 ], [ 93.563257868720598, 14.987877166764259 ], [ 93.565054503045928, 14.992895404302743 ], [ 93.566853575102982, 14.9979936122542 ], [ 93.568654959727169, 15.003171708273214 ], [ 93.570457005063787, 15.008429096246477 ], [ 93.572257904639926, 15.013768290213068 ], [ 93.574057880440506, 15.01918693188451 ], [ 93.575855067120855, 15.024686125896002 ], [ 93.577648927382626, 15.030266035051055 ], [ 93.579438600150127, 15.035922984384065 ], [ 93.581222798410664, 15.041658275360762 ], [ 93.583000223427888, 15.047471870297583 ], [ 93.584770819667142, 15.053364158942408 ], [ 93.586533025103535, 15.059331008775304 ], [ 93.58828577533977, 15.065373317697537 ], [ 93.590028534748924, 15.071489149754917 ], [ 93.591760583136633, 15.077678596258517 ], [ 93.593480914781537, 15.083941150929284 ], [ 93.59518896992104, 15.090273240067305 ], [ 93.596883453451852, 15.096669836165589 ], [ 93.598564407649221, 15.103133682129346 ], [ 93.600231161044164, 15.109659661808015 ], [ 93.601883528954247, 15.116247901253463 ], [ 93.603520183001294, 15.122897481906184 ], [ 93.605140672098813, 15.129604411309201 ], [ 93.606745688424397, 15.136371551352033 ], [ 93.608334044184474, 15.143195115578026 ], [ 93.609904412143962, 15.150066445165574 ], [ 93.61145720833963, 15.156990314254706 ], [ 93.612992046590605, 15.1639603510838 ], [ 93.614508732747467, 15.170976407019563 ], [ 93.616007071158336, 15.178036177574622 ], [ 93.617486690119094, 15.185136038809057 ], [ 93.618947467704245, 15.19227740853573 ], [ 93.620389567502102, 15.199456202755021 ], [ 93.621812984999664, 15.206670133640314 ], [ 93.623217708676648, 15.213916761533124 ], [ 93.624604047490209, 15.221194288790967 ], [ 93.625971615620387, 15.228497150836684 ], [ 93.627320799677079, 15.235825356410889 ], [ 93.628652243307656, 15.243174830406497 ], [ 93.629965667554288, 15.250545781490844 ], [ 93.631261011152517, 15.257935747305279 ], [ 93.632539148010409, 15.265343484950574 ], [ 93.633800090760303, 15.272767514029951 ], [ 93.635044160939302, 15.280204994520821 ], [ 93.636271335782155, 15.2876518642296 ], [ 93.637482734829788, 15.295110741808386 ], [ 93.638678530161485, 15.302579448077733 ], [ 93.639858902732826, 15.310053495353108 ], [ 93.641024165527057, 15.317530419113954 ], [ 93.642176559883353, 15.325016083853441 ], [ 93.64331434497781, 15.332501570791353 ], [ 93.64443744486023, 15.339983847211577 ], [ 93.645547843276518, 15.347466562254564 ], [ 93.646645726852938, 15.3549486753273 ], [ 93.647731438008464, 15.362427183605693 ], [ 93.648805501185407, 15.369900453210494 ], [ 93.649867984680867, 15.377366888398184 ], [ 93.650920161659101, 15.38482805044956 ], [ 93.651961902673364, 15.392280806895966 ], [ 93.652994353101263, 15.399726749220239 ], [ 93.654017303759801, 15.407162721006694 ], [ 93.655032123891544, 15.414591321184918 ], [ 93.656038742393974, 15.422009968243257 ], [ 93.657037006591011, 15.429416134286811 ], [ 93.658027399893541, 15.436809448810035 ], [ 93.659011204951227, 15.444192045291004 ], [ 93.659988830565112, 15.451563672901523 ], [ 93.660959927563084, 15.458921407851941 ], [ 93.661925821378048, 15.466268821722863 ], [ 93.66288528983273, 15.473599168971845 ], [ 93.663838908736565, 15.48091337973819 ], [ 93.664787358322727, 15.48821207473503 ], [ 93.665729566824083, 15.495490265211638 ], [ 93.666667141432498, 15.502752094590477 ], [ 93.667601068209876, 15.509999443932086 ], [ 93.668530428713311, 15.51722828617622 ], [ 93.669457648897449, 15.52444485743367 ], [ 93.670381843563746, 15.531646392559574 ], [ 93.671300020600853, 15.538822914402104 ], [ 93.672215042362367, 15.545981930324272 ], [ 93.673125414343176, 15.553118395251014 ], [ 93.67403229417782, 15.560234940090641 ], [ 93.674936097577984, 15.567332150101723 ], [ 93.675837260460654, 15.574410776290957 ], [ 93.676733630818902, 15.581463760706699 ], [ 93.677627096530117, 15.588496226240494 ], [ 93.678516993438947, 15.595505484570833 ], [ 93.679404007316236, 15.602493249782095 ], [ 93.680288387266458, 15.609459958844168 ], [ 93.68117104072644, 15.616407970569092 ], [ 93.682050417448593, 15.623330993020815 ], [ 93.682926479788421, 15.630228431721841 ], [ 93.68380005620017, 15.637102239277306 ], [ 93.684670816258006, 15.643950675499395 ], [ 93.685539624338531, 15.650775833146875 ], [ 93.686404199063915, 15.657570781512055 ], [ 93.687264756150114, 15.664335056033991 ], [ 93.68812187915924, 15.67106969676292 ], [ 93.68897681258629, 15.677777819652036 ], [ 93.689829038476944, 15.684457575791557 ], [ 93.690679306038646, 15.69110991505045 ], [ 93.691527135626089, 15.6977330271511 ], [ 93.692372584416674, 15.704325406695984 ], [ 93.693216425291794, 15.710889047687848 ], [ 93.69405859519361, 15.717422505576174 ], [ 93.694899111281117, 15.723924247236413 ], [ 93.695739094951108, 15.730397748627773 ], [ 93.696578112451505, 15.736838982096698 ], [ 93.697416838940597, 15.743249116050412 ], [ 93.698255490280047, 15.749626859897106 ], [ 93.699095088654019, 15.755974825334075 ], [ 93.699936153762579, 15.762292957574843 ], [ 93.700779662083079, 15.768582407449566 ], [ 93.701627679222213, 15.774847815293887 ], [ 93.702476884865064, 15.781076072874891 ], [ 93.703329038525553, 15.787271572376987 ], [ 93.704185642013499, 15.793437382393947 ], [ 93.705047482837315, 15.799573896070065 ], [ 93.705916117226934, 15.805684378727017 ], [ 93.706791085795487, 15.811763896898595 ], [ 93.707674715951299, 15.817818415916895 ], [ 93.708567385928347, 15.823846193073432 ], [ 93.709470112352676, 15.829848315840762 ], [ 93.710384297499289, 15.835827117324614 ], [ 93.711309272580209, 15.84177628128584 ], [ 93.712247115823203, 15.84770067301382 ], [ 93.713199805141002, 15.853603853871901 ], [ 93.714168296994217, 15.859485380034899 ], [ 93.71515537216392, 15.865352250359717 ], [ 93.716158500450348, 15.871194007370093 ], [ 93.717180961821484, 15.877017725322574 ], [ 93.718225205206394, 15.882830176318567 ], [ 93.719290680947054, 15.888623673565512 ], [ 93.720378679508869, 15.894399835793225 ], [ 93.721491466092758, 15.900164506224513 ], [ 93.722629743015446, 15.90591610603977 ], [ 93.723795408740145, 15.911658954957433 ], [ 93.724989975913275, 15.917395745530538 ], [ 93.726214147491788, 15.923124757116259 ], [ 93.727469206131616, 15.928845800236326 ], [ 93.728756557743665, 15.934562137998006 ], [ 93.730077675874227, 15.940276660509728 ], [ 93.73143298049645, 15.945986293588478 ], [ 93.732824110290977, 15.95169553262618 ], [ 93.734252154148166, 15.957405693106416 ], [ 93.735718584352838, 15.963119429522505 ], [ 93.73722556322349, 15.968842572469129 ], [ 93.738770801382643, 15.974565197020938 ], [ 93.740355664663014, 15.980289089942712 ], [ 93.74198215902625, 15.986021115830955 ], [ 93.743651783105676, 15.991766676627979 ], [ 93.74536347355982, 15.997517325403777 ], [ 93.747118252195406, 16.003275521523889 ], [ 93.748916756706024, 16.009043766478175 ], [ 93.750759583189009, 16.01482268578361 ], [ 93.752646441441797, 16.0206118154933 ], [ 93.754577676298695, 16.026413337159301 ], [ 93.756553489504327, 16.032229302286986 ], [ 93.758573382936547, 16.038056897779224 ], [ 93.760637363134265, 16.043898031373843 ], [ 93.76274491180385, 16.049751306576223 ], [ 93.764895963682463, 16.055619984509416 ], [ 93.767089767427592, 16.061502494693894 ], [ 93.769325645473501, 16.067398757484003 ], [ 93.771602808102287, 16.073308602920243 ], [ 93.77392145860594, 16.079234851370213 ], [ 93.776279625883888, 16.085174409822262 ], [ 93.778676202277737, 16.091126880359681 ], [ 93.781109982931881, 16.097091761141236 ], [ 93.783579649537174, 16.103068485926592 ], [ 93.786082821231943, 16.109054896961588 ], [ 93.78861879228225, 16.115051526200403 ], [ 93.79118596979751, 16.121057633749949 ], [ 93.793782202942097, 16.127069508121576 ], [ 93.796406255679386, 16.13308944718041 ], [ 93.799055990725719, 16.139116506539214 ], [ 93.801729549000669, 16.145148150283166 ], [ 93.804425524694167, 16.151186377697783 ], [ 93.807141404300296, 16.157227217035096 ], [ 93.809876026031048, 16.163272635546956 ], [ 93.812626727038264, 16.169321538489868 ], [ 93.815391162577342, 16.175369911305523 ], [ 93.818167786135078, 16.181419670225914 ], [ 93.820955232314617, 16.187469893078134 ], [ 93.823751967000092, 16.193526872374044 ], [ 93.826553812454776, 16.199576159561349 ], [ 93.82935947037916, 16.205618924156095 ], [ 93.832167307684998, 16.211658907449944 ], [ 93.834975393917489, 16.217695302171606 ], [ 93.837779483078322, 16.223721028390667 ], [ 93.840579438868488, 16.229739536650214 ], [ 93.84337311528607, 16.235748831785141 ], [ 93.846158129613926, 16.241746978031482 ], [ 93.848934247117228, 16.247737768268323 ], [ 93.851699192409725, 16.253719192529058 ], [ 93.854451361682422, 16.25969077277195 ], [ 93.857189238605031, 16.265652130007112 ], [ 93.859911373271061, 16.271602921010544 ], [ 93.86261604100747, 16.277541454526197 ], [ 93.86530321367033, 16.283471823512151 ], [ 93.867971429913439, 16.289392749921138 ], [ 93.87061899778702, 16.295302658062266 ], [ 93.873245200812036, 16.301202783439322 ], [ 93.875848699294963, 16.307091755986558 ], [ 93.878428122979827, 16.312968184857631 ], [ 93.880983388837464, 16.318833979495373 ], [ 93.883513179603767, 16.324687759457724 ], [ 93.886017354216037, 16.330531172202186 ], [ 93.888495380932056, 16.336364487625257 ], [ 93.890946406489334, 16.342186599195159 ], [ 93.893370930804409, 16.348000808218295 ], [ 93.895768234338846, 16.353806054203254 ], [ 93.898139356055125, 16.35960740591992 ], [ 93.900483018039097, 16.365401390397309 ], [ 93.902797696770634, 16.371182331510376 ], [ 93.905084814207513, 16.37695629815094 ], [ 93.907344475552733, 16.382723840963912 ], [ 93.909576814796679, 16.388485507835174 ], [ 93.911782357953271, 16.394243299295621 ], [ 93.913960693418247, 16.399994906651415 ], [ 93.916112447016388, 16.405742291344016 ], [ 93.918238300337549, 16.411487194697859 ], [ 93.920338304729981, 16.417228882847493 ], [ 93.922413255123459, 16.422969473109212 ], [ 93.924464088310273, 16.428710488450115 ], [ 93.926490182737197, 16.434448605408942 ], [ 93.928493295580409, 16.440188069872882 ], [ 93.930473728142829, 16.445927778802247 ], [ 93.932432062810889, 16.451669954053493 ], [ 93.934366411705668, 16.457406412292627 ], [ 93.936280064962574, 16.463145365807911 ], [ 93.938172980727131, 16.468884786193279 ], [ 93.940045647925416, 16.474624056418019 ], [ 93.941900335879197, 16.480368833828003 ], [ 93.943737808741716, 16.486119783772395 ], [ 93.945558311936637, 16.49187482159325 ], [ 93.947360865201574, 16.497626575947038 ], [ 93.949148644151819, 16.503384676699298 ], [ 93.950921377762285, 16.509145666473092 ], [ 93.952680643526989, 16.514912257926255 ], [ 93.954426602878101, 16.520682215090954 ], [ 93.956160248194507, 16.526455517964216 ], [ 93.957882683868476, 16.532234189191929 ], [ 93.959594867054136, 16.538018155043584 ], [ 93.961298024199522, 16.543808770061815 ], [ 93.962992096508728, 16.54960230291227 ], [ 93.96467935008431, 16.55540619385339 ], [ 93.966361045724284, 16.561222392681003 ], [ 93.96803602145782, 16.567039291852929 ], [ 93.969706067401333, 16.572862635171433 ], [ 93.971372069425897, 16.57869262376278 ], [ 93.973035560368388, 16.584533875739734 ], [ 93.974696789302584, 16.590382865957167 ], [ 93.97635581003513, 16.596233706481911 ], [ 93.978014291461818, 16.60209216448667 ], [ 93.979673082240694, 16.607958519610126 ], [ 93.981332641694806, 16.613831935460354 ], [ 93.982994365341682, 16.619713565677031 ], [ 93.984659269733541, 16.625605136344479 ], [ 93.986327697724704, 16.631505674217237 ], [ 93.988000429175855, 16.637415573798343 ], [ 93.989678104988144, 16.643333819586108 ], [ 93.991361365874781, 16.64926278833164 ], [ 93.993051210081006, 16.655202645937432 ], [ 93.994748741641999, 16.661155050898564 ], [ 93.996453791567419, 16.667116879932919 ], [ 93.998167627365206, 16.673092884836969 ], [ 93.999890801380658, 16.679082214162772 ], [ 94.001624311914341, 16.685086671400146 ], [ 94.003367968267852, 16.691103305573701 ], [ 94.005122819686889, 16.697137033462429 ], [ 94.006889683939008, 16.703188211007422 ], [ 94.008668715189302, 16.709258255773339 ], [ 94.010460361065057, 16.715345037919001 ], [ 94.012265084853169, 16.721452512415812 ], [ 94.014083617022251, 16.72757961631272 ], [ 94.015916303031219, 16.733730430559831 ], [ 94.017763203492166, 16.739901733824574 ], [ 94.019624263419317, 16.746094996143679 ], [ 94.021499783728913, 16.752311431543681 ], [ 94.023390329968549, 16.758553335301897 ], [ 94.025296055268484, 16.764821824043864 ], [ 94.027217167698808, 16.771116519131532 ], [ 94.02915353949443, 16.777441610464624 ], [ 94.031104813601956, 16.783795505492105 ], [ 94.033071818402362, 16.790181716849364 ], [ 94.035053723979743, 16.796597553604414 ], [ 94.037050526265261, 16.803048470517204 ], [ 94.039062151993591, 16.809534004068095 ], [ 94.041088842083013, 16.816056526229644 ], [ 94.043129446399675, 16.822612992182084 ], [ 94.045183957117573, 16.829211758637086 ], [ 94.04725180058216, 16.835849463369016 ], [ 94.049332091813895, 16.842524207912838 ], [ 94.05142492099543, 16.849242730862457 ], [ 94.053529521543496, 16.85600140061096 ], [ 94.055644668345806, 16.862804288912518 ], [ 94.057768637781621, 16.869652604435394 ], [ 94.059900761198122, 16.876546107571276 ], [ 94.062041602205241, 16.883481918178333 ], [ 94.064190230734383, 16.890464918496303 ], [ 94.066344330984748, 16.897492926720712 ], [ 94.068503381183419, 16.904567692534794 ], [ 94.070666990594702, 16.911686107818014 ], [ 94.072833207518983, 16.918851504488646 ], [ 94.075000706810656, 16.926063976070125 ], [ 94.07716869607529, 16.933324777982577 ], [ 94.079335718035367, 16.940633722371988 ], [ 94.081499022918166, 16.947987924863625 ], [ 94.083657683377879, 16.955388361997006 ], [ 94.085810095466144, 16.962834557509538 ], [ 94.08795533746023, 16.970330096805696 ], [ 94.090090800010302, 16.97786999337546 ], [ 94.092213478747723, 16.985450848910322 ], [ 94.094322958455365, 16.993074607799183 ], [ 94.096417434334384, 17.000740217804893 ], [ 94.098493870625092, 17.008446658008033 ], [ 94.10055153548484, 17.016195671756826 ], [ 94.102587842798343, 17.023981307187029 ], [ 94.104603825083444, 17.031802913393989 ], [ 94.106596884321277, 17.0396629830046 ], [ 94.108562188269886, 17.047552115102544 ], [ 94.110498029497009, 17.055468721556011 ], [ 94.112404200934478, 17.063415311051823 ], [ 94.11427766152508, 17.07138665526918 ], [ 94.116117067503069, 17.079382031396353 ], [ 94.117920034207373, 17.087397672318392 ], [ 94.119685277633394, 17.095432677461318 ], [ 94.121410976327695, 17.103484506010471 ], [ 94.123095856048565, 17.111552091236646 ], [ 94.124737129543732, 17.119629616853384 ], [ 94.126333626817896, 17.127715931835127 ], [ 94.127883700215477, 17.135808278763637 ], [ 94.129385755870004, 17.143903871167481 ], [ 94.13083871999919, 17.152001464897989 ], [ 94.132240636074386, 17.160096620996256 ], [ 94.133590356775898, 17.168183170666019 ], [ 94.134886014666961, 17.176265034193563 ], [ 94.136126589037175, 17.184336105144116 ], [ 94.137310870256044, 17.192393654231768 ], [ 94.138438128502145, 17.20043136649447 ], [ 94.139508227812328, 17.208449854885007 ], [ 94.140518162809599, 17.216448420728323 ], [ 94.141467812343905, 17.224422780243383 ], [ 94.142357177695999, 17.232368755653759 ], [ 94.143184533038266, 17.240290794431836 ], [ 94.143949538329167, 17.248182785892247 ], [ 94.144650489927656, 17.256037835416016 ], [ 94.145287839820639, 17.263852646079794 ], [ 94.145860022401664, 17.271632241500065 ], [ 94.146367841267903, 17.279374716837477 ], [ 94.146810172659301, 17.287075146119573 ], [ 94.147187968474356, 17.294732043977767 ], [ 94.147496377039801, 17.30235466824265 ], [ 94.147738296431413, 17.309933744422374 ], [ 94.147912806048566, 17.317471600453782 ], [ 94.148021018654319, 17.324960535421152 ], [ 94.148062473676958, 17.332405036261367 ], [ 94.148036307272307, 17.339808099419461 ], [ 94.147942518556249, 17.347164335994144 ], [ 94.147776110718112, 17.354478200345451 ], [ 94.147542914628943, 17.361741098826258 ], [ 94.147243383912311, 17.368954642169236 ], [ 94.146878069496708, 17.376120651956587 ], [ 94.146445333594869, 17.383244745487385 ], [ 94.145940368586892, 17.390332353521959 ], [ 94.145364639370015, 17.397371943990958 ], [ 94.14472527657621, 17.404362708274519 ], [ 94.144015242910072, 17.411312244944071 ], [ 94.143236435373709, 17.418218849381848 ], [ 94.142386105034205, 17.425092598378104 ], [ 94.141463998988797, 17.431930340814187 ], [ 94.140471156761166, 17.438734130005738 ], [ 94.139407534805173, 17.445516444851123 ], [ 94.138273961288107, 17.452263146289066 ], [ 94.13706892150627, 17.458976557745 ], [ 94.1357911115674, 17.465662568884618 ], [ 94.134439997203074, 17.472323890384999 ], [ 94.133016117452698, 17.478961575988116 ], [ 94.131516885063661, 17.485583425424323 ], [ 94.129943771088094, 17.492188794965639 ], [ 94.128293789025506, 17.498783879387513 ], [ 94.126568383691051, 17.505368129026483 ], [ 94.124765910193432, 17.511947954915289 ], [ 94.122884845330191, 17.518522785365324 ], [ 94.120924883242608, 17.525099247581647 ], [ 94.118885511824715, 17.531683568337876 ], [ 94.11676354791598, 17.53827534620428 ], [ 94.11455881098226, 17.544874366337893 ], [ 94.112270800165149, 17.551487517162588 ], [ 94.109899606180704, 17.558115930920536 ], [ 94.107442433794702, 17.564758874885428 ], [ 94.104897045312228, 17.571420086437399 ], [ 94.102265504961537, 17.57810663883712 ], [ 94.099546447761313, 17.584817813889554 ], [ 94.096736746973335, 17.591562050654684 ], [ 94.09383674776204, 17.598342261131396 ], [ 94.090846344885762, 17.605155802647833 ], [ 94.087762567587845, 17.612012820035844 ], [ 94.084586545679272, 17.618906707455945 ], [ 94.081315487195724, 17.625849382595121 ], [ 94.077949706962542, 17.63283963461679 ], [ 94.074489738823459, 17.639877920864077 ], [ 94.070932629054411, 17.646970189266632 ], [ 94.067279123949959, 17.654116581498855 ], [ 94.063528877043623, 17.661318957579137 ], [ 94.059680437771419, 17.668580998959808 ], [ 94.055734804900951, 17.675902395001412 ], [ 94.051692005391004, 17.683284468053579 ], [ 94.047553668945113, 17.690733798475957 ], [ 94.043320082467929, 17.698244563905568 ], [ 94.038991504921668, 17.705810149823566 ], [ 94.034566485143642, 17.713440927640217 ], [ 94.030046970584209, 17.721133095323964 ], [ 94.025434322044745, 17.728892560439817 ], [ 94.020729534882918, 17.736714885816276 ], [ 94.015933892657998, 17.744597463958428 ], [ 94.011050721780364, 17.752545489915477 ], [ 94.006078853482265, 17.760555559625804 ], [ 94.001021587922779, 17.76862639421725 ], [ 93.995880741644399, 17.776746385923936 ], [ 93.990659117201403, 17.784922518106434 ], [ 93.985359243094962, 17.793150722291507 ], [ 93.979982586988612, 17.801434819494926 ], [ 93.974534538594312, 17.809772415507645 ], [ 93.969017103401612, 17.818153569385821 ], [ 93.963433794534978, 17.826571840755353 ], [ 93.957786499647497, 17.835032601032694 ], [ 93.95208150587608, 17.843528634315696 ], [ 93.946321210764268, 17.85205828333503 ], [ 93.940509523617379, 17.860617769764811 ], [ 93.934650438151934, 17.86920319472663 ], [ 93.92874803337574, 17.877810553835378 ], [ 93.922807833126058, 17.886433861174893 ], [ 93.916831316826887, 17.895072703504223 ], [ 93.910824153955943, 17.903720892558756 ], [ 93.904790440309554, 17.912376097627941 ], [ 93.898734714742744, 17.921031792060656 ], [ 93.892661342171024, 17.929683581347099 ], [ 93.886574707425069, 17.938327032589182 ], [ 93.880479196137713, 17.946957696872072 ], [ 93.874377351520579, 17.955575348798462 ], [ 93.868274439845678, 17.964175830695325 ], [ 93.862175486079295, 17.972748069565711 ], [ 93.85608539383982, 17.981282407889971 ], [ 93.850006982139774, 17.989783558285886 ], [ 93.843943807817169, 17.998249534412352 ], [ 93.837900379753108, 18.006672229758916 ], [ 93.831881349389874, 18.015048198015094 ], [ 93.825887120182216, 18.023379521613503 ], [ 93.819923307580396, 18.031656688084883 ], [ 93.813993614158974, 18.039878744327194 ], [ 93.808099036666434, 18.04804379158184 ], [ 93.802245176409457, 18.056145281443385 ], [ 93.796433501783298, 18.064182157377285 ], [ 93.790666640058305, 18.072151768350377 ], [ 93.784947051871413, 18.080051644023488 ], [ 93.779275742655884, 18.087881251174039 ], [ 93.773657406661798, 18.095634984924569 ], [ 93.768092744831478, 18.103312625790579 ], [ 93.762582267421408, 18.110914175163128 ], [ 93.75712952102846, 18.118436538036093 ], [ 93.751733540730868, 18.125881410937765 ], [ 93.746398778617177, 18.133242131765694 ], [ 93.741123889974418, 18.140521108869155 ], [ 93.735911170936404, 18.147715731049985 ], [ 93.730762189554866, 18.154823415135663 ], [ 93.725677633806896, 18.161843872831216 ], [ 93.72065738702274, 18.168778669715145 ], [ 93.715702696444353, 18.175625568355954 ], [ 93.710812411936772, 18.182388269094826 ], [ 93.705985064772591, 18.189068350020658 ], [ 93.701223740641808, 18.195660929482976 ], [ 93.696528824178273, 18.202166468368798 ], [ 93.691899511786886, 18.2085869836299 ], [ 93.687334957275809, 18.214922550418557 ], [ 93.682836307106129, 18.221172345892693 ], [ 93.678402045431497, 18.22733871798118 ], [ 93.674030871059458, 18.233424203895222 ], [ 93.66972397714558, 18.239426039702725 ], [ 93.665479290709499, 18.245348851176402 ], [ 93.661294737664747, 18.251195034722357 ], [ 93.657172449096805, 18.256960638614682 ], [ 93.653110881388784, 18.262648878930648 ], [ 93.649109004663174, 18.268260817540622 ], [ 93.645167648523142, 18.273794602712801 ], [ 93.641284573901288, 18.279254010705802 ], [ 93.637457712884512, 18.284642403372533 ], [ 93.633685896667927, 18.289961458311506 ], [ 93.629967900519787, 18.295212927531662 ], [ 93.626301352181443, 18.300400198912804 ], [ 93.622687104625896, 18.305522045349417 ], [ 93.619122687128268, 18.310581984310172 ], [ 93.615606655235254, 18.315582052691553 ], [ 93.612137530871905, 18.320524340428278 ], [ 93.60871379008853, 18.325410998673966 ], [ 93.605332039186422, 18.330247215926075 ], [ 93.601991577875978, 18.335033489480765 ], [ 93.598692933436936, 18.339769113406906 ], [ 93.595434259897701, 18.344456497424165 ], [ 93.592211852684784, 18.349101253089469 ], [ 93.589025836390178, 18.3537028066159 ], [ 93.585872523996983, 18.358266740302028 ], [ 93.582751924553151, 18.362792633006816 ], [ 93.579661156415753, 18.367284743377745 ], [ 93.576599199028351, 18.371744204848468 ], [ 93.573562268377884, 18.376176787362798 ], [ 93.570549273718385, 18.380583735216046 ], [ 93.567557310548892, 18.384969387282595 ], [ 93.564582019015603, 18.389340628386105 ], [ 93.561629032189813, 18.393686571762121 ], [ 93.55869044049787, 18.398020093815727 ], [ 93.555764717538977, 18.402342975246022 ], [ 93.552848716837445, 18.406659873359846 ], [ 93.549942237172175, 18.410970668407128 ], [ 93.547040841748824, 18.415281715552275 ], [ 93.544143209711791, 18.419594567547612 ], [ 93.541246919807534, 18.423912457571056 ], [ 93.538348385765133, 18.428240328131142 ], [ 93.53544759993207, 18.43257788694757 ], [ 93.532543296694271, 18.43692652657835 ], [ 93.529629703373118, 18.441294339215514 ], [ 93.52670538969393, 18.445683019769945 ], [ 93.523769853717923, 18.450092910597505 ], [ 93.520815436234358, 18.45453485651926 ], [ 93.517842363204977, 18.459007791931761 ], [ 93.514845839623916, 18.463518291741174 ], [ 93.511825236717215, 18.468066831972759 ], [ 93.508774333658735, 18.472661628650755 ], [ 93.505697017823039, 18.477297272385243 ], [ 93.502589976253248, 18.481978141229941 ], [ 93.499443147383474, 18.486717597900366 ], [ 93.496263352725705, 18.49150591922869 ], [ 93.493045330160925, 18.496350049516483 ], [ 93.489785367629452, 18.5012546821415 ], [ 93.486473422772775, 18.506233206542809 ], [ 93.483113527686328, 18.511279651544111 ], [ 93.479706892249453, 18.516391830609706 ], [ 93.476247349867151, 18.521577786985404 ], [ 93.472730078727039, 18.526843629132337 ], [ 93.469153551969001, 18.532190970313678 ], [ 93.465515079328441, 18.537623043234703 ], [ 93.461812434100224, 18.543142306062823 ], [ 93.458038633880136, 18.548757518887658 ], [ 93.454196308862592, 18.554465033278522 ], [ 93.450284830516296, 18.560265241455106 ], [ 93.44629826828529, 18.566165416806694 ], [ 93.442237187325915, 18.572164377156284 ], [ 93.438092421990973, 18.578273930117749 ], [ 93.433873199068358, 18.584480990737369 ], [ 93.429574792890406, 18.590791262731674 ], [ 93.425193236730166, 18.597209657849113 ], [ 93.420725647473006, 18.603739313066445 ], [ 93.416174917012583, 18.61037620954982 ], [ 93.411537607039264, 18.617124527580341 ], [ 93.40681381658483, 18.623983449777782 ], [ 93.402001388687395, 18.630955037705373 ], [ 93.397100323881403, 18.638039421102945 ], [ 93.392110148406388, 18.645236476391698 ], [ 93.387030841236296, 18.652545780692581 ], [ 93.381862304188203, 18.65996654957906 ], [ 93.376605597227567, 18.667497879418463 ], [ 93.371259434840141, 18.675140186036483 ], [ 93.365827990895355, 18.682888503754373 ], [ 93.360310521284731, 18.690742477334364 ], [ 93.354709122524, 18.698700090069046 ], [ 93.349023424867383, 18.706760523604501 ], [ 93.343258748768434, 18.71491748407696 ], [ 93.33741395874587, 18.723171239406128 ], [ 93.331493578440856, 18.731516719624903 ], [ 93.325501296270119, 18.739948272986982 ], [ 93.31943721739502, 18.748465779889397 ], [ 93.31330721249509, 18.757061293153811 ], [ 93.307111751145456, 18.765734269941142 ], [ 93.300855325893181, 18.774478056661881 ], [ 93.294543659022395, 18.783286413188115 ], [ 93.288180232256863, 18.792154145471464 ], [ 93.281764154611679, 18.80108195687399 ], [ 93.275302675237199, 18.810060959405153 ], [ 93.268799939750494, 18.819085834538523 ], [ 93.262261625754604, 18.828149155186935 ], [ 93.255689153477903, 18.837249460046593 ], [ 93.249090279721898, 18.846377451559775 ], [ 93.242467525561352, 18.855529337232792 ], [ 93.235825239934229, 18.864699643378199 ], [ 93.22916923903496, 18.873880802456473 ], [ 93.222500863848651, 18.883071646592104 ], [ 93.215825778175315, 18.892264837186648 ], [ 93.209146751517039, 18.901457137541144 ], [ 93.202470747567062, 18.910639304146031 ], [ 93.195798732067814, 18.919810652628822 ], [ 93.189135931030734, 18.92896438265662 ], [ 93.182485336544431, 18.938095552463622 ], [ 93.175849336515341, 18.94720250554527 ], [ 93.169226496177515, 18.956286554860796 ], [ 93.162628688702682, 18.965333891391314 ], [ 93.156059616017998, 18.97433844156383 ], [ 93.149516747288246, 18.983302847068586 ], [ 93.143006583344118, 18.992220562999989 ], [ 93.1365303463419, 19.001087407467356 ], [ 93.130091022565153, 19.009901918371341 ], [ 93.123686648884544, 19.018664621219987 ], [ 93.117321447612099, 19.027372018539953 ], [ 93.110998019023157, 19.036019011087021 ], [ 93.104716224099249, 19.044605757005499 ], [ 93.098479381758168, 19.05312860084172 ], [ 93.092286614950524, 19.061587402339068 ], [ 93.086138781839111, 19.069980613694437 ], [ 93.080035062266006, 19.078309050518058 ], [ 93.073979628311008, 19.086567462215722 ], [ 93.067968958417097, 19.094757968184332 ], [ 93.062005251580217, 19.102878004766275 ], [ 93.056088623216624, 19.110926731137653 ], [ 93.050216186151374, 19.118907721227259 ], [ 93.044390914511538, 19.126815622186204 ], [ 93.038614077233134, 19.134647705037374 ], [ 93.032885108760411, 19.142403878242472 ], [ 93.027200131440665, 19.1500876164937 ], [ 93.021562537987037, 19.157695408030211 ], [ 93.015969898110683, 19.165228494372641 ], [ 93.010421634926132, 19.172686595923761 ], [ 93.00491714948582, 19.180069446708973 ], [ 92.999455773424259, 19.187376826158786 ], [ 92.99403678797627, 19.194608544849348 ], [ 92.988653633574245, 19.201769262051247 ], [ 92.983312754327798, 19.208852780680417 ], [ 92.978011435784438, 19.215860576961017 ], [ 92.972750838145402, 19.22279086603092 ], [ 92.967530314897573, 19.229643364089796 ], [ 92.962347135842521, 19.23641949891875 ], [ 92.957200411975421, 19.243119169797939 ], [ 92.95208923903931, 19.249742273694153 ], [ 92.947014213554226, 19.256286664819704 ], [ 92.941971390058981, 19.262756408027304 ], [ 92.936959440754976, 19.269150820552404 ], [ 92.931981202353967, 19.275466999217446 ], [ 92.927035297525805, 19.281704405439612 ], [ 92.922119144875467, 19.28786525569112 ], [ 92.917231782372767, 19.293949557379644 ], [ 92.912373716407927, 19.29995530219735 ], [ 92.907541030007025, 19.305886582522042 ], [ 92.902734152218983, 19.311741529377539 ], [ 92.897952052031442, 19.317520290952771 ], [ 92.8931951370446, 19.323221017832399 ], [ 92.888459456393051, 19.328847959440324 ], [ 92.883745328653362, 19.334399430773907 ], [ 92.879053023072885, 19.339873791552698 ], [ 92.874378639152042, 19.345275301327721 ], [ 92.869722349713342, 19.350602510441213 ], [ 92.865082942776738, 19.355855929951407 ], [ 92.860454110126412, 19.361043277500222 ], [ 92.855841475138163, 19.366155379974913 ], [ 92.851242837318736, 19.371195620014337 ], [ 92.846655587764118, 19.376163613564678 ], [ 92.842078935534801, 19.381060845058194 ], [ 92.837510146924458, 19.38589000557177 ], [ 92.83293824071994, 19.390658865490639 ], [ 92.828373040291694, 19.395360242048589 ], [ 92.823817532501621, 19.399990929662994 ], [ 92.81927251959786, 19.404547729652265 ], [ 92.814725098283063, 19.409044102518859 ], [ 92.810180434707163, 19.413475082356854 ], [ 92.80562399799291, 19.417858364004356 ], [ 92.801073937124428, 19.422167695229337 ], [ 92.796517331466902, 19.426418548641564 ], [ 92.791953675127218, 19.430613926269984 ], [ 92.787378521763912, 19.434755964444637 ], [ 92.782785093499996, 19.438851478554156 ], [ 92.778181659300898, 19.44289241812962 ], [ 92.773560303702226, 19.446887644720988 ], [ 92.768923276615084, 19.45083290304558 ], [ 92.764271755849222, 19.454727357633946 ], [ 92.759596915151789, 19.458579429874426 ], [ 92.75490163974311, 19.462389363055017 ], [ 92.750184330816069, 19.466155700079387 ], [ 92.74544022913652, 19.469884395003955 ], [ 92.740666027713615, 19.473579345355294 ], [ 92.735862600338493, 19.477238860207628 ], [ 92.731025186074632, 19.480868821344494 ], [ 92.726154693914296, 19.484467619145782 ], [ 92.721247834276099, 19.488039270117973 ], [ 92.716302758896418, 19.49158591729611 ], [ 92.71131764625774, 19.49510971568332 ], [ 92.706289319800362, 19.498614556212789 ], [ 92.7012151660401, 19.502102005979062 ], [ 92.696093351151276, 19.505574324961717 ], [ 92.690927964782077, 19.509029629213355 ], [ 92.685713612729742, 19.512473191627535 ], [ 92.680446473972637, 19.515908411546622 ], [ 92.675125596838328, 19.519338143680343 ], [ 92.669752477762074, 19.522760958294018 ], [ 92.664325596051896, 19.526179092594898 ], [ 92.658835865281063, 19.529600992363822 ], [ 92.653291370966372, 19.53302151057941 ], [ 92.64769279860036, 19.536443342162876 ], [ 92.642035813562231, 19.539868639833088 ], [ 92.636316347622454, 19.543302931385096 ], [ 92.630534991791492, 19.546746409538933 ], [ 92.62469030089467, 19.55020048662174 ], [ 92.618782840556534, 19.553667951992932 ], [ 92.612811322146669, 19.557150187841572 ], [ 92.606775202260437, 19.56064899208846 ], [ 92.60067239376454, 19.56416782854145 ], [ 92.594505971743231, 19.567704829976002 ], [ 92.588272402635425, 19.571265063016728 ], [ 92.581973191259991, 19.574848407010734 ], [ 92.575609271457424, 19.578454409020623 ], [ 92.569181809552688, 19.582085531494474 ], [ 92.562688686008798, 19.585744472317767 ], [ 92.556130201837988, 19.589432545054034 ], [ 92.549506758317605, 19.593150997150296 ], [ 92.542818128270483, 19.596900603938185 ], [ 92.536063604089208, 19.600684729576255 ], [ 92.529243089471919, 19.604504000218419 ], [ 92.522362184140263, 19.608356840503522 ], [ 92.51541684657694, 19.612246666959635 ], [ 92.508410313556695, 19.616173106681369 ], [ 92.501347718797945, 19.62013401404511 ], [ 92.494220022502802, 19.624137624486178 ], [ 92.487038532213646, 19.628176947346184 ], [ 92.479797738669404, 19.632256592480598 ], [ 92.472503833516143, 19.636374698464508 ], [ 92.465153871416419, 19.640534560049776 ], [ 92.457752607929706, 19.644732960040294 ], [ 92.450299705416626, 19.648971872731774 ], [ 92.442794794900053, 19.653253254549178 ], [ 92.435244513444331, 19.657571740049477 ], [ 92.427644923382843, 19.661932824254823 ], [ 92.420001763543766, 19.666333501453867 ], [ 92.412289371037943, 19.670785185372978 ], [ 92.404547514644065, 19.675271174026161 ], [ 92.396760093372265, 19.679798570042038 ], [ 92.388936284387285, 19.684363838198681 ], [ 92.381072367140334, 19.688968671017541 ], [ 92.373171466080905, 19.693610755517629 ], [ 92.365231099043783, 19.69829319198929 ], [ 92.357257003028664, 19.703012430529093 ], [ 92.349243208552394, 19.707771617345884 ], [ 92.341198146332019, 19.712565968878838 ], [ 92.333117536211802, 19.717396676856264 ], [ 92.325007752217886, 19.722260920537614 ], [ 92.316867144086572, 19.727158732596077 ], [ 92.30869658968885, 19.732089150399368 ], [ 92.300499500274896, 19.737050354484246 ], [ 92.292271443386767, 19.742042930229854 ], [ 92.284006891132861, 19.747066291588872 ], [ 92.275714992391215, 19.752119032986101 ], [ 92.267395793892717, 19.757198944663955 ], [ 92.259051790207522, 19.762303022727842 ], [ 92.250684145182831, 19.767431014478031 ], [ 92.242288203728208, 19.77258305433104 ], [ 92.233872899955202, 19.777756294869498 ], [ 92.225438053396743, 19.782947005180379 ], [ 92.216977007938993, 19.788157026832035 ], [ 92.208495194822959, 19.793383153632789 ], [ 92.199988043523859, 19.798625360528696 ], [ 92.191458833778228, 19.803882050309134 ], [ 92.182909717491796, 19.809148740237987 ], [ 92.174318877647622, 19.814433380589406 ], [ 92.1657126524413, 19.819724068691396 ], [ 92.157091879388489, 19.825017808809857 ], [ 92.148445293924297, 19.830318702867977 ], [ 92.139770097825689, 19.83562460626397 ], [ 92.131078466247473, 19.840930003418958 ], [ 92.122374418040977, 19.846232031148606 ], [ 92.113651164369315, 19.851530883056451 ], [ 92.104911653973815, 19.856823843151037 ], [ 92.096149409469461, 19.862111995876884 ], [ 92.087365273174456, 19.867393121833501 ], [ 92.078561720612001, 19.872663556413922 ], [ 92.069746083533175, 19.877917380168842 ], [ 92.060917142077002, 19.883156253270627 ], [ 92.052078209806524, 19.888375431173845 ], [ 92.043225414441494, 19.893575235000323 ], [ 92.034357119020541, 19.898754319640034 ], [ 92.025479037215916, 19.903909411366378 ], [ 92.016592043397651, 19.909037507931181 ], [ 92.007690088633481, 19.914140493180039 ], [ 91.998778981778145, 19.919214128906162 ], [ 91.989859618778496, 19.924256549225937 ], [ 91.980932967783332, 19.929264902651742 ], [ 91.972002583902153, 19.934237701450744 ], [ 91.963062531520862, 19.939175070312299 ], [ 91.954111115849443, 19.944076055488924 ], [ 91.945163481156555, 19.948934876257397 ], [ 91.93621427260446, 19.95375169053251 ], [ 91.927260329563467, 19.958526137905128 ], [ 91.918304564869331, 19.963256192559442 ], [ 91.909357093312977, 19.967937619737285 ], [ 91.900415076084542, 19.972570121099636 ], [ 91.89147770100405, 19.977152897185572 ], [ 91.88254170722638, 19.981686742320331 ], [ 91.873615024243932, 19.986166674250772 ], [ 91.86469863619665, 19.990592261680064 ], [ 91.855794027000329, 19.994962202175667 ], [ 91.846900347603807, 19.999276031313158 ], [ 91.838018776585827, 20.003532686464776 ], [ 91.829148202895794, 20.007732606098962 ], [ 91.820294275578703, 20.01187196940316 ], [ 91.811455805281128, 20.015951361657873 ], [ 91.802633884097119, 20.019969976469785 ], [ 91.793831934767596, 20.023925691378253 ], [ 91.785046306377211, 20.027820600443047 ], [ 91.776278318657745, 20.031653131515778 ], [ 91.767528742625501, 20.03542274680899 ], [ 91.758802405691966, 20.039128141725719 ], [ 91.750096324794882, 20.042769646371625 ], [ 91.741413315547163, 20.046346464179493 ], [ 91.732749609272801, 20.049860667758299 ], [ 91.724112871345184, 20.053309879107331 ], [ 91.715505028232528, 20.056692059435203 ], [ 91.706922063897821, 20.060009502071189 ], [ 91.698365425332696, 20.063261087618649 ], [ 91.689839592790491, 20.066446323767746 ], [ 91.681341277848333, 20.069566562265916 ], [ 91.672876078361867, 20.072619465623134 ], [ 91.66444892936542, 20.075603039503186 ], [ 91.656050954284865, 20.078522218384258 ], [ 91.647685342574164, 20.081376035675373 ], [ 91.639355293222209, 20.084163442496227 ], [ 91.631057005084415, 20.086887106298882 ], [ 91.622793646260661, 20.089546085750602 ], [ 91.614556944022269, 20.092143458945479 ], [ 91.60635539295086, 20.094676722253524 ], [ 91.598180971572518, 20.097148213597446 ], [ 91.590047166510431, 20.099556586917789 ], [ 91.58196598141906, 20.101896317018316 ], [ 91.573924193389431, 20.104173746001759 ], [ 91.56592425128099, 20.106389281683775 ], [ 91.557967167643653, 20.108543513188703 ], [ 91.550050875097511, 20.1106372850935 ], [ 91.542178778603187, 20.112671909758994 ], [ 91.534346614862145, 20.11465003891789 ], [ 91.526569705192301, 20.116564849609443 ], [ 91.51884133329898, 20.118420851004398 ], [ 91.511156487333309, 20.120221060154357 ], [ 91.50352359673812, 20.121963953501389 ], [ 91.495939930116407, 20.12365154100064 ], [ 91.488406471881333, 20.125284692909137 ], [ 91.480921163939314, 20.126864505150959 ], [ 91.473485610599298, 20.128392737728639 ], [ 91.466105087723932, 20.129868386200471 ], [ 91.458774187535894, 20.131295309937506 ], [ 91.451498841624613, 20.13267163540889 ], [ 91.444278391938539, 20.13400020056314 ], [ 91.437113574167256, 20.135280413228585 ], [ 91.430005548469964, 20.136514340242496 ], [ 91.422953525103097, 20.137703238616918 ], [ 91.415957989626676, 20.138848388738381 ], [ 91.409018867137149, 20.139951921269482 ], [ 91.402146860085594, 20.141012015966243 ], [ 91.395333925345554, 20.142032939929056 ], [ 91.388583163862734, 20.143014164194408 ], [ 91.381894109434455, 20.143957845420566 ], [ 91.375263326082859, 20.144865610874081 ], [ 91.368692784549992, 20.145739410698361 ], [ 91.362185231908896, 20.146578815133807 ], [ 91.355737582339302, 20.147386279640251 ], [ 91.349349213464052, 20.148163999015811 ], [ 91.343023764698927, 20.148911437468797 ], [ 91.336756182797927, 20.149631949722512 ], [ 91.330550381885786, 20.150325696632205 ], [ 91.324407994548025, 20.150993148810723 ], [ 91.318323825441851, 20.151637616453499 ], [ 91.312301062396301, 20.152258714871728 ], [ 91.306338553044398, 20.152858485186041 ], [ 91.300435737442356, 20.153438250400601 ], [ 91.294587929564514, 20.154000489334269 ], [ 91.28879908054958, 20.154544676967745 ], [ 91.283067742787878, 20.155072758353541 ], [ 91.277389614638821, 20.155586492246098 ], [ 91.271763548180502, 20.156087153890805 ], [ 91.26619186460978, 20.156575467373656 ], [ 91.260669583623823, 20.157053636390106 ], [ 91.255198437521784, 20.157521823857468 ], [ 91.249776030406494, 20.157981345887585 ], [ 91.244404443875951, 20.158432854492684 ], [ 91.23908143836465, 20.158877493695655 ], [ 91.233806170577708, 20.159315711156793 ], [ 91.228575521441527, 20.159749242923965 ], [ 91.223388101023843, 20.160179010220766 ], [ 91.218243605388793, 20.160605773041652 ], [ 91.21313944263477, 20.16103048760742 ], [ 91.208072973930271, 20.161454071311724 ], [ 91.203046035021259, 20.161876868214634 ], [ 91.198056149491919, 20.1622996759308 ], [ 91.193099528277457, 20.162723395122534 ], [ 91.188176781632279, 20.16314837277908 ], [ 91.183283883484009, 20.163575906144406 ], [ 91.178419561499851, 20.164005902387402 ], [ 91.173584532194965, 20.164438565078743 ], [ 91.168773447604849, 20.164875162115219 ], [ 91.163989836064857, 20.165314577353069 ], [ 91.159228474353796, 20.165757965370094 ], [ 91.154488570268583, 20.16620592774834 ], [ 91.149768920309697, 20.166658193097327 ], [ 91.145068133275018, 20.167114496630855 ], [ 91.140385502064063, 20.167575323186274 ], [ 91.135715794751917, 20.168041494876611 ], [ 91.131062575945037, 20.168511761117973 ], [ 91.126421892006135, 20.168986749056323 ], [ 91.121792389176818, 20.169466041439065 ], [ 91.117173555770236, 20.169949867306997 ], [ 91.112561653280409, 20.170438294268621 ], [ 91.107957702289653, 20.17093093452123 ], [ 91.103358112517171, 20.171427769585122 ], [ 91.098763911525793, 20.171928357731755 ], [ 91.094172822935008, 20.172432508763748 ], [ 91.089575111005104, 20.172940639921784 ], [ 91.084978577513354, 20.173451721840863 ], [ 91.080383505176812, 20.173965242239806 ], [ 91.075785399079834, 20.174481166896335 ], [ 91.071184427610476, 20.174998991514471 ], [ 91.066578490649931, 20.175518462978317 ], [ 91.061963887947499, 20.176039480450505 ], [ 91.057347833913482, 20.176560451326477 ], [ 91.052726336448771, 20.177081368054719 ], [ 91.04809622514486, 20.177602263497739 ], [ 91.043458291277545, 20.17812216411124 ], [ 91.038815128554162, 20.178640435444105 ], [ 91.034161723445806, 20.17915728468795 ], [ 91.0294977962442, 20.179672197322073 ], [ 91.024822910457502, 20.180184702854532 ], [ 91.020141568465405, 20.180693368823349 ], [ 91.015449692584411, 20.181198475237661 ], [ 91.010745595643456, 20.181699887333938 ], [ 91.006031185369395, 20.182196836001474 ], [ 91.001302851027432, 20.182689559923244 ], [ 90.996565141883863, 20.18317683429628 ], [ 90.991815678243427, 20.183658768756906 ], [ 90.987055540990795, 20.184134889304936 ], [ 90.982282543543761, 20.184605258996626 ], [ 90.977497858019461, 20.185069460684677 ], [ 90.972701577940512, 20.185527277059347 ], [ 90.967894965137106, 20.185978344333993 ], [ 90.963076025244149, 20.186422859197435 ], [ 90.958247224500525, 20.18686034827471 ], [ 90.953406607077525, 20.187291084555987 ], [ 90.948556712800354, 20.187714672204102 ], [ 90.943696785265189, 20.188131276101359 ], [ 90.938826017498656, 20.188541105645488 ], [ 90.93394359152903, 20.188944401689575 ], [ 90.929050664676552, 20.189341135225764 ], [ 90.92415235688496, 20.18973077854314 ], [ 90.919246018975556, 20.190113941399773 ], [ 90.914333257026342, 20.190490698798087 ], [ 90.909413403439231, 20.190861450320561 ], [ 90.904486936420568, 20.191226476074746 ], [ 90.899554336724222, 20.19158608911469 ], [ 90.894616084124976, 20.191940634184196 ], [ 90.889672653875905, 20.192290486322563 ], [ 90.884724513154566, 20.192636049342784 ], [ 90.87999868520366, 20.19296223849825 ], [ 90.878680625390444, 20.197273994374175 ], [ 90.874271750302213, 20.212252674964002 ], [ 90.870019030700774, 20.227276437067658 ], [ 90.865922927390159, 20.242343652783394 ], [ 90.861983884204179, 20.257452689501019 ], [ 90.860290067787957, 20.264238255241658 ], [ 90.859263566004941, 20.265572127069618 ], [ 90.849712444822885, 20.278258837727996 ], [ 90.840296167544224, 20.291045950982163 ], [ 90.831015789530838, 20.303932033672112 ], [ 90.821872350913225, 20.316915641545492 ], [ 90.812866876473961, 20.329995319419478 ], [ 90.804000375532766, 20.34316960134387 ], [ 90.795273841833449, 20.356437010765394 ], [ 90.786688253432501, 20.369796060693183 ], [ 90.778244572589472, 20.383245253865447 ], [ 90.769943745659162, 20.396783082917274 ], [ 90.761786702985475, 20.410408030549586 ], [ 90.75377435879723, 20.424118569699189 ], [ 90.74590761110565, 20.437913163709911 ], [ 90.738187341603748, 20.451790266504858 ], [ 90.730614415567445, 20.465748322759662 ], [ 90.723189681758655, 20.47978576807683 ], [ 90.715913972330171, 20.493901029161048 ], [ 90.708788102732285, 20.50809252399555 ], [ 90.701812871621541, 20.522358662019389 ], [ 90.694989060771107, 20.536697844305742 ], [ 90.688317434983247, 20.551108463741084 ], [ 90.681798742003494, 20.565588905205328 ], [ 90.67543371243697, 20.580137545752844 ], [ 90.670968251318087, 20.59064588523502 ], [ 90.662005438358221, 20.602071889990974 ], [ 90.652437764537112, 20.614535658076722 ], [ 90.643001172669287, 20.627098963022593 ], [ 90.633696698204304, 20.639760426293996 ], [ 90.624525362094829, 20.652518658585727 ], [ 90.615488170684671, 20.665372259974394 ], [ 90.606586115598304, 20.678319820072037 ], [ 90.59782017363213, 20.691359918180883 ], [ 90.589191306647223, 20.70449112344923 ], [ 90.580700461463834, 20.717711995028463 ], [ 90.572348569757509, 20.731021082231134 ], [ 90.564136547956778, 20.744416924690167 ], [ 90.556065297142737, 20.757898052519078 ], [ 90.54813570295002, 20.771462986473271 ], [ 90.540348635469755, 20.785110238112349 ], [ 90.532704949153981, 20.798838309963443 ], [ 90.525205482721972, 20.812645695685511 ], [ 90.517851059068178, 20.826530880234635 ], [ 90.510642485171928, 20.840492340030263 ], [ 90.50358055200887, 20.854528543122381 ], [ 90.496666034464212, 20.868637949359616 ], [ 90.489899691247686, 20.882819010558229 ], [ 90.483282264810256, 20.897070170671984 ], [ 90.476814481262707, 20.911389865962903 ], [ 90.470497050295961, 20.92577652517285 ], [ 90.464330665103176, 20.940228569695922 ], [ 90.45831600230369, 20.954744413751683 ], [ 90.452453721868821, 20.96932246455917 ], [ 90.446744467049385, 20.983961122511641 ], [ 90.441188864305175, 20.99865878135212 ], [ 90.435787523236158, 21.013413828349634 ], [ 90.430541036515635, 21.028224644476172 ], [ 90.425449979825217, 21.043089604584349 ], [ 90.420514911791614, 21.05800707758571 ], [ 90.415736373925341, 21.072975426629718 ], [ 90.41111489056135, 21.087993009283363 ], [ 90.406650968801443, 21.103058177711368 ], [ 90.402345098458653, 21.118169278857007 ], [ 90.398197752003497, 21.1333246546235 ], [ 90.394209384512138, 21.148522642055941 ], [ 90.390380433616443, 21.163761573523761 ], [ 90.386711319455927, 21.179039776903739 ], [ 90.383202444631749, 21.194355575763442 ], [ 90.379854194162448, 21.209707289545214 ], [ 90.376666935441705, 21.225093233750552 ], [ 90.373641018198072, 21.240511720124946 ], [ 90.370776774456559, 21.255961056843134 ], [ 90.368074518502254, 21.271439548694733 ], [ 90.365534546845737, 21.28694549727026 ], [ 90.363157138190672, 21.302477201147475 ], [ 90.360942553403135, 21.318032956078092 ], [ 90.358891035482998, 21.333611055174774 ], [ 90.357002809537306, 21.34920978909842 ], [ 90.355278082755561, 21.364827446245734 ], [ 90.353717044386954, 21.380462312937027 ], [ 90.352319865719664, 21.396112673604257 ], [ 90.351086700061998, 21.411776810979273 ], [ 90.350017682725607, 21.427453006282253 ], [ 90.349112931010609, 21.443139539410289 ], [ 90.348372544192785, 21.458834689126128 ], [ 90.347796603512577, 21.474536733247056 ], [ 90.347385172166298, 21.49024394883385 ], [ 90.347138295299075, 21.505954612379835 ], [ 90.347056, 21.521667 ], [ 90.347056, 21.523333 ], [ 90.347137811639001, 21.538999148980963 ], [ 90.347224408249801, 21.544526222154751 ], [ 90.347012030150381, 21.546212944175092 ], [ 90.346952375124133, 21.546730390540656 ], [ 90.346887663705829, 21.547247228904297 ], [ 90.346052873960915, 21.554532643544032 ], [ 90.34521302476854, 21.561817476684318 ], [ 90.345158791599928, 21.562335519371725 ], [ 90.345099495949469, 21.562853007041593 ], [ 90.344341043265928, 21.570146763955314 ], [ 90.343577525322971, 21.577439992383109 ], [ 90.34352871995911, 21.57795857458478 ], [ 90.343474846579113, 21.578476654810881 ], [ 90.34279281412941, 21.585777954160243 ], [ 90.342509425429583, 21.588789105481354 ], [ 90.345193718109954, 21.559930857757344 ], [ 90.343195422309662, 21.576130551966646 ], [ 90.341373521641387, 21.592351031507505 ], [ 90.339728231837029, 21.608590375707319 ], [ 90.338259747715924, 21.624846661659724 ], [ 90.336968243161763, 21.641117964452281 ], [ 90.33585387110206, 21.657402357394389 ], [ 90.334916763490014, 21.673697912245444 ], [ 90.334157031288825, 21.690002699443163 ], [ 90.333574764458689, 21.706314788332051 ], [ 90.333170031945983, 21.722632247392013 ], [ 90.332942881675237, 21.738953144467079 ], [ 90.332893340543407, 21.755275546994177 ], [ 90.332921340543407, 21.766914546994183 ], [ 90.333041229629742, 21.782610752167759 ], [ 90.333325361932538, 21.798304843383196 ], [ 90.333773706338008, 21.813995102066151 ], [ 90.334092272428222, 21.822152743918735 ], [ 90.337056, 21.822472 ], [ 90.335806, 21.827028 ], [ 90.334263020802567, 21.826525161849208 ], [ 90.334386213750392, 21.829679810061961 ], [ 90.334944451164986, 21.840949055133215 ], [ 90.342083, 21.843306 ], [ 90.341278, 21.85 ], [ 90.349583, 21.8725 ], [ 90.345361, 21.890833 ], [ 90.346222, 21.900806 ], [ 90.354583, 21.914139 ], [ 90.36375, 21.940833 ], [ 90.39625, 21.990806 ], [ 90.396278, 21.995806 ], [ 90.3925, 21.998722 ], [ 90.384111, 22.002056 ], [ 90.377889, 22.0 ], [ 90.377444, 21.999583 ], [ 90.363306, 21.992917 ], [ 90.352917, 21.981639 ], [ 90.351222, 21.965 ], [ 90.345642413463025, 21.958170214106314 ], [ 90.347269124193957, 21.970309355318197 ], [ 90.349516611751184, 21.985844284668669 ], [ 90.351276185149629, 21.997169098032405 ], [ 90.388806, 22.039972 ], [ 90.390389, 22.049167 ], [ 90.385778, 22.055389 ], [ 90.381694, 22.054583 ], [ 90.362889, 22.033306 ], [ 90.356222, 22.0175 ], [ 90.354144770979033, 22.014708984618952 ], [ 90.354498640229323, 22.016839338030714 ], [ 90.357232635595466, 22.032296067943015 ], [ 90.360128225109108, 22.047723342219843 ], [ 90.363185091690042, 22.063119471504518 ], [ 90.366005429903907, 22.076585062117147 ], [ 90.379611, 22.087444 ], [ 90.37625, 22.115778 ], [ 90.382944, 22.1375 ], [ 90.3785399939174, 22.14041956243236 ], [ 90.379231389353777, 22.143736166268383 ], [ 90.388278, 22.140389 ], [ 90.397917, 22.148278 ], [ 90.39625, 22.173306 ], [ 90.405833, 22.180389 ], [ 90.418306, 22.184556 ], [ 90.425389, 22.198306 ], [ 90.43, 22.197917 ], [ 90.432917, 22.193333 ], [ 90.432111, 22.181667 ], [ 90.426694, 22.177056 ], [ 90.41, 22.174556 ], [ 90.406222, 22.171639 ], [ 90.405389, 22.143306 ], [ 90.400389, 22.134972 ], [ 90.387083, 22.125 ], [ 90.385417, 22.112472 ], [ 90.390417, 22.094167 ], [ 90.408306, 22.085389 ], [ 90.422889, 22.087444 ], [ 90.421222, 22.095 ], [ 90.425778, 22.104528 ], [ 90.427917, 22.0825 ], [ 90.433361, 22.078722 ], [ 90.440833, 22.07875 ], [ 90.469583, 22.114944 ], [ 90.483778, 22.139139 ], [ 90.494611, 22.149111 ], [ 90.495389, 22.158361 ], [ 90.48875, 22.193333 ], [ 90.49125, 22.194111 ], [ 90.497111, 22.174139 ], [ 90.501611, 22.168778 ], [ 90.511639, 22.171222 ], [ 90.529139, 22.185417 ], [ 90.546278, 22.200806 ], [ 90.558694, 22.235 ], [ 90.571222, 22.251639 ], [ 90.589556, 22.266639 ], [ 90.607111, 22.296667 ], [ 90.612889, 22.321667 ], [ 90.612917, 22.364167 ], [ 90.609583, 22.389972 ], [ 90.602028, 22.402472 ], [ 90.600361, 22.412472 ], [ 90.591194, 22.419167 ], [ 90.587056, 22.43 ], [ 90.581194, 22.525833 ], [ 90.573722, 22.540833 ], [ 90.559139, 22.556222 ], [ 90.538306, 22.562028 ], [ 90.536453624505924, 22.563880255342571 ], [ 90.541043851365032, 22.572101748162012 ], [ 90.548844438100375, 22.585735848857681 ], [ 90.556787370483704, 22.59928751592669 ], [ 90.55830567916513, 22.601816853912961 ], [ 90.561667, 22.598722 ], [ 90.565, 22.598722 ], [ 90.567444, 22.602889 ], [ 90.593333, 22.569583 ], [ 90.612444, 22.560389 ], [ 90.615389, 22.560778 ], [ 90.61125, 22.574139 ], [ 90.614139, 22.590417 ], [ 90.622111, 22.557444 ], [ 90.629139, 22.554556 ], [ 90.632861, 22.558306 ], [ 90.63625, 22.544167 ], [ 90.649556, 22.529972 ], [ 90.657889, 22.515833 ], [ 90.662083, 22.493306 ], [ 90.671222, 22.479167 ], [ 90.667917, 22.4275 ], [ 90.67875, 22.371667 ], [ 90.678778, 22.310833 ], [ 90.674556, 22.294139 ], [ 90.675417, 22.270806 ], [ 90.652889, 22.240861 ], [ 90.644611, 22.219972 ], [ 90.622111, 22.19 ], [ 90.622111, 22.161639 ], [ 90.616222, 22.143306 ], [ 90.619556, 22.124139 ], [ 90.624167, 22.122083 ], [ 90.629972, 22.130444 ], [ 90.640389, 22.136667 ], [ 90.617861, 22.111694 ], [ 90.609583, 22.081639 ], [ 90.597944, 22.054972 ], [ 90.60125, 22.034972 ], [ 90.610389, 22.021611 ], [ 90.615, 22.019556 ], [ 90.623361, 22.022889 ], [ 90.634583, 22.035778 ], [ 90.642861, 22.0625 ], [ 90.6475, 22.068778 ], [ 90.650389, 22.068306 ], [ 90.640389, 22.034167 ], [ 90.619556, 22.010806 ], [ 90.623722, 22.0 ], [ 90.647472, 21.996222 ], [ 90.66125, 22.005833 ], [ 90.662083, 22.011639 ], [ 90.652917, 22.024139 ], [ 90.656639, 22.047056 ], [ 90.658778, 22.0225 ], [ 90.662083, 22.016639 ], [ 90.664167, 22.014528 ], [ 90.676611, 22.017917 ], [ 90.686611, 22.01625 ], [ 90.701194, 22.026639 ], [ 90.705, 22.041194 ], [ 90.71125, 22.036639 ], [ 90.714611, 22.050806 ], [ 90.707083, 22.062444 ], [ 90.710028, 22.071194 ], [ 90.711222, 22.064167 ], [ 90.719972, 22.056222 ], [ 90.723361, 22.05625 ], [ 90.754972, 22.080444 ], [ 90.760806, 22.092083 ], [ 90.761278, 22.085861 ], [ 90.751222, 22.071667 ], [ 90.755806, 22.072861 ], [ 90.759972, 22.066222 ], [ 90.763278, 22.067083 ], [ 90.770417, 22.079139 ], [ 90.78125, 22.0875 ], [ 90.78875, 22.098333 ], [ 90.782889, 22.108333 ], [ 90.797083, 22.117472 ], [ 90.796667, 22.123722 ], [ 90.803333, 22.119556 ], [ 90.806222, 22.126667 ], [ 90.83125, 22.154111 ], [ 90.832056, 22.163361 ], [ 90.827889, 22.175 ], [ 90.829611, 22.190833 ], [ 90.822083, 22.207472 ], [ 90.825417, 22.207472 ], [ 90.83125, 22.194139 ], [ 90.835028, 22.192056 ], [ 90.83625, 22.2075 ], [ 90.851222, 22.252472 ], [ 90.842889, 22.336667 ], [ 90.849583, 22.37 ], [ 90.858806, 22.386639 ], [ 90.86375, 22.409111 ], [ 90.862861, 22.425 ], [ 90.867889, 22.459972 ], [ 90.865417, 22.487472 ], [ 90.860028, 22.495417 ], [ 90.813333, 22.517917 ], [ 90.798778, 22.531639 ], [ 90.78625, 22.554111 ], [ 90.774556, 22.605833 ], [ 90.769139, 22.61625 ], [ 90.755, 22.620417 ], [ 90.723333, 22.62375 ], [ 90.707111, 22.633333 ], [ 90.69875, 22.660833 ], [ 90.699583, 22.674167 ], [ 90.695417, 22.683333 ], [ 90.696222, 22.7225 ], [ 90.680417, 22.748306 ], [ 90.680389, 22.755806 ], [ 90.686639, 22.762889 ], [ 90.699972, 22.767889 ], [ 90.723278, 22.767889 ], [ 90.741639, 22.764528 ], [ 90.763333, 22.765417 ], [ 90.778333, 22.760417 ], [ 90.797056, 22.725 ], [ 90.812083, 22.716667 ], [ 90.815389, 22.694111 ], [ 90.820806, 22.684556 ], [ 90.865, 22.667917 ], [ 90.867861, 22.678333 ], [ 90.855417, 22.7 ], [ 90.8575, 22.700361 ], [ 90.870417, 22.680806 ], [ 90.867889, 22.664972 ], [ 90.881222, 22.645 ], [ 90.884583, 22.631639 ], [ 90.909139, 22.607889 ], [ 90.9425, 22.583722 ], [ 90.962472, 22.572889 ], [ 90.976667, 22.570389 ], [ 91.053667, 22.60075 ], [ 91.023722, 22.669944 ], [ 91.02, 22.672861 ], [ 91.007444, 22.672833 ], [ 91.006167, 22.674944 ], [ 91.012889, 22.679083 ], [ 91.004528, 22.686611 ], [ 91.0225, 22.682889 ], [ 91.029972, 22.673694 ], [ 91.037917, 22.69575 ], [ 91.053722, 22.715778 ], [ 91.069111, 22.730361 ], [ 91.086611, 22.741167 ], [ 91.094083, 22.751194 ], [ 91.103306, 22.756167 ], [ 91.124111, 22.762028 ], [ 91.141611, 22.761194 ], [ 91.159972, 22.752806 ], [ 91.189111, 22.7195 ], [ 91.231639, 22.7195 ], [ 91.259944, 22.714472 ], [ 91.281194, 22.731583 ], [ 91.27125, 22.751583 ], [ 91.276583, 22.758639 ], [ 91.304972, 22.754472 ], [ 91.310361, 22.75075 ], [ 91.309167, 22.743694 ], [ 91.317472, 22.745333 ], [ 91.352444, 22.742806 ], [ 91.371639, 22.736139 ], [ 91.3745, 22.738222 ], [ 91.3745, 22.759056 ], [ 91.38325, 22.767 ], [ 91.407472, 22.770333 ], [ 91.447417, 22.763611 ], [ 91.474944, 22.747833 ], [ 91.495722, 22.7295 ], [ 91.503306, 22.728639 ], [ 91.500361, 22.724889 ], [ 91.522833, 22.704861 ], [ 91.537806, 22.672417 ], [ 91.621167, 22.602389 ], [ 91.653667, 22.567389 ], [ 91.657833, 22.557389 ], [ 91.671972, 22.544889 ], [ 91.677806, 22.530694 ], [ 91.690333, 22.517389 ], [ 91.695306, 22.505722 ], [ 91.711194, 22.486583 ], [ 91.725333, 22.449861 ], [ 91.735361, 22.435722 ], [ 91.741139, 22.419889 ], [ 91.747, 22.414083 ], [ 91.752778, 22.389056 ], [ 91.757861, 22.379861 ], [ 91.759472, 22.346556 ], [ 91.766972, 22.324861 ], [ 91.765333, 22.31075 ], [ 91.769472, 22.299889 ], [ 91.767833, 22.292417 ], [ 91.777806, 22.249056 ], [ 91.795306, 22.228194 ], [ 91.80075, 22.226139 ], [ 91.8295, 22.249861 ], [ 91.832861, 22.262389 ], [ 91.822806, 22.269889 ], [ 91.824056, 22.273667 ], [ 91.833194, 22.271972 ], [ 91.838667, 22.263222 ], [ 91.833639, 22.239889 ], [ 91.825694, 22.238639 ], [ 91.812, 22.229083 ], [ 91.816167, 22.223194 ], [ 91.812806, 22.212389 ], [ 91.816167, 22.207361 ], [ 91.812, 22.207389 ], [ 91.811972, 22.202417 ], [ 91.816972, 22.169917 ], [ 91.828611, 22.132361 ], [ 91.841528, 22.112778 ], [ 91.850278, 22.112389 ], [ 91.846167, 22.119028 ], [ 91.846139, 22.129861 ], [ 91.842, 22.139056 ], [ 91.842778, 22.146528 ], [ 91.849028, 22.151167 ], [ 91.854028, 22.151944 ], [ 91.861139, 22.146528 ], [ 91.862361, 22.131111 ], [ 91.879028, 22.133583 ], [ 91.887, 22.129861 ], [ 91.864889, 22.125278 ], [ 91.854472, 22.133194 ], [ 91.856083, 22.145694 ], [ 91.852389, 22.146944 ], [ 91.8495, 22.142389 ], [ 91.851167, 22.132417 ], [ 91.858639, 22.119056 ], [ 91.856944, 22.099889 ], [ 91.861139, 22.091528 ], [ 91.859444, 22.082389 ], [ 91.876944, 22.046556 ], [ 91.883639, 22.024056 ], [ 91.881694, 21.987056 ], [ 91.877472, 21.995417 ], [ 91.874583, 21.994139 ], [ 91.880389, 21.983333 ], [ 91.880389, 21.9675 ], [ 91.884167, 21.960417 ], [ 91.883722, 21.968333 ], [ 91.887083, 21.970806 ], [ 91.888722, 21.948333 ], [ 91.891639, 21.945444 ], [ 91.921194, 21.94 ], [ 91.904611, 21.940028 ], [ 91.909583, 21.931667 ], [ 91.906222, 21.910833 ], [ 91.913778, 21.889139 ], [ 91.917917, 21.861639 ], [ 91.920833, 21.857056 ], [ 91.92375, 21.857472 ], [ 91.91625, 21.853306 ], [ 91.916222, 21.848306 ], [ 91.931667, 21.838722 ], [ 91.937861, 21.829972 ], [ 91.936611, 21.825444 ], [ 91.926694, 21.839556 ], [ 91.920806, 21.84375 ], [ 91.915417, 21.8425 ], [ 91.904611, 21.805833 ], [ 91.890389, 21.780806 ], [ 91.899111, 21.778722 ], [ 91.927083, 21.784139 ], [ 91.908333, 21.777944 ], [ 91.891667, 21.776278 ], [ 91.890389, 21.771667 ], [ 91.904139, 21.765389 ], [ 91.928306, 21.767917 ], [ 91.9425, 21.760417 ], [ 91.947083, 21.769972 ], [ 91.944611, 21.782472 ], [ 91.954556, 21.790806 ], [ 91.955806, 21.79625 ], [ 91.964139, 21.79125 ], [ 91.978694, 21.790833 ], [ 91.955, 21.784611 ], [ 91.952083, 21.775806 ], [ 91.950389, 21.759972 ], [ 91.972889, 21.745806 ], [ 91.966611, 21.744583 ], [ 91.951667, 21.75625 ], [ 91.946222, 21.754139 ], [ 91.95125, 21.729167 ], [ 91.949972, 21.720389 ], [ 91.946222, 21.721611 ], [ 91.939972, 21.743722 ], [ 91.924194, 21.728694 ], [ 91.917056, 21.731639 ], [ 91.9175, 21.719528 ], [ 91.927528, 21.72625 ], [ 91.929556, 21.724944 ], [ 91.915417, 21.715 ], [ 91.913722, 21.707472 ], [ 91.908722, 21.703306 ], [ 91.90875, 21.699167 ], [ 91.915417, 21.693306 ], [ 91.909611, 21.685 ], [ 91.914528, 21.673333 ], [ 91.913722, 21.666611 ], [ 91.908306, 21.659583 ], [ 91.901639, 21.657083 ], [ 91.892111, 21.661667 ], [ 91.895389, 21.641667 ], [ 91.90375, 21.638333 ], [ 91.893333, 21.637056 ], [ 91.885417, 21.631667 ], [ 91.89625, 21.619972 ], [ 91.882944, 21.6175 ], [ 91.889556, 21.610028 ], [ 91.886639, 21.607944 ], [ 91.883278, 21.61125 ], [ 91.880444, 21.601639 ], [ 91.885833, 21.599556 ], [ 91.889167, 21.603694 ], [ 91.895861, 21.602028 ], [ 91.91, 21.613778 ], [ 91.914583, 21.610806 ], [ 91.90625, 21.609167 ], [ 91.912083, 21.605806 ], [ 91.909556, 21.595 ], [ 91.922056, 21.587528 ], [ 91.918361, 21.572056 ], [ 91.915417, 21.5725 ], [ 91.917917, 21.574972 ], [ 91.913333, 21.579556 ], [ 91.89625, 21.575806 ], [ 91.897917, 21.559139 ], [ 91.893778, 21.549972 ], [ 91.895, 21.545417 ], [ 91.90125, 21.5475 ], [ 91.90125, 21.556639 ], [ 91.909167, 21.56375 ], [ 91.919944, 21.564556 ], [ 91.920389, 21.5625 ], [ 91.907917, 21.559139 ], [ 91.902861, 21.5525 ], [ 91.904583, 21.539972 ], [ 91.894167, 21.534556 ], [ 91.892917, 21.529167 ], [ 91.896639, 21.522861 ], [ 91.908333, 21.527083 ], [ 91.902056, 21.5225 ], [ 91.903361, 21.520389 ], [ 91.908333, 21.519556 ], [ 91.913333, 21.523722 ], [ 91.928306, 21.511194 ], [ 91.94, 21.514556 ], [ 91.953778, 21.510833 ], [ 91.939111, 21.509556 ], [ 91.942083, 21.505778 ], [ 91.934972, 21.505389 ], [ 91.936667, 21.501222 ], [ 91.952472, 21.502056 ], [ 91.958306, 21.507083 ], [ 91.970806, 21.505389 ], [ 91.975417, 21.509944 ], [ 91.974944, 21.512083 ], [ 91.97, 21.509583 ], [ 91.965389, 21.510806 ], [ 91.972111, 21.515778 ], [ 91.971194, 21.524139 ], [ 91.98125, 21.541639 ], [ 91.990389, 21.63 ], [ 91.98875, 21.6375 ], [ 91.97875, 21.652472 ], [ 91.966222, 21.661611 ], [ 91.961222, 21.675806 ], [ 91.974139, 21.681222 ], [ 91.968722, 21.673333 ], [ 91.969583, 21.669972 ], [ 91.9825, 21.660417 ], [ 92.016667, 21.665278 ], [ 92.025806, 21.674444 ], [ 92.026194, 21.669 ], [ 92.021639, 21.663583 ], [ 92.003694, 21.656472 ], [ 91.999583, 21.639167 ], [ 92.001639, 21.634444 ], [ 92.004972, 21.63525 ], [ 92.009167, 21.631111 ], [ 92.012472, 21.631111 ], [ 92.017444, 21.63775 ], [ 92.020361, 21.636556 ], [ 92.017056, 21.624028 ], [ 92.02125, 21.607361 ], [ 92.012083, 21.596528 ], [ 92.014139, 21.594472 ], [ 92.027917, 21.595694 ], [ 92.017444, 21.591972 ], [ 92.004139, 21.59275 ], [ 92.001194, 21.584889 ], [ 91.994556, 21.578333 ], [ 91.994611, 21.573333 ], [ 91.99875, 21.555806 ], [ 92.007056, 21.545722 ], [ 92.004556, 21.532333 ], [ 92.007028, 21.528222 ], [ 92.00625, 21.519056 ], [ 92.01075, 21.512778 ], [ 92.030833, 21.513639 ], [ 92.044139, 21.519444 ], [ 92.049528, 21.519 ], [ 92.036639, 21.511944 ], [ 92.020833, 21.511111 ], [ 92.012028, 21.507389 ], [ 92.011194, 21.503194 ], [ 92.02, 21.501111 ], [ 92.026639, 21.492778 ], [ 92.012444, 21.497806 ], [ 92.007833, 21.509083 ], [ 92.002444, 21.509444 ], [ 91.994528, 21.500833 ], [ 91.969611, 21.453306 ], [ 91.972889, 21.447472 ], [ 91.970806, 21.44625 ], [ 91.967917, 21.450806 ], [ 91.968333, 21.465389 ], [ 91.964194, 21.465417 ], [ 91.95875, 21.456667 ], [ 91.961611, 21.472917 ], [ 91.957056, 21.470028 ], [ 91.95125, 21.449167 ], [ 92.020361, 21.359889 ], [ 92.033694, 21.315722 ], [ 92.036222, 21.314944 ], [ 92.034972, 21.326167 ], [ 92.047, 21.300722 ], [ 92.056611, 21.293667 ], [ 92.064528, 21.29325 ], [ 92.057444, 21.289472 ], [ 92.038722, 21.304917 ], [ 92.046194, 21.284889 ], [ 92.04875, 21.188278 ], [ 92.052833, 21.174083 ], [ 92.088722, 21.129917 ], [ 92.137889, 21.077417 ], [ 92.145333, 21.064944 ], [ 92.192028, 21.009917 ], [ 92.191222, 21.000778 ], [ 92.197056, 20.978278 ], [ 92.202889, 20.96 ], [ 92.21375, 20.941639 ], [ 92.212917, 20.935833 ], [ 92.217111, 20.933278 ], [ 92.220361, 20.923306 ], [ 92.237111, 20.898306 ], [ 92.245389, 20.8925 ], [ 92.246194, 20.885 ], [ 92.255444, 20.873333 ], [ 92.277028, 20.833306 ], [ 92.282917, 20.828333 ], [ 92.292028, 20.799111 ], [ 92.296639, 20.792889 ], [ 92.302056, 20.794167 ], [ 92.299583, 20.7875 ], [ 92.302889, 20.785 ], [ 92.300389, 20.782472 ], [ 92.302083, 20.774139 ], [ 92.313722, 20.752444 ], [ 92.324167, 20.74125 ], [ 92.351667, 20.725389 ], [ 92.3575, 20.726222 ], [ 92.358694, 20.729167 ], [ 92.353278, 20.727944 ], [ 92.341639, 20.737917 ], [ 92.330833, 20.741278 ], [ 92.327889, 20.746639 ], [ 92.328306, 20.748722 ], [ 92.336667, 20.747028 ], [ 92.340389, 20.749972 ], [ 92.334556, 20.769167 ], [ 92.335389, 20.788333 ], [ 92.330806, 20.792917 ], [ 92.327028, 20.7925 ], [ 92.317944, 20.847472 ], [ 92.301222, 20.875806 ], [ 92.302917, 20.885806 ], [ 92.277056, 20.908306 ], [ 92.267917, 20.925806 ], [ 92.264583, 20.949139 ], [ 92.259583, 20.959111 ], [ 92.26125, 20.981667 ], [ 92.257944, 20.989167 ], [ 92.257861, 21.014972 ], [ 92.252028, 21.027444 ], [ 92.252833, 21.044972 ], [ 92.262861, 21.060778 ], [ 92.264972, 21.062056 ], [ 92.267833, 21.054083 ], [ 92.274083, 21.047861 ], [ 92.287056, 21.045806 ], [ 92.278278, 21.040361 ], [ 92.271639, 21.047 ], [ 92.266611, 21.047833 ], [ 92.267028, 21.029944 ], [ 92.292917, 21.02825 ], [ 92.268694, 21.02575 ], [ 92.274972, 20.998722 ], [ 92.281667, 20.999611 ], [ 92.293278, 21.007889 ], [ 92.297, 21.006583 ], [ 92.285833, 20.999556 ], [ 92.272889, 20.995833 ], [ 92.279972, 20.970389 ], [ 92.289167, 20.970417 ], [ 92.299583, 20.984194 ], [ 92.289583, 20.994972 ], [ 92.294139, 20.998722 ], [ 92.302083, 20.998306 ], [ 92.292917, 20.995 ], [ 92.305, 20.987889 ], [ 92.313333, 20.992917 ], [ 92.323306, 20.992083 ], [ 92.32625, 21.0 ], [ 92.334972, 21.005361 ], [ 92.339972, 20.997889 ], [ 92.352083, 20.990806 ], [ 92.348694, 20.987472 ], [ 92.35125, 20.963333 ], [ 92.362917, 20.948333 ], [ 92.364583, 20.940778 ], [ 92.358306, 20.93875 ], [ 92.355, 20.943722 ], [ 92.350833, 20.944556 ], [ 92.345361, 20.9375 ], [ 92.344583, 20.926639 ], [ 92.354139, 20.918694 ], [ 92.36375, 20.921667 ], [ 92.354167, 20.917111 ], [ 92.344944, 20.922056 ], [ 92.334972, 20.912889 ], [ 92.319972, 20.907028 ], [ 92.315389, 20.895833 ], [ 92.322056, 20.875833 ], [ 92.334194, 20.855389 ], [ 92.340861, 20.854556 ], [ 92.343333, 20.857056 ], [ 92.343333, 20.853722 ], [ 92.348361, 20.85375 ], [ 92.355, 20.867083 ], [ 92.360028, 20.869556 ], [ 92.365, 20.867056 ], [ 92.355806, 20.865417 ], [ 92.353722, 20.855833 ], [ 92.348306, 20.850417 ], [ 92.3375, 20.852028 ], [ 92.336222, 20.8475 ], [ 92.355417, 20.806667 ], [ 92.360361, 20.784139 ], [ 92.365417, 20.785 ], [ 92.36375, 20.7725 ], [ 92.368306, 20.769528 ], [ 92.383306, 20.767861 ], [ 92.38625, 20.764944 ], [ 92.3875, 20.757028 ], [ 92.381694, 20.76625 ], [ 92.369611, 20.766667 ], [ 92.37125, 20.749167 ], [ 92.384583, 20.727472 ], [ 92.386194, 20.714167 ], [ 92.396278, 20.714139 ], [ 92.397917, 20.718333 ], [ 92.392083, 20.722444 ], [ 92.3975, 20.727056 ], [ 92.395389, 20.723333 ], [ 92.39875, 20.719139 ], [ 92.397083, 20.712472 ], [ 92.403333, 20.708722 ], [ 92.411222, 20.709139 ], [ 92.402444, 20.707056 ], [ 92.380778, 20.712083 ], [ 92.378722, 20.71 ], [ 92.380389, 20.703306 ], [ 92.397083, 20.691667 ], [ 92.390806, 20.692083 ], [ 92.385, 20.697917 ], [ 92.391694, 20.687917 ], [ 92.422444, 20.680389 ], [ 92.436667, 20.672917 ], [ 92.453306, 20.657889 ], [ 92.4575, 20.657889 ], [ 92.459111, 20.652917 ], [ 92.463306, 20.654583 ], [ 92.465861, 20.647083 ], [ 92.473361, 20.643722 ], [ 92.497444, 20.619556 ], [ 92.5025, 20.620389 ], [ 92.504583, 20.615 ], [ 92.515417, 20.605778 ], [ 92.513722, 20.6 ], [ 92.522056, 20.585833 ], [ 92.531222, 20.558333 ], [ 92.534583, 20.555806 ], [ 92.53, 20.55625 ], [ 92.528722, 20.553333 ], [ 92.533694, 20.544167 ], [ 92.556667, 20.521222 ], [ 92.567889, 20.514972 ], [ 92.569972, 20.507083 ], [ 92.585889, 20.494556 ], [ 92.590778, 20.495417 ], [ 92.589611, 20.491639 ], [ 92.632944, 20.451667 ], [ 92.631667, 20.447889 ], [ 92.622083, 20.4575 ], [ 92.625417, 20.450806 ], [ 92.633722, 20.444972 ], [ 92.647028, 20.419972 ], [ 92.652028, 20.416667 ], [ 92.652056, 20.41 ], [ 92.670389, 20.375833 ], [ 92.687083, 20.329167 ], [ 92.696222, 20.316667 ], [ 92.714556, 20.274111 ], [ 92.721639, 20.267944 ], [ 92.733306, 20.263694 ], [ 92.735028, 20.267111 ], [ 92.743333, 20.267917 ], [ 92.745389, 20.274167 ], [ 92.732083, 20.3075 ], [ 92.734583, 20.3675 ], [ 92.732472, 20.368722 ], [ 92.729972, 20.365389 ], [ 92.72625, 20.3675 ], [ 92.732083, 20.3725 ], [ 92.731222, 20.382472 ], [ 92.747083, 20.416639 ], [ 92.747861, 20.432472 ], [ 92.729556, 20.473306 ], [ 92.730417, 20.480833 ], [ 92.724972, 20.481222 ], [ 92.711222, 20.47 ], [ 92.727917, 20.484167 ], [ 92.722056, 20.499111 ], [ 92.725444, 20.532528 ], [ 92.719139, 20.532917 ], [ 92.710028, 20.527056 ], [ 92.704583, 20.529972 ], [ 92.710028, 20.528722 ], [ 92.723333, 20.535389 ], [ 92.733722, 20.555833 ], [ 92.7275, 20.561278 ], [ 92.715833, 20.562056 ], [ 92.714639, 20.564361 ], [ 92.717861, 20.565778 ], [ 92.710806, 20.568694 ], [ 92.697056, 20.584167 ], [ 92.692889, 20.592472 ], [ 92.693778, 20.608333 ], [ 92.684583, 20.613361 ], [ 92.672028, 20.633306 ], [ 92.671222, 20.64 ], [ 92.65125, 20.660806 ], [ 92.635417, 20.694167 ], [ 92.630806, 20.695417 ], [ 92.609194, 20.682917 ], [ 92.601694, 20.682889 ], [ 92.587889, 20.693306 ], [ 92.58125, 20.7175 ], [ 92.558306, 20.732889 ], [ 92.546278, 20.746611 ], [ 92.554194, 20.767861 ], [ 92.559583, 20.765833 ], [ 92.565806, 20.750389 ], [ 92.57625, 20.751694 ], [ 92.568722, 20.781611 ], [ 92.562889, 20.790778 ], [ 92.563722, 20.801639 ], [ 92.549528, 20.814167 ], [ 92.555417, 20.846667 ], [ 92.557111, 20.841667 ], [ 92.55125, 20.814972 ], [ 92.564556, 20.805833 ], [ 92.567083, 20.800778 ], [ 92.564556, 20.794167 ], [ 92.56625, 20.788333 ], [ 92.57, 20.786222 ], [ 92.581639, 20.792889 ], [ 92.579583, 20.802472 ], [ 92.586667, 20.807028 ], [ 92.591222, 20.806639 ], [ 92.587472, 20.794583 ], [ 92.602056, 20.798278 ], [ 92.598333, 20.794611 ], [ 92.586694, 20.792917 ], [ 92.590389, 20.804972 ], [ 92.586667, 20.805417 ], [ 92.581278, 20.801667 ], [ 92.582917, 20.7925 ], [ 92.570444, 20.784139 ], [ 92.579583, 20.760833 ], [ 92.590389, 20.750806 ], [ 92.582083, 20.735806 ], [ 92.593333, 20.737111 ], [ 92.597111, 20.732472 ], [ 92.594972, 20.727861 ], [ 92.584556, 20.724167 ], [ 92.585417, 20.720778 ], [ 92.591639, 20.719583 ], [ 92.5975, 20.72375 ], [ 92.604167, 20.72375 ], [ 92.604611, 20.730806 ], [ 92.608333, 20.732028 ], [ 92.612861, 20.720806 ], [ 92.6175, 20.719611 ], [ 92.635833, 20.732083 ], [ 92.641639, 20.729583 ], [ 92.639528, 20.740806 ], [ 92.641667, 20.742083 ], [ 92.640389, 20.736694 ], [ 92.643778, 20.728306 ], [ 92.640417, 20.696639 ], [ 92.652139, 20.685833 ], [ 92.672083, 20.658306 ], [ 92.68375, 20.626667 ], [ 92.7125, 20.606222 ], [ 92.718333, 20.598722 ], [ 92.722056, 20.601667 ], [ 92.719583, 20.596667 ], [ 92.727472, 20.58125 ], [ 92.740806, 20.580389 ], [ 92.746639, 20.582861 ], [ 92.750417, 20.594194 ], [ 92.745861, 20.604556 ], [ 92.733333, 20.605417 ], [ 92.727917, 20.609139 ], [ 92.726833, 20.618833 ], [ 92.72875, 20.619167 ], [ 92.729972, 20.609528 ], [ 92.74875, 20.604167 ], [ 92.752056, 20.594194 ], [ 92.749583, 20.583333 ], [ 92.743306, 20.579556 ], [ 92.72875, 20.577444 ], [ 92.737917, 20.563361 ], [ 92.741222, 20.548333 ], [ 92.735444, 20.514167 ], [ 92.749583, 20.485806 ], [ 92.759528, 20.452472 ], [ 92.758778, 20.436694 ], [ 92.767889, 20.394194 ], [ 92.763722, 20.334167 ], [ 92.772083, 20.310806 ], [ 92.77125, 20.288333 ], [ 92.778361, 20.279556 ], [ 92.780833, 20.289583 ], [ 92.780417, 20.279944 ], [ 92.783333, 20.277889 ], [ 92.788306, 20.289556 ], [ 92.784556, 20.279167 ], [ 92.787472, 20.276222 ], [ 92.814167, 20.288722 ], [ 92.829111, 20.287917 ], [ 92.8425, 20.294611 ], [ 92.857889, 20.294944 ], [ 92.843333, 20.280361 ], [ 92.810417, 20.267472 ], [ 92.819111, 20.262889 ], [ 92.805, 20.264556 ], [ 92.796667, 20.259611 ], [ 92.794972, 20.262861 ], [ 92.789972, 20.262056 ], [ 92.792056, 20.254139 ], [ 92.786222, 20.255 ], [ 92.782889, 20.2425 ], [ 92.76125, 20.205861 ], [ 92.761194, 20.198333 ], [ 92.785, 20.183722 ], [ 92.792528, 20.185417 ], [ 92.799139, 20.182889 ], [ 92.804139, 20.17625 ], [ 92.812472, 20.174583 ], [ 92.805833, 20.173722 ], [ 92.794944, 20.182889 ], [ 92.78875, 20.181667 ], [ 92.791667, 20.177028 ], [ 92.805833, 20.169583 ], [ 92.830028, 20.150389 ], [ 92.845472, 20.143333 ], [ 92.837472, 20.144528 ], [ 92.837056, 20.141611 ], [ 92.861667, 20.122861 ], [ 92.877472, 20.120417 ], [ 92.867917, 20.125806 ], [ 92.875833, 20.127083 ], [ 92.895389, 20.1175 ], [ 92.879972, 20.122889 ], [ 92.881694, 20.11875 ], [ 92.899583, 20.1125 ], [ 92.897083, 20.129944 ], [ 92.910389, 20.159972 ], [ 92.901639, 20.158694 ], [ 92.894167, 20.153694 ], [ 92.89375, 20.155833 ], [ 92.911222, 20.1625 ], [ 92.92375, 20.190861 ], [ 92.916667, 20.190389 ], [ 92.914972, 20.187056 ], [ 92.912056, 20.188306 ], [ 92.919611, 20.192444 ], [ 92.915417, 20.194972 ], [ 92.911639, 20.209556 ], [ 92.903333, 20.212083 ], [ 92.910833, 20.212083 ], [ 92.917917, 20.22 ], [ 92.91625, 20.229972 ], [ 92.923778, 20.234972 ], [ 92.920833, 20.244556 ], [ 92.925028, 20.232056 ], [ 92.933306, 20.235444 ], [ 92.932472, 20.232917 ], [ 92.917917, 20.2275 ], [ 92.919583, 20.22 ], [ 92.912944, 20.213278 ], [ 92.917028, 20.199972 ], [ 92.926639, 20.195389 ], [ 92.92625, 20.199167 ], [ 92.945, 20.212889 ], [ 92.952889, 20.224139 ], [ 92.947056, 20.234972 ], [ 92.94875, 20.254944 ], [ 92.942944, 20.261667 ], [ 92.945444, 20.2725 ], [ 92.937917, 20.274972 ], [ 92.938694, 20.281639 ], [ 92.94125, 20.2825 ], [ 92.938722, 20.276639 ], [ 92.947111, 20.273306 ], [ 92.945444, 20.261667 ], [ 92.95125, 20.252472 ], [ 92.94875, 20.234972 ], [ 92.955806, 20.228722 ], [ 92.980389, 20.253361 ], [ 92.979583, 20.263333 ], [ 92.983722, 20.269194 ], [ 92.979583, 20.273333 ], [ 92.984556, 20.27 ], [ 92.982083, 20.262472 ], [ 92.984139, 20.260417 ], [ 93.01375, 20.3 ], [ 93.017944, 20.326667 ], [ 93.010833, 20.329556 ], [ 93.004556, 20.325806 ], [ 93.009972, 20.331278 ], [ 93.018306, 20.330417 ], [ 93.02125, 20.335 ], [ 93.022889, 20.3875 ], [ 93.019611, 20.410806 ], [ 93.022028, 20.428361 ], [ 93.020389, 20.439944 ], [ 93.025806, 20.42875 ], [ 93.035361, 20.451639 ], [ 93.059583, 20.483306 ], [ 93.06625, 20.510806 ], [ 93.07375, 20.523306 ], [ 93.080417, 20.545806 ], [ 93.082917, 20.573333 ], [ 93.078722, 20.582472 ], [ 93.080028, 20.585389 ], [ 93.085417, 20.576667 ], [ 93.087056, 20.566611 ], [ 93.08625, 20.531667 ], [ 93.092889, 20.531667 ], [ 93.085389, 20.529139 ], [ 93.084528, 20.513306 ], [ 93.090389, 20.511639 ], [ 93.082111, 20.509139 ], [ 93.08375, 20.500806 ], [ 93.080389, 20.486694 ], [ 93.075389, 20.485833 ], [ 93.072111, 20.476667 ], [ 93.049556, 20.451639 ], [ 93.040417, 20.435806 ], [ 93.032917, 20.411667 ], [ 93.033722, 20.378306 ], [ 93.043333, 20.350417 ], [ 93.073306, 20.360389 ], [ 93.084583, 20.372444 ], [ 93.075389, 20.394139 ], [ 93.079556, 20.413306 ], [ 93.088306, 20.417889 ], [ 93.111639, 20.42125 ], [ 93.106639, 20.414556 ], [ 93.086667, 20.411222 ], [ 93.082028, 20.403306 ], [ 93.090833, 20.382889 ], [ 93.122917, 20.382528 ], [ 93.089139, 20.376222 ], [ 93.08375, 20.362472 ], [ 93.076667, 20.355417 ], [ 93.037944, 20.330806 ], [ 93.040417, 20.314167 ], [ 93.029583, 20.2825 ], [ 93.040417, 20.280833 ], [ 93.036694, 20.27875 ], [ 93.026639, 20.280361 ], [ 93.016222, 20.269972 ], [ 92.998722, 20.219944 ], [ 92.99625, 20.186611 ], [ 92.992889, 20.1775 ], [ 92.994528, 20.162472 ], [ 92.992056, 20.143361 ], [ 92.995806, 20.137889 ], [ 93.020833, 20.136222 ], [ 93.024972, 20.144556 ], [ 93.064111, 20.165361 ], [ 93.080833, 20.18625 ], [ 93.132472, 20.226222 ], [ 93.13375, 20.224139 ], [ 93.122083, 20.208306 ], [ 93.107083, 20.194944 ], [ 93.107556, 20.191222 ], [ 93.150889, 20.190389 ], [ 93.172528, 20.197083 ], [ 93.17625, 20.195806 ], [ 93.147472, 20.187056 ], [ 93.09, 20.18625 ], [ 93.085389, 20.175806 ], [ 93.094583, 20.154167 ], [ 93.086222, 20.164139 ], [ 93.086222, 20.170806 ], [ 93.0825, 20.172083 ], [ 93.078694, 20.163306 ], [ 93.060389, 20.145 ], [ 93.05875, 20.136611 ], [ 93.05875, 20.133278 ], [ 93.065, 20.127889 ], [ 93.072056, 20.130028 ], [ 93.069556, 20.124972 ], [ 93.080417, 20.113306 ], [ 93.08375, 20.100806 ], [ 93.08875, 20.096667 ], [ 93.104583, 20.0675 ], [ 93.113306, 20.063722 ], [ 93.121639, 20.07375 ], [ 93.12875, 20.077472 ], [ 93.124167, 20.093722 ], [ 93.129139, 20.083722 ], [ 93.184139, 20.058722 ], [ 93.193722, 20.068306 ], [ 93.195417, 20.086667 ], [ 93.199583, 20.094167 ], [ 93.214972, 20.105389 ], [ 93.2275, 20.109583 ], [ 93.225861, 20.104583 ], [ 93.208361, 20.099556 ], [ 93.200389, 20.093306 ], [ 93.197083, 20.073333 ], [ 93.203778, 20.060833 ], [ 93.215028, 20.047083 ], [ 93.244167, 20.03875 ], [ 93.272472, 20.036222 ], [ 93.287917, 20.045778 ], [ 93.291639, 20.062083 ], [ 93.290444, 20.0475 ], [ 93.294139, 20.047028 ], [ 93.299139, 20.054556 ], [ 93.322056, 20.072472 ], [ 93.331194, 20.085833 ], [ 93.329583, 20.095 ], [ 93.321222, 20.101667 ], [ 93.310444, 20.118278 ], [ 93.299556, 20.154972 ], [ 93.297472, 20.17625 ], [ 93.294556, 20.169944 ], [ 93.287944, 20.165833 ], [ 93.292917, 20.169944 ], [ 93.305833, 20.196222 ], [ 93.312083, 20.129972 ], [ 93.317889, 20.115 ], [ 93.331278, 20.105778 ], [ 93.33875, 20.088333 ], [ 93.347889, 20.079139 ], [ 93.356222, 20.062472 ], [ 93.355389, 20.056694 ], [ 93.36125, 20.043306 ], [ 93.365, 20.019528 ], [ 93.38, 20.021222 ], [ 93.377889, 20.028278 ], [ 93.383722, 20.032472 ], [ 93.374583, 20.0575 ], [ 93.374583, 20.081667 ], [ 93.392944, 20.096667 ], [ 93.400806, 20.112083 ], [ 93.410444, 20.114111 ], [ 93.412861, 20.1 ], [ 93.408778, 20.0925 ], [ 93.407889, 20.081639 ], [ 93.403361, 20.077917 ], [ 93.395806, 20.077889 ], [ 93.390417, 20.080833 ], [ 93.3875, 20.087083 ], [ 93.383306, 20.086222 ], [ 93.379583, 20.080778 ], [ 93.380444, 20.07 ], [ 93.377056, 20.058306 ], [ 93.398722, 20.034167 ], [ 93.401194, 20.026639 ], [ 93.400417, 20.008333 ], [ 93.409583, 20.001639 ], [ 93.407083, 19.9925 ], [ 93.42, 19.970417 ], [ 93.4325, 19.966194 ], [ 93.449972, 19.948722 ], [ 93.457944, 19.954139 ], [ 93.4575, 19.963722 ], [ 93.463778, 19.958333 ], [ 93.469583, 19.979139 ], [ 93.472944, 19.967472 ], [ 93.467111, 19.966639 ], [ 93.464556, 19.953333 ], [ 93.457917, 19.945833 ], [ 93.462528, 19.940361 ], [ 93.47125, 19.942528 ], [ 93.464611, 19.939167 ], [ 93.467472, 19.934556 ], [ 93.4725, 19.932083 ], [ 93.493306, 19.931278 ], [ 93.502917, 19.936639 ], [ 93.507861, 19.949139 ], [ 93.506222, 19.962444 ], [ 93.500833, 19.969583 ], [ 93.4975, 19.969528 ], [ 93.492083, 19.963306 ], [ 93.498694, 19.983306 ], [ 93.509944, 19.994583 ], [ 93.528361, 19.997111 ], [ 93.530417, 19.994167 ], [ 93.528361, 19.992056 ], [ 93.519167, 19.990417 ], [ 93.503778, 19.975833 ], [ 93.508778, 19.963306 ], [ 93.529972, 19.957056 ], [ 93.543361, 19.962056 ], [ 93.552083, 19.960833 ], [ 93.534167, 19.95375 ], [ 93.520833, 19.956222 ], [ 93.510417, 19.95 ], [ 93.512083, 19.936611 ], [ 93.517889, 19.933333 ], [ 93.514528, 19.929139 ], [ 93.517528, 19.922083 ], [ 93.530833, 19.92375 ], [ 93.543694, 19.939167 ], [ 93.550806, 19.940389 ], [ 93.564972, 19.952056 ], [ 93.557472, 19.942111 ], [ 93.537083, 19.925 ], [ 93.545056, 19.920389 ], [ 93.572528, 19.920417 ], [ 93.578722, 19.925861 ], [ 93.583333, 19.939556 ], [ 93.60125, 19.945806 ], [ 93.596611, 19.941222 ], [ 93.584972, 19.937083 ], [ 93.582917, 19.926639 ], [ 93.575, 19.91875 ], [ 93.560861, 19.917861 ], [ 93.539583, 19.9075 ], [ 93.539556, 19.899972 ], [ 93.547472, 19.888778 ], [ 93.565, 19.887056 ], [ 93.580806, 19.897083 ], [ 93.5925, 19.912083 ], [ 93.604167, 19.907917 ], [ 93.609972, 19.909556 ], [ 93.611667, 19.907028 ], [ 93.621639, 19.912056 ], [ 93.624972, 19.917889 ], [ 93.625833, 19.914556 ], [ 93.634167, 19.917917 ], [ 93.634972, 19.914583 ], [ 93.653333, 19.912917 ], [ 93.680806, 19.918722 ], [ 93.697528, 19.910389 ], [ 93.705028, 19.912028 ], [ 93.709639, 19.928306 ], [ 93.704583, 19.945028 ], [ 93.714167, 19.957889 ], [ 93.707917, 19.945 ], [ 93.707889, 19.939167 ], [ 93.712056, 19.933333 ], [ 93.721639, 19.929583 ], [ 93.722083, 19.9375 ], [ 93.724972, 19.932889 ], [ 93.731694, 19.939583 ], [ 93.725444, 19.929972 ], [ 93.735806, 19.924583 ], [ 93.739111, 19.919583 ], [ 93.749111, 19.918722 ], [ 93.755444, 19.914972 ], [ 93.74, 19.912917 ], [ 93.721611, 19.915389 ], [ 93.712861, 19.909194 ], [ 93.71875, 19.8975 ], [ 93.725833, 19.896222 ], [ 93.735806, 19.884528 ], [ 93.715861, 19.882889 ], [ 93.699167, 19.896222 ], [ 93.69, 19.897917 ], [ 93.673306, 19.893722 ], [ 93.674139, 19.889583 ], [ 93.668306, 19.890417 ], [ 93.653694, 19.879167 ], [ 93.65125, 19.871667 ], [ 93.662056, 19.8625 ], [ 93.662917, 19.856639 ], [ 93.6525, 19.865389 ], [ 93.641306, 19.862472 ], [ 93.637056, 19.838306 ], [ 93.645389, 19.833361 ], [ 93.635806, 19.834583 ], [ 93.633722, 19.824972 ], [ 93.624583, 19.810806 ], [ 93.589528, 19.779139 ], [ 93.597472, 19.766222 ], [ 93.614583, 19.765 ], [ 93.597056, 19.762472 ], [ 93.599556, 19.7525 ], [ 93.592111, 19.737472 ], [ 93.597083, 19.724139 ], [ 93.595389, 19.709111 ], [ 93.605806, 19.707083 ], [ 93.612917, 19.709972 ], [ 93.621222, 19.743278 ], [ 93.631222, 19.759944 ], [ 93.647472, 19.779583 ], [ 93.664972, 19.787028 ], [ 93.680833, 19.799528 ], [ 93.685417, 19.804167 ], [ 93.684972, 19.812083 ], [ 93.688778, 19.809139 ], [ 93.687083, 19.801639 ], [ 93.677056, 19.793306 ], [ 93.673333, 19.78625 ], [ 93.650778, 19.773778 ], [ 93.638722, 19.755806 ], [ 93.634556, 19.7475 ], [ 93.635417, 19.741639 ], [ 93.64625, 19.739194 ], [ 93.63125, 19.735806 ], [ 93.632083, 19.716694 ], [ 93.634972, 19.714556 ], [ 93.664167, 19.717083 ], [ 93.679194, 19.712083 ], [ 93.693306, 19.71125 ], [ 93.697083, 19.714944 ], [ 93.69625, 19.743306 ], [ 93.707917, 19.754972 ], [ 93.707889, 19.761667 ], [ 93.69875, 19.774972 ], [ 93.6975, 19.793722 ], [ 93.699583, 19.788333 ], [ 93.706278, 19.784111 ], [ 93.701194, 19.780806 ], [ 93.714111, 19.757056 ], [ 93.7325, 19.762083 ], [ 93.741639, 19.759528 ], [ 93.760806, 19.762889 ], [ 93.777472, 19.761222 ], [ 93.782083, 19.775833 ], [ 93.784167, 19.802028 ], [ 93.791278, 19.77 ], [ 93.78875, 19.761694 ], [ 93.782472, 19.757056 ], [ 93.766667, 19.757889 ], [ 93.749972, 19.749556 ], [ 93.733306, 19.750389 ], [ 93.716667, 19.744611 ], [ 93.709528, 19.735 ], [ 93.707917, 19.723278 ], [ 93.7125, 19.717083 ], [ 93.72875, 19.708278 ], [ 93.725833, 19.707083 ], [ 93.7175, 19.712917 ], [ 93.710833, 19.712083 ], [ 93.705417, 19.706667 ], [ 93.70625, 19.697472 ], [ 93.725778, 19.668694 ], [ 93.735778, 19.67125 ], [ 93.740833, 19.677889 ], [ 93.751639, 19.682028 ], [ 93.740389, 19.674139 ], [ 93.7425, 19.669556 ], [ 93.747472, 19.672917 ], [ 93.755, 19.672028 ], [ 93.767528, 19.676222 ], [ 93.7725, 19.683778 ], [ 93.794194, 19.69625 ], [ 93.804111, 19.709583 ], [ 93.808306, 19.711222 ], [ 93.81, 19.707083 ], [ 93.815806, 19.709583 ], [ 93.807917, 19.703306 ], [ 93.803722, 19.691611 ], [ 93.810861, 19.682917 ], [ 93.825056, 19.683722 ], [ 93.831278, 19.671639 ], [ 93.821611, 19.680389 ], [ 93.815, 19.679556 ], [ 93.794139, 19.685389 ], [ 93.787083, 19.6825 ], [ 93.78625, 19.675 ], [ 93.799139, 19.653694 ], [ 93.812472, 19.647917 ], [ 93.821222, 19.639139 ], [ 93.816694, 19.639556 ], [ 93.810861, 19.645389 ], [ 93.779194, 19.662917 ], [ 93.773306, 19.66375 ], [ 93.766278, 19.659194 ], [ 93.766639, 19.65125 ], [ 93.764556, 19.656667 ], [ 93.760806, 19.657889 ], [ 93.7475, 19.652889 ], [ 93.725833, 19.637028 ], [ 93.727472, 19.629556 ], [ 93.720833, 19.634583 ], [ 93.718722, 19.632472 ], [ 93.719583, 19.619139 ], [ 93.726667, 19.615389 ], [ 93.730806, 19.616222 ], [ 93.737528, 19.610417 ], [ 93.744139, 19.615389 ], [ 93.740389, 19.608333 ], [ 93.754222, 19.602083 ], [ 93.7625, 19.594528 ], [ 93.774139, 19.597056 ], [ 93.788306, 19.60625 ], [ 93.81, 19.601194 ], [ 93.801694, 19.59625 ], [ 93.791667, 19.602083 ], [ 93.785778, 19.60125 ], [ 93.77375, 19.590806 ], [ 93.78625, 19.570833 ], [ 93.809167, 19.554556 ], [ 93.819194, 19.542917 ], [ 93.839139, 19.533722 ], [ 93.8525, 19.519583 ], [ 93.855833, 19.520389 ], [ 93.865778, 19.514528 ], [ 93.889167, 19.493694 ], [ 93.904139, 19.487083 ], [ 93.9175, 19.486222 ], [ 93.933778, 19.496639 ], [ 93.934583, 19.507472 ], [ 93.942056, 19.515806 ], [ 93.943722, 19.522528 ], [ 93.943722, 19.530833 ], [ 93.937917, 19.544139 ], [ 93.945833, 19.540417 ], [ 93.94875, 19.525833 ], [ 93.937917, 19.490833 ], [ 93.931639, 19.482083 ], [ 93.904167, 19.472056 ], [ 93.902944, 19.467472 ], [ 93.921667, 19.452917 ], [ 93.936667, 19.454556 ], [ 93.958333, 19.445389 ], [ 93.96375, 19.448278 ], [ 93.969972, 19.461222 ], [ 93.991639, 19.459556 ], [ 93.999111, 19.467889 ], [ 93.997944, 19.461639 ], [ 93.99125, 19.454972 ], [ 94.000833, 19.452917 ], [ 94.009528, 19.445 ], [ 94.012889, 19.430806 ], [ 94.007056, 19.434972 ], [ 94.003722, 19.445833 ], [ 93.999139, 19.450389 ], [ 93.992472, 19.451222 ], [ 93.98875, 19.448306 ], [ 93.99125, 19.438333 ], [ 93.97625, 19.426639 ], [ 93.977056, 19.419111 ], [ 93.979556, 19.413306 ], [ 93.986278, 19.409139 ], [ 93.987889, 19.401667 ], [ 94.022861, 19.371639 ], [ 94.016639, 19.372083 ], [ 94.006667, 19.377889 ], [ 93.997472, 19.387111 ], [ 93.978306, 19.387083 ], [ 93.977083, 19.364139 ], [ 93.97375, 19.354972 ], [ 93.962083, 19.343278 ], [ 93.961639, 19.339556 ], [ 93.958278, 19.342889 ], [ 93.949556, 19.340028 ], [ 93.944583, 19.328333 ], [ 93.943722, 19.3125 ], [ 93.953306, 19.307056 ], [ 93.976694, 19.305389 ], [ 93.977028, 19.325806 ], [ 93.9825, 19.330389 ], [ 93.989972, 19.330389 ], [ 93.991667, 19.325389 ], [ 93.984972, 19.327889 ], [ 93.978778, 19.322472 ], [ 93.981222, 19.3075 ], [ 93.978333, 19.301194 ], [ 93.971639, 19.30375 ], [ 93.938333, 19.304556 ], [ 93.934611, 19.298333 ], [ 93.939139, 19.293778 ], [ 93.9275, 19.29625 ], [ 93.910833, 19.27625 ], [ 93.891222, 19.263306 ], [ 93.8875, 19.246222 ], [ 93.888722, 19.26 ], [ 93.885833, 19.260417 ], [ 93.873778, 19.2525 ], [ 93.870806, 19.242861 ], [ 93.869972, 19.252056 ], [ 93.863306, 19.241222 ], [ 93.865417, 19.250806 ], [ 93.856667, 19.250389 ], [ 93.836611, 19.24125 ], [ 93.829139, 19.232889 ], [ 93.815806, 19.22625 ], [ 93.785028, 19.228722 ], [ 93.774167, 19.235389 ], [ 93.762472, 19.237889 ], [ 93.755806, 19.247111 ], [ 93.734111, 19.262056 ], [ 93.727083, 19.270806 ], [ 93.727083, 19.2825 ], [ 93.720472, 19.295806 ], [ 93.697472, 19.297889 ], [ 93.69, 19.302056 ], [ 93.6775, 19.302056 ], [ 93.670389, 19.296667 ], [ 93.668722, 19.289167 ], [ 93.657861, 19.273306 ], [ 93.661222, 19.253333 ], [ 93.655806, 19.255417 ], [ 93.6525, 19.252889 ], [ 93.654583, 19.264139 ], [ 93.652111, 19.265806 ], [ 93.667083, 19.296694 ], [ 93.664556, 19.315806 ], [ 93.654972, 19.324556 ], [ 93.646611, 19.322056 ], [ 93.645, 19.324528 ], [ 93.638278, 19.323694 ], [ 93.640417, 19.329139 ], [ 93.622889, 19.342472 ], [ 93.623361, 19.345389 ], [ 93.630833, 19.337889 ], [ 93.637083, 19.338333 ], [ 93.637889, 19.361639 ], [ 93.627889, 19.372444 ], [ 93.6275, 19.377917 ], [ 93.623722, 19.375806 ], [ 93.623361, 19.369556 ], [ 93.621611, 19.375417 ], [ 93.618722, 19.373306 ], [ 93.613778, 19.380833 ], [ 93.614528, 19.390806 ], [ 93.610389, 19.395 ], [ 93.609583, 19.405806 ], [ 93.600833, 19.416222 ], [ 93.581639, 19.404583 ], [ 93.576694, 19.408722 ], [ 93.563333, 19.408778 ], [ 93.566222, 19.404972 ], [ 93.564167, 19.404583 ], [ 93.558306, 19.409583 ], [ 93.544972, 19.404583 ], [ 93.547472, 19.409556 ], [ 93.55125, 19.41 ], [ 93.550028, 19.41375 ], [ 93.560778, 19.41125 ], [ 93.565806, 19.412889 ], [ 93.567889, 19.418278 ], [ 93.545806, 19.437056 ], [ 93.538306, 19.437083 ], [ 93.525861, 19.428722 ], [ 93.514167, 19.43375 ], [ 93.5075, 19.427056 ], [ 93.494944, 19.422056 ], [ 93.477056, 19.399944 ], [ 93.476222, 19.369139 ], [ 93.469944, 19.36875 ], [ 93.469583, 19.366667 ], [ 93.489528, 19.329167 ], [ 93.516306, 19.295806 ], [ 93.520417, 19.286667 ], [ 93.533722, 19.273306 ], [ 93.557056, 19.236639 ], [ 93.560861, 19.232889 ], [ 93.564556, 19.233333 ], [ 93.563722, 19.229944 ], [ 93.569583, 19.224139 ], [ 93.57375, 19.209139 ], [ 93.58125, 19.201667 ], [ 93.582889, 19.192472 ], [ 93.588778, 19.186667 ], [ 93.587917, 19.182472 ], [ 93.592917, 19.176667 ], [ 93.598722, 19.150833 ], [ 93.605028, 19.152861 ], [ 93.611639, 19.149583 ], [ 93.63, 19.147917 ], [ 93.637056, 19.142472 ], [ 93.649556, 19.115806 ], [ 93.656194, 19.086639 ], [ 93.6625, 19.072889 ], [ 93.675806, 19.08375 ], [ 93.68875, 19.088306 ], [ 93.68125, 19.083333 ], [ 93.681667, 19.080417 ], [ 93.676639, 19.082028 ], [ 93.67375, 19.073306 ], [ 93.669972, 19.073722 ], [ 93.662083, 19.062444 ], [ 93.660444, 19.049139 ], [ 93.66375, 19.025778 ], [ 93.667056, 19.023306 ], [ 93.667917, 19.016639 ], [ 93.683361, 19.003722 ], [ 93.679972, 19.009528 ], [ 93.685861, 19.010389 ], [ 93.6875, 19.005389 ], [ 93.699583, 19.008333 ], [ 93.697917, 19.013306 ], [ 93.695361, 19.013333 ], [ 93.69625, 19.019111 ], [ 93.690389, 19.02 ], [ 93.694194, 19.024583 ], [ 93.699167, 19.017056 ], [ 93.709139, 19.017056 ], [ 93.707861, 19.013333 ], [ 93.721222, 19.0025 ], [ 93.722083, 18.995778 ], [ 93.735417, 18.979139 ], [ 93.735806, 18.974556 ], [ 93.738333, 18.971222 ], [ 93.753333, 18.967889 ], [ 93.762472, 18.971222 ], [ 93.77, 18.970389 ], [ 93.771694, 18.973722 ], [ 93.772472, 18.968722 ], [ 93.78125, 18.965806 ], [ 93.777111, 18.9625 ], [ 93.778361, 18.960389 ], [ 93.790833, 18.95125 ], [ 93.796639, 18.956222 ], [ 93.796611, 18.951222 ], [ 93.802528, 18.949611 ], [ 93.830028, 18.928722 ], [ 93.835, 18.929556 ], [ 93.855806, 18.90875 ], [ 93.865806, 18.904556 ], [ 93.869139, 18.896222 ], [ 93.8975, 18.890417 ], [ 93.917917, 18.873333 ], [ 93.927917, 18.850833 ], [ 93.936667, 18.843722 ], [ 93.94375, 18.847472 ], [ 93.942972, 18.855 ], [ 93.947917, 18.8625 ], [ 93.944556, 18.873306 ], [ 93.937889, 18.878333 ], [ 93.937917, 18.881667 ], [ 93.943694, 18.895 ], [ 93.949556, 18.896639 ], [ 93.945833, 18.898722 ], [ 93.939972, 18.897083 ], [ 93.939556, 18.899139 ], [ 93.944194, 18.902056 ], [ 93.9575, 18.897056 ], [ 93.962917, 18.901667 ], [ 93.953722, 18.908306 ], [ 93.957944, 18.915806 ], [ 93.948722, 18.919139 ], [ 93.954167, 18.919556 ], [ 93.955, 18.92375 ], [ 93.97375, 18.931639 ], [ 93.974583, 18.938333 ], [ 93.970389, 18.944167 ], [ 93.976611, 18.945389 ], [ 93.977472, 18.940389 ], [ 93.982028, 18.945 ], [ 93.980417, 18.950806 ], [ 93.987889, 18.965806 ], [ 93.982889, 18.9675 ], [ 93.984556, 18.972472 ], [ 93.976222, 18.981639 ], [ 93.972056, 19.001639 ], [ 93.966639, 19.002056 ], [ 93.964944, 19.006194 ], [ 93.955028, 19.003722 ], [ 93.955389, 19.006667 ], [ 93.952056, 19.007472 ], [ 93.952528, 19.010389 ], [ 93.959167, 19.00625 ], [ 93.964556, 19.009139 ], [ 93.959639, 19.02 ], [ 93.952917, 19.021639 ], [ 93.958306, 19.02375 ], [ 93.960389, 19.028333 ], [ 93.953722, 19.045806 ], [ 93.953778, 19.059972 ], [ 93.949944, 19.061194 ], [ 93.936222, 19.055806 ], [ 93.955417, 19.067472 ], [ 93.955389, 19.074139 ], [ 93.952028, 19.077472 ], [ 93.95625, 19.081667 ], [ 93.955361, 19.089972 ], [ 93.950861, 19.092056 ], [ 93.935, 19.087056 ], [ 93.930417, 19.095833 ], [ 93.924139, 19.097889 ], [ 93.9175, 19.088722 ], [ 93.9125, 19.087028 ], [ 93.904583, 19.092472 ], [ 93.902056, 19.099139 ], [ 93.906222, 19.098306 ], [ 93.909139, 19.090389 ], [ 93.914972, 19.089556 ], [ 93.922444, 19.098694 ], [ 93.929167, 19.099583 ], [ 93.93375, 19.089972 ], [ 93.9375, 19.08875 ], [ 93.952528, 19.093722 ], [ 93.956278, 19.0975 ], [ 93.967917, 19.120833 ], [ 93.962472, 19.129583 ], [ 93.957028, 19.129167 ], [ 93.9575, 19.132083 ], [ 93.946278, 19.124972 ], [ 93.954583, 19.133306 ], [ 93.944194, 19.140417 ], [ 93.93375, 19.153333 ], [ 93.919972, 19.185417 ], [ 93.906667, 19.178778 ], [ 93.897917, 19.1675 ], [ 93.906611, 19.181222 ], [ 93.920417, 19.188333 ], [ 93.915861, 19.194556 ], [ 93.904528, 19.2 ], [ 93.921667, 19.204583 ], [ 93.921639, 19.200389 ], [ 93.930806, 19.198722 ], [ 93.927944, 19.214972 ], [ 93.933306, 19.222083 ], [ 93.929556, 19.209972 ], [ 93.934167, 19.205361 ], [ 93.939139, 19.207917 ], [ 93.950417, 19.206667 ], [ 93.937472, 19.204611 ], [ 93.936222, 19.193306 ], [ 93.945806, 19.192917 ], [ 93.954111, 19.187083 ], [ 93.96875, 19.190833 ], [ 93.954167, 19.184556 ], [ 93.941639, 19.191222 ], [ 93.932139, 19.182472 ], [ 93.933722, 19.171639 ], [ 93.942861, 19.153333 ], [ 93.958333, 19.142056 ], [ 93.970806, 19.138722 ], [ 93.971611, 19.143722 ], [ 93.973333, 19.13625 ], [ 93.995861, 19.145417 ], [ 94.007944, 19.160806 ], [ 94.002917, 19.175806 ], [ 93.992083, 19.194167 ], [ 93.992056, 19.21 ], [ 93.987917, 19.224139 ], [ 93.988722, 19.244167 ], [ 93.986278, 19.247444 ], [ 93.994139, 19.255444 ], [ 94.006694, 19.257889 ], [ 94.016278, 19.268333 ], [ 94.017528, 19.274583 ], [ 94.027139, 19.275861 ], [ 94.027111, 19.291639 ], [ 94.019167, 19.290417 ], [ 94.015417, 19.2925 ], [ 94.027028, 19.294972 ], [ 94.034583, 19.313333 ], [ 94.032917, 19.333306 ], [ 94.037111, 19.339139 ], [ 94.036222, 19.342472 ], [ 94.062083, 19.359139 ], [ 94.071222, 19.37 ], [ 94.069972, 19.382056 ], [ 94.086222, 19.364167 ], [ 94.085889, 19.36125 ], [ 94.080806, 19.365389 ], [ 94.072472, 19.366194 ], [ 94.067944, 19.3625 ], [ 94.03875, 19.31 ], [ 94.040417, 19.285833 ], [ 94.052889, 19.292472 ], [ 94.040417, 19.279167 ], [ 94.042083, 19.256667 ], [ 94.0525, 19.236222 ], [ 94.0625, 19.237083 ], [ 94.074556, 19.233306 ], [ 94.067472, 19.230417 ], [ 94.054139, 19.232028 ], [ 94.048778, 19.229139 ], [ 94.045389, 19.201611 ], [ 94.032889, 19.175806 ], [ 94.03375, 19.159972 ], [ 94.02875, 19.133306 ], [ 94.037472, 19.117889 ], [ 94.039972, 19.120389 ], [ 94.044972, 19.117889 ], [ 94.057056, 19.122472 ], [ 94.0625, 19.142944 ], [ 94.059972, 19.123722 ], [ 94.071667, 19.127056 ], [ 94.095806, 19.154556 ], [ 94.095389, 19.149167 ], [ 94.102917, 19.145806 ], [ 94.094167, 19.14625 ], [ 94.084167, 19.132083 ], [ 94.069167, 19.122056 ], [ 94.032444, 19.106278 ], [ 94.024556, 19.088306 ], [ 94.024556, 19.079167 ], [ 94.055, 19.073722 ], [ 94.0675, 19.08375 ], [ 94.085, 19.08375 ], [ 94.089556, 19.095833 ], [ 94.095806, 19.102056 ], [ 94.090389, 19.084139 ], [ 94.101667, 19.080389 ], [ 94.114139, 19.082889 ], [ 94.11625, 19.080806 ], [ 94.111639, 19.077056 ], [ 94.079167, 19.075417 ], [ 94.08, 19.072083 ], [ 94.074194, 19.072056 ], [ 94.0625, 19.066222 ], [ 94.047944, 19.045806 ], [ 94.0525, 19.04125 ], [ 94.067056, 19.044167 ], [ 94.035389, 18.999111 ], [ 94.038333, 18.987056 ], [ 94.041667, 18.986222 ], [ 94.048306, 18.994556 ], [ 94.050417, 18.993306 ], [ 94.042917, 18.984167 ], [ 94.040417, 18.973333 ], [ 94.044972, 18.972028 ], [ 94.050389, 18.979972 ], [ 94.047917, 18.969139 ], [ 94.042917, 18.9675 ], [ 94.042944, 18.953278 ], [ 94.045417, 18.944139 ], [ 94.056222, 18.936611 ], [ 94.047528, 18.939611 ], [ 94.046222, 18.937472 ], [ 94.052889, 18.933306 ], [ 94.043306, 18.934583 ], [ 94.04125, 18.932472 ], [ 94.038722, 18.925028 ], [ 94.041222, 18.921611 ], [ 94.037056, 18.919972 ], [ 94.037944, 18.9125 ], [ 94.028722, 18.896667 ], [ 94.0325, 18.893722 ], [ 94.035833, 18.897028 ], [ 94.040861, 18.890389 ], [ 94.049139, 18.89375 ], [ 94.0575, 18.892083 ], [ 94.06625, 18.8825 ], [ 94.067028, 18.873333 ], [ 94.054111, 18.890389 ], [ 94.048778, 18.888306 ], [ 94.048278, 18.882889 ], [ 94.045389, 18.882444 ], [ 94.047861, 18.884972 ], [ 94.045778, 18.887917 ], [ 94.038694, 18.8825 ], [ 94.03125, 18.865833 ], [ 94.03375, 18.860833 ], [ 94.030417, 18.859139 ], [ 94.045389, 18.845778 ], [ 94.034611, 18.844139 ], [ 94.044167, 18.842056 ], [ 94.063333, 18.848722 ], [ 94.063778, 18.854167 ], [ 94.066694, 18.852889 ], [ 94.0725, 18.862917 ], [ 94.077444, 18.862083 ], [ 94.086222, 18.849167 ], [ 94.073278, 18.860444 ], [ 94.072889, 18.851667 ], [ 94.070417, 18.851667 ], [ 94.065389, 18.840861 ], [ 94.069194, 18.837917 ], [ 94.071667, 18.841222 ], [ 94.080806, 18.841222 ], [ 94.081278, 18.836639 ], [ 94.085417, 18.834944 ], [ 94.080833, 18.834583 ], [ 94.079111, 18.839583 ], [ 94.071278, 18.838306 ], [ 94.078333, 18.832056 ], [ 94.067889, 18.835 ], [ 94.099972, 18.822917 ], [ 94.109944, 18.809556 ], [ 94.120861, 18.806222 ], [ 94.126222, 18.809972 ], [ 94.127056, 18.817472 ], [ 94.136278, 18.825 ], [ 94.126667, 18.820417 ], [ 94.12375, 18.8175 ], [ 94.120389, 18.819194 ], [ 94.130444, 18.824972 ], [ 94.115, 18.821222 ], [ 94.10625, 18.824139 ], [ 94.109167, 18.826194 ], [ 94.12, 18.824583 ], [ 94.133778, 18.829139 ], [ 94.141222, 18.854972 ], [ 94.141222, 18.863306 ], [ 94.138722, 18.864972 ], [ 94.142056, 18.877472 ], [ 94.1525, 18.890444 ], [ 94.165, 18.892944 ], [ 94.169972, 18.88625 ], [ 94.154944, 18.887028 ], [ 94.147056, 18.879972 ], [ 94.147056, 18.859139 ], [ 94.149583, 18.858306 ], [ 94.147056, 18.853333 ], [ 94.149639, 18.845 ], [ 94.144556, 18.830806 ], [ 94.149972, 18.828694 ], [ 94.164944, 18.834583 ], [ 94.167917, 18.833361 ], [ 94.155833, 18.827056 ], [ 94.153278, 18.820417 ], [ 94.152472, 18.824556 ], [ 94.143333, 18.825417 ], [ 94.143694, 18.819972 ], [ 94.139972, 18.822056 ], [ 94.13875, 18.816667 ], [ 94.158306, 18.803694 ], [ 94.164167, 18.802917 ], [ 94.181667, 18.777028 ], [ 94.185417, 18.778333 ], [ 94.184611, 18.786667 ], [ 94.191694, 18.800389 ], [ 94.194194, 18.795389 ], [ 94.205833, 18.802083 ], [ 94.21125, 18.800833 ], [ 94.187889, 18.7875 ], [ 94.190389, 18.780833 ], [ 94.188722, 18.767472 ], [ 94.195444, 18.760833 ], [ 94.194556, 18.756639 ], [ 94.199194, 18.749556 ], [ 94.205, 18.750389 ], [ 94.207889, 18.754139 ], [ 94.20875, 18.776639 ], [ 94.216639, 18.782889 ], [ 94.220389, 18.781667 ], [ 94.211222, 18.773361 ], [ 94.211222, 18.754139 ], [ 94.202083, 18.743333 ], [ 94.2075, 18.73625 ], [ 94.215389, 18.739111 ], [ 94.20875, 18.734972 ], [ 94.211639, 18.730361 ], [ 94.229139, 18.732083 ], [ 94.228306, 18.737889 ], [ 94.233278, 18.732917 ], [ 94.241611, 18.735389 ], [ 94.247083, 18.748333 ], [ 94.246639, 18.754583 ], [ 94.250833, 18.750417 ], [ 94.254556, 18.750861 ], [ 94.247111, 18.741667 ], [ 94.246667, 18.734556 ], [ 94.254972, 18.732889 ], [ 94.260778, 18.737917 ], [ 94.272083, 18.735806 ], [ 94.273333, 18.726222 ], [ 94.261667, 18.735361 ], [ 94.251667, 18.727861 ], [ 94.241667, 18.727861 ], [ 94.242056, 18.722472 ], [ 94.237528, 18.71625 ], [ 94.23875, 18.724972 ], [ 94.234139, 18.72625 ], [ 94.229944, 18.722889 ], [ 94.214972, 18.72375 ], [ 94.214139, 18.715361 ], [ 94.211222, 18.715861 ], [ 94.213778, 18.7175 ], [ 94.211667, 18.724583 ], [ 94.203361, 18.726222 ], [ 94.195806, 18.732083 ], [ 94.190028, 18.732056 ], [ 94.189139, 18.734583 ], [ 94.172083, 18.725 ], [ 94.173333, 18.720389 ], [ 94.184583, 18.715861 ], [ 94.174139, 18.717056 ], [ 94.168333, 18.710389 ], [ 94.172056, 18.717472 ], [ 94.16125, 18.724139 ], [ 94.154139, 18.739556 ], [ 94.145806, 18.737083 ], [ 94.139556, 18.739139 ], [ 94.143778, 18.726667 ], [ 94.170833, 18.700389 ], [ 94.186694, 18.692944 ], [ 94.2225, 18.66625 ], [ 94.233778, 18.655 ], [ 94.24, 18.642917 ], [ 94.24625, 18.651639 ], [ 94.243778, 18.644139 ], [ 94.247083, 18.641667 ], [ 94.236639, 18.639611 ], [ 94.236278, 18.636667 ], [ 94.24625, 18.619167 ], [ 94.245806, 18.617056 ], [ 94.242028, 18.620806 ], [ 94.248333, 18.60625 ], [ 94.254139, 18.612917 ], [ 94.252056, 18.606667 ], [ 94.256694, 18.604583 ], [ 94.262889, 18.616639 ], [ 94.267889, 18.618333 ], [ 94.267917, 18.611667 ], [ 94.259972, 18.603694 ], [ 94.249972, 18.602917 ], [ 94.249167, 18.599583 ], [ 94.244167, 18.605417 ], [ 94.242083, 18.600833 ], [ 94.25375, 18.583306 ], [ 94.252083, 18.570806 ], [ 94.254583, 18.558278 ], [ 94.249583, 18.545 ], [ 94.254972, 18.546222 ], [ 94.268306, 18.560389 ], [ 94.273333, 18.555417 ], [ 94.285833, 18.552917 ], [ 94.290361, 18.549139 ], [ 94.266639, 18.553722 ], [ 94.257917, 18.5425 ], [ 94.266667, 18.539556 ], [ 94.27125, 18.533333 ], [ 94.259167, 18.53875 ], [ 94.255833, 18.53125 ], [ 94.245389, 18.528333 ], [ 94.245417, 18.523333 ], [ 94.251278, 18.524167 ], [ 94.251222, 18.519167 ], [ 94.25625, 18.515806 ], [ 94.257917, 18.509139 ], [ 94.275389, 18.491639 ], [ 94.28375, 18.474139 ], [ 94.297083, 18.456667 ], [ 94.296278, 18.451611 ], [ 94.309167, 18.449583 ], [ 94.320417, 18.438306 ], [ 94.323722, 18.418333 ], [ 94.327917, 18.4175 ], [ 94.325389, 18.409194 ], [ 94.33375, 18.405806 ], [ 94.33875, 18.394972 ], [ 94.335417, 18.366667 ], [ 94.34, 18.362083 ], [ 94.344972, 18.368778 ], [ 94.350833, 18.367056 ], [ 94.353333, 18.362056 ], [ 94.358278, 18.366278 ], [ 94.369139, 18.362056 ], [ 94.37, 18.372889 ], [ 94.370806, 18.369556 ], [ 94.379972, 18.370417 ], [ 94.38875, 18.365 ], [ 94.390444, 18.358333 ], [ 94.398722, 18.348306 ], [ 94.39625, 18.337472 ], [ 94.399556, 18.334972 ], [ 94.392917, 18.330778 ], [ 94.403722, 18.319167 ], [ 94.405417, 18.313306 ], [ 94.401667, 18.311222 ], [ 94.397472, 18.312917 ], [ 94.397472, 18.304583 ], [ 94.390056, 18.305389 ], [ 94.384583, 18.301639 ], [ 94.387111, 18.293306 ], [ 94.393778, 18.289972 ], [ 94.384111, 18.281222 ], [ 94.368306, 18.287056 ], [ 94.366222, 18.295 ], [ 94.3475, 18.313722 ], [ 94.345417, 18.309944 ], [ 94.352083, 18.301639 ], [ 94.352111, 18.2975 ], [ 94.341694, 18.292889 ], [ 94.330028, 18.297889 ], [ 94.328778, 18.3075 ], [ 94.324556, 18.308306 ], [ 94.31875, 18.296667 ], [ 94.317056, 18.276639 ], [ 94.317083, 18.270833 ], [ 94.322917, 18.260806 ], [ 94.322917, 18.247444 ], [ 94.336667, 18.242889 ], [ 94.340028, 18.247917 ], [ 94.348333, 18.251222 ], [ 94.360778, 18.247056 ], [ 94.369111, 18.252056 ], [ 94.375, 18.252083 ], [ 94.376222, 18.247472 ], [ 94.3825, 18.24375 ], [ 94.4, 18.252917 ], [ 94.405833, 18.250417 ], [ 94.414972, 18.242889 ], [ 94.418722, 18.243333 ], [ 94.417917, 18.24 ], [ 94.427056, 18.2225 ], [ 94.424583, 18.211667 ], [ 94.429583, 18.206694 ], [ 94.425, 18.207917 ], [ 94.412917, 18.199111 ], [ 94.424583, 18.191639 ], [ 94.431222, 18.179139 ], [ 94.439972, 18.172056 ], [ 94.444556, 18.174167 ], [ 94.434111, 18.182083 ], [ 94.444194, 18.176222 ], [ 94.452917, 18.182472 ], [ 94.444556, 18.1675 ], [ 94.444583, 18.161639 ], [ 94.449972, 18.15375 ], [ 94.45625, 18.153306 ], [ 94.454556, 18.148306 ], [ 94.45875, 18.144167 ], [ 94.455028, 18.144583 ], [ 94.453722, 18.141667 ], [ 94.460833, 18.13875 ], [ 94.461222, 18.135806 ], [ 94.451667, 18.139556 ], [ 94.448722, 18.133333 ], [ 94.480417, 18.075833 ], [ 94.483694, 18.060833 ], [ 94.483694, 18.039139 ], [ 94.48875, 18.031639 ], [ 94.484111, 18.024556 ], [ 94.485389, 18.033333 ], [ 94.482889, 18.034139 ], [ 94.479556, 18.016667 ], [ 94.473722, 18.008278 ], [ 94.483306, 18.00625 ], [ 94.489556, 17.997472 ], [ 94.492028, 17.992472 ], [ 94.490417, 17.978306 ], [ 94.486278, 17.981667 ], [ 94.489583, 17.992472 ], [ 94.479972, 18.002028 ], [ 94.470417, 17.997444 ], [ 94.471278, 17.990833 ], [ 94.475417, 17.989139 ], [ 94.473333, 17.987083 ], [ 94.469556, 17.990861 ], [ 94.467528, 18.004528 ], [ 94.458306, 17.997083 ], [ 94.450806, 17.997083 ], [ 94.450861, 17.99375 ], [ 94.457917, 17.993361 ], [ 94.458306, 17.982056 ], [ 94.447056, 17.993306 ], [ 94.45125, 17.999139 ], [ 94.448306, 18.002917 ], [ 94.439139, 18.003722 ], [ 94.433306, 18.00125 ], [ 94.431278, 17.996639 ], [ 94.440472, 17.982472 ], [ 94.439556, 17.974139 ], [ 94.457083, 17.949972 ], [ 94.482083, 17.899167 ], [ 94.482889, 17.889194 ], [ 94.477528, 17.890444 ], [ 94.47625, 17.888306 ], [ 94.480444, 17.8825 ], [ 94.479556, 17.878306 ], [ 94.486194, 17.876667 ], [ 94.486278, 17.873333 ], [ 94.482889, 17.873361 ], [ 94.487083, 17.858333 ], [ 94.477917, 17.847444 ], [ 94.484583, 17.840806 ], [ 94.48875, 17.827528 ], [ 94.485417, 17.808306 ], [ 94.48125, 17.805833 ], [ 94.485417, 17.790028 ], [ 94.482889, 17.784972 ], [ 94.494139, 17.779556 ], [ 94.497472, 17.784583 ], [ 94.503361, 17.785389 ], [ 94.504194, 17.780417 ], [ 94.500833, 17.78375 ], [ 94.495389, 17.778278 ], [ 94.495389, 17.769167 ], [ 94.51, 17.762056 ], [ 94.518306, 17.76125 ], [ 94.53375, 17.745806 ], [ 94.535389, 17.74 ], [ 94.542917, 17.735806 ], [ 94.54125, 17.725833 ], [ 94.533778, 17.719972 ], [ 94.536222, 17.711639 ], [ 94.530833, 17.711222 ], [ 94.52875, 17.706639 ], [ 94.530861, 17.70125 ], [ 94.539583, 17.699972 ], [ 94.537083, 17.687472 ], [ 94.534556, 17.686639 ], [ 94.537056, 17.683278 ], [ 94.535389, 17.678306 ], [ 94.544167, 17.674583 ], [ 94.550417, 17.679972 ], [ 94.546306, 17.675806 ], [ 94.552889, 17.668306 ], [ 94.55125, 17.664194 ], [ 94.555417, 17.654167 ], [ 94.552083, 17.640833 ], [ 94.553306, 17.630417 ], [ 94.557917, 17.630806 ], [ 94.557028, 17.634194 ], [ 94.565806, 17.652889 ], [ 94.56875, 17.645806 ], [ 94.567889, 17.6375 ], [ 94.572028, 17.6375 ], [ 94.573722, 17.654139 ], [ 94.57625, 17.656639 ], [ 94.577056, 17.638333 ], [ 94.574583, 17.634167 ], [ 94.578778, 17.631667 ], [ 94.586222, 17.6175 ], [ 94.582083, 17.616667 ], [ 94.582056, 17.608333 ], [ 94.577083, 17.598278 ], [ 94.567944, 17.590778 ], [ 94.575, 17.587056 ], [ 94.581667, 17.577083 ], [ 94.589111, 17.579583 ], [ 94.59375, 17.574972 ], [ 94.589639, 17.560833 ], [ 94.597944, 17.553306 ], [ 94.584972, 17.55375 ], [ 94.580361, 17.564167 ], [ 94.570444, 17.574167 ], [ 94.566222, 17.589194 ], [ 94.556639, 17.594611 ], [ 94.543722, 17.574972 ], [ 94.540417, 17.558278 ], [ 94.53625, 17.552472 ], [ 94.552889, 17.525833 ], [ 94.557139, 17.515806 ], [ 94.555444, 17.509972 ], [ 94.560389, 17.500806 ], [ 94.554583, 17.485833 ], [ 94.555389, 17.476639 ], [ 94.560361, 17.471667 ], [ 94.554583, 17.471639 ], [ 94.555389, 17.441639 ], [ 94.55875, 17.434139 ], [ 94.552083, 17.424167 ], [ 94.55875, 17.413306 ], [ 94.558722, 17.396667 ], [ 94.563333, 17.399556 ], [ 94.569556, 17.391667 ], [ 94.567861, 17.383278 ], [ 94.562944, 17.379944 ], [ 94.562889, 17.3725 ], [ 94.569583, 17.366639 ], [ 94.567056, 17.357472 ], [ 94.568722, 17.351667 ], [ 94.565833, 17.355417 ], [ 94.562889, 17.353333 ], [ 94.567111, 17.343306 ], [ 94.562083, 17.329972 ], [ 94.56625, 17.319944 ], [ 94.565417, 17.314167 ], [ 94.585, 17.310389 ], [ 94.587056, 17.314972 ], [ 94.583778, 17.320861 ], [ 94.59, 17.322056 ], [ 94.587861, 17.310833 ], [ 94.592472, 17.306194 ], [ 94.598306, 17.310417 ], [ 94.602111, 17.3075 ], [ 94.5925, 17.300417 ], [ 94.583306, 17.302083 ], [ 94.576639, 17.29875 ], [ 94.574611, 17.296639 ], [ 94.57625, 17.2925 ], [ 94.573306, 17.291222 ], [ 94.570444, 17.302472 ], [ 94.567056, 17.302444 ], [ 94.568778, 17.306694 ], [ 94.555833, 17.315389 ], [ 94.552889, 17.314139 ], [ 94.550028, 17.305389 ], [ 94.542472, 17.305389 ], [ 94.542056, 17.311639 ], [ 94.545417, 17.315 ], [ 94.541667, 17.322028 ], [ 94.536639, 17.322083 ], [ 94.529583, 17.309972 ], [ 94.534583, 17.304194 ], [ 94.534583, 17.297472 ], [ 94.539583, 17.293306 ], [ 94.534222, 17.285444 ], [ 94.525861, 17.285389 ], [ 94.526278, 17.280833 ], [ 94.520833, 17.281222 ], [ 94.519139, 17.278722 ], [ 94.517056, 17.286639 ], [ 94.520444, 17.291611 ], [ 94.516639, 17.294583 ], [ 94.513333, 17.292083 ], [ 94.514583, 17.297444 ], [ 94.510833, 17.301278 ], [ 94.502528, 17.306222 ], [ 94.499583, 17.304972 ], [ 94.504583, 17.279972 ], [ 94.49875, 17.2675 ], [ 94.492472, 17.267889 ], [ 94.490417, 17.263333 ], [ 94.497472, 17.256278 ], [ 94.502889, 17.256639 ], [ 94.504556, 17.248306 ], [ 94.497111, 17.2375 ], [ 94.494556, 17.229139 ], [ 94.496222, 17.220806 ], [ 94.492056, 17.215861 ], [ 94.4975, 17.217083 ], [ 94.5075, 17.212861 ], [ 94.511667, 17.217083 ], [ 94.515806, 17.207917 ], [ 94.519111, 17.210361 ], [ 94.520806, 17.205361 ], [ 94.526667, 17.205444 ], [ 94.527472, 17.20875 ], [ 94.529583, 17.2025 ], [ 94.522917, 17.199167 ], [ 94.532917, 17.1875 ], [ 94.53, 17.182056 ], [ 94.519556, 17.184139 ], [ 94.52125, 17.178333 ], [ 94.512889, 17.169167 ], [ 94.517056, 17.160806 ], [ 94.514139, 17.15625 ], [ 94.507083, 17.154167 ], [ 94.50875, 17.161667 ], [ 94.506667, 17.165361 ], [ 94.500833, 17.161222 ], [ 94.489528, 17.161639 ], [ 94.485417, 17.168333 ], [ 94.487944, 17.171639 ], [ 94.487528, 17.182028 ], [ 94.479139, 17.179556 ], [ 94.47875, 17.170861 ], [ 94.47125, 17.166667 ], [ 94.466639, 17.157917 ], [ 94.462472, 17.157083 ], [ 94.477056, 17.175861 ], [ 94.475833, 17.178722 ], [ 94.462889, 17.181639 ], [ 94.463278, 17.194556 ], [ 94.440389, 17.183361 ], [ 94.442972, 17.165833 ], [ 94.451306, 17.154167 ], [ 94.445806, 17.156222 ], [ 94.445444, 17.1525 ], [ 94.452083, 17.149167 ], [ 94.455028, 17.14125 ], [ 94.466667, 17.146194 ], [ 94.470806, 17.145417 ], [ 94.480417, 17.1375 ], [ 94.487917, 17.123333 ], [ 94.477056, 17.093333 ], [ 94.466639, 17.08125 ], [ 94.457111, 17.075 ], [ 94.458333, 17.072056 ], [ 94.464556, 17.074139 ], [ 94.462917, 17.064111 ], [ 94.462917, 17.069167 ], [ 94.459139, 17.068722 ], [ 94.455028, 17.072889 ], [ 94.449583, 17.067472 ], [ 94.451222, 17.056611 ], [ 94.447917, 17.051667 ], [ 94.452028, 17.035778 ], [ 94.45125, 17.004972 ], [ 94.454556, 16.997444 ], [ 94.450417, 16.977528 ], [ 94.452083, 16.969972 ], [ 94.435417, 16.952472 ], [ 94.436667, 16.949556 ], [ 94.447528, 16.950389 ], [ 94.4575, 16.945389 ], [ 94.470417, 16.949139 ], [ 94.458306, 16.942917 ], [ 94.449972, 16.944583 ], [ 94.4475, 16.941194 ], [ 94.437083, 16.938306 ], [ 94.433722, 16.924139 ], [ 94.427889, 16.919139 ], [ 94.432917, 16.914167 ], [ 94.423694, 16.915833 ], [ 94.421278, 16.905806 ], [ 94.408722, 16.896667 ], [ 94.414194, 16.894556 ], [ 94.414194, 16.892028 ], [ 94.391639, 16.90125 ], [ 94.385417, 16.913361 ], [ 94.38125, 16.914972 ], [ 94.382944, 16.906639 ], [ 94.372889, 16.881639 ], [ 94.37625, 16.8675 ], [ 94.384611, 16.859167 ], [ 94.391222, 16.843306 ], [ 94.388694, 16.833333 ], [ 94.394556, 16.817444 ], [ 94.402889, 16.810778 ], [ 94.399556, 16.81 ], [ 94.40125, 16.790833 ], [ 94.392889, 16.779167 ], [ 94.395806, 16.776222 ], [ 94.38, 16.76625 ], [ 94.37125, 16.769167 ], [ 94.37125, 16.742472 ], [ 94.36625, 16.742528 ], [ 94.36625, 16.735806 ], [ 94.356194, 16.7275 ], [ 94.357917, 16.709167 ], [ 94.352083, 16.701639 ], [ 94.350444, 16.693333 ], [ 94.362056, 16.680806 ], [ 94.362889, 16.671667 ], [ 94.35125, 16.634139 ], [ 94.351667, 16.631222 ], [ 94.354556, 16.632472 ], [ 94.352083, 16.627472 ], [ 94.355417, 16.625 ], [ 94.344167, 16.626222 ], [ 94.329194, 16.604556 ], [ 94.32, 16.607889 ], [ 94.317056, 16.603333 ], [ 94.318278, 16.592917 ], [ 94.3225, 16.599556 ], [ 94.336611, 16.585417 ], [ 94.342472, 16.58875 ], [ 94.347111, 16.586667 ], [ 94.344583, 16.585 ], [ 94.347056, 16.578278 ], [ 94.345417, 16.564167 ], [ 94.329528, 16.541667 ], [ 94.33125, 16.535 ], [ 94.326639, 16.536222 ], [ 94.31375, 16.528333 ], [ 94.316639, 16.52625 ], [ 94.305833, 16.521194 ], [ 94.297444, 16.520389 ], [ 94.288306, 16.524583 ], [ 94.284944, 16.519556 ], [ 94.282889, 16.5225 ], [ 94.294611, 16.532472 ], [ 94.291667, 16.540417 ], [ 94.284139, 16.542861 ], [ 94.277528, 16.539583 ], [ 94.2775, 16.537056 ], [ 94.2725, 16.536222 ], [ 94.270778, 16.53875 ], [ 94.259167, 16.533722 ], [ 94.258278, 16.53625 ], [ 94.254583, 16.534944 ], [ 94.257917, 16.532472 ], [ 94.257083, 16.525806 ], [ 94.266278, 16.515833 ], [ 94.27125, 16.500806 ], [ 94.261194, 16.473333 ], [ 94.264556, 16.468306 ], [ 94.260417, 16.47 ], [ 94.263722, 16.459139 ], [ 94.261194, 16.435861 ], [ 94.264583, 16.434167 ], [ 94.257944, 16.434139 ], [ 94.25125, 16.415833 ], [ 94.252889, 16.401639 ], [ 94.241222, 16.378306 ], [ 94.243722, 16.363306 ], [ 94.237917, 16.354139 ], [ 94.246194, 16.350028 ], [ 94.241222, 16.348333 ], [ 94.242472, 16.343722 ], [ 94.239194, 16.351278 ], [ 94.23125, 16.355 ], [ 94.232889, 16.341667 ], [ 94.227083, 16.332472 ], [ 94.227083, 16.313278 ], [ 94.234583, 16.295861 ], [ 94.237889, 16.275806 ], [ 94.235389, 16.256639 ], [ 94.238778, 16.254972 ], [ 94.235806, 16.253722 ], [ 94.228278, 16.259556 ], [ 94.222944, 16.257472 ], [ 94.227861, 16.240806 ], [ 94.224556, 16.231694 ], [ 94.224611, 16.214139 ], [ 94.212056, 16.2025 ], [ 94.217083, 16.183361 ], [ 94.219139, 16.182083 ], [ 94.220806, 16.18625 ], [ 94.223694, 16.181639 ], [ 94.21875, 16.1775 ], [ 94.21875, 16.1575 ], [ 94.211667, 16.157083 ], [ 94.206639, 16.14875 ], [ 94.20125, 16.149972 ], [ 94.207889, 16.130833 ], [ 94.203778, 16.114139 ], [ 94.19875, 16.11 ], [ 94.197917, 16.096667 ], [ 94.203722, 16.091639 ], [ 94.203778, 16.084139 ], [ 94.19875, 16.081639 ], [ 94.202889, 16.079139 ], [ 94.203722, 16.071667 ], [ 94.199528, 16.064972 ], [ 94.201222, 16.058306 ], [ 94.190417, 16.040806 ], [ 94.201306, 16.036611 ], [ 94.199583, 16.0325 ], [ 94.203306, 16.032083 ], [ 94.206278, 16.027472 ], [ 94.207083, 16.016611 ], [ 94.212889, 16.012444 ], [ 94.221222, 15.995806 ], [ 94.227056, 15.990833 ], [ 94.235444, 15.973333 ], [ 94.23875, 15.956639 ], [ 94.2425, 15.952861 ], [ 94.26375, 15.966639 ], [ 94.264528, 15.976667 ], [ 94.275389, 15.985861 ], [ 94.272944, 15.991667 ], [ 94.276667, 16.001222 ], [ 94.294167, 16.002111 ], [ 94.297083, 16.005028 ], [ 94.295, 16.011222 ], [ 94.300861, 16.007917 ], [ 94.315806, 16.017861 ], [ 94.318361, 16.01625 ], [ 94.323722, 16.020806 ], [ 94.322472, 16.028722 ], [ 94.329167, 16.020361 ], [ 94.339139, 16.020417 ], [ 94.351278, 16.049167 ], [ 94.357472, 16.055444 ], [ 94.389972, 16.059583 ], [ 94.398306, 16.055389 ], [ 94.421667, 16.065417 ], [ 94.437917, 16.08 ], [ 94.442889, 16.096667 ], [ 94.452083, 16.110833 ], [ 94.451306, 16.114167 ], [ 94.466222, 16.130806 ], [ 94.468722, 16.138306 ], [ 94.502111, 16.170861 ], [ 94.508778, 16.181639 ], [ 94.507111, 16.1975 ], [ 94.510417, 16.207472 ], [ 94.519167, 16.21125 ], [ 94.522056, 16.218278 ], [ 94.506222, 16.23 ], [ 94.506194, 16.234194 ], [ 94.517889, 16.245806 ], [ 94.520389, 16.241667 ], [ 94.508722, 16.231639 ], [ 94.519167, 16.227083 ], [ 94.525417, 16.220833 ], [ 94.52375, 16.206694 ], [ 94.531611, 16.202889 ], [ 94.5425, 16.209528 ], [ 94.544972, 16.207056 ], [ 94.54875, 16.209139 ], [ 94.551222, 16.230806 ], [ 94.557917, 16.24 ], [ 94.557139, 16.247472 ], [ 94.550389, 16.254972 ], [ 94.553722, 16.256611 ], [ 94.547056, 16.262472 ], [ 94.548694, 16.265444 ], [ 94.553111, 16.265361 ], [ 94.560833, 16.25875 ], [ 94.569194, 16.264528 ], [ 94.577167, 16.262806 ], [ 94.579167, 16.257056 ], [ 94.571222, 16.253333 ], [ 94.57125, 16.235833 ], [ 94.578306, 16.22625 ], [ 94.588306, 16.227028 ], [ 94.596639, 16.231222 ], [ 94.612083, 16.245806 ], [ 94.618306, 16.25625 ], [ 94.622722, 16.256278 ], [ 94.628528, 16.251111 ], [ 94.627528, 16.236222 ], [ 94.606667, 16.227944 ], [ 94.600417, 16.216667 ], [ 94.596639, 16.217056 ], [ 94.572111, 16.1925 ], [ 94.565417, 16.179972 ], [ 94.567056, 16.176639 ], [ 94.563333, 16.176278 ], [ 94.548778, 16.158306 ], [ 94.549583, 16.151639 ], [ 94.546694, 16.154583 ], [ 94.537056, 16.138306 ], [ 94.527111, 16.130778 ], [ 94.528333, 16.127056 ], [ 94.525, 16.12875 ], [ 94.507917, 16.110778 ], [ 94.50625, 16.099944 ], [ 94.49125, 16.079167 ], [ 94.491222, 16.074972 ], [ 94.502917, 16.065833 ], [ 94.49, 16.072917 ], [ 94.48625, 16.070833 ], [ 94.486278, 16.0675 ], [ 94.500389, 16.053333 ], [ 94.484139, 16.064583 ], [ 94.472972, 16.049167 ], [ 94.480833, 16.040389 ], [ 94.492083, 16.036639 ], [ 94.480806, 16.038722 ], [ 94.470833, 16.045389 ], [ 94.459583, 16.033306 ], [ 94.473306, 16.027861 ], [ 94.475, 16.023722 ], [ 94.455833, 16.03125 ], [ 94.446667, 16.017028 ], [ 94.441722, 16.020389 ], [ 94.431611, 16.02125 ], [ 94.424139, 16.015389 ], [ 94.400028, 16.009583 ], [ 94.394167, 16.004583 ], [ 94.390861, 16.007056 ], [ 94.382083, 16.0 ], [ 94.377083, 15.985806 ], [ 94.377056, 15.974944 ], [ 94.389583, 15.920806 ], [ 94.3925, 15.912861 ], [ 94.395833, 15.916222 ], [ 94.397056, 15.913306 ], [ 94.393778, 15.899944 ], [ 94.398722, 15.89 ], [ 94.407083, 15.886667 ], [ 94.405417, 15.880028 ], [ 94.41125, 15.866667 ], [ 94.402944, 15.8475 ], [ 94.392917, 15.837444 ], [ 94.394167, 15.829583 ], [ 94.412944, 15.852472 ], [ 94.418722, 15.855833 ], [ 94.425389, 15.878333 ], [ 94.43375, 15.885 ], [ 94.432139, 15.895861 ], [ 94.436278, 15.907472 ], [ 94.443694, 15.918333 ], [ 94.451194, 15.922472 ], [ 94.44875, 15.934139 ], [ 94.457083, 15.946639 ], [ 94.452889, 15.96 ], [ 94.454556, 15.969167 ], [ 94.457889, 15.970806 ], [ 94.455389, 15.961639 ], [ 94.459556, 15.945833 ], [ 94.451222, 15.933306 ], [ 94.45125, 15.929139 ], [ 94.461667, 15.924583 ], [ 94.475417, 15.937444 ], [ 94.474583, 15.941639 ], [ 94.47875, 15.95 ], [ 94.477083, 15.964139 ], [ 94.479167, 15.970444 ], [ 94.483333, 15.96875 ], [ 94.491667, 15.972917 ], [ 94.513333, 15.987917 ], [ 94.539944, 15.995361 ], [ 94.542472, 16.002083 ], [ 94.5525, 15.99625 ], [ 94.565806, 16.001222 ], [ 94.575806, 16.000389 ], [ 94.587889, 16.017528 ], [ 94.594583, 16.038306 ], [ 94.58, 16.039556 ], [ 94.571667, 16.044556 ], [ 94.569556, 16.049167 ], [ 94.581667, 16.042083 ], [ 94.593333, 16.040389 ], [ 94.601222, 16.054944 ], [ 94.626222, 16.079167 ], [ 94.63675, 16.094111 ], [ 94.642056, 16.09 ], [ 94.638722, 16.082444 ], [ 94.624167, 16.064583 ], [ 94.609583, 16.053333 ], [ 94.608722, 16.043306 ], [ 94.614167, 16.04125 ], [ 94.629583, 16.060833 ], [ 94.633833, 16.061528 ], [ 94.637111, 16.058306 ], [ 94.633722, 16.050806 ], [ 94.633333, 16.04875 ], [ 94.632944, 16.052472 ], [ 94.630389, 16.051639 ], [ 94.615389, 16.028333 ], [ 94.617917, 16.025778 ], [ 94.598722, 16.014167 ], [ 94.575444, 15.979972 ], [ 94.548778, 15.965 ], [ 94.547056, 15.954167 ], [ 94.551222, 15.945833 ], [ 94.573361, 15.932917 ], [ 94.579167, 15.932889 ], [ 94.591639, 15.94375 ], [ 94.608278, 15.948722 ], [ 94.638333, 15.967028 ], [ 94.64475, 15.967167 ], [ 94.651056, 15.9635 ], [ 94.651944, 15.957361 ], [ 94.648333, 15.95125 ], [ 94.608306, 15.935417 ], [ 94.601222, 15.926694 ], [ 94.600361, 15.915 ], [ 94.604583, 15.906639 ], [ 94.625833, 15.885417 ], [ 94.629556, 15.886639 ], [ 94.62875, 15.898306 ], [ 94.631222, 15.903278 ], [ 94.637778, 15.907361 ], [ 94.63375, 15.9 ], [ 94.63625, 15.885806 ], [ 94.633722, 15.867444 ], [ 94.645, 15.857889 ], [ 94.673306, 15.842861 ], [ 94.688333, 15.840417 ], [ 94.695833, 15.842056 ], [ 94.699167, 15.848694 ], [ 94.711667, 15.849583 ], [ 94.721194, 15.855806 ], [ 94.732056, 15.878333 ], [ 94.746222, 15.896639 ], [ 94.764583, 15.929944 ], [ 94.787056, 15.954139 ], [ 94.768778, 15.964167 ], [ 94.75625, 15.993306 ], [ 94.759583, 15.995 ], [ 94.758722, 15.990028 ], [ 94.767083, 15.978306 ], [ 94.770444, 15.966694 ], [ 94.786722, 15.960417 ], [ 94.798278, 15.964556 ], [ 94.807028, 15.980833 ], [ 94.811556, 15.982917 ], [ 94.817528, 15.978917 ], [ 94.821056, 15.972 ], [ 94.820139, 15.956639 ], [ 94.799583, 15.935806 ], [ 94.774528, 15.894167 ], [ 94.77125, 15.8875 ], [ 94.772917, 15.869972 ], [ 94.750389, 15.850806 ], [ 94.739139, 15.832889 ], [ 94.72875, 15.829139 ], [ 94.729583, 15.809139 ], [ 94.733722, 15.795806 ], [ 94.737528, 15.792917 ], [ 94.753306, 15.794556 ], [ 94.799139, 15.787056 ], [ 94.8125, 15.789583 ], [ 94.814611, 15.799167 ], [ 94.812083, 15.814167 ], [ 94.817972, 15.834139 ], [ 94.830417, 15.858306 ], [ 94.842944, 15.865833 ], [ 94.842111, 15.874167 ], [ 94.831278, 15.890833 ], [ 94.835417, 15.891667 ], [ 94.841639, 15.884556 ], [ 94.844583, 15.899167 ], [ 94.847972, 15.867444 ], [ 94.837889, 15.851639 ], [ 94.837889, 15.830806 ], [ 94.841639, 15.827917 ], [ 94.856667, 15.829556 ], [ 94.874111, 15.827056 ], [ 94.876278, 15.835806 ], [ 94.873778, 15.853278 ], [ 94.879778, 15.855139 ], [ 94.887111, 15.833306 ], [ 94.895806, 15.825389 ], [ 94.887444, 15.824583 ], [ 94.869972, 15.814583 ], [ 94.846667, 15.812028 ], [ 94.844167, 15.806194 ], [ 94.84, 15.807889 ], [ 94.83125, 15.795806 ], [ 94.837889, 15.778306 ], [ 94.846722, 15.769556 ], [ 94.858306, 15.763722 ], [ 94.906667, 15.75125 ], [ 94.912083, 15.752472 ], [ 94.906667, 15.757056 ], [ 94.918306, 15.760389 ], [ 94.926222, 15.755861 ], [ 94.925417, 15.749139 ], [ 94.935861, 15.739583 ], [ 94.942472, 15.742111 ], [ 94.955806, 15.74125 ], [ 94.964167, 15.749556 ], [ 94.979167, 15.754583 ], [ 94.987889, 15.763333 ], [ 94.980417, 15.782444 ], [ 94.982083, 15.810833 ], [ 94.97875, 15.841667 ], [ 94.982444, 15.848694 ], [ 94.986278, 15.805806 ], [ 94.983778, 15.782472 ], [ 94.987444, 15.777917 ], [ 94.999139, 15.773722 ], [ 95.004944, 15.782083 ], [ 95.027444, 15.792917 ], [ 95.03625, 15.802472 ], [ 95.042083, 15.828333 ], [ 95.037083, 15.8425 ], [ 95.044972, 15.839556 ], [ 95.052028, 15.851667 ], [ 95.067944, 15.944167 ], [ 95.067944, 15.955 ], [ 95.060861, 15.964611 ], [ 95.06875, 15.966639 ], [ 95.06875, 15.979167 ], [ 95.049583, 16.034194 ], [ 95.052917, 16.035028 ], [ 95.053722, 16.044139 ], [ 95.046278, 16.050806 ], [ 95.0525, 16.047083 ], [ 95.056278, 16.049167 ], [ 95.057944, 16.055806 ], [ 95.052889, 16.060833 ], [ 95.056222, 16.061667 ], [ 95.054528, 16.065806 ], [ 95.060833, 16.05875 ], [ 95.066278, 16.07 ], [ 95.085361, 16.092472 ], [ 95.081667, 16.097056 ], [ 95.089139, 16.094556 ], [ 95.110028, 16.109556 ], [ 95.115444, 16.117472 ], [ 95.12775, 16.120111 ], [ 95.136111, 16.118944 ], [ 95.139944, 16.111111 ], [ 95.139944, 16.102028 ], [ 95.119944, 16.091222 ], [ 95.11375, 16.084972 ], [ 95.093694, 16.049139 ], [ 95.090389, 16.034139 ], [ 95.093333, 16.012944 ], [ 95.09625, 16.019167 ], [ 95.095389, 16.0275 ], [ 95.098722, 16.030833 ], [ 95.094583, 16.000833 ], [ 95.098722, 15.980806 ], [ 95.101694, 15.978722 ], [ 95.105444, 15.981667 ], [ 95.109528, 15.992472 ], [ 95.125417, 15.9925 ], [ 95.127083, 15.988333 ], [ 95.125389, 15.961667 ], [ 95.127889, 15.957472 ], [ 95.123722, 15.954111 ], [ 95.117861, 15.923306 ], [ 95.124194, 15.920389 ], [ 95.127056, 15.929139 ], [ 95.133417, 15.930222 ], [ 95.12875, 15.926639 ], [ 95.126667, 15.919556 ], [ 95.113722, 15.915833 ], [ 95.110389, 15.900833 ], [ 95.107889, 15.8575 ], [ 95.112861, 15.853306 ], [ 95.115389, 15.845028 ], [ 95.109139, 15.84875 ], [ 95.107083, 15.842528 ], [ 95.109583, 15.8325 ], [ 95.108694, 15.811639 ], [ 95.11375, 15.804139 ], [ 95.138333, 15.782889 ], [ 95.155833, 15.777889 ], [ 95.164194, 15.771222 ], [ 95.180806, 15.770417 ], [ 95.200833, 15.77625 ], [ 95.216667, 15.789556 ], [ 95.223333, 15.791222 ], [ 95.22625, 15.799167 ], [ 95.21875, 15.822472 ], [ 95.213722, 15.855806 ], [ 95.203278, 15.86125 ], [ 95.187083, 15.857444 ], [ 95.199167, 15.864556 ], [ 95.213361, 15.859583 ], [ 95.222861, 15.879972 ], [ 95.222944, 15.884167 ], [ 95.213361, 15.886222 ], [ 95.20875, 15.894972 ], [ 95.201222, 15.900806 ], [ 95.200417, 15.913306 ], [ 95.202917, 15.9025 ], [ 95.216667, 15.887889 ], [ 95.224583, 15.89 ], [ 95.229583, 15.908306 ], [ 95.235861, 15.908417 ], [ 95.245389, 15.901667 ], [ 95.232944, 15.878333 ], [ 95.231194, 15.866639 ], [ 95.233333, 15.861222 ], [ 95.240806, 15.861194 ], [ 95.249194, 15.852917 ], [ 95.252444, 15.852944 ], [ 95.261667, 15.85875 ], [ 95.273778, 15.873306 ], [ 95.300417, 15.921667 ], [ 95.307778, 15.92325 ], [ 95.314889, 15.918472 ], [ 95.318278, 15.911167 ], [ 95.307028, 15.899972 ], [ 95.296278, 15.875028 ], [ 95.303306, 15.87375 ], [ 95.318333, 15.887917 ], [ 95.334139, 15.882083 ], [ 95.335389, 15.891306 ], [ 95.339556, 15.883333 ], [ 95.333333, 15.877889 ], [ 95.319194, 15.882917 ], [ 95.306667, 15.867056 ], [ 95.300389, 15.864139 ], [ 95.299556, 15.858278 ], [ 95.303333, 15.857056 ], [ 95.310833, 15.867056 ], [ 95.317083, 15.867444 ], [ 95.304556, 15.854972 ], [ 95.304583, 15.846639 ], [ 95.297056, 15.829972 ], [ 95.305806, 15.817889 ], [ 95.304167, 15.814583 ], [ 95.292917, 15.825833 ], [ 95.300389, 15.8475 ], [ 95.299556, 15.8525 ], [ 95.2875, 15.855389 ], [ 95.281222, 15.851667 ], [ 95.269556, 15.829972 ], [ 95.272889, 15.810778 ], [ 95.27125, 15.800806 ], [ 95.277056, 15.775806 ], [ 95.287472, 15.758778 ], [ 95.305028, 15.759556 ], [ 95.315806, 15.752917 ], [ 95.327528, 15.755417 ], [ 95.328806, 15.753333 ], [ 95.320806, 15.750389 ], [ 95.304972, 15.756222 ], [ 95.289194, 15.754556 ], [ 95.282917, 15.748333 ], [ 95.280444, 15.7375 ], [ 95.28375, 15.727472 ], [ 95.292917, 15.723306 ], [ 95.284944, 15.722889 ], [ 95.277472, 15.732083 ], [ 95.277917, 15.723306 ], [ 95.285, 15.717028 ], [ 95.301611, 15.719556 ], [ 95.320806, 15.70875 ], [ 95.350833, 15.710417 ], [ 95.366639, 15.707889 ], [ 95.417472, 15.715361 ], [ 95.455833, 15.734556 ], [ 95.471222, 15.748333 ], [ 95.470028, 15.751278 ], [ 95.46375, 15.751694 ], [ 95.461639, 15.758778 ], [ 95.465833, 15.75625 ], [ 95.482444, 15.760417 ], [ 95.491667, 15.77375 ], [ 95.548778, 15.825 ], [ 95.565417, 15.849167 ], [ 95.579111, 15.859556 ], [ 95.597056, 15.880806 ], [ 95.621611, 15.90125 ], [ 95.649556, 15.93 ], [ 95.659583, 15.944167 ], [ 95.661222, 15.954972 ], [ 95.674556, 15.965833 ], [ 95.691222, 15.9925 ], [ 95.688778, 15.994944 ], [ 95.68875, 16.005778 ], [ 95.69375, 16.015028 ], [ 95.69375, 16.045806 ], [ 95.712083, 16.076611 ], [ 95.717944, 16.075806 ], [ 95.730417, 16.099139 ], [ 95.72875, 16.1025 ], [ 95.735389, 16.115833 ], [ 95.735389, 16.125 ], [ 95.724556, 16.156639 ], [ 95.719583, 16.213306 ], [ 95.713722, 16.232472 ], [ 95.7175, 16.247056 ], [ 95.72125, 16.243333 ], [ 95.725444, 16.228306 ], [ 95.724556, 16.220806 ], [ 95.734556, 16.176639 ], [ 95.734556, 16.159139 ], [ 95.740417, 16.139972 ], [ 95.749167, 16.129583 ], [ 95.760778, 16.132889 ], [ 95.771611, 16.13125 ], [ 95.786694, 16.13875 ], [ 95.811639, 16.167889 ], [ 95.844583, 16.1925 ], [ 95.847056, 16.200778 ], [ 95.864556, 16.224111 ], [ 95.887083, 16.243306 ], [ 95.891694, 16.252889 ], [ 95.894611, 16.240806 ], [ 95.891278, 16.230806 ], [ 95.882472, 16.219583 ], [ 95.867083, 16.209111 ], [ 95.866222, 16.204139 ], [ 95.878306, 16.201222 ], [ 95.889139, 16.208778 ], [ 95.904167, 16.212917 ], [ 95.925, 16.235389 ], [ 95.937917, 16.244972 ], [ 95.942083, 16.252472 ], [ 95.951667, 16.298722 ], [ 95.954167, 16.294556 ], [ 95.961667, 16.299556 ], [ 95.962917, 16.296694 ], [ 95.955389, 16.284972 ], [ 95.95125, 16.25 ], [ 95.941694, 16.23625 ], [ 95.925361, 16.225806 ], [ 95.917917, 16.215833 ], [ 95.919972, 16.210417 ], [ 95.930806, 16.208722 ], [ 96.0, 16.229583 ], [ 96.027944, 16.254167 ], [ 96.031194, 16.265806 ], [ 96.05125, 16.284139 ], [ 96.057056, 16.295806 ], [ 96.079528, 16.316639 ], [ 96.079556, 16.3275 ], [ 96.074556, 16.339972 ], [ 96.068278, 16.34625 ], [ 96.026611, 16.368722 ], [ 96.005444, 16.387528 ], [ 96.002472, 16.394583 ], [ 96.037472, 16.37375 ], [ 96.056667, 16.36875 ], [ 96.060361, 16.359972 ], [ 96.074167, 16.351222 ], [ 96.078694, 16.353333 ], [ 96.080389, 16.360028 ], [ 96.099139, 16.384583 ], [ 96.096194, 16.374167 ], [ 96.084556, 16.358361 ], [ 96.082889, 16.349972 ], [ 96.104972, 16.323722 ], [ 96.112444, 16.319583 ], [ 96.121611, 16.318722 ], [ 96.143306, 16.329556 ], [ 96.160833, 16.33375 ], [ 96.234111, 16.370417 ], [ 96.252472, 16.371222 ], [ 96.275, 16.379556 ], [ 96.306667, 16.399556 ], [ 96.312083, 16.404972 ], [ 96.31625, 16.416667 ], [ 96.323722, 16.420833 ], [ 96.331194, 16.439167 ], [ 96.330417, 16.454167 ], [ 96.322472, 16.465444 ], [ 96.291639, 16.483722 ], [ 96.26125, 16.519167 ], [ 96.237028, 16.58 ], [ 96.233722, 16.603278 ], [ 96.202861, 16.603278 ], [ 96.205, 16.605361 ], [ 96.220806, 16.604556 ], [ 96.234167, 16.609556 ], [ 96.245417, 16.63 ], [ 96.245417, 16.635 ], [ 96.239583, 16.655833 ], [ 96.221639, 16.662889 ], [ 96.211222, 16.674167 ], [ 96.195361, 16.725833 ], [ 96.187889, 16.736694 ], [ 96.192889, 16.745028 ], [ 96.172444, 16.755389 ], [ 96.169972, 16.753694 ], [ 96.161639, 16.760417 ], [ 96.139167, 16.767056 ], [ 96.134944, 16.767111 ], [ 96.122472, 16.757861 ], [ 96.12125, 16.759972 ], [ 96.129583, 16.767472 ], [ 96.115389, 16.7775 ], [ 96.113722, 16.786639 ], [ 96.117472, 16.800389 ], [ 96.118722, 16.781667 ], [ 96.130833, 16.772083 ], [ 96.159972, 16.765389 ], [ 96.193333, 16.763778 ], [ 96.192472, 16.76875 ], [ 96.178722, 16.776639 ], [ 96.201667, 16.767028 ], [ 96.234139, 16.801194 ], [ 96.249139, 16.807083 ], [ 96.27, 16.808722 ], [ 96.270417, 16.816639 ], [ 96.276639, 16.823722 ], [ 96.283306, 16.827083 ], [ 96.294139, 16.825389 ], [ 96.308389, 16.837917 ], [ 96.307111, 16.829972 ], [ 96.300028, 16.822028 ], [ 96.282444, 16.820417 ], [ 96.278722, 16.806667 ], [ 96.270806, 16.797917 ], [ 96.228333, 16.774556 ], [ 96.215389, 16.756667 ], [ 96.21625, 16.747444 ], [ 96.226194, 16.729111 ], [ 96.224528, 16.709139 ], [ 96.230417, 16.6825 ], [ 96.262083, 16.65 ], [ 96.262889, 16.632472 ], [ 96.257056, 16.615 ], [ 96.257917, 16.606639 ], [ 96.276639, 16.581194 ], [ 96.279583, 16.596667 ], [ 96.291194, 16.6025 ], [ 96.280389, 16.593306 ], [ 96.282083, 16.559139 ], [ 96.296639, 16.545389 ], [ 96.320806, 16.533722 ], [ 96.338306, 16.527917 ], [ 96.342444, 16.529583 ], [ 96.3475, 16.521222 ], [ 96.352472, 16.522083 ], [ 96.353333, 16.517111 ], [ 96.386667, 16.492917 ], [ 96.41, 16.494583 ], [ 96.450778, 16.489583 ], [ 96.473306, 16.494556 ], [ 96.497472, 16.495417 ], [ 96.534139, 16.507083 ], [ 96.584972, 16.52875 ], [ 96.606639, 16.544583 ], [ 96.617472, 16.548722 ], [ 96.636667, 16.565417 ], [ 96.643306, 16.566222 ], [ 96.671278, 16.591667 ], [ 96.67625, 16.601667 ], [ 96.678722, 16.6175 ], [ 96.715389, 16.681639 ], [ 96.734972, 16.70125 ], [ 96.768278, 16.718722 ], [ 96.776222, 16.726667 ], [ 96.782083, 16.737444 ], [ 96.78375, 16.750833 ], [ 96.792028, 16.765778 ], [ 96.791222, 16.773333 ], [ 96.784139, 16.783722 ], [ 96.775806, 16.772889 ], [ 96.766222, 16.774167 ], [ 96.766222, 16.779167 ], [ 96.778722, 16.788306 ], [ 96.779583, 16.799139 ], [ 96.793722, 16.805833 ], [ 96.79125, 16.839944 ], [ 96.783694, 16.8475 ], [ 96.786222, 16.8675 ], [ 96.792917, 16.875028 ], [ 96.782917, 16.883333 ], [ 96.782083, 16.887472 ], [ 96.790806, 16.896222 ], [ 96.790361, 16.888306 ], [ 96.79375, 16.880806 ], [ 96.800389, 16.8775 ], [ 96.795389, 16.874194 ], [ 96.788722, 16.862472 ], [ 96.789556, 16.851639 ], [ 96.8, 16.835389 ], [ 96.80625, 16.859167 ], [ 96.822917, 16.888306 ], [ 96.825389, 16.897444 ], [ 96.809944, 16.902056 ], [ 96.8, 16.913694 ], [ 96.790833, 16.910389 ], [ 96.775417, 16.914972 ], [ 96.793306, 16.91375 ], [ 96.804139, 16.919528 ], [ 96.810417, 16.906639 ], [ 96.821667, 16.902056 ], [ 96.841667, 16.905361 ], [ 96.843778, 16.909167 ], [ 96.838694, 16.919972 ], [ 96.840444, 16.919111 ], [ 96.846194, 16.905028 ], [ 96.844139, 16.902056 ], [ 96.837472, 16.902917 ], [ 96.83375, 16.899944 ], [ 96.83375, 16.885833 ], [ 96.81875, 16.866694 ], [ 96.820778, 16.86125 ], [ 96.825, 16.86125 ], [ 96.835389, 16.870833 ], [ 96.837028, 16.878306 ], [ 96.852028, 16.894111 ], [ 96.854556, 16.903333 ], [ 96.852917, 16.923333 ], [ 96.861278, 16.964139 ], [ 96.870806, 16.977889 ], [ 96.880361, 16.982472 ], [ 96.878694, 16.9875 ], [ 96.872889, 16.990833 ], [ 96.872472, 16.996222 ], [ 96.88375, 16.984111 ], [ 96.864528, 16.959139 ], [ 96.860361, 16.9425 ], [ 96.86375, 16.928306 ], [ 96.868306, 16.925389 ], [ 96.879583, 16.936694 ], [ 96.877056, 16.945833 ], [ 96.879111, 16.951194 ], [ 96.881222, 16.938306 ], [ 96.89375, 16.933333 ], [ 96.879111, 16.928778 ], [ 96.872917, 16.923306 ], [ 96.871222, 16.915833 ], [ 96.873694, 16.907472 ], [ 96.871222, 16.899139 ], [ 96.875833, 16.893722 ], [ 96.885389, 16.8975 ], [ 96.882472, 16.91125 ], [ 96.886667, 16.90125 ], [ 96.897472, 16.904583 ], [ 96.904944, 16.91125 ], [ 96.905444, 16.909139 ], [ 96.898306, 16.902056 ], [ 96.890833, 16.899556 ], [ 96.878722, 16.884194 ], [ 96.878722, 16.869167 ], [ 96.867056, 16.84 ], [ 96.878306, 16.825389 ], [ 96.890028, 16.817917 ], [ 96.892917, 16.819167 ], [ 96.897917, 16.850833 ], [ 96.904528, 16.861611 ], [ 96.918694, 16.874167 ], [ 96.913722, 16.894194 ], [ 96.918722, 16.910806 ], [ 96.91625, 16.923306 ], [ 96.919139, 16.92625 ], [ 96.917917, 16.921639 ], [ 96.921611, 16.917028 ], [ 96.940361, 16.942472 ], [ 96.937083, 16.955 ], [ 96.95125, 16.993361 ], [ 96.949556, 17.004167 ], [ 96.941694, 17.007056 ], [ 96.936667, 17.007056 ], [ 96.933722, 17.0125 ], [ 96.928306, 17.017889 ], [ 96.921639, 17.017056 ], [ 96.910833, 17.007889 ], [ 96.901611, 17.009583 ], [ 96.892056, 17.002472 ], [ 96.894583, 17.040833 ], [ 96.892111, 17.055833 ], [ 96.900389, 17.071639 ], [ 96.899528, 17.084139 ], [ 96.892056, 17.0925 ], [ 96.885389, 17.113306 ], [ 96.886222, 17.1225 ], [ 96.877056, 17.129972 ], [ 96.877056, 17.135028 ], [ 96.885417, 17.141639 ], [ 96.893333, 17.153778 ], [ 96.907472, 17.15875 ], [ 96.914111, 17.157889 ], [ 96.917056, 17.170833 ], [ 96.922056, 17.173333 ], [ 96.921278, 17.190833 ], [ 96.917028, 17.200833 ], [ 96.917917, 17.215 ], [ 96.912917, 17.218333 ], [ 96.91125, 17.226639 ], [ 96.905361, 17.234972 ], [ 96.905444, 17.254972 ], [ 96.91625, 17.276667 ], [ 96.925833, 17.284556 ], [ 96.932111, 17.285833 ], [ 96.902111, 17.329972 ], [ 96.899972, 17.331222 ], [ 96.895, 17.324583 ], [ 96.892861, 17.325806 ], [ 96.892028, 17.336639 ], [ 96.874583, 17.354139 ], [ 96.859167, 17.384556 ], [ 96.8325, 17.382889 ], [ 96.819194, 17.387083 ], [ 96.812917, 17.384167 ], [ 96.820444, 17.390833 ], [ 96.821194, 17.401694 ], [ 96.824972, 17.40625 ], [ 96.842917, 17.408278 ], [ 96.84375, 17.413333 ], [ 96.839139, 17.419611 ], [ 96.853278, 17.416194 ], [ 96.86375, 17.418333 ], [ 96.86375, 17.439139 ], [ 96.867861, 17.442472 ], [ 96.867028, 17.446639 ], [ 96.87625, 17.451667 ], [ 96.875806, 17.454583 ], [ 96.867861, 17.458306 ], [ 96.865389, 17.474167 ], [ 96.869556, 17.501667 ], [ 96.873889, 17.509361 ], [ 96.878722, 17.506667 ], [ 96.879611, 17.476667 ], [ 96.883722, 17.465806 ], [ 96.877861, 17.439972 ], [ 96.88625, 17.413278 ], [ 96.909583, 17.369139 ], [ 96.90875, 17.361667 ], [ 96.944972, 17.340417 ], [ 96.952472, 17.331194 ], [ 96.966639, 17.324556 ], [ 96.971639, 17.317056 ], [ 96.991639, 17.305361 ], [ 97.004139, 17.289583 ], [ 97.006611, 17.297083 ], [ 97.008722, 17.285 ], [ 97.021222, 17.273361 ], [ 97.035333, 17.251639 ], [ 97.028694, 17.225 ], [ 97.017528, 17.212111 ], [ 97.000361, 17.200861 ], [ 96.997861, 17.194139 ], [ 96.999583, 17.184972 ], [ 97.024972, 17.17375 ], [ 97.037944, 17.161639 ], [ 97.042472, 17.152917 ], [ 97.067472, 17.140417 ], [ 97.081611, 17.129583 ], [ 97.096222, 17.113333 ], [ 97.099556, 17.103306 ], [ 97.107889, 17.095806 ], [ 97.108694, 17.084167 ], [ 97.112417, 17.081222 ], [ 97.124139, 17.079556 ], [ 97.129528, 17.084194 ], [ 97.132861, 17.094167 ], [ 97.132028, 17.113306 ], [ 97.135778, 17.11875 ], [ 97.148306, 17.127056 ], [ 97.170778, 17.122111 ], [ 97.174556, 17.134167 ], [ 97.179111, 17.137083 ], [ 97.204139, 17.135417 ], [ 97.213694, 17.125 ], [ 97.225806, 17.102917 ], [ 97.232417, 17.109556 ], [ 97.246194, 17.104972 ], [ 97.240778, 17.097083 ], [ 97.222444, 17.092889 ], [ 97.199944, 17.124611 ], [ 97.161639, 17.112083 ], [ 97.158306, 17.118778 ], [ 97.149972, 17.122083 ], [ 97.138667, 17.116639 ], [ 97.144972, 17.109583 ], [ 97.151639, 17.11625 ], [ 97.155333, 17.114167 ], [ 97.152833, 17.103333 ], [ 97.162056, 17.086667 ], [ 97.159556, 17.069167 ], [ 97.167, 17.045 ], [ 97.167028, 17.041667 ], [ 97.162056, 17.038361 ], [ 97.162861, 17.023333 ], [ 97.152861, 17.003333 ], [ 97.151278, 16.99 ], [ 97.144556, 16.974139 ], [ 97.145444, 16.964972 ], [ 97.15375, 16.948306 ], [ 97.169139, 16.935417 ], [ 97.174167, 16.935417 ], [ 97.179167, 16.928722 ], [ 97.183361, 16.929583 ], [ 97.190417, 16.9375 ], [ 97.194194, 16.949583 ], [ 97.202889, 16.940833 ], [ 97.197917, 16.932472 ], [ 97.199556, 16.914972 ], [ 97.196222, 16.903306 ], [ 97.200806, 16.897889 ], [ 97.206278, 16.899139 ], [ 97.203778, 16.894972 ], [ 97.204611, 16.885806 ], [ 97.215028, 16.86875 ], [ 97.220833, 16.877056 ], [ 97.225833, 16.877917 ], [ 97.232056, 16.874972 ], [ 97.234583, 16.867472 ], [ 97.246667, 16.854556 ], [ 97.255, 16.850389 ], [ 97.269583, 16.850806 ], [ 97.255778, 16.847917 ], [ 97.240833, 16.855361 ], [ 97.232556, 16.863722 ], [ 97.225444, 16.86 ], [ 97.23125, 16.834111 ], [ 97.244611, 16.816667 ], [ 97.260417, 16.774972 ], [ 97.260417, 16.756667 ], [ 97.267917, 16.740778 ], [ 97.273722, 16.709972 ], [ 97.278722, 16.705 ], [ 97.282083, 16.689139 ], [ 97.292917, 16.67 ], [ 97.304167, 16.661222 ], [ 97.317944, 16.667472 ], [ 97.322111, 16.678333 ], [ 97.312944, 16.684167 ], [ 97.314583, 16.694167 ], [ 97.322917, 16.7075 ], [ 97.323306, 16.712889 ], [ 97.325833, 16.708722 ], [ 97.342861, 16.714139 ], [ 97.339556, 16.725833 ], [ 97.344139, 16.733722 ], [ 97.342111, 16.722444 ], [ 97.352917, 16.715833 ], [ 97.35, 16.710417 ], [ 97.339611, 16.703333 ], [ 97.341639, 16.698694 ], [ 97.346278, 16.7 ], [ 97.344167, 16.697056 ], [ 97.328722, 16.6975 ], [ 97.327889, 16.670806 ], [ 97.332917, 16.667472 ], [ 97.330444, 16.664972 ], [ 97.330417, 16.640028 ], [ 97.334556, 16.608306 ], [ 97.342111, 16.590833 ], [ 97.344583, 16.570806 ], [ 97.354611, 16.553333 ], [ 97.35125, 16.521639 ], [ 97.353778, 16.504944 ], [ 97.358333, 16.501194 ], [ 97.370806, 16.502917 ], [ 97.375833, 16.511278 ], [ 97.385, 16.512083 ], [ 97.401667, 16.524556 ], [ 97.405833, 16.522056 ], [ 97.413333, 16.525389 ], [ 97.426667, 16.522889 ], [ 97.4375, 16.53625 ], [ 97.444194, 16.538694 ], [ 97.453306, 16.538722 ], [ 97.476694, 16.527056 ], [ 97.48, 16.527083 ], [ 97.485833, 16.535389 ], [ 97.489194, 16.532083 ], [ 97.519167, 16.540389 ], [ 97.564139, 16.534556 ], [ 97.575, 16.53625 ], [ 97.609139, 16.520417 ], [ 97.621639, 16.519583 ], [ 97.622917, 16.524111 ], [ 97.61625, 16.540833 ], [ 97.622111, 16.547472 ], [ 97.627889, 16.563333 ], [ 97.6125, 16.572083 ], [ 97.607056, 16.580833 ], [ 97.614583, 16.606639 ], [ 97.612917, 16.616667 ], [ 97.62125, 16.6325 ], [ 97.617472, 16.647861 ], [ 97.647917, 16.609167 ], [ 97.647917, 16.600833 ], [ 97.657111, 16.588333 ], [ 97.669194, 16.552944 ], [ 97.68, 16.565417 ], [ 97.696667, 16.565389 ], [ 97.705028, 16.570389 ], [ 97.715861, 16.570389 ], [ 97.726694, 16.564556 ], [ 97.742083, 16.562528 ], [ 97.729972, 16.557917 ], [ 97.720028, 16.560361 ], [ 97.696667, 16.559528 ], [ 97.676667, 16.546222 ], [ 97.668333, 16.547889 ], [ 97.659556, 16.518333 ], [ 97.670389, 16.510833 ], [ 97.671639, 16.498722 ], [ 97.667917, 16.509944 ], [ 97.658333, 16.514528 ], [ 97.648306, 16.499611 ], [ 97.637444, 16.497861 ], [ 97.627472, 16.502056 ], [ 97.621194, 16.497472 ], [ 97.622111, 16.474111 ], [ 97.627056, 16.455778 ], [ 97.624583, 16.448306 ], [ 97.61375, 16.435833 ], [ 97.61375, 16.428333 ], [ 97.616222, 16.418306 ], [ 97.627917, 16.399139 ], [ 97.627861, 16.387444 ], [ 97.614556, 16.370833 ], [ 97.612889, 16.3625 ], [ 97.615444, 16.346667 ], [ 97.627889, 16.324944 ], [ 97.642917, 16.273333 ], [ 97.633778, 16.248306 ], [ 97.627111, 16.206667 ], [ 97.62125, 16.194972 ], [ 97.62375, 16.176611 ], [ 97.619639, 16.157472 ], [ 97.612917, 16.145778 ], [ 97.608694, 16.120806 ], [ 97.593722, 16.099167 ], [ 97.594972, 16.097056 ], [ 97.599944, 16.097889 ], [ 97.608722, 16.108333 ], [ 97.599583, 16.0925 ], [ 97.60375, 16.09 ], [ 97.617889, 16.061639 ], [ 97.594972, 16.089556 ], [ 97.585, 16.089583 ], [ 97.560861, 16.082083 ], [ 97.558722, 16.076667 ], [ 97.564583, 16.065 ], [ 97.562083, 16.06 ], [ 97.572056, 16.0475 ], [ 97.576194, 16.031694 ], [ 97.575, 16.027083 ], [ 97.568722, 16.024972 ], [ 97.57125, 16.009944 ], [ 97.581639, 16.011222 ], [ 97.584556, 16.008333 ], [ 97.590417, 15.989139 ], [ 97.58875, 15.981667 ], [ 97.594167, 15.978722 ], [ 97.599139, 15.979556 ], [ 97.60625, 15.970806 ], [ 97.607889, 15.948333 ], [ 97.615806, 15.944583 ], [ 97.618333, 15.94875 ], [ 97.6375, 15.932056 ], [ 97.641639, 15.93375 ], [ 97.641278, 15.928278 ], [ 97.658333, 15.912028 ], [ 97.660806, 15.915444 ], [ 97.673306, 15.915389 ], [ 97.673778, 15.903333 ], [ 97.6825, 15.897889 ], [ 97.688778, 15.899139 ], [ 97.688722, 15.887472 ], [ 97.697889, 15.868306 ], [ 97.702528, 15.866278 ], [ 97.707889, 15.870833 ], [ 97.703306, 15.862028 ], [ 97.697917, 15.8625 ], [ 97.69875, 15.852472 ], [ 97.705861, 15.844583 ], [ 97.710417, 15.845833 ], [ 97.70875, 15.856667 ], [ 97.711694, 15.859556 ], [ 97.715, 15.860389 ], [ 97.721667, 15.854556 ], [ 97.728306, 15.855417 ], [ 97.729167, 15.860417 ], [ 97.73125, 15.858361 ], [ 97.726694, 15.852861 ], [ 97.720806, 15.852889 ], [ 97.715028, 15.857056 ], [ 97.711222, 15.855833 ], [ 97.71625, 15.84 ], [ 97.712917, 15.825806 ], [ 97.717111, 15.809139 ], [ 97.714528, 15.802472 ], [ 97.715361, 15.783361 ], [ 97.719556, 15.771667 ], [ 97.711639, 15.762889 ], [ 97.701639, 15.764556 ], [ 97.7, 15.759556 ], [ 97.69625, 15.76 ], [ 97.696278, 15.756667 ], [ 97.714528, 15.718333 ], [ 97.721667, 15.724556 ], [ 97.728722, 15.721667 ], [ 97.720861, 15.722083 ], [ 97.719583, 15.715833 ], [ 97.712083, 15.711639 ], [ 97.711222, 15.705833 ], [ 97.71375, 15.690028 ], [ 97.72125, 15.678361 ], [ 97.724583, 15.655806 ], [ 97.7375, 15.650389 ], [ 97.739556, 15.6575 ], [ 97.733333, 15.656222 ], [ 97.732083, 15.659139 ], [ 97.741222, 15.659194 ], [ 97.740417, 15.651667 ], [ 97.7325, 15.647889 ], [ 97.729583, 15.641611 ], [ 97.730417, 15.631639 ], [ 97.734583, 15.627472 ], [ 97.731222, 15.616667 ], [ 97.735389, 15.613361 ], [ 97.727056, 15.609167 ], [ 97.73125, 15.591639 ], [ 97.742917, 15.573333 ], [ 97.749583, 15.569167 ], [ 97.748722, 15.552472 ], [ 97.755444, 15.532472 ], [ 97.763306, 15.529528 ], [ 97.77375, 15.537472 ], [ 97.77, 15.53125 ], [ 97.76, 15.527056 ], [ 97.750417, 15.518333 ], [ 97.752083, 15.5075 ], [ 97.749583, 15.500806 ], [ 97.737889, 15.491639 ], [ 97.737917, 15.4875 ], [ 97.740833, 15.487917 ], [ 97.744611, 15.483278 ], [ 97.743722, 15.48 ], [ 97.764583, 15.446667 ], [ 97.774583, 15.442472 ], [ 97.770389, 15.434111 ], [ 97.779611, 15.407472 ], [ 97.787472, 15.40375 ], [ 97.799583, 15.410806 ], [ 97.79375, 15.414972 ], [ 97.797472, 15.41625 ], [ 97.80125, 15.413333 ], [ 97.801278, 15.403306 ], [ 97.796694, 15.39875 ], [ 97.799556, 15.405 ], [ 97.794167, 15.405389 ], [ 97.759528, 15.388306 ], [ 97.773333, 15.364583 ], [ 97.76875, 15.365806 ], [ 97.756667, 15.385361 ], [ 97.746694, 15.387889 ], [ 97.742056, 15.381667 ], [ 97.742028, 15.375833 ], [ 97.745417, 15.371639 ], [ 97.745417, 15.355806 ], [ 97.736639, 15.347028 ], [ 97.727528, 15.357083 ], [ 97.723722, 15.354139 ], [ 97.726222, 15.339972 ], [ 97.723306, 15.333694 ], [ 97.71875, 15.334139 ], [ 97.720417, 15.329139 ], [ 97.717917, 15.325806 ], [ 97.720806, 15.323694 ], [ 97.724194, 15.32625 ], [ 97.727917, 15.322472 ], [ 97.733722, 15.310806 ], [ 97.732889, 15.303333 ], [ 97.73875, 15.294111 ], [ 97.738778, 15.288333 ], [ 97.729583, 15.280806 ], [ 97.732083, 15.2775 ], [ 97.72875, 15.274139 ], [ 97.730444, 15.269972 ], [ 97.727917, 15.260833 ], [ 97.733778, 15.250028 ], [ 97.732889, 15.2425 ], [ 97.741222, 15.243333 ], [ 97.740417, 15.240806 ], [ 97.753722, 15.219139 ], [ 97.759583, 15.199194 ], [ 97.765833, 15.192056 ], [ 97.773306, 15.195417 ], [ 97.779972, 15.191194 ], [ 97.790833, 15.190417 ], [ 97.79375, 15.195806 ], [ 97.790417, 15.203306 ], [ 97.792083, 15.219167 ], [ 97.797472, 15.227861 ], [ 97.8075, 15.233722 ], [ 97.811639, 15.232889 ], [ 97.816694, 15.224583 ], [ 97.825861, 15.226222 ], [ 97.827889, 15.224167 ], [ 97.83125, 15.218333 ], [ 97.822528, 15.222889 ], [ 97.825417, 15.212444 ], [ 97.819583, 15.209167 ], [ 97.826667, 15.209583 ], [ 97.826222, 15.203333 ], [ 97.837472, 15.192083 ], [ 97.84125, 15.192444 ], [ 97.837472, 15.190361 ], [ 97.8325, 15.192917 ], [ 97.823306, 15.207111 ], [ 97.814111, 15.202056 ], [ 97.809139, 15.202889 ], [ 97.805389, 15.189972 ], [ 97.799556, 15.183333 ], [ 97.797444, 15.181194 ], [ 97.791667, 15.182889 ], [ 97.784583, 15.176639 ], [ 97.800417, 15.155833 ], [ 97.802056, 15.139139 ], [ 97.796278, 15.133333 ], [ 97.80375, 15.111667 ], [ 97.802889, 15.099139 ], [ 97.799139, 15.092861 ], [ 97.794139, 15.095417 ], [ 97.792056, 15.090833 ], [ 97.794556, 15.086639 ], [ 97.794583, 15.073333 ], [ 97.799556, 15.070833 ], [ 97.798778, 15.0675 ], [ 97.795778, 15.066222 ], [ 97.796278, 15.069139 ], [ 97.793306, 15.069583 ], [ 97.78625, 15.064167 ], [ 97.795389, 15.044111 ], [ 97.794611, 15.026667 ], [ 97.788306, 15.021222 ], [ 97.783306, 15.02125 ], [ 97.782917, 15.025806 ], [ 97.779194, 15.027083 ], [ 97.775806, 15.020417 ], [ 97.77125, 15.020861 ], [ 97.769556, 15.015 ], [ 97.778333, 15.015389 ], [ 97.781222, 15.012472 ], [ 97.788722, 15.0 ], [ 97.787028, 14.9925 ], [ 97.789194, 14.988778 ], [ 97.795389, 14.992472 ], [ 97.79125, 14.999167 ], [ 97.794139, 15.00375 ], [ 97.807889, 15.004972 ], [ 97.806667, 15.002111 ], [ 97.800417, 15.000806 ], [ 97.80125, 14.9975 ], [ 97.792917, 14.988333 ], [ 97.802083, 14.971667 ], [ 97.806222, 14.952472 ], [ 97.802917, 14.940806 ], [ 97.797917, 14.936639 ], [ 97.78875, 14.919139 ], [ 97.787111, 14.905806 ], [ 97.792917, 14.901667 ], [ 97.792917, 14.885806 ], [ 97.797917, 14.884972 ], [ 97.790417, 14.884139 ], [ 97.787917, 14.870806 ], [ 97.797083, 14.862472 ], [ 97.799556, 14.8525 ], [ 97.794556, 14.85 ], [ 97.80125, 14.843333 ], [ 97.809611, 14.824139 ], [ 97.807056, 14.82 ], [ 97.809611, 14.814139 ], [ 97.807889, 14.807472 ], [ 97.816222, 14.807472 ], [ 97.812861, 14.804167 ], [ 97.817083, 14.797472 ], [ 97.817083, 14.779167 ], [ 97.822028, 14.779944 ], [ 97.820444, 14.774139 ], [ 97.823694, 14.764167 ], [ 97.82125, 14.7575 ], [ 97.832083, 14.730861 ], [ 97.834556, 14.73 ], [ 97.8325, 14.74125 ], [ 97.837083, 14.730833 ], [ 97.835389, 14.720833 ], [ 97.838361, 14.719583 ], [ 97.844972, 14.724556 ], [ 97.840417, 14.718333 ], [ 97.841667, 14.715417 ], [ 97.866639, 14.707889 ], [ 97.880444, 14.714972 ], [ 97.881667, 14.727889 ], [ 97.885806, 14.720389 ], [ 97.889556, 14.723333 ], [ 97.892083, 14.729139 ], [ 97.899583, 14.734972 ], [ 97.897917, 14.739167 ], [ 97.901222, 14.740833 ], [ 97.900417, 14.744972 ], [ 97.916667, 14.74125 ], [ 97.921139, 14.732389 ], [ 97.924167, 14.718722 ], [ 97.915, 14.71875 ], [ 97.912944, 14.708333 ], [ 97.909139, 14.70375 ], [ 97.91125, 14.715806 ], [ 97.909167, 14.717917 ], [ 97.899167, 14.71625 ], [ 97.89625, 14.704139 ], [ 97.887917, 14.698306 ], [ 97.885417, 14.690833 ], [ 97.880389, 14.686667 ], [ 97.881222, 14.682472 ], [ 97.873694, 14.678306 ], [ 97.872917, 14.669972 ], [ 97.904167, 14.611222 ], [ 97.90625, 14.618306 ], [ 97.912917, 14.623333 ], [ 97.912917, 14.613333 ], [ 97.902889, 14.593306 ], [ 97.902917, 14.579139 ], [ 97.927889, 14.533333 ], [ 97.936667, 14.522861 ], [ 97.938778, 14.524139 ], [ 97.928722, 14.54 ], [ 97.930417, 14.545861 ], [ 97.940417, 14.551639 ], [ 97.937917, 14.544167 ], [ 97.931278, 14.537472 ], [ 97.94125, 14.525806 ], [ 97.942056, 14.514167 ], [ 97.952056, 14.495833 ], [ 97.951222, 14.467472 ], [ 97.955417, 14.458306 ], [ 97.953778, 14.448306 ], [ 97.963306, 14.430389 ], [ 97.967917, 14.430806 ], [ 97.965361, 14.4425 ], [ 97.980444, 14.459167 ], [ 97.984611, 14.474167 ], [ 97.998722, 14.4825 ], [ 97.987917, 14.474111 ], [ 97.983722, 14.461639 ], [ 97.99125, 14.465806 ], [ 97.977917, 14.448306 ], [ 97.967917, 14.425806 ], [ 97.969583, 14.402472 ], [ 97.965389, 14.398306 ], [ 97.968722, 14.393333 ], [ 97.967083, 14.385806 ], [ 97.97375, 14.374972 ], [ 97.969583, 14.3625 ], [ 97.977944, 14.346639 ], [ 97.983306, 14.347056 ], [ 97.982083, 14.342528 ], [ 97.994639, 14.334139 ], [ 97.985444, 14.328306 ], [ 97.996222, 14.314972 ], [ 97.99375, 14.304167 ], [ 97.997083, 14.300806 ], [ 97.99875, 14.290806 ], [ 98.027028, 14.255806 ], [ 98.046194, 14.22075 ], [ 98.049528, 14.220778 ], [ 98.046139, 14.226611 ], [ 98.047444, 14.229556 ], [ 98.057833, 14.219083 ], [ 98.058278, 14.212889 ], [ 98.052417, 14.218722 ], [ 98.051139, 14.216639 ], [ 98.081639, 14.170306 ], [ 98.085333, 14.171583 ], [ 98.086194, 14.182444 ], [ 98.092806, 14.197444 ], [ 98.082889, 14.212444 ], [ 98.074556, 14.217417 ], [ 98.074528, 14.226611 ], [ 98.069111, 14.228639 ], [ 98.068278, 14.232833 ], [ 98.076167, 14.227417 ], [ 98.076194, 14.218278 ], [ 98.081611, 14.217 ], [ 98.094556, 14.199917 ], [ 98.090361, 14.177417 ], [ 98.0945, 14.172417 ], [ 98.097056, 14.160778 ], [ 98.095806, 14.158667 ], [ 98.09325, 14.162028 ], [ 98.087472, 14.162 ], [ 98.086194, 14.155806 ], [ 98.096194, 14.134139 ], [ 98.102, 14.107472 ], [ 98.100778, 14.103667 ], [ 98.095361, 14.105778 ], [ 98.088694, 14.086583 ], [ 98.081167, 14.079944 ], [ 98.082417, 14.075361 ], [ 98.087472, 14.079528 ], [ 98.089528, 14.07825 ], [ 98.082472, 14.072028 ], [ 98.078667, 14.073278 ], [ 98.0795, 14.083278 ], [ 98.074083, 14.085389 ], [ 98.072, 14.08325 ], [ 98.071167, 14.079972 ], [ 98.077861, 14.068278 ], [ 98.076194, 14.0475 ], [ 98.065778, 14.039528 ], [ 98.06325, 14.042861 ], [ 98.057861, 14.039972 ], [ 98.055361, 14.020778 ], [ 98.061167, 14.006611 ], [ 98.064139, 13.987028 ], [ 98.06625, 13.990833 ], [ 98.065806, 13.98625 ], [ 98.06125, 13.9875 ], [ 98.062083, 13.980833 ], [ 98.070417, 13.969139 ], [ 98.073722, 13.942472 ], [ 98.078722, 13.939167 ], [ 98.079556, 13.925833 ], [ 98.074583, 13.923361 ], [ 98.077056, 13.915833 ], [ 98.075444, 13.911639 ], [ 98.0875, 13.905389 ], [ 98.089556, 13.906639 ], [ 98.085361, 13.911694 ], [ 98.089944, 13.91125 ], [ 98.091222, 13.905861 ], [ 98.095806, 13.902083 ], [ 98.0975, 13.904556 ], [ 98.101222, 13.896639 ], [ 98.094556, 13.899139 ], [ 98.101278, 13.889972 ], [ 98.095361, 13.879972 ], [ 98.09875, 13.874194 ], [ 98.093778, 13.865778 ], [ 98.087917, 13.863306 ], [ 98.096278, 13.859139 ], [ 98.090444, 13.834139 ], [ 98.097944, 13.829972 ], [ 98.097861, 13.826639 ], [ 98.094556, 13.824972 ], [ 98.092083, 13.809111 ], [ 98.103722, 13.799972 ], [ 98.100444, 13.7925 ], [ 98.108333, 13.792056 ], [ 98.110417, 13.787472 ], [ 98.106639, 13.790389 ], [ 98.099944, 13.790361 ], [ 98.090861, 13.799583 ], [ 98.083333, 13.802889 ], [ 98.074167, 13.790389 ], [ 98.070417, 13.789972 ], [ 98.076222, 13.784944 ], [ 98.080389, 13.774972 ], [ 98.070361, 13.765806 ], [ 98.071611, 13.762889 ], [ 98.077083, 13.763306 ], [ 98.074972, 13.760417 ], [ 98.071611, 13.761278 ], [ 98.071222, 13.758333 ], [ 98.082056, 13.753333 ], [ 98.079556, 13.747528 ], [ 98.082111, 13.741667 ], [ 98.086667, 13.74375 ], [ 98.088694, 13.736639 ], [ 98.092083, 13.735 ], [ 98.089528, 13.730861 ], [ 98.091194, 13.725 ], [ 98.086611, 13.725389 ], [ 98.08375, 13.721639 ], [ 98.095806, 13.720417 ], [ 98.10625, 13.724139 ], [ 98.105806, 13.715417 ], [ 98.101667, 13.717056 ], [ 98.090361, 13.714139 ], [ 98.099528, 13.710806 ], [ 98.096194, 13.708306 ], [ 98.102056, 13.699944 ], [ 98.099583, 13.699139 ], [ 98.10125, 13.695806 ], [ 98.107444, 13.698722 ], [ 98.112944, 13.692472 ], [ 98.107889, 13.682528 ], [ 98.109528, 13.678278 ], [ 98.117083, 13.684167 ], [ 98.115417, 13.689139 ], [ 98.117528, 13.692083 ], [ 98.138333, 13.68625 ], [ 98.129111, 13.698722 ], [ 98.125417, 13.697444 ], [ 98.127472, 13.70125 ], [ 98.132472, 13.701222 ], [ 98.135, 13.694556 ], [ 98.14625, 13.689139 ], [ 98.156222, 13.669139 ], [ 98.152889, 13.669139 ], [ 98.152056, 13.673333 ], [ 98.14625, 13.6775 ], [ 98.146611, 13.681222 ], [ 98.143694, 13.679944 ], [ 98.142889, 13.675806 ], [ 98.152889, 13.655806 ], [ 98.153722, 13.648306 ], [ 98.150389, 13.646667 ], [ 98.152056, 13.643306 ], [ 98.147917, 13.635 ], [ 98.145778, 13.636222 ], [ 98.1425, 13.631194 ], [ 98.130444, 13.634139 ], [ 98.132056, 13.631639 ], [ 98.129556, 13.627472 ], [ 98.137917, 13.622528 ], [ 98.137889, 13.614139 ], [ 98.140806, 13.615417 ], [ 98.14375, 13.608306 ], [ 98.138722, 13.606667 ], [ 98.140806, 13.602083 ], [ 98.135806, 13.60375 ], [ 98.133306, 13.597861 ], [ 98.129139, 13.598722 ], [ 98.121222, 13.593361 ], [ 98.127889, 13.588333 ], [ 98.127083, 13.584139 ], [ 98.132083, 13.581667 ], [ 98.129583, 13.575806 ], [ 98.130444, 13.570833 ], [ 98.133694, 13.569972 ], [ 98.132083, 13.564972 ], [ 98.134556, 13.564167 ], [ 98.126194, 13.5525 ], [ 98.139972, 13.542889 ], [ 98.140417, 13.546639 ], [ 98.137056, 13.549139 ], [ 98.140806, 13.554556 ], [ 98.146639, 13.557889 ], [ 98.16, 13.555417 ], [ 98.163694, 13.550833 ], [ 98.161222, 13.536639 ], [ 98.164972, 13.534611 ], [ 98.172528, 13.534556 ], [ 98.180389, 13.546639 ], [ 98.176639, 13.555361 ], [ 98.163722, 13.560833 ], [ 98.16375, 13.571611 ], [ 98.159972, 13.574528 ], [ 98.149556, 13.564972 ], [ 98.157056, 13.578333 ], [ 98.15625, 13.600833 ], [ 98.159583, 13.605833 ], [ 98.159583, 13.619139 ], [ 98.163333, 13.623694 ], [ 98.168722, 13.623306 ], [ 98.169972, 13.637889 ], [ 98.179972, 13.639528 ], [ 98.189556, 13.648361 ], [ 98.18625, 13.668333 ], [ 98.190389, 13.673333 ], [ 98.191222, 13.686667 ], [ 98.182028, 13.697472 ], [ 98.186194, 13.6975 ], [ 98.181222, 13.708333 ], [ 98.184528, 13.719139 ], [ 98.177861, 13.731694 ], [ 98.178722, 13.745 ], [ 98.173778, 13.7475 ], [ 98.177083, 13.75 ], [ 98.17625, 13.779972 ], [ 98.179556, 13.801667 ], [ 98.202917, 13.856639 ], [ 98.207111, 13.871639 ], [ 98.207056, 13.884944 ], [ 98.204167, 13.889583 ], [ 98.187083, 13.889139 ], [ 98.204167, 13.89125 ], [ 98.204556, 13.893333 ], [ 98.182111, 13.915806 ], [ 98.181222, 13.930806 ], [ 98.184972, 13.934611 ], [ 98.194167, 13.935389 ], [ 98.199583, 13.941667 ], [ 98.19875, 13.944972 ], [ 98.202917, 13.95 ], [ 98.199944, 13.971222 ], [ 98.210833, 13.969528 ], [ 98.224111, 13.972917 ], [ 98.228694, 13.970806 ], [ 98.232083, 13.964139 ], [ 98.230389, 13.945833 ], [ 98.235417, 13.930806 ], [ 98.242083, 13.9225 ], [ 98.247111, 13.905 ], [ 98.242056, 13.875028 ], [ 98.244556, 13.869972 ], [ 98.242861, 13.845806 ], [ 98.245417, 13.839139 ], [ 98.24375, 13.825833 ], [ 98.247111, 13.795806 ], [ 98.237917, 13.739167 ], [ 98.232083, 13.724972 ], [ 98.2475, 13.70125 ], [ 98.256694, 13.701278 ], [ 98.262111, 13.705833 ], [ 98.262889, 13.713361 ], [ 98.257444, 13.72625 ], [ 98.261222, 13.722472 ], [ 98.266667, 13.70625 ], [ 98.2775, 13.706222 ], [ 98.281222, 13.709167 ], [ 98.282056, 13.715 ], [ 98.272917, 13.724972 ], [ 98.272056, 13.731639 ], [ 98.280833, 13.739583 ], [ 98.274583, 13.7325 ], [ 98.282889, 13.723278 ], [ 98.288722, 13.701667 ], [ 98.308278, 13.69625 ], [ 98.314556, 13.688361 ], [ 98.314556, 13.675833 ], [ 98.327917, 13.673278 ], [ 98.327528, 13.670417 ], [ 98.314167, 13.669583 ], [ 98.308694, 13.676667 ], [ 98.305361, 13.69 ], [ 98.300028, 13.694556 ], [ 98.293333, 13.694556 ], [ 98.286222, 13.69 ], [ 98.29375, 13.671639 ], [ 98.290806, 13.669556 ], [ 98.288333, 13.67375 ], [ 98.288694, 13.668306 ], [ 98.311667, 13.648722 ], [ 98.347472, 13.627056 ], [ 98.362056, 13.612528 ], [ 98.369556, 13.599972 ], [ 98.369556, 13.594972 ], [ 98.380389, 13.582472 ], [ 98.379556, 13.5675 ], [ 98.371639, 13.567917 ], [ 98.369611, 13.564139 ], [ 98.372889, 13.555 ], [ 98.392028, 13.529972 ], [ 98.407917, 13.518306 ], [ 98.409167, 13.512889 ], [ 98.408333, 13.511222 ], [ 98.406667, 13.517889 ], [ 98.400389, 13.518333 ], [ 98.422056, 13.4875 ], [ 98.425444, 13.476639 ], [ 98.4275, 13.475389 ], [ 98.430417, 13.482472 ], [ 98.434972, 13.484528 ], [ 98.428722, 13.475806 ], [ 98.430028, 13.473722 ], [ 98.4475, 13.47625 ], [ 98.451194, 13.473333 ], [ 98.44, 13.474556 ], [ 98.437889, 13.471639 ], [ 98.440833, 13.46875 ], [ 98.431667, 13.472083 ], [ 98.42, 13.469583 ], [ 98.415444, 13.463306 ], [ 98.419583, 13.451667 ], [ 98.417083, 13.440806 ], [ 98.422472, 13.441222 ], [ 98.432444, 13.435389 ], [ 98.439556, 13.42 ], [ 98.447917, 13.412444 ], [ 98.448722, 13.405861 ], [ 98.445, 13.410389 ], [ 98.443722, 13.407444 ], [ 98.458306, 13.368722 ], [ 98.461222, 13.37 ], [ 98.459583, 13.375778 ], [ 98.464611, 13.385778 ], [ 98.46375, 13.3975 ], [ 98.476611, 13.409583 ], [ 98.485417, 13.409944 ], [ 98.47125, 13.404167 ], [ 98.473722, 13.39 ], [ 98.467111, 13.378333 ], [ 98.467917, 13.367472 ], [ 98.46375, 13.364139 ], [ 98.464139, 13.35875 ], [ 98.46, 13.36625 ], [ 98.457889, 13.363333 ], [ 98.466194, 13.346639 ], [ 98.472861, 13.299972 ], [ 98.479583, 13.290861 ], [ 98.483806, 13.277472 ], [ 98.48625, 13.2775 ], [ 98.484556, 13.289139 ], [ 98.48875, 13.295806 ], [ 98.482889, 13.300861 ], [ 98.485417, 13.305 ], [ 98.481222, 13.314972 ], [ 98.484944, 13.32875 ], [ 98.482889, 13.316639 ], [ 98.49, 13.304528 ], [ 98.492917, 13.308333 ], [ 98.491222, 13.297472 ], [ 98.495806, 13.293694 ], [ 98.500833, 13.302889 ], [ 98.498722, 13.2975 ], [ 98.50625, 13.296639 ], [ 98.497083, 13.284167 ], [ 98.497111, 13.279972 ], [ 98.501222, 13.279194 ], [ 98.502056, 13.274194 ], [ 98.495778, 13.27625 ], [ 98.492917, 13.2725 ], [ 98.495417, 13.255806 ], [ 98.49375, 13.244944 ], [ 98.5, 13.246222 ], [ 98.505, 13.24375 ], [ 98.505806, 13.246222 ], [ 98.514139, 13.243722 ], [ 98.516667, 13.246194 ], [ 98.515833, 13.240389 ], [ 98.520833, 13.243722 ], [ 98.519972, 13.240417 ], [ 98.531222, 13.234167 ], [ 98.532083, 13.225833 ], [ 98.53875, 13.219139 ], [ 98.539528, 13.214139 ], [ 98.547528, 13.209556 ], [ 98.554583, 13.209167 ], [ 98.549139, 13.207083 ], [ 98.5425, 13.211222 ], [ 98.544583, 13.200833 ], [ 98.556667, 13.198722 ], [ 98.567889, 13.204944 ], [ 98.567944, 13.222472 ], [ 98.57125, 13.228333 ], [ 98.5575, 13.224556 ], [ 98.555806, 13.220417 ], [ 98.55375, 13.221639 ], [ 98.552917, 13.228278 ], [ 98.557056, 13.235028 ], [ 98.554528, 13.238333 ], [ 98.55875, 13.238278 ], [ 98.556222, 13.245806 ], [ 98.564944, 13.249556 ], [ 98.57, 13.243694 ], [ 98.574972, 13.243722 ], [ 98.577083, 13.245778 ], [ 98.574556, 13.2475 ], [ 98.578306, 13.247917 ], [ 98.579528, 13.254167 ], [ 98.582889, 13.254972 ], [ 98.580417, 13.2525 ], [ 98.579583, 13.231667 ], [ 98.572917, 13.22 ], [ 98.572917, 13.213333 ], [ 98.575389, 13.212472 ], [ 98.570444, 13.204944 ], [ 98.567861, 13.192472 ], [ 98.577472, 13.187917 ], [ 98.582056, 13.189111 ], [ 98.577889, 13.184972 ], [ 98.58375, 13.175 ], [ 98.584972, 13.156222 ], [ 98.591639, 13.15625 ], [ 98.597056, 13.160833 ], [ 98.599556, 13.167444 ], [ 98.598306, 13.177889 ], [ 98.602056, 13.167444 ], [ 98.595806, 13.15625 ], [ 98.577083, 13.152472 ], [ 98.574583, 13.141694 ], [ 98.577028, 13.136694 ], [ 98.57125, 13.129167 ], [ 98.57125, 13.124972 ], [ 98.575389, 13.120833 ], [ 98.572917, 13.112444 ], [ 98.576639, 13.107056 ], [ 98.580833, 13.113722 ], [ 98.592889, 13.115 ], [ 98.580417, 13.108333 ], [ 98.582083, 13.099139 ], [ 98.588694, 13.095028 ], [ 98.59125, 13.079167 ], [ 98.588278, 13.073722 ], [ 98.578722, 13.069972 ], [ 98.578778, 13.065778 ], [ 98.5825, 13.06625 ], [ 98.585833, 13.062861 ], [ 98.591639, 13.067056 ], [ 98.596667, 13.064556 ], [ 98.591222, 13.057472 ], [ 98.591639, 13.05375 ], [ 98.597944, 13.053361 ], [ 98.597972, 13.043306 ], [ 98.592917, 13.0375 ], [ 98.592917, 13.033306 ], [ 98.58625, 13.029972 ], [ 98.585389, 13.019972 ], [ 98.589556, 13.006667 ], [ 98.596222, 13.008333 ], [ 98.595, 13.012917 ], [ 98.604556, 13.0 ], [ 98.60125, 12.996639 ], [ 98.59875, 12.970778 ], [ 98.595417, 12.968306 ], [ 98.599111, 12.964583 ], [ 98.621667, 12.959556 ], [ 98.636222, 12.975833 ], [ 98.630389, 12.964111 ], [ 98.614972, 12.950417 ], [ 98.611667, 12.949556 ], [ 98.605806, 12.95375 ], [ 98.59875, 12.950806 ], [ 98.59625, 12.940806 ], [ 98.602917, 12.939167 ], [ 98.594139, 12.937083 ], [ 98.591222, 12.930806 ], [ 98.602472, 12.917056 ], [ 98.610444, 12.915806 ], [ 98.61375, 12.910806 ], [ 98.61125, 12.907472 ], [ 98.620417, 12.903306 ], [ 98.623694, 12.8975 ], [ 98.622111, 12.889167 ], [ 98.633722, 12.879139 ], [ 98.63375, 12.87 ], [ 98.643694, 12.866639 ], [ 98.636222, 12.854167 ], [ 98.639583, 12.839972 ], [ 98.637889, 12.835778 ], [ 98.642889, 12.831667 ], [ 98.640444, 12.814139 ], [ 98.644139, 12.812028 ], [ 98.656222, 12.814111 ], [ 98.64875, 12.809972 ], [ 98.65, 12.802917 ], [ 98.660806, 12.804583 ], [ 98.678722, 12.799944 ], [ 98.664194, 12.802917 ], [ 98.650806, 12.800444 ], [ 98.644556, 12.793306 ], [ 98.649972, 12.76875 ], [ 98.663306, 12.777889 ], [ 98.674139, 12.777889 ], [ 98.677861, 12.784972 ], [ 98.685833, 12.790361 ], [ 98.699167, 12.790389 ], [ 98.703306, 12.787056 ], [ 98.711611, 12.78875 ], [ 98.717028, 12.809139 ], [ 98.719139, 12.812056 ], [ 98.720389, 12.81 ], [ 98.720389, 12.805 ], [ 98.715417, 12.797472 ], [ 98.717889, 12.789139 ], [ 98.701222, 12.776611 ], [ 98.698306, 12.76875 ], [ 98.699583, 12.775 ], [ 98.696667, 12.775389 ], [ 98.687889, 12.767472 ], [ 98.680417, 12.754139 ], [ 98.682889, 12.746611 ], [ 98.678333, 12.746194 ], [ 98.676639, 12.742083 ], [ 98.67625, 12.747472 ], [ 98.673361, 12.747917 ], [ 98.651639, 12.745361 ], [ 98.634111, 12.73875 ], [ 98.630444, 12.748333 ], [ 98.623361, 12.757056 ], [ 98.61875, 12.758306 ], [ 98.618778, 12.753306 ], [ 98.622861, 12.748306 ], [ 98.62125, 12.735806 ], [ 98.629556, 12.735806 ], [ 98.629556, 12.732472 ], [ 98.626222, 12.730806 ], [ 98.629194, 12.725417 ], [ 98.661611, 12.725389 ], [ 98.663306, 12.729528 ], [ 98.666667, 12.722944 ], [ 98.689167, 12.718722 ], [ 98.689583, 12.7275 ], [ 98.685361, 12.7375 ], [ 98.69125, 12.741639 ], [ 98.68875, 12.734167 ], [ 98.697056, 12.724167 ], [ 98.695417, 12.715 ], [ 98.682056, 12.701667 ], [ 98.692083, 12.685806 ], [ 98.697028, 12.6675 ], [ 98.706278, 12.669111 ], [ 98.6975, 12.665444 ], [ 98.692083, 12.679167 ], [ 98.683306, 12.689528 ], [ 98.677472, 12.693722 ], [ 98.669556, 12.6925 ], [ 98.660444, 12.661667 ], [ 98.648306, 12.662111 ], [ 98.647917, 12.659972 ], [ 98.652889, 12.657472 ], [ 98.65125, 12.651667 ], [ 98.653722, 12.642472 ], [ 98.658306, 12.63875 ], [ 98.672528, 12.640417 ], [ 98.681611, 12.637917 ], [ 98.690861, 12.645389 ], [ 98.700389, 12.648333 ], [ 98.684139, 12.636194 ], [ 98.667472, 12.637889 ], [ 98.664556, 12.633306 ], [ 98.673333, 12.618722 ], [ 98.688333, 12.619611 ], [ 98.692861, 12.613306 ], [ 98.672472, 12.616194 ], [ 98.660389, 12.6325 ], [ 98.654972, 12.635417 ], [ 98.652139, 12.624944 ], [ 98.643694, 12.611611 ], [ 98.642917, 12.598306 ], [ 98.638694, 12.596639 ], [ 98.638694, 12.5925 ], [ 98.641611, 12.593694 ], [ 98.642028, 12.590833 ], [ 98.635861, 12.582917 ], [ 98.630833, 12.584556 ], [ 98.630444, 12.579972 ], [ 98.637444, 12.573722 ], [ 98.654139, 12.580389 ], [ 98.660444, 12.577472 ], [ 98.653278, 12.577056 ], [ 98.641667, 12.571194 ], [ 98.629139, 12.575417 ], [ 98.627861, 12.568306 ], [ 98.619556, 12.564167 ], [ 98.619611, 12.553306 ], [ 98.62125, 12.544972 ], [ 98.629139, 12.534611 ], [ 98.659139, 12.532917 ], [ 98.679111, 12.528694 ], [ 98.690806, 12.540417 ], [ 98.710778, 12.543722 ], [ 98.726694, 12.56125 ], [ 98.727917, 12.555806 ], [ 98.724194, 12.550389 ], [ 98.706639, 12.538722 ], [ 98.691722, 12.536222 ], [ 98.682917, 12.519972 ], [ 98.704167, 12.507889 ], [ 98.73, 12.51125 ], [ 98.741694, 12.509583 ], [ 98.744556, 12.506667 ], [ 98.745778, 12.494611 ], [ 98.761222, 12.494167 ], [ 98.760417, 12.483306 ], [ 98.76875, 12.469111 ], [ 98.765806, 12.468722 ], [ 98.754194, 12.479556 ], [ 98.725, 12.484583 ], [ 98.702472, 12.501278 ], [ 98.683306, 12.507917 ], [ 98.654139, 12.501222 ], [ 98.644139, 12.502056 ], [ 98.640028, 12.497917 ], [ 98.634167, 12.497056 ], [ 98.628333, 12.488722 ], [ 98.621667, 12.488778 ], [ 98.619972, 12.485389 ], [ 98.613306, 12.486222 ], [ 98.609972, 12.48375 ], [ 98.604944, 12.486222 ], [ 98.601222, 12.479944 ], [ 98.601194, 12.456639 ], [ 98.594583, 12.43 ], [ 98.612528, 12.409583 ], [ 98.617528, 12.409583 ], [ 98.622722, 12.413667 ], [ 98.625417, 12.405806 ], [ 98.619333, 12.395639 ], [ 98.612056, 12.393306 ], [ 98.603333, 12.402083 ], [ 98.586694, 12.402917 ], [ 98.576667, 12.413778 ], [ 98.559972, 12.417083 ], [ 98.559972, 12.40375 ], [ 98.577472, 12.397056 ], [ 98.589556, 12.397472 ], [ 98.582083, 12.395 ], [ 98.58375, 12.3775 ], [ 98.581639, 12.372083 ], [ 98.58, 12.394528 ], [ 98.568361, 12.397056 ], [ 98.5675, 12.387917 ], [ 98.564139, 12.397083 ], [ 98.550028, 12.399583 ], [ 98.543806, 12.389139 ], [ 98.540417, 12.375806 ], [ 98.537944, 12.365 ], [ 98.539556, 12.355833 ], [ 98.548778, 12.339139 ], [ 98.552917, 12.338333 ], [ 98.552111, 12.334139 ], [ 98.558306, 12.328694 ], [ 98.564944, 12.328694 ], [ 98.575, 12.337111 ], [ 98.601694, 12.340417 ], [ 98.581639, 12.33625 ], [ 98.573722, 12.329972 ], [ 98.581667, 12.32625 ], [ 98.608361, 12.324583 ], [ 98.637444, 12.31875 ], [ 98.664722, 12.322306 ], [ 98.66575, 12.315417 ], [ 98.643306, 12.30625 ], [ 98.598278, 12.298722 ], [ 98.597056, 12.295806 ], [ 98.601222, 12.290806 ], [ 98.596667, 12.281194 ], [ 98.595389, 12.285806 ], [ 98.598722, 12.292472 ], [ 98.594972, 12.29625 ], [ 98.575, 12.302083 ], [ 98.569194, 12.300389 ], [ 98.549139, 12.283722 ], [ 98.545, 12.27625 ], [ 98.54, 12.27625 ], [ 98.524556, 12.259167 ], [ 98.527889, 12.250778 ], [ 98.532111, 12.248306 ], [ 98.53125, 12.238333 ], [ 98.539556, 12.225833 ], [ 98.537056, 12.222472 ], [ 98.543722, 12.209111 ], [ 98.556639, 12.197889 ], [ 98.571667, 12.202028 ], [ 98.596639, 12.192889 ], [ 98.605, 12.192889 ], [ 98.607889, 12.203306 ], [ 98.625389, 12.214972 ], [ 98.631278, 12.225778 ], [ 98.633306, 12.237917 ], [ 98.634167, 12.225389 ], [ 98.646667, 12.234583 ], [ 98.652222, 12.232472 ], [ 98.654028, 12.223694 ], [ 98.642889, 12.217472 ], [ 98.644611, 12.209139 ], [ 98.636222, 12.184972 ], [ 98.648306, 12.182917 ], [ 98.651222, 12.189972 ], [ 98.657472, 12.194583 ], [ 98.663417, 12.185806 ], [ 98.664389, 12.178056 ], [ 98.659167, 12.175417 ], [ 98.645, 12.17625 ], [ 98.642917, 12.165806 ], [ 98.658306, 12.166222 ], [ 98.669194, 12.162889 ], [ 98.669944, 12.15875 ], [ 98.679972, 12.157056 ], [ 98.690806, 12.157917 ], [ 98.6975, 12.164528 ], [ 98.69375, 12.156667 ], [ 98.701639, 12.14875 ], [ 98.707889, 12.146639 ], [ 98.702861, 12.145028 ], [ 98.704583, 12.134167 ], [ 98.701667, 12.133694 ], [ 98.697917, 12.148333 ], [ 98.693361, 12.152083 ], [ 98.647472, 12.15375 ], [ 98.6375, 12.145389 ], [ 98.633306, 12.146194 ], [ 98.624972, 12.137917 ], [ 98.622472, 12.138722 ], [ 98.617917, 12.1325 ], [ 98.617056, 12.125 ], [ 98.623722, 12.121667 ], [ 98.632472, 12.106222 ], [ 98.638333, 12.107056 ], [ 98.649167, 12.117056 ], [ 98.6575, 12.119528 ], [ 98.664972, 12.118722 ], [ 98.667917, 12.11 ], [ 98.660833, 12.115389 ], [ 98.654944, 12.115389 ], [ 98.641667, 12.102917 ], [ 98.631694, 12.101222 ], [ 98.619167, 12.105417 ], [ 98.617917, 12.100806 ], [ 98.638722, 12.067472 ], [ 98.648722, 12.060833 ], [ 98.648306, 12.057889 ], [ 98.661694, 12.052056 ], [ 98.660806, 12.047861 ], [ 98.669139, 12.044556 ], [ 98.678306, 12.046222 ], [ 98.695417, 12.058306 ], [ 98.695806, 12.062889 ], [ 98.699139, 12.060417 ], [ 98.710778, 12.065444 ], [ 98.713278, 12.069583 ], [ 98.719194, 12.065389 ], [ 98.734972, 12.072917 ], [ 98.740833, 12.071222 ], [ 98.742472, 12.067083 ], [ 98.733306, 12.067861 ], [ 98.712472, 12.057917 ], [ 98.692083, 12.039111 ], [ 98.687889, 12.026639 ], [ 98.699972, 12.016222 ], [ 98.708333, 12.016222 ], [ 98.7175, 12.012028 ], [ 98.720806, 12.007056 ], [ 98.729167, 12.00625 ], [ 98.736667, 11.999556 ], [ 98.750028, 11.994583 ], [ 98.759528, 11.984139 ], [ 98.751667, 11.987056 ], [ 98.752889, 11.98 ], [ 98.750083, 11.977389 ], [ 98.735833, 11.99875 ], [ 98.7275, 11.999611 ], [ 98.725806, 11.99375 ], [ 98.719972, 11.997861 ], [ 98.708306, 11.998722 ], [ 98.704583, 11.994139 ], [ 98.705417, 11.99 ], [ 98.716667, 11.975361 ], [ 98.722944, 11.9725 ], [ 98.717028, 11.969972 ], [ 98.717917, 11.965833 ], [ 98.727472, 11.958722 ], [ 98.735833, 11.95625 ], [ 98.741667, 11.957917 ], [ 98.74, 11.952917 ], [ 98.695806, 11.960417 ], [ 98.692889, 11.957472 ], [ 98.691222, 11.943278 ], [ 98.702528, 11.932056 ], [ 98.685833, 11.942083 ], [ 98.679972, 11.942889 ], [ 98.671222, 11.938333 ], [ 98.670389, 11.925806 ], [ 98.674556, 11.923278 ], [ 98.6575, 11.915389 ], [ 98.639194, 11.91625 ], [ 98.619139, 11.912889 ], [ 98.602528, 11.905389 ], [ 98.56, 11.907917 ], [ 98.546194, 11.894972 ], [ 98.542028, 11.882444 ], [ 98.550806, 11.867944 ], [ 98.594972, 11.87375 ], [ 98.623361, 11.872056 ], [ 98.652472, 11.863778 ], [ 98.664583, 11.872444 ], [ 98.670833, 11.885389 ], [ 98.679972, 11.888722 ], [ 98.681028, 11.883722 ], [ 98.66625, 11.859139 ], [ 98.649111, 11.849583 ], [ 98.64625, 11.844167 ], [ 98.65625, 11.833333 ], [ 98.661222, 11.821639 ], [ 98.667889, 11.8225 ], [ 98.669556, 11.818306 ], [ 98.666667, 11.81625 ], [ 98.658306, 11.817889 ], [ 98.655389, 11.825 ], [ 98.649139, 11.830389 ], [ 98.635806, 11.832056 ], [ 98.607917, 11.801639 ], [ 98.604556, 11.791639 ], [ 98.606639, 11.787917 ], [ 98.609972, 11.787917 ], [ 98.62, 11.79625 ], [ 98.630833, 11.796222 ], [ 98.650778, 11.778722 ], [ 98.669139, 11.775417 ], [ 98.6775, 11.759583 ], [ 98.688333, 11.762056 ], [ 98.693278, 11.760389 ], [ 98.697917, 11.756667 ], [ 98.695444, 11.75 ], [ 98.706278, 11.7425 ], [ 98.702889, 11.725833 ], [ 98.705028, 11.723778 ], [ 98.7125, 11.723722 ], [ 98.717917, 11.727444 ], [ 98.720417, 11.741639 ], [ 98.724556, 11.743306 ], [ 98.727528, 11.750389 ], [ 98.733333, 11.749583 ], [ 98.738722, 11.754167 ], [ 98.74, 11.76625 ], [ 98.745, 11.762056 ], [ 98.754139, 11.76125 ], [ 98.764167, 11.76625 ], [ 98.772472, 11.777917 ], [ 98.779611, 11.780806 ], [ 98.779111, 11.802056 ], [ 98.792528, 11.794528 ], [ 98.807111, 11.809139 ], [ 98.817083, 11.836639 ], [ 98.815389, 11.845833 ], [ 98.805417, 11.853278 ], [ 98.809139, 11.85375 ], [ 98.822917, 11.841639 ], [ 98.825389, 11.819139 ], [ 98.817056, 11.804139 ], [ 98.817889, 11.795806 ], [ 98.812083, 11.783306 ], [ 98.790417, 11.764167 ], [ 98.789583, 11.759167 ], [ 98.785389, 11.755833 ], [ 98.788722, 11.738306 ], [ 98.793333, 11.729583 ], [ 98.828278, 11.734556 ], [ 98.848333, 11.72875 ], [ 98.860806, 11.71625 ], [ 98.878306, 11.709583 ], [ 98.885417, 11.7 ], [ 98.875833, 11.702083 ], [ 98.874111, 11.697889 ], [ 98.873361, 11.704583 ], [ 98.853306, 11.704583 ], [ 98.841639, 11.715444 ], [ 98.8325, 11.717028 ], [ 98.825806, 11.707889 ], [ 98.81125, 11.696639 ], [ 98.810417, 11.691639 ], [ 98.828333, 11.682917 ], [ 98.84125, 11.683333 ], [ 98.835778, 11.679583 ], [ 98.824167, 11.682917 ], [ 98.818306, 11.679583 ], [ 98.815806, 11.662861 ], [ 98.809611, 11.665806 ], [ 98.802472, 11.678722 ], [ 98.789972, 11.686222 ], [ 98.784972, 11.686222 ], [ 98.783333, 11.681222 ], [ 98.771639, 11.682083 ], [ 98.761667, 11.677083 ], [ 98.749139, 11.679583 ], [ 98.742083, 11.675 ], [ 98.737028, 11.665 ], [ 98.74125, 11.636639 ], [ 98.739583, 11.629972 ], [ 98.734556, 11.625833 ], [ 98.734528, 11.6175 ], [ 98.728361, 11.615417 ], [ 98.72625, 11.611639 ], [ 98.727917, 11.605833 ], [ 98.737111, 11.600778 ], [ 98.734556, 11.582472 ], [ 98.742056, 11.579139 ], [ 98.736667, 11.575417 ], [ 98.729944, 11.576194 ], [ 98.7225, 11.571194 ], [ 98.715389, 11.570806 ], [ 98.722861, 11.56 ], [ 98.722861, 11.554139 ], [ 98.717944, 11.5375 ], [ 98.71125, 11.532472 ], [ 98.716222, 11.519972 ], [ 98.723306, 11.517056 ], [ 98.728333, 11.518722 ], [ 98.7325, 11.524583 ], [ 98.750833, 11.522944 ], [ 98.754583, 11.526611 ], [ 98.75375, 11.532472 ], [ 98.757083, 11.53 ], [ 98.758722, 11.511639 ], [ 98.755444, 11.505028 ], [ 98.755444, 11.493306 ], [ 98.75875, 11.483306 ], [ 98.752056, 11.481639 ], [ 98.752917, 11.475778 ], [ 98.761667, 11.465389 ], [ 98.78375, 11.451639 ], [ 98.786222, 11.435833 ], [ 98.783722, 11.425806 ], [ 98.7925, 11.425389 ], [ 98.793833, 11.422694 ], [ 98.787444, 11.420389 ], [ 98.776194, 11.4225 ], [ 98.775389, 11.438306 ], [ 98.777944, 11.444972 ], [ 98.773278, 11.450417 ], [ 98.724139, 11.458694 ], [ 98.709556, 11.424972 ], [ 98.69875, 11.411639 ], [ 98.692889, 11.395 ], [ 98.701194, 11.397472 ], [ 98.701222, 11.377472 ], [ 98.70625, 11.379139 ], [ 98.710417, 11.384944 ], [ 98.709194, 11.387083 ], [ 98.715, 11.387889 ], [ 98.720833, 11.387028 ], [ 98.72375, 11.379972 ], [ 98.727861, 11.3775 ], [ 98.720389, 11.370833 ], [ 98.722083, 11.349139 ], [ 98.731222, 11.337472 ], [ 98.727944, 11.314167 ], [ 98.734167, 11.31125 ], [ 98.734972, 11.317917 ], [ 98.74, 11.313778 ], [ 98.749583, 11.318306 ], [ 98.743722, 11.314167 ], [ 98.745, 11.312056 ], [ 98.737889, 11.309972 ], [ 98.737528, 11.305389 ], [ 98.734111, 11.308778 ], [ 98.732889, 11.306639 ], [ 98.739139, 11.294528 ], [ 98.742917, 11.295861 ], [ 98.746611, 11.302917 ], [ 98.747917, 11.297472 ], [ 98.742083, 11.293333 ], [ 98.742083, 11.289139 ], [ 98.757472, 11.276222 ], [ 98.763278, 11.277083 ], [ 98.765389, 11.2725 ], [ 98.760417, 11.261639 ], [ 98.752889, 11.258306 ], [ 98.754583, 11.249972 ], [ 98.734556, 11.212472 ], [ 98.737861, 11.204139 ], [ 98.745389, 11.198333 ], [ 98.74125, 11.197472 ], [ 98.740389, 11.188361 ], [ 98.735389, 11.181639 ], [ 98.737889, 11.179972 ], [ 98.731639, 11.179556 ], [ 98.727917, 11.170833 ], [ 98.712083, 11.158333 ], [ 98.713306, 11.151222 ], [ 98.699528, 11.146667 ], [ 98.7, 11.139556 ], [ 98.689944, 11.139556 ], [ 98.683306, 11.147861 ], [ 98.678306, 11.148722 ], [ 98.675806, 11.143722 ], [ 98.668722, 11.141639 ], [ 98.671222, 11.136667 ], [ 98.669139, 11.129583 ], [ 98.659944, 11.127917 ], [ 98.655833, 11.132111 ], [ 98.652917, 11.129972 ], [ 98.659139, 11.12125 ], [ 98.674556, 11.113333 ], [ 98.678778, 11.104972 ], [ 98.67625, 11.101639 ], [ 98.683361, 11.080389 ], [ 98.690417, 11.084139 ], [ 98.692083, 11.091667 ], [ 98.6975, 11.097917 ], [ 98.709972, 11.106194 ], [ 98.715, 11.107917 ], [ 98.716222, 11.105806 ], [ 98.7075, 11.102917 ], [ 98.700417, 11.091667 ], [ 98.702028, 11.083278 ], [ 98.707056, 11.077472 ], [ 98.703722, 11.076667 ], [ 98.702056, 11.069139 ], [ 98.710778, 11.064556 ], [ 98.724556, 11.065833 ], [ 98.721667, 11.060389 ], [ 98.713389, 11.060389 ], [ 98.707889, 11.055833 ], [ 98.704528, 11.044972 ], [ 98.7125, 11.04125 ], [ 98.711222, 11.038333 ], [ 98.715833, 11.034528 ], [ 98.727917, 11.035 ], [ 98.7225, 11.032944 ], [ 98.694194, 11.034583 ], [ 98.691222, 11.027444 ], [ 98.692056, 11.013333 ], [ 98.685389, 11.008306 ], [ 98.683361, 10.996611 ], [ 98.688861, 10.993694 ], [ 98.703028, 10.998722 ], [ 98.723222, 10.993722 ], [ 98.752611, 10.99375 ], [ 98.778639, 10.989583 ], [ 98.781972, 10.995389 ], [ 98.787444, 10.994139 ], [ 98.784083, 10.989139 ], [ 98.786639, 10.986667 ], [ 98.772056, 10.981194 ], [ 98.768611, 10.988722 ], [ 98.718639, 10.987472 ], [ 98.7205, 10.970806 ], [ 98.724694, 10.963361 ], [ 98.734, 10.955833 ], [ 98.717611, 10.955417 ], [ 98.709667, 10.9475 ], [ 98.715639, 10.939167 ], [ 98.714944, 10.929972 ], [ 98.722472, 10.917528 ], [ 98.715306, 10.917917 ], [ 98.701917, 10.927889 ], [ 98.693556, 10.927889 ], [ 98.678417, 10.924556 ], [ 98.677167, 10.921667 ], [ 98.682611, 10.917889 ], [ 98.674222, 10.919556 ], [ 98.669639, 10.915806 ], [ 98.679361, 10.907889 ], [ 98.692778, 10.904583 ], [ 98.706333, 10.896194 ], [ 98.711278, 10.897056 ], [ 98.707611, 10.890806 ], [ 98.709778, 10.88375 ], [ 98.668444, 10.907083 ], [ 98.653333, 10.92125 ], [ 98.650278, 10.921639 ], [ 98.650778, 10.915389 ], [ 98.644833, 10.922083 ], [ 98.639833, 10.922889 ], [ 98.629306, 10.919139 ], [ 98.629444, 10.904167 ], [ 98.647528, 10.89125 ], [ 98.649306, 10.885417 ], [ 98.634917, 10.897111 ], [ 98.62575, 10.894556 ], [ 98.618194, 10.896222 ], [ 98.592306, 10.884583 ], [ 98.579306, 10.874167 ], [ 98.577667, 10.868306 ], [ 98.580222, 10.864139 ], [ 98.585694, 10.859528 ], [ 98.593722, 10.86 ], [ 98.590361, 10.856611 ], [ 98.590861, 10.850417 ], [ 98.5975, 10.852083 ], [ 98.610056, 10.865417 ], [ 98.621722, 10.867111 ], [ 98.631, 10.863722 ], [ 98.63575, 10.8425 ], [ 98.629472, 10.846278 ], [ 98.619417, 10.844583 ], [ 98.612611, 10.85125 ], [ 98.605083, 10.85125 ], [ 98.600472, 10.849167 ], [ 98.598056, 10.840833 ], [ 98.592944, 10.836639 ], [ 98.595083, 10.834583 ], [ 98.600528, 10.838306 ], [ 98.596361, 10.831639 ], [ 98.597722, 10.82625 ], [ 98.609028, 10.825806 ], [ 98.602306, 10.824194 ], [ 98.600778, 10.805806 ], [ 98.605, 10.800806 ], [ 98.589083, 10.795 ], [ 98.588389, 10.773333 ], [ 98.597722, 10.764972 ], [ 98.586028, 10.753361 ], [ 98.584806, 10.74875 ], [ 98.583472, 10.754944 ], [ 98.591, 10.759972 ], [ 98.591806, 10.764167 ], [ 98.582917, 10.777056 ], [ 98.577917, 10.777861 ], [ 98.575833, 10.775 ], [ 98.569056, 10.712889 ], [ 98.566167, 10.7125 ], [ 98.569444, 10.726639 ], [ 98.566, 10.735806 ], [ 98.563056, 10.739583 ], [ 98.560556, 10.737861 ], [ 98.552917, 10.747167 ], [ 98.5445, 10.749611 ], [ 98.538583, 10.759611 ], [ 98.532694, 10.761306 ], [ 98.526833, 10.758778 ], [ 98.524806, 10.749194 ], [ 98.518889, 10.745917 ], [ 98.520222, 10.742111 ], [ 98.527778, 10.741278 ], [ 98.535, 10.735083 ], [ 98.539306, 10.721694 ], [ 98.541972, 10.695861 ], [ 98.550028, 10.688806 ], [ 98.55875, 10.685833 ], [ 98.555444, 10.683361 ], [ 98.558889, 10.670861 ], [ 98.5535, 10.663778 ], [ 98.552972, 10.680028 ], [ 98.547528, 10.685472 ], [ 98.540361, 10.682528 ], [ 98.542833, 10.69 ], [ 98.53175, 10.716694 ], [ 98.516944, 10.727972 ], [ 98.503528, 10.727972 ], [ 98.495556, 10.735889 ], [ 98.496306, 10.742528 ], [ 98.493389, 10.744667 ], [ 98.482583, 10.733778 ], [ 98.469806, 10.748806 ], [ 98.467722, 10.747556 ], [ 98.466139, 10.736694 ], [ 98.473, 10.722583 ], [ 98.466278, 10.710056 ], [ 98.460917, 10.7105 ], [ 98.460472, 10.706694 ], [ 98.473083, 10.702528 ], [ 98.465139, 10.692111 ], [ 98.455583, 10.686694 ], [ 98.45775, 10.678778 ], [ 98.466556, 10.679194 ], [ 98.464083, 10.670056 ], [ 98.457361, 10.668389 ], [ 98.46, 10.657556 ], [ 98.467556, 10.654222 ], [ 98.467611, 10.644222 ], [ 98.464278, 10.643361 ], [ 98.463444, 10.631694 ], [ 98.459361, 10.6225 ], [ 98.473278, 10.615472 ], [ 98.477472, 10.614611 ], [ 98.480778, 10.617944 ], [ 98.483806, 10.615889 ], [ 98.488944, 10.596722 ], [ 98.477222, 10.590833 ], [ 98.4765, 10.582556 ], [ 98.487889, 10.565472 ], [ 98.500889, 10.562556 ], [ 98.499694, 10.559639 ], [ 98.487972, 10.555472 ], [ 98.483472, 10.546694 ], [ 98.483806, 10.543806 ], [ 98.493083, 10.542111 ], [ 98.499389, 10.533389 ], [ 98.498778, 10.510889 ], [ 98.490361, 10.507528 ], [ 98.493806, 10.497556 ], [ 98.495639, 10.469222 ], [ 98.502444, 10.464194 ], [ 98.496667, 10.448389 ], [ 98.511083, 10.430028 ], [ 98.520333, 10.42425 ], [ 98.519111, 10.419639 ], [ 98.507028, 10.414222 ], [ 98.5095, 10.408389 ], [ 98.523833, 10.40175 ], [ 98.524722, 10.390028 ], [ 98.534139, 10.371722 ], [ 98.539611, 10.366278 ], [ 98.547611, 10.367556 ], [ 98.540167, 10.350833 ], [ 98.542667, 10.3475 ], [ 98.534306, 10.3425 ], [ 98.536139, 10.329167 ], [ 98.529472, 10.316694 ], [ 98.526194, 10.3025 ], [ 98.51825, 10.299556 ], [ 98.513667, 10.300833 ], [ 98.516167, 10.296694 ], [ 98.514722, 10.276639 ], [ 98.519278, 10.273778 ], [ 98.523861, 10.275861 ], [ 98.524083, 10.246611 ], [ 98.517417, 10.239139 ], [ 98.512889, 10.227944 ], [ 98.499917, 10.226667 ], [ 98.504111, 10.22 ], [ 98.503361, 10.214139 ], [ 98.487444, 10.19925 ], [ 98.488417, 10.193389 ], [ 98.495111, 10.185 ], [ 98.494333, 10.176639 ], [ 98.507361, 10.17625 ], [ 98.512417, 10.179583 ], [ 98.510333, 10.173333 ], [ 98.519611, 10.166667 ], [ 98.5205, 10.158333 ], [ 98.524667, 10.153361 ], [ 98.524806, 10.139167 ], [ 98.519917, 10.121639 ], [ 98.526722, 10.096667 ], [ 98.525583, 10.092083 ], [ 98.517639, 10.091667 ], [ 98.516778, 10.085806 ], [ 98.526861, 10.083306 ], [ 98.529472, 10.0775 ], [ 98.532778, 10.076694 ], [ 98.531167, 10.0725 ], [ 98.533667, 10.068306 ], [ 98.530389, 10.056639 ], [ 98.526667, 10.05625 ], [ 98.522028, 10.049972 ], [ 98.529639, 10.045861 ], [ 98.531472, 10.03 ], [ 98.536583, 10.018361 ], [ 98.535833, 10.010028 ], [ 98.540833, 10.001639 ], [ 98.534167, 9.999639 ], [ 98.542111, 9.996667 ], [ 98.552556, 9.973722 ], [ 98.557111, 9.973333 ], [ 98.563, 9.991639 ], [ 98.577389, 10.000444 ], [ 98.578583, 10.010833 ], [ 98.588611, 10.021639 ], [ 98.605139, 10.054167 ], [ 98.612667, 10.060833 ], [ 98.614278, 10.0725 ], [ 98.624167, 10.090833 ], [ 98.621583, 10.104944 ], [ 98.624889, 10.105806 ], [ 98.630667, 10.122472 ], [ 98.646556, 10.135833 ], [ 98.653972, 10.149139 ], [ 98.658056, 10.167472 ], [ 98.657083, 10.19 ], [ 98.640972, 10.214139 ], [ 98.640056, 10.22 ], [ 98.644306, 10.218361 ], [ 98.660389, 10.195 ], [ 98.662139, 10.18 ], [ 98.668417, 10.179556 ], [ 98.682583, 10.196278 ], [ 98.695972, 10.204556 ], [ 98.705528, 10.215833 ], [ 98.705528, 10.219972 ], [ 98.700083, 10.226278 ], [ 98.681528, 10.230389 ], [ 98.681056, 10.233306 ], [ 98.690722, 10.229583 ], [ 98.701639, 10.232083 ], [ 98.706667, 10.227083 ], [ 98.711306, 10.229167 ], [ 98.710444, 10.239139 ], [ 98.721194, 10.26 ], [ 98.735972, 10.310778 ], [ 98.744222, 10.321639 ], [ 98.744167, 10.3325 ], [ 98.755278, 10.362083 ], [ 98.760778, 10.360028 ], [ 98.75925, 10.339167 ], [ 98.762667, 10.325806 ], [ 98.756889, 10.312472 ], [ 98.758639, 10.309194 ], [ 98.7515, 10.310389 ], [ 98.746917, 10.304194 ], [ 98.746194, 10.286667 ], [ 98.738722, 10.275806 ], [ 98.737889, 10.264944 ], [ 98.725583, 10.2275 ], [ 98.718167, 10.218361 ], [ 98.705778, 10.188306 ], [ 98.699889, 10.181639 ], [ 98.700389, 10.177056 ], [ 98.7075, 10.178333 ], [ 98.687639, 10.136667 ], [ 98.686833, 10.121667 ], [ 98.672361, 10.09875 ], [ 98.661, 10.098333 ], [ 98.664472, 10.085 ], [ 98.650333, 10.067472 ], [ 98.642222, 10.041694 ], [ 98.632167, 10.031694 ], [ 98.616389, 10.000833 ], [ 98.609583, 9.998306 ], [ 98.604583, 9.980778 ], [ 98.595472, 9.9725 ], [ 98.597806, 9.968306 ], [ 98.5955, 9.954139 ], [ 98.608806, 9.935778 ], [ 98.601611, 9.931167 ], [ 98.587472, 9.928806 ], [ 98.572917, 9.919917 ], [ 98.573778, 9.912472 ], [ 98.577556, 9.909528 ], [ 98.584222, 9.90875 ], [ 98.597889, 9.913361 ], [ 98.594111, 9.909556 ], [ 98.582833, 9.906667 ], [ 98.582833, 9.904139 ], [ 98.593778, 9.898361 ], [ 98.593806, 9.894972 ], [ 98.576694, 9.904556 ], [ 98.569528, 9.889139 ], [ 98.56375, 9.884139 ], [ 98.561694, 9.86875 ], [ 98.555889, 9.885389 ], [ 98.542583, 9.884556 ], [ 98.530417, 9.868306 ], [ 98.531278, 9.860833 ], [ 98.537944, 9.8575 ], [ 98.519472, 9.85325 ], [ 98.5195, 9.848306 ], [ 98.525417, 9.840833 ], [ 98.525417, 9.831639 ], [ 98.535389, 9.827417 ], [ 98.531222, 9.824194 ], [ 98.531972, 9.817472 ], [ 98.537944, 9.805833 ], [ 98.542083, 9.803306 ], [ 98.540083, 9.797833 ], [ 98.547472, 9.797861 ], [ 98.5525, 9.802111 ], [ 98.577417, 9.834583 ], [ 98.58, 9.834583 ], [ 98.581194, 9.830861 ], [ 98.579583, 9.823278 ], [ 98.565417, 9.811667 ], [ 98.567028, 9.807472 ], [ 98.556278, 9.795 ], [ 98.552528, 9.784583 ], [ 98.550833, 9.787056 ], [ 98.54675, 9.786306 ], [ 98.539972, 9.777972 ], [ 98.540417, 9.788306 ], [ 98.535778, 9.7895 ], [ 98.53, 9.784556 ], [ 98.517528, 9.786278 ], [ 98.510333, 9.78 ], [ 98.510333, 9.766722 ], [ 98.514639, 9.763361 ], [ 98.516139, 9.753306 ], [ 98.51125, 9.749222 ], [ 98.51125, 9.744111 ], [ 98.505389, 9.7425 ], [ 98.504611, 9.736639 ], [ 98.512417, 9.735444 ], [ 98.525861, 9.747 ], [ 98.53175, 9.748722 ], [ 98.537528, 9.742944 ], [ 98.55, 9.740361 ], [ 98.552861, 9.745833 ], [ 98.559111, 9.749556 ], [ 98.557861, 9.736639 ], [ 98.562889, 9.734972 ], [ 98.560417, 9.728333 ], [ 98.567972, 9.723333 ], [ 98.557528, 9.725444 ], [ 98.553778, 9.717444 ], [ 98.561306, 9.710806 ], [ 98.550028, 9.714583 ], [ 98.542889, 9.705028 ], [ 98.544556, 9.693333 ], [ 98.534472, 9.688361 ], [ 98.536222, 9.684111 ], [ 98.533, 9.681639 ], [ 98.54, 9.674583 ], [ 98.523333, 9.67875 ], [ 98.515806, 9.670306 ], [ 98.503278, 9.669667 ], [ 98.500861, 9.680333 ], [ 98.488306, 9.684583 ], [ 98.487889, 9.679111 ], [ 98.492056, 9.678306 ], [ 98.495389, 9.665806 ], [ 98.495, 9.65875 ], [ 98.500028, 9.659611 ], [ 98.504139, 9.656222 ], [ 98.514222, 9.654528 ], [ 98.518306, 9.659639 ], [ 98.52175, 9.653667 ], [ 98.53625, 9.654194 ], [ 98.529139, 9.650444 ], [ 98.515722, 9.651306 ], [ 98.510472, 9.639222 ], [ 98.504583, 9.63325 ], [ 98.503722, 9.629167 ], [ 98.506722, 9.626306 ], [ 98.516306, 9.630056 ], [ 98.515417, 9.625806 ], [ 98.520056, 9.620361 ], [ 98.50675, 9.622917 ], [ 98.502444, 9.622056 ], [ 98.498361, 9.61625 ], [ 98.491167, 9.619972 ], [ 98.489694, 9.626611 ], [ 98.481639, 9.632861 ], [ 98.474972, 9.622861 ], [ 98.468333, 9.627111 ], [ 98.466222, 9.625833 ], [ 98.467111, 9.606722 ], [ 98.46875, 9.601611 ], [ 98.479056, 9.592083 ], [ 98.499139, 9.589528 ], [ 98.509944, 9.593 ], [ 98.526639, 9.582972 ], [ 98.528278, 9.577861 ], [ 98.531667, 9.578722 ], [ 98.533306, 9.575389 ], [ 98.539194, 9.57875 ], [ 98.545, 9.572083 ], [ 98.552528, 9.572944 ], [ 98.553278, 9.567833 ], [ 98.566722, 9.562056 ], [ 98.576639, 9.563806 ], [ 98.577139, 9.560056 ], [ 98.568333, 9.557917 ], [ 98.554167, 9.562056 ], [ 98.549139, 9.556306 ], [ 98.547528, 9.564611 ], [ 98.534056, 9.566333 ], [ 98.515806, 9.558722 ], [ 98.516667, 9.552 ], [ 98.503361, 9.551222 ], [ 98.502056, 9.521667 ], [ 98.506306, 9.509139 ], [ 98.498278, 9.498806 ], [ 98.494194, 9.49625 ], [ 98.491306, 9.498278 ], [ 98.499583, 9.513333 ], [ 98.490833, 9.535417 ], [ 98.484583, 9.529222 ], [ 98.4855, 9.503361 ], [ 98.472861, 9.484167 ], [ 98.471667, 9.477111 ], [ 98.467111, 9.480833 ], [ 98.467111, 9.488306 ], [ 98.473722, 9.4975 ], [ 98.478694, 9.527472 ], [ 98.472139, 9.543333 ], [ 98.464611, 9.553306 ], [ 98.472111, 9.559111 ], [ 98.472972, 9.563361 ], [ 98.469194, 9.564556 ], [ 98.458806, 9.559944 ], [ 98.439556, 9.505028 ], [ 98.438694, 9.496694 ], [ 98.442139, 9.491583 ], [ 98.437861, 9.489972 ], [ 98.439556, 9.477444 ], [ 98.43625, 9.477444 ], [ 98.435417, 9.455056 ], [ 98.427083, 9.424944 ], [ 98.420389, 9.407417 ], [ 98.410833, 9.397056 ], [ 98.405833, 9.402056 ], [ 98.399528, 9.399167 ], [ 98.399583, 9.372472 ], [ 98.394556, 9.331556 ], [ 98.383722, 9.319139 ], [ 98.379528, 9.289139 ], [ 98.371639, 9.287861 ], [ 98.36375, 9.281667 ], [ 98.36375, 9.276667 ], [ 98.36825, 9.277056 ], [ 98.370389, 9.274083 ], [ 98.369639, 9.264139 ], [ 98.362917, 9.253333 ], [ 98.347139, 9.239111 ], [ 98.349944, 9.232056 ], [ 98.366611, 9.225389 ], [ 98.370889, 9.227111 ], [ 98.374639, 9.225 ], [ 98.370361, 9.221639 ], [ 98.369528, 9.208333 ], [ 98.382833, 9.191639 ], [ 98.377583, 9.192083 ], [ 98.367917, 9.20425 ], [ 98.361667, 9.204583 ], [ 98.352444, 9.217139 ], [ 98.348333, 9.217139 ], [ 98.343722, 9.209139 ], [ 98.341222, 9.191611 ], [ 98.349556, 9.184167 ], [ 98.349583, 9.180722 ], [ 98.346667, 9.179556 ], [ 98.33875, 9.189139 ], [ 98.340333, 9.211667 ], [ 98.334167, 9.220333 ], [ 98.326139, 9.216694 ], [ 98.318667, 9.197556 ], [ 98.322111, 9.179167 ], [ 98.332889, 9.160028 ], [ 98.343722, 9.150778 ], [ 98.343639, 9.135861 ], [ 98.350444, 9.133333 ], [ 98.351167, 9.129139 ], [ 98.346222, 9.118333 ], [ 98.352917, 9.118361 ], [ 98.350333, 9.110028 ], [ 98.356222, 9.109167 ], [ 98.352917, 9.105778 ], [ 98.355417, 9.093389 ], [ 98.363306, 9.092861 ], [ 98.36825, 9.099611 ], [ 98.376639, 9.097889 ], [ 98.378333, 9.095417 ], [ 98.372556, 9.095417 ], [ 98.368806, 9.09 ], [ 98.370417, 9.0825 ], [ 98.368306, 9.076222 ], [ 98.376722, 9.077056 ], [ 98.377833, 9.084222 ], [ 98.383306, 9.090333 ], [ 98.389611, 9.088333 ], [ 98.384111, 9.087111 ], [ 98.38125, 9.079972 ], [ 98.391278, 9.078278 ], [ 98.390778, 9.076194 ], [ 98.377833, 9.075028 ], [ 98.383, 9.072472 ], [ 98.380389, 9.068333 ], [ 98.387056, 9.062472 ], [ 98.388278, 9.054556 ], [ 98.374111, 9.058722 ], [ 98.366583, 9.067889 ], [ 98.347472, 9.066139 ], [ 98.331194, 9.053306 ], [ 98.329611, 9.043361 ], [ 98.322111, 9.036639 ], [ 98.32125, 9.029167 ], [ 98.329639, 9.023306 ], [ 98.329528, 9.014139 ], [ 98.335778, 9.014667 ], [ 98.339944, 9.004611 ], [ 98.3525, 9.002056 ], [ 98.359972, 9.01125 ], [ 98.371583, 9.016222 ], [ 98.389139, 9.031167 ], [ 98.396639, 9.032917 ], [ 98.400389, 9.030861 ], [ 98.395833, 9.025389 ], [ 98.388333, 9.026222 ], [ 98.384111, 9.0145 ], [ 98.364611, 9.001556 ], [ 98.366667, 8.995389 ], [ 98.385417, 8.991611 ], [ 98.384528, 8.988333 ], [ 98.390389, 8.975833 ], [ 98.389583, 8.9675 ], [ 98.385833, 8.968694 ], [ 98.384556, 8.965833 ], [ 98.39375, 8.941667 ], [ 98.3875, 8.937333 ], [ 98.373361, 8.945417 ], [ 98.369111, 8.944389 ], [ 98.362917, 8.949139 ], [ 98.362917, 8.956667 ], [ 98.358333, 8.96125 ], [ 98.354944, 8.950389 ], [ 98.352917, 8.964167 ], [ 98.341694, 8.974611 ], [ 98.337056, 8.975806 ], [ 98.338278, 8.970389 ], [ 98.335806, 8.974583 ], [ 98.3325, 8.974583 ], [ 98.325417, 8.9675 ], [ 98.324556, 8.960833 ], [ 98.318722, 8.953306 ], [ 98.319556, 8.948306 ], [ 98.310389, 8.936639 ], [ 98.310417, 8.921639 ], [ 98.32375, 8.894167 ], [ 98.304111, 8.898722 ], [ 98.295417, 8.888306 ], [ 98.296222, 8.884111 ], [ 98.287111, 8.8775 ], [ 98.28875, 8.868306 ], [ 98.285, 8.870417 ], [ 98.281667, 8.861222 ], [ 98.278333, 8.86375 ], [ 98.267917, 8.856667 ], [ 98.27125, 8.840833 ], [ 98.269556, 8.818306 ], [ 98.257056, 8.806611 ], [ 98.264583, 8.785778 ], [ 98.265389, 8.764139 ], [ 98.257944, 8.746667 ], [ 98.242472, 8.733722 ], [ 98.234167, 8.731222 ], [ 98.224583, 8.735 ], [ 98.226278, 8.725806 ], [ 98.239556, 8.719972 ], [ 98.244556, 8.669167 ], [ 98.249583, 8.654111 ], [ 98.247111, 8.631667 ], [ 98.233778, 8.619972 ], [ 98.234167, 8.61625 ], [ 98.240417, 8.614139 ], [ 98.240361, 8.602472 ], [ 98.245417, 8.595028 ], [ 98.244556, 8.588306 ], [ 98.239972, 8.582083 ], [ 98.229167, 8.577917 ], [ 98.22625, 8.570806 ], [ 98.239139, 8.548722 ], [ 98.262889, 8.538306 ], [ 98.259556, 8.525833 ], [ 98.254944, 8.52375 ], [ 98.239167, 8.543722 ], [ 98.228722, 8.538306 ], [ 98.231194, 8.545028 ], [ 98.222889, 8.550806 ], [ 98.218694, 8.564111 ], [ 98.219583, 8.574167 ], [ 98.225444, 8.585833 ], [ 98.224139, 8.589583 ], [ 98.219972, 8.589556 ], [ 98.216222, 8.584972 ], [ 98.209583, 8.561639 ], [ 98.209556, 8.548306 ], [ 98.257944, 8.3675 ], [ 98.285389, 8.245833 ], [ 98.285444, 8.203333 ], [ 98.296667, 8.205417 ], [ 98.304167, 8.200389 ], [ 98.310861, 8.20125 ], [ 98.318361, 8.197889 ], [ 98.336667, 8.20625 ], [ 98.33875, 8.204111 ], [ 98.332861, 8.200833 ], [ 98.332056, 8.196639 ], [ 98.332889, 8.183306 ], [ 98.342472, 8.179611 ], [ 98.353306, 8.187889 ], [ 98.363333, 8.18625 ], [ 98.367889, 8.179111 ], [ 98.367083, 8.173333 ], [ 98.37125, 8.169139 ], [ 98.377056, 8.138306 ], [ 98.393333, 8.125389 ], [ 98.403333, 8.135417 ], [ 98.410389, 8.134972 ], [ 98.408694, 8.144139 ], [ 98.412083, 8.151667 ], [ 98.409556, 8.159139 ], [ 98.415806, 8.17375 ], [ 98.416222, 8.160806 ], [ 98.427083, 8.154111 ], [ 98.430444, 8.143306 ], [ 98.428722, 8.138306 ], [ 98.431667, 8.132917 ], [ 98.436667, 8.132861 ], [ 98.44875, 8.146667 ], [ 98.44125, 8.165 ], [ 98.449556, 8.191639 ], [ 98.457889, 8.204972 ], [ 98.467083, 8.210806 ], [ 98.467083, 8.217528 ], [ 98.472056, 8.216667 ], [ 98.472056, 8.225806 ], [ 98.469583, 8.236639 ], [ 98.457917, 8.240833 ], [ 98.464611, 8.2475 ], [ 98.464611, 8.258361 ], [ 98.459556, 8.268333 ], [ 98.460389, 8.282472 ], [ 98.457917, 8.285806 ], [ 98.462917, 8.288333 ], [ 98.462056, 8.293333 ], [ 98.445833, 8.306222 ], [ 98.430778, 8.306194 ], [ 98.428722, 8.309139 ], [ 98.445806, 8.319556 ], [ 98.461667, 8.320389 ], [ 98.477056, 8.317472 ], [ 98.477056, 8.324139 ], [ 98.468333, 8.327917 ], [ 98.463722, 8.333306 ], [ 98.463722, 8.3425 ], [ 98.468722, 8.344972 ], [ 98.466222, 8.354167 ], [ 98.460417, 8.356611 ], [ 98.45875, 8.367472 ], [ 98.463722, 8.375 ], [ 98.467472, 8.377944 ], [ 98.475417, 8.364167 ], [ 98.481222, 8.360778 ], [ 98.484111, 8.347056 ], [ 98.489139, 8.347056 ], [ 98.497444, 8.33875 ], [ 98.500833, 8.33875 ], [ 98.499583, 8.352472 ], [ 98.502056, 8.352472 ], [ 98.506611, 8.341222 ], [ 98.507056, 8.361667 ], [ 98.519139, 8.386222 ], [ 98.511222, 8.351639 ], [ 98.51125, 8.336639 ], [ 98.517083, 8.323333 ], [ 98.520833, 8.322917 ], [ 98.529111, 8.334583 ], [ 98.535, 8.331222 ], [ 98.540417, 8.335806 ], [ 98.535389, 8.344139 ], [ 98.537944, 8.349139 ], [ 98.53625, 8.355 ], [ 98.540417, 8.361667 ], [ 98.539194, 8.377917 ], [ 98.542917, 8.369139 ], [ 98.546611, 8.365389 ], [ 98.55125, 8.366667 ], [ 98.550417, 8.360806 ], [ 98.5625, 8.34875 ], [ 98.558722, 8.364139 ], [ 98.568333, 8.377889 ], [ 98.572028, 8.3775 ], [ 98.56375, 8.364972 ], [ 98.565833, 8.354556 ], [ 98.572917, 8.355833 ], [ 98.578278, 8.368778 ], [ 98.584972, 8.357056 ], [ 98.600361, 8.363333 ], [ 98.602917, 8.371667 ], [ 98.59625, 8.378333 ], [ 98.598333, 8.382056 ], [ 98.612056, 8.389139 ], [ 98.612889, 8.406667 ], [ 98.615778, 8.408722 ], [ 98.622889, 8.386611 ], [ 98.627056, 8.39 ], [ 98.624111, 8.377889 ], [ 98.638306, 8.377111 ], [ 98.645, 8.383722 ], [ 98.646611, 8.378722 ], [ 98.655806, 8.377861 ], [ 98.66125, 8.386667 ], [ 98.653361, 8.402889 ], [ 98.658306, 8.40125 ], [ 98.668361, 8.389583 ], [ 98.670833, 8.390389 ], [ 98.670417, 8.385 ], [ 98.673306, 8.382056 ], [ 98.654972, 8.368722 ], [ 98.645806, 8.37125 ], [ 98.638722, 8.366639 ], [ 98.642083, 8.35 ], [ 98.635417, 8.344194 ], [ 98.635417, 8.340806 ], [ 98.643694, 8.338333 ], [ 98.637889, 8.335806 ], [ 98.639556, 8.327472 ], [ 98.634556, 8.324139 ], [ 98.630444, 8.297472 ], [ 98.627083, 8.296667 ], [ 98.628694, 8.283361 ], [ 98.639139, 8.274583 ], [ 98.639556, 8.281639 ], [ 98.645833, 8.288722 ], [ 98.647056, 8.278306 ], [ 98.650389, 8.271667 ], [ 98.653278, 8.271194 ], [ 98.666667, 8.287917 ], [ 98.682889, 8.295806 ], [ 98.685778, 8.307917 ], [ 98.69, 8.302861 ], [ 98.7075, 8.310417 ], [ 98.710806, 8.317889 ], [ 98.71375, 8.315806 ], [ 98.710417, 8.289972 ], [ 98.711694, 8.284556 ], [ 98.715861, 8.287056 ], [ 98.717028, 8.284972 ], [ 98.715389, 8.265833 ], [ 98.717472, 8.262917 ], [ 98.722083, 8.263333 ], [ 98.722083, 8.258333 ], [ 98.719583, 8.242472 ], [ 98.710417, 8.223333 ], [ 98.715861, 8.21875 ], [ 98.722944, 8.221611 ], [ 98.731639, 8.252944 ], [ 98.733778, 8.237472 ], [ 98.742917, 8.2375 ], [ 98.740444, 8.226639 ], [ 98.744639, 8.214972 ], [ 98.749583, 8.214167 ], [ 98.747111, 8.2075 ], [ 98.757944, 8.201667 ], [ 98.752917, 8.198333 ], [ 98.754528, 8.179944 ], [ 98.742917, 8.155806 ], [ 98.744528, 8.140833 ], [ 98.739583, 8.1325 ], [ 98.746611, 8.132889 ], [ 98.752889, 8.145833 ], [ 98.757917, 8.148361 ], [ 98.754556, 8.138306 ], [ 98.760417, 8.133306 ], [ 98.750417, 8.1125 ], [ 98.750389, 8.093333 ], [ 98.744556, 8.075806 ], [ 98.75375, 8.053306 ], [ 98.7625, 8.047083 ], [ 98.767056, 8.039167 ], [ 98.766222, 8.024972 ], [ 98.768778, 8.019111 ], [ 98.773306, 8.017917 ], [ 98.777917, 8.022472 ], [ 98.776222, 8.034972 ], [ 98.778333, 8.039583 ], [ 98.790806, 8.044583 ], [ 98.798306, 8.042917 ], [ 98.804972, 8.045389 ], [ 98.818361, 8.03875 ], [ 98.828722, 8.028333 ], [ 98.832889, 8.023278 ], [ 98.83125, 8.015028 ], [ 98.839167, 8.015417 ], [ 98.840389, 8.005833 ], [ 98.847472, 8.002111 ], [ 98.84625, 8.009167 ], [ 98.852472, 8.01125 ], [ 98.866667, 8.026222 ], [ 98.870806, 8.027083 ], [ 98.879972, 8.02125 ], [ 98.888333, 8.020389 ], [ 98.901222, 8.030778 ], [ 98.907083, 8.039167 ], [ 98.907083, 8.044167 ], [ 98.899556, 8.050028 ], [ 98.898278, 8.054556 ], [ 98.915806, 8.044583 ], [ 98.922083, 8.049167 ], [ 98.925028, 8.057083 ], [ 98.927889, 8.045778 ], [ 98.924556, 8.033306 ], [ 98.933289892049061, 8.024809770902612 ], [ 98.9272267506974, 8.022647243489835 ], [ 98.912377298772427, 8.017525560883202 ] ], [ [ 93.64875, 19.462472 ], [ 93.64875, 19.444167 ], [ 93.679139, 19.42375 ], [ 93.684167, 19.409556 ], [ 93.699167, 19.405417 ], [ 93.729556, 19.414139 ], [ 93.729167, 19.411222 ], [ 93.708333, 19.405389 ], [ 93.707889, 19.401667 ], [ 93.729167, 19.386194 ], [ 93.74375, 19.383333 ], [ 93.73, 19.383722 ], [ 93.72625, 19.380806 ], [ 93.734167, 19.352889 ], [ 93.738333, 19.352083 ], [ 93.750389, 19.358333 ], [ 93.743333, 19.351194 ], [ 93.737056, 19.349139 ], [ 93.736278, 19.334972 ], [ 93.770861, 19.300417 ], [ 93.799194, 19.308722 ], [ 93.8225, 19.304556 ], [ 93.839194, 19.295389 ], [ 93.856639, 19.303694 ], [ 93.865833, 19.302917 ], [ 93.874556, 19.315833 ], [ 93.877917, 19.339167 ], [ 93.885417, 19.350833 ], [ 93.870861, 19.358722 ], [ 93.860417, 19.369167 ], [ 93.859972, 19.38625 ], [ 93.872917, 19.377472 ], [ 93.869611, 19.375833 ], [ 93.870389, 19.365778 ], [ 93.884972, 19.358778 ], [ 93.890444, 19.350833 ], [ 93.88125, 19.331639 ], [ 93.880833, 19.318722 ], [ 93.91125, 19.330806 ], [ 93.91375, 19.3375 ], [ 93.91125, 19.365 ], [ 93.912056, 19.37 ], [ 93.914528, 19.369167 ], [ 93.917917, 19.331639 ], [ 93.909139, 19.32375 ], [ 93.884167, 19.31625 ], [ 93.880444, 19.310806 ], [ 93.880389, 19.306639 ], [ 93.891667, 19.288722 ], [ 93.899167, 19.291222 ], [ 93.91625, 19.304972 ], [ 93.936667, 19.337917 ], [ 93.951667, 19.350389 ], [ 93.965778, 19.354556 ], [ 93.970417, 19.359139 ], [ 93.96875, 19.385833 ], [ 93.984583, 19.404972 ], [ 93.980806, 19.409583 ], [ 93.96125, 19.406639 ], [ 93.964111, 19.409556 ], [ 93.975361, 19.410806 ], [ 93.972056, 19.425806 ], [ 93.966667, 19.43375 ], [ 93.945833, 19.447056 ], [ 93.930889, 19.442083 ], [ 93.914972, 19.447889 ], [ 93.886639, 19.471222 ], [ 93.878306, 19.470417 ], [ 93.871694, 19.473694 ], [ 93.858722, 19.460806 ], [ 93.856639, 19.442056 ], [ 93.852917, 19.458306 ], [ 93.862917, 19.474944 ], [ 93.854167, 19.487056 ], [ 93.840028, 19.480389 ], [ 93.827472, 19.477861 ], [ 93.818361, 19.479583 ], [ 93.817889, 19.473333 ], [ 93.827083, 19.469944 ], [ 93.819194, 19.464611 ], [ 93.814556, 19.469944 ], [ 93.815389, 19.48 ], [ 93.787472, 19.502083 ], [ 93.773333, 19.506222 ], [ 93.770361, 19.49 ], [ 93.769556, 19.509972 ], [ 93.749167, 19.527056 ], [ 93.737944, 19.518306 ], [ 93.73, 19.504583 ], [ 93.736278, 19.519167 ], [ 93.748722, 19.534972 ], [ 93.746222, 19.544972 ], [ 93.740806, 19.548778 ], [ 93.726667, 19.549583 ], [ 93.702472, 19.55875 ], [ 93.693333, 19.558778 ], [ 93.683306, 19.566222 ], [ 93.672444, 19.562861 ], [ 93.667917, 19.556639 ], [ 93.667056, 19.545778 ], [ 93.654611, 19.525 ], [ 93.656667, 19.521222 ], [ 93.666667, 19.521222 ], [ 93.667056, 19.527472 ], [ 93.669972, 19.528722 ], [ 93.66875, 19.516639 ], [ 93.671222, 19.5125 ], [ 93.666667, 19.517028 ], [ 93.655833, 19.51875 ], [ 93.645833, 19.51625 ], [ 93.642111, 19.509167 ], [ 93.642917, 19.499111 ], [ 93.662917, 19.486639 ], [ 93.6525, 19.491278 ], [ 93.639139, 19.492917 ], [ 93.633722, 19.4875 ], [ 93.633778, 19.483306 ], [ 93.633778, 19.4825 ], [ 93.641278, 19.476667 ], [ 93.64875, 19.462472 ] ], [ [ 98.299556, 12.620833 ], [ 98.303722, 12.6 ], [ 98.302083, 12.594139 ], [ 98.305444, 12.586667 ], [ 98.30125, 12.584139 ], [ 98.300361, 12.579139 ], [ 98.308694, 12.570833 ], [ 98.307111, 12.559972 ], [ 98.311222, 12.546667 ], [ 98.314556, 12.545806 ], [ 98.312944, 12.535806 ], [ 98.3175, 12.532889 ], [ 98.324167, 12.533722 ], [ 98.327889, 12.536667 ], [ 98.32625, 12.541639 ], [ 98.328333, 12.543722 ], [ 98.331639, 12.532083 ], [ 98.344583, 12.534972 ], [ 98.332056, 12.528333 ], [ 98.328778, 12.523333 ], [ 98.329528, 12.515833 ], [ 98.322917, 12.504139 ], [ 98.32625, 12.499972 ], [ 98.318278, 12.49875 ], [ 98.31625, 12.493333 ], [ 98.317056, 12.481611 ], [ 98.331278, 12.465 ], [ 98.33375, 12.453306 ], [ 98.327889, 12.447472 ], [ 98.330389, 12.433306 ], [ 98.326194, 12.423306 ], [ 98.327917, 12.417444 ], [ 98.324528, 12.414972 ], [ 98.321222, 12.400833 ], [ 98.322917, 12.395 ], [ 98.316222, 12.392444 ], [ 98.308722, 12.364111 ], [ 98.309611, 12.350806 ], [ 98.305417, 12.347472 ], [ 98.307056, 12.330806 ], [ 98.312083, 12.3275 ], [ 98.313722, 12.321639 ], [ 98.315833, 12.319583 ], [ 98.317472, 12.324583 ], [ 98.326639, 12.325417 ], [ 98.338278, 12.311194 ], [ 98.341611, 12.311194 ], [ 98.367139, 12.325 ], [ 98.380444, 12.351667 ], [ 98.412861, 12.3825 ], [ 98.415361, 12.3925 ], [ 98.422056, 12.399194 ], [ 98.427889, 12.413333 ], [ 98.427028, 12.4225 ], [ 98.430417, 12.429972 ], [ 98.422944, 12.430028 ], [ 98.445, 12.437889 ], [ 98.450417, 12.441667 ], [ 98.449944, 12.445417 ], [ 98.454167, 12.444556 ], [ 98.461278, 12.4525 ], [ 98.467889, 12.498333 ], [ 98.464556, 12.525028 ], [ 98.46875, 12.541639 ], [ 98.466222, 12.553333 ], [ 98.471639, 12.559556 ], [ 98.477472, 12.558694 ], [ 98.480417, 12.5625 ], [ 98.47875, 12.568278 ], [ 98.48125, 12.575806 ], [ 98.474139, 12.585389 ], [ 98.467889, 12.587444 ], [ 98.467111, 12.599972 ], [ 98.459972, 12.608722 ], [ 98.445806, 12.610417 ], [ 98.440417, 12.605833 ], [ 98.441194, 12.598306 ], [ 98.44625, 12.593306 ], [ 98.447917, 12.585806 ], [ 98.442472, 12.587917 ], [ 98.437472, 12.594556 ], [ 98.434583, 12.593361 ], [ 98.441194, 12.570806 ], [ 98.444556, 12.569139 ], [ 98.441222, 12.567472 ], [ 98.439556, 12.556667 ], [ 98.428722, 12.546667 ], [ 98.427889, 12.535 ], [ 98.432889, 12.527472 ], [ 98.433722, 12.518306 ], [ 98.426667, 12.514556 ], [ 98.422917, 12.52 ], [ 98.430389, 12.520806 ], [ 98.429556, 12.528278 ], [ 98.425, 12.534583 ], [ 98.421667, 12.532917 ], [ 98.420833, 12.53625 ], [ 98.414194, 12.536222 ], [ 98.412056, 12.539944 ], [ 98.417917, 12.540833 ], [ 98.418694, 12.554167 ], [ 98.411639, 12.563722 ], [ 98.409139, 12.559583 ], [ 98.404111, 12.558722 ], [ 98.387083, 12.573333 ], [ 98.392083, 12.577472 ], [ 98.392944, 12.590833 ], [ 98.397083, 12.591667 ], [ 98.392917, 12.594167 ], [ 98.393778, 12.610833 ], [ 98.408694, 12.625 ], [ 98.409556, 12.629139 ], [ 98.392056, 12.645806 ], [ 98.382472, 12.662083 ], [ 98.37, 12.653722 ], [ 98.364972, 12.654583 ], [ 98.37125, 12.665778 ], [ 98.362444, 12.675417 ], [ 98.358306, 12.667944 ], [ 98.351694, 12.66625 ], [ 98.349972, 12.66125 ], [ 98.345, 12.66125 ], [ 98.338306, 12.667083 ], [ 98.334167, 12.66875 ], [ 98.334167, 12.664611 ], [ 98.328722, 12.668333 ], [ 98.334139, 12.672861 ], [ 98.322444, 12.670444 ], [ 98.308361, 12.685389 ], [ 98.304583, 12.665 ], [ 98.305444, 12.651667 ], [ 98.297083, 12.645778 ], [ 98.297083, 12.644194 ], [ 98.302083, 12.637472 ], [ 98.299556, 12.620833 ] ], [ [ 93.489583, 18.853306 ], [ 93.49375, 18.849972 ], [ 93.502056, 18.829972 ], [ 93.514972, 18.81875 ], [ 93.52125, 18.819139 ], [ 93.517083, 18.815806 ], [ 93.522056, 18.804139 ], [ 93.522083, 18.793306 ], [ 93.54125, 18.775 ], [ 93.546306, 18.762472 ], [ 93.560861, 18.760417 ], [ 93.572917, 18.747472 ], [ 93.572472, 18.744556 ], [ 93.595, 18.731222 ], [ 93.604167, 18.73125 ], [ 93.59875, 18.729139 ], [ 93.633722, 18.695806 ], [ 93.632944, 18.687472 ], [ 93.636694, 18.681222 ], [ 93.649972, 18.686278 ], [ 93.664194, 18.668722 ], [ 93.680833, 18.670389 ], [ 93.694167, 18.667056 ], [ 93.698306, 18.669583 ], [ 93.700056, 18.66625 ], [ 93.702472, 18.671222 ], [ 93.710833, 18.670389 ], [ 93.725444, 18.677444 ], [ 93.731222, 18.695778 ], [ 93.736278, 18.699167 ], [ 93.734583, 18.704167 ], [ 93.737944, 18.702472 ], [ 93.750361, 18.723306 ], [ 93.750389, 18.7375 ], [ 93.752917, 18.739139 ], [ 93.745806, 18.764583 ], [ 93.74375, 18.762472 ], [ 93.749972, 18.742889 ], [ 93.741222, 18.753306 ], [ 93.743778, 18.756694 ], [ 93.741222, 18.773278 ], [ 93.73875, 18.775 ], [ 93.742083, 18.784972 ], [ 93.739583, 18.790778 ], [ 93.742056, 18.815 ], [ 93.736278, 18.8175 ], [ 93.741694, 18.818722 ], [ 93.745389, 18.824167 ], [ 93.740417, 18.858333 ], [ 93.741667, 18.881222 ], [ 93.718333, 18.875417 ], [ 93.709194, 18.867917 ], [ 93.681639, 18.868722 ], [ 93.678333, 18.872056 ], [ 93.670861, 18.871222 ], [ 93.6675, 18.875417 ], [ 93.656639, 18.875389 ], [ 93.651694, 18.871222 ], [ 93.654611, 18.876667 ], [ 93.645, 18.883778 ], [ 93.637083, 18.881667 ], [ 93.639556, 18.885 ], [ 93.629583, 18.892472 ], [ 93.627083, 18.900806 ], [ 93.622028, 18.905028 ], [ 93.622111, 18.915 ], [ 93.615806, 18.919556 ], [ 93.61375, 18.910778 ], [ 93.6075, 18.904556 ], [ 93.583333, 18.889528 ], [ 93.5675, 18.884583 ], [ 93.569972, 18.877861 ], [ 93.559972, 18.886222 ], [ 93.544139, 18.874556 ], [ 93.527472, 18.87875 ], [ 93.517528, 18.877917 ], [ 93.509167, 18.872889 ], [ 93.488333, 18.876194 ], [ 93.480417, 18.870833 ], [ 93.480417, 18.869167 ], [ 93.492083, 18.859139 ], [ 93.489583, 18.853306 ] ], [ [ 98.395806, 11.76875 ], [ 98.411222, 11.76 ], [ 98.399139, 11.764583 ], [ 98.388306, 11.76375 ], [ 98.369556, 11.739139 ], [ 98.373694, 11.727472 ], [ 98.3875, 11.712056 ], [ 98.404972, 11.708722 ], [ 98.406222, 11.721639 ], [ 98.412056, 11.723306 ], [ 98.4075, 11.705389 ], [ 98.378722, 11.702444 ], [ 98.374583, 11.679139 ], [ 98.381222, 11.653306 ], [ 98.389139, 11.648722 ], [ 98.395778, 11.651278 ], [ 98.4125, 11.643722 ], [ 98.41625, 11.640806 ], [ 98.415417, 11.629139 ], [ 98.427889, 11.620833 ], [ 98.41625, 11.614972 ], [ 98.412917, 11.603306 ], [ 98.414528, 11.595833 ], [ 98.417917, 11.593306 ], [ 98.414556, 11.588306 ], [ 98.417472, 11.58625 ], [ 98.427056, 11.594139 ], [ 98.427861, 11.603333 ], [ 98.43375, 11.605 ], [ 98.42625, 11.589139 ], [ 98.434167, 11.592889 ], [ 98.439556, 11.588306 ], [ 98.433306, 11.589556 ], [ 98.425389, 11.584139 ], [ 98.432056, 11.573306 ], [ 98.42875, 11.563306 ], [ 98.439944, 11.554556 ], [ 98.438722, 11.563333 ], [ 98.443722, 11.565806 ], [ 98.446611, 11.572083 ], [ 98.455806, 11.57375 ], [ 98.463306, 11.562917 ], [ 98.476667, 11.560417 ], [ 98.485056, 11.564556 ], [ 98.495889, 11.562917 ], [ 98.500028, 11.577056 ], [ 98.502889, 11.568333 ], [ 98.492889, 11.558306 ], [ 98.507444, 11.559556 ], [ 98.500417, 11.551611 ], [ 98.512083, 11.544972 ], [ 98.504139, 11.547083 ], [ 98.499583, 11.543333 ], [ 98.52375, 11.525806 ], [ 98.520389, 11.518333 ], [ 98.5225, 11.51375 ], [ 98.530833, 11.515417 ], [ 98.526222, 11.539139 ], [ 98.52875, 11.565778 ], [ 98.527111, 11.591611 ], [ 98.531667, 11.590417 ], [ 98.544972, 11.608694 ], [ 98.548306, 11.605389 ], [ 98.552889, 11.609972 ], [ 98.552889, 11.613306 ], [ 98.547889, 11.615833 ], [ 98.544556, 11.628278 ], [ 98.538722, 11.633333 ], [ 98.543722, 11.665833 ], [ 98.542083, 11.676639 ], [ 98.549528, 11.680833 ], [ 98.549556, 11.694167 ], [ 98.544528, 11.702472 ], [ 98.55125, 11.706694 ], [ 98.547861, 11.729139 ], [ 98.552083, 11.7625 ], [ 98.547944, 11.7675 ], [ 98.542917, 11.785806 ], [ 98.527944, 11.805833 ], [ 98.521639, 11.809556 ], [ 98.514972, 11.809528 ], [ 98.499139, 11.802889 ], [ 98.494944, 11.797083 ], [ 98.487917, 11.794139 ], [ 98.485833, 11.787889 ], [ 98.481639, 11.794611 ], [ 98.460806, 11.799556 ], [ 98.445806, 11.809583 ], [ 98.443722, 11.803306 ], [ 98.435389, 11.796639 ], [ 98.469167, 11.783722 ], [ 98.467472, 11.780389 ], [ 98.450806, 11.784556 ], [ 98.448306, 11.776222 ], [ 98.441639, 11.785389 ], [ 98.397528, 11.791222 ], [ 98.381694, 11.788722 ], [ 98.371194, 11.781639 ], [ 98.369611, 11.776639 ], [ 98.36875, 11.775833 ], [ 98.376639, 11.765389 ], [ 98.395806, 11.76875 ] ], [ [ 97.457083, 16.452472 ], [ 97.46125, 16.452528 ], [ 97.455389, 16.4425 ], [ 97.457083, 16.414139 ], [ 97.462889, 16.409139 ], [ 97.467111, 16.398333 ], [ 97.472083, 16.353306 ], [ 97.475833, 16.351222 ], [ 97.482889, 16.353333 ], [ 97.474556, 16.346611 ], [ 97.477083, 16.336639 ], [ 97.457917, 16.325833 ], [ 97.457056, 16.314139 ], [ 97.4625, 16.308778 ], [ 97.465833, 16.310389 ], [ 97.471639, 16.30125 ], [ 97.482083, 16.295833 ], [ 97.48875, 16.27 ], [ 97.497111, 16.261667 ], [ 97.500417, 16.251667 ], [ 97.509111, 16.241278 ], [ 97.515861, 16.237861 ], [ 97.5325, 16.236278 ], [ 97.535, 16.227056 ], [ 97.549139, 16.229556 ], [ 97.555806, 16.225417 ], [ 97.566194, 16.234139 ], [ 97.572111, 16.249167 ], [ 97.572917, 16.256639 ], [ 97.564556, 16.295833 ], [ 97.572083, 16.323306 ], [ 97.585361, 16.344972 ], [ 97.592889, 16.366667 ], [ 97.591667, 16.371194 ], [ 97.58125, 16.375833 ], [ 97.579583, 16.396639 ], [ 97.587917, 16.413306 ], [ 97.610417, 16.444139 ], [ 97.615361, 16.464139 ], [ 97.612083, 16.484167 ], [ 97.6075, 16.49125 ], [ 97.578278, 16.485417 ], [ 97.561611, 16.495417 ], [ 97.544139, 16.494611 ], [ 97.532472, 16.501222 ], [ 97.511667, 16.503722 ], [ 97.507944, 16.510806 ], [ 97.504139, 16.512056 ], [ 97.491639, 16.49875 ], [ 97.478278, 16.494528 ], [ 97.464972, 16.484556 ], [ 97.445417, 16.480806 ], [ 97.445444, 16.477472 ], [ 97.45875, 16.4575 ], [ 97.457083, 16.452472 ] ], [ [ 91.049083, 22.097861 ], [ 91.081167, 22.127417 ], [ 91.082028, 22.132417 ], [ 91.11325, 22.162833 ], [ 91.133306, 22.1645 ], [ 91.160361, 22.195778 ], [ 91.164528, 22.207472 ], [ 91.162917, 22.224944 ], [ 91.172861, 22.238222 ], [ 91.170389, 22.251639 ], [ 91.173667, 22.267444 ], [ 91.170389, 22.294111 ], [ 91.164528, 22.30075 ], [ 91.167833, 22.306583 ], [ 91.167028, 22.317417 ], [ 91.157861, 22.339111 ], [ 91.144528, 22.354083 ], [ 91.129528, 22.384083 ], [ 91.1195, 22.395778 ], [ 91.113667, 22.417389 ], [ 91.118694, 22.434944 ], [ 91.103278, 22.464528 ], [ 91.072833, 22.465778 ], [ 91.071167, 22.444944 ], [ 91.073667, 22.432472 ], [ 91.058694, 22.384972 ], [ 91.058694, 22.26575 ], [ 91.04875, 22.217472 ], [ 91.05125, 22.210778 ], [ 91.047861, 22.186611 ], [ 91.049528, 22.181583 ], [ 91.045389, 22.180778 ], [ 91.034556, 22.136611 ], [ 91.01875, 22.103278 ], [ 91.018667, 22.098278 ], [ 91.026639, 22.092028 ], [ 91.049083, 22.097861 ] ], [ [ 91.4145, 22.45825 ], [ 91.451167, 22.41325 ], [ 91.4545, 22.401556 ], [ 91.45825, 22.397833 ], [ 91.465333, 22.398222 ], [ 91.463694, 22.389889 ], [ 91.460722, 22.391139 ], [ 91.460333, 22.38825 ], [ 91.47825, 22.367833 ], [ 91.501556, 22.356139 ], [ 91.512417, 22.355306 ], [ 91.532444, 22.361972 ], [ 91.556222, 22.374917 ], [ 91.565306, 22.404083 ], [ 91.563667, 22.42575 ], [ 91.557028, 22.449083 ], [ 91.527833, 22.496611 ], [ 91.504556, 22.54325 ], [ 91.462472, 22.598639 ], [ 91.446556, 22.577 ], [ 91.434944, 22.572 ], [ 91.428667, 22.56575 ], [ 91.409472, 22.53075 ], [ 91.401972, 22.507389 ], [ 91.402028, 22.497417 ], [ 91.406167, 22.475778 ], [ 91.4145, 22.45825 ] ], [ [ 98.173306, 11.450361 ], [ 98.179139, 11.450389 ], [ 98.182917, 11.447472 ], [ 98.183278, 11.442083 ], [ 98.188333, 11.441222 ], [ 98.196667, 11.433722 ], [ 98.206667, 11.432889 ], [ 98.214972, 11.437917 ], [ 98.204111, 11.446222 ], [ 98.190806, 11.445417 ], [ 98.189556, 11.4525 ], [ 98.195, 11.459556 ], [ 98.204139, 11.459583 ], [ 98.201222, 11.464111 ], [ 98.204167, 11.467056 ], [ 98.209972, 11.461222 ], [ 98.21625, 11.4625 ], [ 98.221222, 11.474167 ], [ 98.219583, 11.482472 ], [ 98.222111, 11.489167 ], [ 98.226222, 11.491639 ], [ 98.221639, 11.492889 ], [ 98.221639, 11.495417 ], [ 98.226667, 11.49375 ], [ 98.229167, 11.487056 ], [ 98.237028, 11.485 ], [ 98.236278, 11.481611 ], [ 98.242056, 11.478306 ], [ 98.243722, 11.469167 ], [ 98.251639, 11.457889 ], [ 98.256694, 11.456222 ], [ 98.259556, 11.461639 ], [ 98.259556, 11.466639 ], [ 98.254583, 11.473333 ], [ 98.262889, 11.479139 ], [ 98.262472, 11.48375 ], [ 98.265806, 11.472028 ], [ 98.275417, 11.469139 ], [ 98.275417, 11.476667 ], [ 98.272083, 11.479972 ], [ 98.272917, 11.494972 ], [ 98.279611, 11.5025 ], [ 98.27625, 11.509167 ], [ 98.286222, 11.525833 ], [ 98.266667, 11.523722 ], [ 98.262944, 11.5275 ], [ 98.268278, 11.528722 ], [ 98.27, 11.532056 ], [ 98.279111, 11.527028 ], [ 98.281667, 11.535417 ], [ 98.287917, 11.536639 ], [ 98.285778, 11.541222 ], [ 98.276222, 11.546667 ], [ 98.284556, 11.549944 ], [ 98.275389, 11.552444 ], [ 98.285389, 11.559944 ], [ 98.287944, 11.570806 ], [ 98.286222, 11.576667 ], [ 98.288778, 11.584194 ], [ 98.280389, 11.600028 ], [ 98.281222, 11.619139 ], [ 98.2875, 11.626222 ], [ 98.291667, 11.624556 ], [ 98.294583, 11.628306 ], [ 98.289556, 11.637472 ], [ 98.297083, 11.677472 ], [ 98.292917, 11.682444 ], [ 98.298306, 11.684528 ], [ 98.30125, 11.691667 ], [ 98.299111, 11.703778 ], [ 98.304972, 11.702917 ], [ 98.305806, 11.70625 ], [ 98.323722, 11.7175 ], [ 98.319528, 11.742472 ], [ 98.316694, 11.74625 ], [ 98.309611, 11.743306 ], [ 98.312861, 11.7525 ], [ 98.307111, 11.757472 ], [ 98.297889, 11.7775 ], [ 98.298778, 11.786639 ], [ 98.303722, 11.791639 ], [ 98.293333, 11.804583 ], [ 98.290833, 11.80125 ], [ 98.284944, 11.800361 ], [ 98.279167, 11.802889 ], [ 98.274111, 11.795417 ], [ 98.26375, 11.791639 ], [ 98.262889, 11.785833 ], [ 98.274528, 11.770833 ], [ 98.270389, 11.7675 ], [ 98.27625, 11.764167 ], [ 98.277056, 11.759972 ], [ 98.266667, 11.751222 ], [ 98.259528, 11.759139 ], [ 98.257083, 11.753333 ], [ 98.257917, 11.741611 ], [ 98.272889, 11.727472 ], [ 98.262889, 11.7225 ], [ 98.26, 11.713722 ], [ 98.249139, 11.721222 ], [ 98.245417, 11.718333 ], [ 98.247083, 11.713333 ], [ 98.262889, 11.699139 ], [ 98.244972, 11.709556 ], [ 98.24375, 11.706611 ], [ 98.249556, 11.704167 ], [ 98.249583, 11.700833 ], [ 98.246222, 11.700028 ], [ 98.240389, 11.685 ], [ 98.234556, 11.68 ], [ 98.235806, 11.676222 ], [ 98.242472, 11.674556 ], [ 98.24375, 11.671639 ], [ 98.238278, 11.665417 ], [ 98.227056, 11.664139 ], [ 98.232889, 11.6575 ], [ 98.230417, 11.651611 ], [ 98.236639, 11.64625 ], [ 98.245861, 11.647861 ], [ 98.246194, 11.640806 ], [ 98.251222, 11.635833 ], [ 98.248361, 11.632889 ], [ 98.241639, 11.63375 ], [ 98.239139, 11.627861 ], [ 98.226694, 11.627083 ], [ 98.217917, 11.618333 ], [ 98.222056, 11.6125 ], [ 98.219972, 11.609556 ], [ 98.214639, 11.61 ], [ 98.217111, 11.601639 ], [ 98.207083, 11.596667 ], [ 98.211222, 11.590806 ], [ 98.2075, 11.587083 ], [ 98.201639, 11.588722 ], [ 98.199528, 11.585861 ], [ 98.201222, 11.583333 ], [ 98.196222, 11.577444 ], [ 98.199583, 11.573333 ], [ 98.199167, 11.567944 ], [ 98.219583, 11.562472 ], [ 98.218333, 11.552083 ], [ 98.223722, 11.554972 ], [ 98.220806, 11.547889 ], [ 98.216639, 11.552889 ], [ 98.21, 11.554583 ], [ 98.208306, 11.549583 ], [ 98.199139, 11.547889 ], [ 98.197917, 11.545028 ], [ 98.201222, 11.543306 ], [ 98.202472, 11.53625 ], [ 98.189556, 11.538333 ], [ 98.192056, 11.533333 ], [ 98.18875, 11.53 ], [ 98.197917, 11.5225 ], [ 98.199556, 11.514194 ], [ 98.203778, 11.511667 ], [ 98.203722, 11.505806 ], [ 98.202528, 11.502083 ], [ 98.196611, 11.505389 ], [ 98.194556, 11.499194 ], [ 98.197889, 11.497472 ], [ 98.194167, 11.494583 ], [ 98.188333, 11.495389 ], [ 98.187083, 11.4925 ], [ 98.194167, 11.47875 ], [ 98.195806, 11.481278 ], [ 98.201639, 11.480417 ], [ 98.204556, 11.476639 ], [ 98.190417, 11.473333 ], [ 98.189583, 11.460806 ], [ 98.182444, 11.452861 ], [ 98.1775, 11.453722 ], [ 98.174556, 11.461639 ], [ 98.166667, 11.467917 ], [ 98.161222, 11.462444 ], [ 98.159556, 11.451667 ], [ 98.159583, 11.445 ], [ 98.167444, 11.443694 ], [ 98.173306, 11.450361 ] ], [ [ 98.441222, 11.99 ], [ 98.444972, 11.984556 ], [ 98.451667, 11.989556 ], [ 98.464139, 11.992056 ], [ 98.467083, 11.998306 ], [ 98.467111, 11.972472 ], [ 98.471194, 11.968278 ], [ 98.468361, 11.959556 ], [ 98.459639, 11.960806 ], [ 98.45875, 11.957528 ], [ 98.463694, 11.954139 ], [ 98.463694, 11.95 ], [ 98.459167, 11.952056 ], [ 98.457889, 11.95 ], [ 98.454611, 11.925806 ], [ 98.464611, 11.919167 ], [ 98.464611, 11.890806 ], [ 98.478306, 11.874583 ], [ 98.488333, 11.875417 ], [ 98.492472, 11.879556 ], [ 98.497444, 11.876222 ], [ 98.510833, 11.877917 ], [ 98.540417, 11.906667 ], [ 98.54, 11.910417 ], [ 98.528361, 11.912056 ], [ 98.519167, 11.920417 ], [ 98.543333, 11.910417 ], [ 98.551667, 11.912083 ], [ 98.553278, 11.915361 ], [ 98.575861, 11.917056 ], [ 98.5975, 11.91125 ], [ 98.650778, 11.92125 ], [ 98.654972, 11.917056 ], [ 98.656667, 11.921194 ], [ 98.666222, 11.923278 ], [ 98.667917, 11.935806 ], [ 98.675417, 11.945806 ], [ 98.672528, 11.950389 ], [ 98.660833, 11.95125 ], [ 98.647472, 11.95875 ], [ 98.628333, 11.958722 ], [ 98.620806, 11.962083 ], [ 98.609194, 11.971222 ], [ 98.574972, 11.987917 ], [ 98.562472, 11.997889 ], [ 98.550806, 11.997083 ], [ 98.547528, 11.99375 ], [ 98.5325, 11.99625 ], [ 98.529944, 11.990389 ], [ 98.526611, 11.997083 ], [ 98.509111, 11.992083 ], [ 98.503694, 12.008306 ], [ 98.500361, 12.01 ], [ 98.502056, 12.025 ], [ 98.498361, 12.029528 ], [ 98.492944, 12.028306 ], [ 98.492028, 12.039167 ], [ 98.487889, 12.039972 ], [ 98.492917, 12.044167 ], [ 98.485417, 12.052472 ], [ 98.483722, 12.059139 ], [ 98.461222, 12.069944 ], [ 98.467861, 12.076611 ], [ 98.467917, 12.085806 ], [ 98.455778, 12.08625 ], [ 98.451667, 12.094556 ], [ 98.442083, 12.099139 ], [ 98.437444, 12.11125 ], [ 98.422917, 12.093306 ], [ 98.430389, 12.088306 ], [ 98.438722, 12.064167 ], [ 98.439556, 12.051639 ], [ 98.43375, 12.0425 ], [ 98.433722, 12.025806 ], [ 98.437889, 12.019139 ], [ 98.439556, 12.0 ], [ 98.44, 11.999583 ], [ 98.442083, 11.998333 ], [ 98.441222, 11.99 ] ], [ [ 93.050389, 19.957472 ], [ 93.063722, 19.946639 ], [ 93.07125, 19.935778 ], [ 93.097056, 19.894111 ], [ 93.097056, 19.889972 ], [ 93.102028, 19.885778 ], [ 93.112083, 19.864139 ], [ 93.123722, 19.8525 ], [ 93.131222, 19.838306 ], [ 93.133306, 19.84125 ], [ 93.136194, 19.839167 ], [ 93.136194, 19.835833 ], [ 93.133722, 19.835833 ], [ 93.135417, 19.828333 ], [ 93.143278, 19.821194 ], [ 93.147472, 19.823722 ], [ 93.152111, 19.821667 ], [ 93.173333, 19.787889 ], [ 93.167917, 19.802472 ], [ 93.159583, 19.814139 ], [ 93.161222, 19.816667 ], [ 93.133722, 19.856667 ], [ 93.134944, 19.862083 ], [ 93.141278, 19.861667 ], [ 93.134583, 19.866667 ], [ 93.13, 19.875389 ], [ 93.127083, 19.874139 ], [ 93.128722, 19.878306 ], [ 93.121278, 19.894167 ], [ 93.117083, 19.894972 ], [ 93.118722, 19.897472 ], [ 93.115389, 19.902472 ], [ 93.114556, 19.910806 ], [ 93.119611, 19.911667 ], [ 93.117139, 19.920778 ], [ 93.111278, 19.923306 ], [ 93.112917, 19.926639 ], [ 93.100444, 19.945 ], [ 93.102944, 19.964167 ], [ 93.111194, 19.985806 ], [ 93.114111, 19.988722 ], [ 93.132444, 19.992917 ], [ 93.136222, 20.000806 ], [ 93.135417, 20.017444 ], [ 93.127083, 20.035833 ], [ 93.099611, 20.069972 ], [ 93.07625, 20.114972 ], [ 93.069167, 20.122889 ], [ 93.020833, 20.129583 ], [ 93.015806, 20.12625 ], [ 92.995806, 20.122917 ], [ 92.991611, 20.125389 ], [ 92.971639, 20.133722 ], [ 92.968722, 20.130833 ], [ 92.98125, 20.111667 ], [ 92.987861, 20.090833 ], [ 92.984583, 20.076611 ], [ 92.98875, 20.073278 ], [ 92.983722, 20.071611 ], [ 92.984583, 20.064972 ], [ 92.988361, 20.065417 ], [ 92.993333, 20.057056 ], [ 93.0025, 20.054583 ], [ 93.012083, 20.044139 ], [ 93.008333, 20.04625 ], [ 93.007917, 20.043333 ], [ 93.015806, 20.039528 ], [ 93.034556, 20.020833 ], [ 93.046194, 20.003333 ], [ 93.040861, 20.003722 ], [ 93.039583, 20.0 ], [ 93.039583, 19.996667 ], [ 93.047889, 19.988306 ], [ 93.050389, 19.957472 ] ], [ [ 98.08425, 10.872528 ], [ 98.087139, 10.870472 ], [ 98.101417, 10.880444 ], [ 98.103028, 10.886306 ], [ 98.10725, 10.882111 ], [ 98.111444, 10.882139 ], [ 98.114389, 10.885083 ], [ 98.113444, 10.895056 ], [ 98.117222, 10.892944 ], [ 98.123889, 10.900444 ], [ 98.134806, 10.901333 ], [ 98.141611, 10.895472 ], [ 98.14275, 10.910889 ], [ 98.15025, 10.918361 ], [ 98.149333, 10.923361 ], [ 98.154806, 10.925444 ], [ 98.164861, 10.923806 ], [ 98.165639, 10.929611 ], [ 98.172083, 10.913361 ], [ 98.171306, 10.905917 ], [ 98.175917, 10.903 ], [ 98.180556, 10.904194 ], [ 98.174722, 10.895056 ], [ 98.178111, 10.892556 ], [ 98.176056, 10.882139 ], [ 98.181917, 10.882972 ], [ 98.186472, 10.893361 ], [ 98.193611, 10.897917 ], [ 98.196472, 10.895861 ], [ 98.197917, 10.887083 ], [ 98.204583, 10.887111 ], [ 98.207056, 10.8905 ], [ 98.210889, 10.885861 ], [ 98.214333, 10.868333 ], [ 98.219028, 10.865444 ], [ 98.221806, 10.879222 ], [ 98.218028, 10.889667 ], [ 98.225972, 10.875028 ], [ 98.221111, 10.864222 ], [ 98.222833, 10.852528 ], [ 98.241861, 10.833778 ], [ 98.246889, 10.833806 ], [ 98.250194, 10.841278 ], [ 98.254417, 10.839611 ], [ 98.256528, 10.835028 ], [ 98.249889, 10.824222 ], [ 98.253667, 10.819639 ], [ 98.259111, 10.818389 ], [ 98.248278, 10.813361 ], [ 98.251667, 10.809167 ], [ 98.246667, 10.807556 ], [ 98.245806, 10.801694 ], [ 98.249333, 10.784194 ], [ 98.23675, 10.778361 ], [ 98.238917, 10.772972 ], [ 98.253528, 10.775889 ], [ 98.255389, 10.756694 ], [ 98.251667, 10.754611 ], [ 98.241528, 10.757917 ], [ 98.237833, 10.754194 ], [ 98.236194, 10.746722 ], [ 98.238778, 10.73175 ], [ 98.232056, 10.728389 ], [ 98.233333, 10.723806 ], [ 98.239611, 10.727556 ], [ 98.24475, 10.710056 ], [ 98.252361, 10.708389 ], [ 98.244361, 10.707972 ], [ 98.239861, 10.6975 ], [ 98.231028, 10.696278 ], [ 98.228944, 10.690889 ], [ 98.235278, 10.689639 ], [ 98.241222, 10.692111 ], [ 98.247889, 10.687944 ], [ 98.259611, 10.690444 ], [ 98.268083, 10.687139 ], [ 98.278056, 10.692944 ], [ 98.295139, 10.714194 ], [ 98.287528, 10.717556 ], [ 98.286639, 10.723417 ], [ 98.291667, 10.733417 ], [ 98.301667, 10.734167 ], [ 98.287333, 10.748389 ], [ 98.281306, 10.770028 ], [ 98.291833, 10.767917 ], [ 98.290472, 10.773389 ], [ 98.297611, 10.777139 ], [ 98.307667, 10.772944 ], [ 98.308056, 10.780889 ], [ 98.301778, 10.788806 ], [ 98.295917, 10.787111 ], [ 98.295083, 10.782917 ], [ 98.283722, 10.781694 ], [ 98.283639, 10.791667 ], [ 98.280278, 10.793389 ], [ 98.279278, 10.8175 ], [ 98.284333, 10.821722 ], [ 98.270667, 10.851722 ], [ 98.272333, 10.856722 ], [ 98.260111, 10.861278 ], [ 98.255167, 10.860472 ], [ 98.253917, 10.850861 ], [ 98.249694, 10.851722 ], [ 98.2505, 10.863389 ], [ 98.244528, 10.867556 ], [ 98.236778, 10.900917 ], [ 98.230889, 10.91175 ], [ 98.23325, 10.924222 ], [ 98.227194, 10.943389 ], [ 98.222139, 10.948361 ], [ 98.223806, 10.952556 ], [ 98.221278, 10.959222 ], [ 98.212472, 10.957917 ], [ 98.208278, 10.961306 ], [ 98.201528, 10.961278 ], [ 98.198528, 10.971667 ], [ 98.194694, 10.974583 ], [ 98.189694, 10.973778 ], [ 98.187528, 10.980028 ], [ 98.174472, 10.989639 ], [ 98.167833, 10.979639 ], [ 98.156139, 10.972944 ], [ 98.150639, 10.976722 ], [ 98.148528, 10.982972 ], [ 98.144833, 10.974222 ], [ 98.150722, 10.965056 ], [ 98.144917, 10.960028 ], [ 98.144972, 10.955861 ], [ 98.1395, 10.948778 ], [ 98.1345, 10.949611 ], [ 98.131556, 10.941694 ], [ 98.124944, 10.940056 ], [ 98.126667, 10.927556 ], [ 98.123694, 10.927944 ], [ 98.118722, 10.92125 ], [ 98.117833, 10.926306 ], [ 98.111194, 10.927111 ], [ 98.10325, 10.92 ], [ 98.104083, 10.913361 ], [ 98.095333, 10.908778 ], [ 98.08075, 10.892556 ], [ 98.080778, 10.884167 ], [ 98.087528, 10.880861 ], [ 98.08425, 10.872528 ] ], [ [ 98.154917, 9.970472 ], [ 98.153722, 9.960778 ], [ 98.148722, 9.953278 ], [ 98.139167, 9.949528 ], [ 98.134611, 9.959222 ], [ 98.129194, 9.960417 ], [ 98.128, 9.954972 ], [ 98.120472, 9.946611 ], [ 98.12875, 9.944917 ], [ 98.130444, 9.931639 ], [ 98.12375, 9.931639 ], [ 98.127056, 9.9275 ], [ 98.127083, 9.919917 ], [ 98.122917, 9.916694 ], [ 98.117972, 9.900778 ], [ 98.120889, 9.897917 ], [ 98.127889, 9.899944 ], [ 98.130472, 9.880833 ], [ 98.117861, 9.862472 ], [ 98.119528, 9.858417 ], [ 98.117028, 9.844083 ], [ 98.119944, 9.84375 ], [ 98.129194, 9.853722 ], [ 98.136667, 9.854611 ], [ 98.137889, 9.845 ], [ 98.135417, 9.839194 ], [ 98.139917, 9.837083 ], [ 98.143667, 9.839972 ], [ 98.146222, 9.850778 ], [ 98.154056, 9.853667 ], [ 98.158694, 9.86 ], [ 98.158778, 9.871722 ], [ 98.162944, 9.877472 ], [ 98.168306, 9.882083 ], [ 98.173694, 9.882417 ], [ 98.172556, 9.887028 ], [ 98.165806, 9.887 ], [ 98.16625, 9.890861 ], [ 98.162083, 9.894167 ], [ 98.164083, 9.897056 ], [ 98.172472, 9.897083 ], [ 98.175361, 9.901611 ], [ 98.177083, 9.910806 ], [ 98.171611, 9.907917 ], [ 98.171222, 9.914972 ], [ 98.186611, 9.922083 ], [ 98.194194, 9.915444 ], [ 98.197917, 9.920806 ], [ 98.19875, 9.929972 ], [ 98.203333, 9.935333 ], [ 98.214972, 9.932028 ], [ 98.221611, 9.937917 ], [ 98.229167, 9.937917 ], [ 98.23575, 9.957056 ], [ 98.242083, 9.954944 ], [ 98.244139, 9.947889 ], [ 98.249111, 9.951222 ], [ 98.253389, 9.947917 ], [ 98.25625, 9.964972 ], [ 98.252833, 9.970778 ], [ 98.252917, 9.978222 ], [ 98.262917, 9.987444 ], [ 98.264583, 9.9975 ], [ 98.262444, 9.997889 ], [ 98.268083, 10.00925 ], [ 98.279444, 10.012139 ], [ 98.292917, 10.009667 ], [ 98.289861, 10.014194 ], [ 98.294917, 10.014194 ], [ 98.294028, 10.019194 ], [ 98.296111, 10.019667 ], [ 98.299083, 10.018389 ], [ 98.299083, 10.010056 ], [ 98.301306, 10.008806 ], [ 98.310861, 10.01675 ], [ 98.311639, 10.028361 ], [ 98.307806, 10.033806 ], [ 98.306222, 10.027139 ], [ 98.302, 10.027139 ], [ 98.299, 10.029194 ], [ 98.299333, 10.036306 ], [ 98.295222, 10.037111 ], [ 98.291056, 10.032972 ], [ 98.290972, 10.038833 ], [ 98.280917, 10.034611 ], [ 98.283833, 10.040889 ], [ 98.280028, 10.044667 ], [ 98.274556, 10.04425 ], [ 98.2825, 10.047139 ], [ 98.288417, 10.042944 ], [ 98.295972, 10.0455 ], [ 98.302722, 10.043778 ], [ 98.305611, 10.049194 ], [ 98.301806, 10.048778 ], [ 98.300028, 10.053778 ], [ 98.290028, 10.055472 ], [ 98.288278, 10.060472 ], [ 98.274889, 10.057972 ], [ 98.269833, 10.062139 ], [ 98.264861, 10.058 ], [ 98.261444, 10.061333 ], [ 98.257306, 10.055472 ], [ 98.246389, 10.059639 ], [ 98.246806, 10.052556 ], [ 98.236361, 10.049667 ], [ 98.232583, 10.045861 ], [ 98.236806, 10.042556 ], [ 98.228389, 10.040056 ], [ 98.226861, 10.027528 ], [ 98.220639, 10.018806 ], [ 98.216, 10.019194 ], [ 98.221889, 10.023389 ], [ 98.220611, 10.027111 ], [ 98.205417, 10.025472 ], [ 98.194583, 10.029639 ], [ 98.187417, 10.025083 ], [ 98.186611, 10.018361 ], [ 98.179167, 10.014222 ], [ 98.1775, 10.008417 ], [ 98.180056, 10.002556 ], [ 98.176889, 10.0 ], [ 98.173667, 9.999111 ], [ 98.167056, 9.979972 ], [ 98.154917, 9.970472 ] ], [ [ 93.399528, 19.940806 ], [ 93.404583, 19.936667 ], [ 93.400861, 19.929556 ], [ 93.397083, 19.930833 ], [ 93.397056, 19.9275 ], [ 93.399972, 19.922889 ], [ 93.404167, 19.924556 ], [ 93.407917, 19.919139 ], [ 93.407889, 19.914167 ], [ 93.412944, 19.909944 ], [ 93.411222, 19.906639 ], [ 93.414556, 19.904972 ], [ 93.427889, 19.878306 ], [ 93.430417, 19.869167 ], [ 93.427111, 19.861667 ], [ 93.429583, 19.855 ], [ 93.427917, 19.845833 ], [ 93.43375, 19.8275 ], [ 93.432889, 19.82 ], [ 93.443722, 19.796667 ], [ 93.44375, 19.785833 ], [ 93.455028, 19.776278 ], [ 93.466694, 19.772056 ], [ 93.466694, 19.767861 ], [ 93.482472, 19.760417 ], [ 93.492472, 19.760389 ], [ 93.501667, 19.770417 ], [ 93.495389, 19.756639 ], [ 93.502083, 19.752444 ], [ 93.504611, 19.739972 ], [ 93.512444, 19.732056 ], [ 93.514556, 19.745 ], [ 93.522889, 19.753306 ], [ 93.522139, 19.759167 ], [ 93.513722, 19.769167 ], [ 93.512889, 19.778361 ], [ 93.504583, 19.793361 ], [ 93.499583, 19.823306 ], [ 93.489583, 19.828333 ], [ 93.5025, 19.82625 ], [ 93.51375, 19.851694 ], [ 93.515417, 19.864139 ], [ 93.505028, 19.874611 ], [ 93.497917, 19.874167 ], [ 93.50375, 19.876667 ], [ 93.5, 19.877083 ], [ 93.499583, 19.880806 ], [ 93.509556, 19.8875 ], [ 93.502889, 19.888333 ], [ 93.504556, 19.896639 ], [ 93.497472, 19.90625 ], [ 93.496694, 19.887889 ], [ 93.494139, 19.905389 ], [ 93.490361, 19.904139 ], [ 93.490778, 19.900417 ], [ 93.488306, 19.90375 ], [ 93.484194, 19.902083 ], [ 93.478306, 19.905389 ], [ 93.476667, 19.89625 ], [ 93.474972, 19.905389 ], [ 93.4625, 19.912083 ], [ 93.46, 19.910417 ], [ 93.459528, 19.916611 ], [ 93.453722, 19.920806 ], [ 93.447083, 19.935 ], [ 93.440417, 19.940833 ], [ 93.429972, 19.958694 ], [ 93.410806, 19.95875 ], [ 93.399167, 19.967889 ], [ 93.393778, 19.958306 ], [ 93.393778, 19.955 ], [ 93.400389, 19.944139 ], [ 93.399528, 19.940806 ] ], [ [ 91.077028, 22.639917 ], [ 91.082889, 22.631556 ], [ 91.085333, 22.606583 ], [ 91.106639, 22.575361 ], [ 91.11825, 22.5745 ], [ 91.144917, 22.580333 ], [ 91.155833, 22.587861 ], [ 91.163306, 22.587028 ], [ 91.167917, 22.599917 ], [ 91.174917, 22.605333 ], [ 91.177028, 22.603222 ], [ 91.168694, 22.589083 ], [ 91.171639, 22.587 ], [ 91.184972, 22.587833 ], [ 91.187083, 22.592444 ], [ 91.183694, 22.594944 ], [ 91.190361, 22.604917 ], [ 91.187444, 22.623639 ], [ 91.194528, 22.613222 ], [ 91.191194, 22.598222 ], [ 91.193306, 22.592861 ], [ 91.203306, 22.597 ], [ 91.208722, 22.605778 ], [ 91.208722, 22.624917 ], [ 91.191194, 22.654083 ], [ 91.162417, 22.682028 ], [ 91.149972, 22.6895 ], [ 91.136639, 22.687861 ], [ 91.129139, 22.692028 ], [ 91.111611, 22.695361 ], [ 91.099111, 22.692806 ], [ 91.085806, 22.6945 ], [ 91.059111, 22.683667 ], [ 91.0545, 22.677417 ], [ 91.054528, 22.671583 ], [ 91.074528, 22.651583 ], [ 91.077028, 22.639917 ] ], [ [ 98.010778, 12.380417 ], [ 98.017528, 12.382056 ], [ 98.018306, 12.385389 ], [ 98.020833, 12.380417 ], [ 98.02375, 12.382472 ], [ 98.020389, 12.392528 ], [ 98.026222, 12.405806 ], [ 98.029583, 12.407472 ], [ 98.028333, 12.410417 ], [ 98.024167, 12.410389 ], [ 98.018361, 12.402917 ], [ 98.008333, 12.397056 ], [ 98.003333, 12.387056 ], [ 97.994139, 12.383722 ], [ 97.992944, 12.3925 ], [ 97.99, 12.392889 ], [ 97.980417, 12.383333 ], [ 97.974194, 12.368778 ], [ 97.972944, 12.375833 ], [ 97.976694, 12.387889 ], [ 97.97, 12.388722 ], [ 97.955028, 12.381278 ], [ 97.951222, 12.368333 ], [ 97.956278, 12.359111 ], [ 97.945, 12.359583 ], [ 97.941222, 12.354972 ], [ 97.937917, 12.333333 ], [ 97.944194, 12.331222 ], [ 97.952889, 12.345833 ], [ 97.962083, 12.352472 ], [ 97.96125, 12.357472 ], [ 97.969583, 12.3625 ], [ 97.967917, 12.351639 ], [ 97.97625, 12.341611 ], [ 97.965833, 12.338778 ], [ 97.948333, 12.327917 ], [ 97.942889, 12.313306 ], [ 97.955, 12.316222 ], [ 97.960806, 12.322028 ], [ 97.960806, 12.318778 ], [ 97.970389, 12.315833 ], [ 97.971667, 12.305389 ], [ 97.973333, 12.31125 ], [ 97.977472, 12.312056 ], [ 97.977917, 12.304139 ], [ 97.987056, 12.2975 ], [ 97.994556, 12.286694 ], [ 97.993722, 12.2775 ], [ 98.009111, 12.265417 ], [ 98.009583, 12.28 ], [ 98.003722, 12.301694 ], [ 98.010806, 12.297917 ], [ 98.030417, 12.311667 ], [ 98.027917, 12.313306 ], [ 98.03, 12.318722 ], [ 98.03625, 12.316667 ], [ 98.034972, 12.311278 ], [ 98.046222, 12.319111 ], [ 98.051611, 12.327917 ], [ 98.057056, 12.33 ], [ 98.059611, 12.340806 ], [ 98.069556, 12.344972 ], [ 98.064972, 12.352083 ], [ 98.060417, 12.350806 ], [ 98.06, 12.357056 ], [ 98.076667, 12.36125 ], [ 98.082861, 12.359139 ], [ 98.081278, 12.355 ], [ 98.084111, 12.352889 ], [ 98.092472, 12.354583 ], [ 98.098333, 12.365389 ], [ 98.10625, 12.3675 ], [ 98.107083, 12.385806 ], [ 98.110389, 12.390806 ], [ 98.107917, 12.397472 ], [ 98.111667, 12.39375 ], [ 98.119139, 12.39625 ], [ 98.121667, 12.393722 ], [ 98.122861, 12.397528 ], [ 98.115, 12.397889 ], [ 98.109528, 12.402472 ], [ 98.112528, 12.407889 ], [ 98.104972, 12.404583 ], [ 98.098306, 12.408694 ], [ 98.10125, 12.418278 ], [ 98.094972, 12.424528 ], [ 98.093333, 12.42125 ], [ 98.090417, 12.423306 ], [ 98.088722, 12.426639 ], [ 98.093333, 12.425389 ], [ 98.093722, 12.429972 ], [ 98.089972, 12.431222 ], [ 98.080361, 12.425806 ], [ 98.082861, 12.411694 ], [ 98.079556, 12.41 ], [ 98.077917, 12.404139 ], [ 98.068306, 12.400444 ], [ 98.064583, 12.395833 ], [ 98.065, 12.39125 ], [ 98.056667, 12.387889 ], [ 98.048306, 12.37625 ], [ 98.04375, 12.375778 ], [ 98.047917, 12.369139 ], [ 98.047889, 12.359139 ], [ 98.044972, 12.355389 ], [ 98.037472, 12.35125 ], [ 98.029111, 12.351222 ], [ 98.02625, 12.355861 ], [ 98.027111, 12.363306 ], [ 98.024167, 12.364583 ], [ 98.019111, 12.35375 ], [ 98.004222, 12.350444 ], [ 97.994944, 12.337028 ], [ 97.997889, 12.345833 ], [ 97.989556, 12.344139 ], [ 97.99625, 12.348361 ], [ 97.99625, 12.354167 ], [ 98.011667, 12.354583 ], [ 98.012917, 12.356667 ], [ 98.003306, 12.36875 ], [ 98.0, 12.365389 ], [ 97.999583, 12.365833 ], [ 98.0075, 12.384556 ], [ 98.010778, 12.380417 ] ], [ [ 98.041194, 12.205806 ], [ 98.043722, 12.2025 ], [ 98.042472, 12.196222 ], [ 98.053333, 12.195417 ], [ 98.064556, 12.189139 ], [ 98.063694, 12.182472 ], [ 98.072472, 12.16125 ], [ 98.074972, 12.162056 ], [ 98.077444, 12.157944 ], [ 98.094139, 12.156278 ], [ 98.095806, 12.162889 ], [ 98.109972, 12.165389 ], [ 98.122111, 12.158306 ], [ 98.120361, 12.149972 ], [ 98.124583, 12.146667 ], [ 98.126639, 12.136222 ], [ 98.13125, 12.139972 ], [ 98.130833, 12.144556 ], [ 98.133694, 12.1375 ], [ 98.139139, 12.13625 ], [ 98.140833, 12.132889 ], [ 98.147889, 12.1375 ], [ 98.146639, 12.146222 ], [ 98.140806, 12.143722 ], [ 98.134556, 12.1475 ], [ 98.136222, 12.153306 ], [ 98.132861, 12.16 ], [ 98.132944, 12.17 ], [ 98.130389, 12.169139 ], [ 98.137083, 12.175 ], [ 98.136194, 12.178333 ], [ 98.141222, 12.180028 ], [ 98.140389, 12.185 ], [ 98.145, 12.186222 ], [ 98.145389, 12.189167 ], [ 98.141639, 12.192083 ], [ 98.135, 12.189528 ], [ 98.135, 12.192917 ], [ 98.129972, 12.189583 ], [ 98.123361, 12.201222 ], [ 98.116639, 12.20125 ], [ 98.112444, 12.192917 ], [ 98.108306, 12.196222 ], [ 98.102472, 12.192861 ], [ 98.096222, 12.194972 ], [ 98.106667, 12.197889 ], [ 98.113722, 12.208361 ], [ 98.119611, 12.211639 ], [ 98.124611, 12.2275 ], [ 98.129556, 12.231667 ], [ 98.127083, 12.2375 ], [ 98.130389, 12.242528 ], [ 98.127056, 12.244972 ], [ 98.134556, 12.253333 ], [ 98.127056, 12.258361 ], [ 98.129972, 12.262889 ], [ 98.137444, 12.260389 ], [ 98.137917, 12.263333 ], [ 98.134972, 12.269583 ], [ 98.126222, 12.267472 ], [ 98.127083, 12.270806 ], [ 98.124583, 12.272472 ], [ 98.129222, 12.271222 ], [ 98.135417, 12.279167 ], [ 98.13, 12.286278 ], [ 98.120778, 12.287889 ], [ 98.119167, 12.284556 ], [ 98.109972, 12.28625 ], [ 98.104167, 12.283778 ], [ 98.091639, 12.291194 ], [ 98.078333, 12.289556 ], [ 98.077083, 12.299194 ], [ 98.074972, 12.299583 ], [ 98.07125, 12.2925 ], [ 98.072083, 12.288306 ], [ 98.065806, 12.287083 ], [ 98.063333, 12.280417 ], [ 98.060361, 12.281611 ], [ 98.059111, 12.272889 ], [ 98.055444, 12.274139 ], [ 98.05875, 12.265833 ], [ 98.05375, 12.259139 ], [ 98.055417, 12.249167 ], [ 98.050778, 12.250417 ], [ 98.047889, 12.247472 ], [ 98.049583, 12.242472 ], [ 98.046639, 12.239528 ], [ 98.04125, 12.240833 ], [ 98.042889, 12.231667 ], [ 98.040417, 12.215806 ], [ 98.04375, 12.214139 ], [ 98.037944, 12.213333 ], [ 98.037083, 12.212472 ], [ 98.045389, 12.206639 ], [ 98.041194, 12.205806 ] ], [ [ 90.529611, 22.001667 ], [ 90.533361, 22.000417 ], [ 90.54875, 22.014167 ], [ 90.561222, 22.041639 ], [ 90.566222, 22.045 ], [ 90.569583, 22.085 ], [ 90.582889, 22.117472 ], [ 90.58125, 22.128361 ], [ 90.569194, 22.142889 ], [ 90.545833, 22.128722 ], [ 90.545833, 22.132056 ], [ 90.530861, 22.133722 ], [ 90.530861, 22.122889 ], [ 90.527056, 22.131667 ], [ 90.522472, 22.13125 ], [ 90.505444, 22.114139 ], [ 90.504583, 22.108333 ], [ 90.512028, 22.105 ], [ 90.509111, 22.102889 ], [ 90.498361, 22.103694 ], [ 90.492917, 22.0975 ], [ 90.485389, 22.067444 ], [ 90.483722, 22.045806 ], [ 90.489139, 22.042056 ], [ 90.500028, 22.050417 ], [ 90.494556, 22.039139 ], [ 90.495806, 22.03125 ], [ 90.505444, 22.036611 ], [ 90.5225, 22.062917 ], [ 90.538722, 22.066667 ], [ 90.511278, 22.039972 ], [ 90.494611, 22.013361 ], [ 90.494611, 22.009111 ], [ 90.499167, 22.007056 ], [ 90.50625, 22.014167 ], [ 90.501194, 22.003306 ], [ 90.505806, 21.99625 ], [ 90.526639, 21.997889 ], [ 90.527889, 21.999167 ], [ 90.529972, 22.007861 ], [ 90.529611, 22.001667 ] ], [ [ 98.287056, 12.953361 ], [ 98.292917, 12.949111 ], [ 98.299556, 12.937472 ], [ 98.302889, 12.919167 ], [ 98.31, 12.912083 ], [ 98.306278, 12.925833 ], [ 98.307917, 12.945833 ], [ 98.299528, 12.966639 ], [ 98.297083, 12.988361 ], [ 98.29875, 13.000806 ], [ 98.296278, 13.004139 ], [ 98.298694, 13.01 ], [ 98.293722, 13.037472 ], [ 98.300806, 13.051222 ], [ 98.303333, 13.049556 ], [ 98.31, 13.052056 ], [ 98.31, 13.05625 ], [ 98.316694, 13.056194 ], [ 98.319111, 13.059556 ], [ 98.327083, 13.061639 ], [ 98.320444, 13.069139 ], [ 98.323306, 13.074528 ], [ 98.335833, 13.072917 ], [ 98.337861, 13.0775 ], [ 98.333278, 13.083694 ], [ 98.326639, 13.085389 ], [ 98.325833, 13.088722 ], [ 98.31, 13.094611 ], [ 98.30375, 13.089139 ], [ 98.307917, 13.085806 ], [ 98.304556, 13.076667 ], [ 98.297917, 13.077528 ], [ 98.294556, 13.088361 ], [ 98.295389, 13.106667 ], [ 98.28375, 13.124167 ], [ 98.284556, 13.139139 ], [ 98.27875, 13.145833 ], [ 98.273722, 13.179139 ], [ 98.264556, 13.193333 ], [ 98.261194, 13.214167 ], [ 98.254972, 13.219556 ], [ 98.248361, 13.211222 ], [ 98.24, 13.217056 ], [ 98.237083, 13.208306 ], [ 98.240389, 13.201667 ], [ 98.234556, 13.189972 ], [ 98.246222, 13.185028 ], [ 98.247111, 13.174972 ], [ 98.250361, 13.170806 ], [ 98.242083, 13.165778 ], [ 98.24375, 13.152472 ], [ 98.239556, 13.144194 ], [ 98.241222, 13.137472 ], [ 98.24625, 13.135806 ], [ 98.243722, 13.129139 ], [ 98.251222, 13.120778 ], [ 98.248722, 13.119111 ], [ 98.252056, 13.11 ], [ 98.249583, 13.105 ], [ 98.254583, 13.098306 ], [ 98.253722, 13.089972 ], [ 98.262083, 13.061639 ], [ 98.273778, 13.044944 ], [ 98.280417, 13.014139 ], [ 98.285444, 13.011694 ], [ 98.287083, 13.0 ], [ 98.286222, 12.999167 ], [ 98.292083, 12.973361 ], [ 98.287056, 12.953361 ] ], [ [ 98.268389, 9.028778 ], [ 98.290083, 9.027833 ], [ 98.289194, 9.041278 ], [ 98.295, 9.033694 ], [ 98.305056, 9.035333 ], [ 98.307111, 9.036722 ], [ 98.305361, 9.049972 ], [ 98.310389, 9.060833 ], [ 98.314139, 9.052861 ], [ 98.3175, 9.052861 ], [ 98.320361, 9.061722 ], [ 98.330417, 9.064111 ], [ 98.3345, 9.073306 ], [ 98.332167, 9.077528 ], [ 98.337917, 9.079167 ], [ 98.33125, 9.100806 ], [ 98.324583, 9.104972 ], [ 98.327917, 9.109167 ], [ 98.326306, 9.115778 ], [ 98.317472, 9.124611 ], [ 98.31125, 9.122472 ], [ 98.312083, 9.135861 ], [ 98.306639, 9.137 ], [ 98.302917, 9.124167 ], [ 98.292472, 9.114556 ], [ 98.289583, 9.116694 ], [ 98.298806, 9.126639 ], [ 98.302, 9.144972 ], [ 98.3005, 9.155889 ], [ 98.292111, 9.158333 ], [ 98.294583, 9.161667 ], [ 98.292444, 9.165389 ], [ 98.264972, 9.164583 ], [ 98.262111, 9.16075 ], [ 98.263722, 9.139139 ], [ 98.258694, 9.126667 ], [ 98.253333, 9.12625 ], [ 98.252056, 9.123333 ], [ 98.253722, 9.074972 ], [ 98.249583, 9.041667 ], [ 98.249611, 9.030861 ], [ 98.2525, 9.026278 ], [ 98.268389, 9.028778 ] ], [ [ 98.606667, 11.741222 ], [ 98.617056, 11.731639 ], [ 98.608722, 11.725778 ], [ 98.610833, 11.717056 ], [ 98.628306, 11.711278 ], [ 98.644972, 11.69625 ], [ 98.665, 11.684556 ], [ 98.676667, 11.682056 ], [ 98.685833, 11.675389 ], [ 98.69, 11.677917 ], [ 98.69625, 11.672472 ], [ 98.694556, 11.684139 ], [ 98.699167, 11.689528 ], [ 98.702056, 11.688333 ], [ 98.703333, 11.69625 ], [ 98.712889, 11.700806 ], [ 98.715389, 11.708333 ], [ 98.701194, 11.721639 ], [ 98.702861, 11.742472 ], [ 98.694528, 11.748278 ], [ 98.694194, 11.757917 ], [ 98.675806, 11.757917 ], [ 98.669139, 11.772083 ], [ 98.650778, 11.773722 ], [ 98.629139, 11.790417 ], [ 98.623333, 11.79125 ], [ 98.612111, 11.770806 ], [ 98.596667, 11.762917 ], [ 98.594583, 11.758306 ], [ 98.594583, 11.757444 ], [ 98.598333, 11.744528 ], [ 98.606667, 11.741222 ] ], [ [ 90.422056, 21.940833 ], [ 90.405806, 21.952889 ], [ 90.390389, 21.934944 ], [ 90.397917, 21.906639 ], [ 90.410806, 21.902889 ], [ 90.413333, 21.899528 ], [ 90.441611, 21.914528 ], [ 90.451639, 21.927944 ], [ 90.462139, 21.934167 ], [ 90.467111, 21.954139 ], [ 90.474583, 21.969111 ], [ 90.474139, 21.979583 ], [ 90.477917, 21.968306 ], [ 90.471278, 21.957472 ], [ 90.471667, 21.945389 ], [ 90.475778, 21.94625 ], [ 90.483694, 21.956639 ], [ 90.481222, 21.969167 ], [ 90.483778, 21.985028 ], [ 90.47875, 22.001639 ], [ 90.459167, 22.027083 ], [ 90.437444, 22.034556 ], [ 90.4325, 22.040417 ], [ 90.419139, 22.037861 ], [ 90.417028, 22.031639 ], [ 90.424556, 22.016639 ], [ 90.420389, 22.0 ], [ 90.419583, 21.999167 ], [ 90.408694, 21.954944 ], [ 90.422056, 21.940833 ] ], [ [ 92.9875, 19.990444 ], [ 92.983278, 19.992028 ], [ 92.983694, 19.988306 ], [ 92.980389, 19.989111 ], [ 92.979611, 20.004139 ], [ 92.974583, 20.010806 ], [ 92.975444, 20.024111 ], [ 92.962056, 20.046667 ], [ 92.962056, 20.060778 ], [ 92.95625, 20.071611 ], [ 92.957083, 20.075 ], [ 92.948333, 20.077917 ], [ 92.939167, 20.077056 ], [ 92.934972, 20.08125 ], [ 92.929972, 20.08125 ], [ 92.928278, 20.075389 ], [ 92.922444, 20.073722 ], [ 92.921222, 20.084167 ], [ 92.928778, 20.089167 ], [ 92.92875, 20.0925 ], [ 92.925028, 20.092889 ], [ 92.91875, 20.085833 ], [ 92.914556, 20.061611 ], [ 92.928722, 20.049972 ], [ 92.930417, 20.040806 ], [ 92.927861, 20.037472 ], [ 92.936278, 20.0175 ], [ 92.949556, 20.0 ], [ 92.97875, 19.944139 ], [ 92.984556, 19.939139 ], [ 92.989528, 19.9275 ], [ 93.000861, 19.917833 ], [ 93.012083, 19.902528 ], [ 93.014556, 19.890806 ], [ 93.008722, 19.884944 ], [ 93.017056, 19.852472 ], [ 93.023722, 19.839972 ], [ 93.024556, 19.818333 ], [ 93.027472, 19.815417 ], [ 93.031222, 19.861667 ], [ 93.035444, 19.874972 ], [ 93.026278, 19.897472 ], [ 93.027056, 19.902528 ], [ 93.016306, 19.936667 ], [ 93.007056, 19.946639 ], [ 93.000861, 19.967944 ], [ 93.0, 19.96875 ], [ 92.989528, 19.982528 ], [ 92.9875, 19.990444 ] ], [ [ 98.008306, 11.82125 ], [ 98.01125, 11.813333 ], [ 98.017861, 11.806639 ], [ 98.017917, 11.795833 ], [ 98.012917, 11.7875 ], [ 98.015833, 11.787917 ], [ 98.024556, 11.7775 ], [ 98.024528, 11.770833 ], [ 98.011222, 11.760806 ], [ 98.012111, 11.755806 ], [ 98.017528, 11.756222 ], [ 98.019139, 11.761222 ], [ 98.022472, 11.760389 ], [ 98.024139, 11.763778 ], [ 98.029139, 11.764528 ], [ 98.031194, 11.76 ], [ 98.028694, 11.757472 ], [ 98.034556, 11.754167 ], [ 98.034167, 11.747083 ], [ 98.029944, 11.750417 ], [ 98.028278, 11.747083 ], [ 98.023306, 11.748722 ], [ 98.019528, 11.745833 ], [ 98.016278, 11.738306 ], [ 98.017083, 11.732444 ], [ 98.021611, 11.732917 ], [ 98.022917, 11.73 ], [ 98.019528, 11.729139 ], [ 98.015361, 11.721639 ], [ 98.021667, 11.719556 ], [ 98.028333, 11.723694 ], [ 98.031639, 11.71625 ], [ 98.039556, 11.723333 ], [ 98.040417, 11.7125 ], [ 98.035861, 11.712889 ], [ 98.031222, 11.705806 ], [ 98.034556, 11.699139 ], [ 98.028278, 11.69625 ], [ 98.027889, 11.7075 ], [ 98.024167, 11.709556 ], [ 98.020861, 11.702889 ], [ 98.016194, 11.700806 ], [ 98.017056, 11.688306 ], [ 98.022472, 11.687917 ], [ 98.027472, 11.67875 ], [ 98.030028, 11.682083 ], [ 98.035778, 11.680444 ], [ 98.037472, 11.685444 ], [ 98.041667, 11.684583 ], [ 98.041222, 11.677472 ], [ 98.051222, 11.671639 ], [ 98.05375, 11.657472 ], [ 98.05125, 11.654139 ], [ 98.056222, 11.651611 ], [ 98.05625, 11.645028 ], [ 98.061667, 11.642056 ], [ 98.064972, 11.645389 ], [ 98.065, 11.639583 ], [ 98.070806, 11.645417 ], [ 98.070444, 11.641667 ], [ 98.074944, 11.642028 ], [ 98.077472, 11.63625 ], [ 98.086667, 11.637889 ], [ 98.088722, 11.6325 ], [ 98.08625, 11.625833 ], [ 98.091611, 11.623778 ], [ 98.097083, 11.627472 ], [ 98.089556, 11.641694 ], [ 98.09375, 11.643306 ], [ 98.094583, 11.649972 ], [ 98.083306, 11.648722 ], [ 98.07, 11.662056 ], [ 98.066694, 11.66125 ], [ 98.062083, 11.665833 ], [ 98.067472, 11.667917 ], [ 98.070806, 11.665389 ], [ 98.070444, 11.674972 ], [ 98.074167, 11.67625 ], [ 98.077472, 11.672889 ], [ 98.077917, 11.679139 ], [ 98.075806, 11.684583 ], [ 98.072472, 11.683722 ], [ 98.068333, 11.690417 ], [ 98.063722, 11.691667 ], [ 98.063333, 11.695389 ], [ 98.054556, 11.694167 ], [ 98.059972, 11.700389 ], [ 98.078306, 11.699583 ], [ 98.08125, 11.701667 ], [ 98.08375, 11.708333 ], [ 98.082889, 11.7225 ], [ 98.086222, 11.722472 ], [ 98.084556, 11.731639 ], [ 98.09125, 11.738333 ], [ 98.085806, 11.741222 ], [ 98.080028, 11.729556 ], [ 98.075417, 11.729139 ], [ 98.075389, 11.720806 ], [ 98.068361, 11.71625 ], [ 98.06625, 11.716667 ], [ 98.066639, 11.723722 ], [ 98.054583, 11.724139 ], [ 98.055778, 11.730389 ], [ 98.065389, 11.734167 ], [ 98.049556, 11.745833 ], [ 98.056667, 11.74625 ], [ 98.054583, 11.753306 ], [ 98.060417, 11.756667 ], [ 98.0575, 11.758722 ], [ 98.05, 11.757083 ], [ 98.045389, 11.760806 ], [ 98.049556, 11.761667 ], [ 98.051639, 11.767083 ], [ 98.060861, 11.763722 ], [ 98.061639, 11.769583 ], [ 98.06875, 11.772472 ], [ 98.063722, 11.774111 ], [ 98.064139, 11.777056 ], [ 98.042083, 11.778306 ], [ 98.040417, 11.782472 ], [ 98.042472, 11.786222 ], [ 98.048306, 11.782917 ], [ 98.05625, 11.784139 ], [ 98.05125, 11.789194 ], [ 98.052889, 11.792472 ], [ 98.050833, 11.794583 ], [ 98.043333, 11.788694 ], [ 98.038722, 11.796667 ], [ 98.031639, 11.801222 ], [ 98.02125, 11.800806 ], [ 98.012083, 11.830806 ], [ 98.015417, 11.844194 ], [ 98.024583, 11.850806 ], [ 98.024167, 11.855417 ], [ 98.011667, 11.856222 ], [ 98.007083, 11.853333 ], [ 98.010417, 11.838306 ], [ 98.000833, 11.82875 ], [ 98.0, 11.82875 ], [ 98.000389, 11.821611 ], [ 98.008306, 11.82125 ] ], [ [ 91.843333, 21.722944 ], [ 91.845389, 21.726611 ], [ 91.841194, 21.727444 ], [ 91.847056, 21.731639 ], [ 91.852056, 21.744167 ], [ 91.847083, 21.742472 ], [ 91.847083, 21.759972 ], [ 91.852917, 21.770833 ], [ 91.862889, 21.780778 ], [ 91.870389, 21.800806 ], [ 91.873778, 21.8175 ], [ 91.873722, 21.831611 ], [ 91.871222, 21.835 ], [ 91.876639, 21.842944 ], [ 91.876194, 21.820806 ], [ 91.879194, 21.819556 ], [ 91.894556, 21.853333 ], [ 91.897889, 21.874972 ], [ 91.893694, 21.894167 ], [ 91.882944, 21.9175 ], [ 91.873361, 21.927917 ], [ 91.865778, 21.925417 ], [ 91.84125, 21.902472 ], [ 91.844556, 21.885 ], [ 91.840389, 21.873333 ], [ 91.839611, 21.858333 ], [ 91.845417, 21.845833 ], [ 91.84875, 21.819167 ], [ 91.84125, 21.7975 ], [ 91.842944, 21.778333 ], [ 91.832917, 21.763306 ], [ 91.832889, 21.751667 ], [ 91.836222, 21.725806 ], [ 91.843333, 21.722944 ] ], [ [ 98.547917, 11.034972 ], [ 98.542917, 11.040806 ], [ 98.544583, 11.054139 ], [ 98.538778, 11.059139 ], [ 98.538722, 11.074111 ], [ 98.534556, 11.081639 ], [ 98.532889, 11.099139 ], [ 98.528278, 11.102861 ], [ 98.527111, 11.088333 ], [ 98.517861, 11.070806 ], [ 98.522917, 11.044111 ], [ 98.513361, 11.027028 ], [ 98.502083, 11.021639 ], [ 98.518306, 11.015389 ], [ 98.51875, 11.012528 ], [ 98.506611, 11.016222 ], [ 98.506667, 11.013694 ], [ 98.514611, 11.01 ], [ 98.509944, 11.01125 ], [ 98.509167, 11.007056 ], [ 98.504139, 11.012028 ], [ 98.501639, 11.007889 ], [ 98.502889, 11.018361 ], [ 98.494972, 11.026278 ], [ 98.492083, 11.014139 ], [ 98.483778, 11.006667 ], [ 98.482, 11.0 ], [ 98.47525, 10.992556 ], [ 98.472056, 10.980028 ], [ 98.475, 10.979611 ], [ 98.482056, 10.985889 ], [ 98.479583, 10.981694 ], [ 98.480472, 10.971694 ], [ 98.488028, 10.967528 ], [ 98.481361, 10.956722 ], [ 98.488583, 10.949611 ], [ 98.491944, 10.948806 ], [ 98.492361, 10.954222 ], [ 98.49775, 10.957944 ], [ 98.505778, 10.958361 ], [ 98.500722, 10.948361 ], [ 98.507139, 10.938778 ], [ 98.509222, 10.942528 ], [ 98.505778, 10.950917 ], [ 98.512472, 10.955 ], [ 98.519889, 10.965861 ], [ 98.514861, 10.973306 ], [ 98.515222, 10.977917 ], [ 98.52025, 10.977917 ], [ 98.535917, 10.964167 ], [ 98.537694, 10.950778 ], [ 98.544361, 10.95 ], [ 98.544778, 10.954583 ], [ 98.540111, 10.953306 ], [ 98.546, 10.959972 ], [ 98.542528, 10.973306 ], [ 98.550833, 10.9825 ], [ 98.550806, 10.990833 ], [ 98.55075, 10.999167 ], [ 98.552083, 11.017444 ], [ 98.547917, 11.034972 ] ], [ [ 91.137444, 22.700306 ], [ 91.145, 22.699472 ], [ 91.176639, 22.681167 ], [ 91.250333, 22.604111 ], [ 91.262417, 22.576194 ], [ 91.269972, 22.577833 ], [ 91.278667, 22.584917 ], [ 91.281194, 22.61075 ], [ 91.278722, 22.640722 ], [ 91.269528, 22.659083 ], [ 91.254083, 22.6745 ], [ 91.199944, 22.6895 ], [ 91.176583, 22.689528 ], [ 91.159944, 22.698694 ], [ 91.141639, 22.714472 ], [ 91.131667, 22.713667 ], [ 91.127056, 22.709944 ], [ 91.127056, 22.708278 ], [ 91.129139, 22.697 ], [ 91.137444, 22.700306 ] ], [ [ 98.276667, 9.01375 ], [ 98.261667, 9.012861 ], [ 98.254556, 9.005889 ], [ 98.262056, 8.984972 ], [ 98.267917, 8.947472 ], [ 98.252056, 8.908333 ], [ 98.267056, 8.888306 ], [ 98.273333, 8.86375 ], [ 98.287083, 8.894944 ], [ 98.290417, 8.918333 ], [ 98.295, 8.925417 ], [ 98.298778, 8.924139 ], [ 98.300417, 8.928361 ], [ 98.297917, 8.938333 ], [ 98.303333, 8.942083 ], [ 98.31125, 8.9425 ], [ 98.32625, 8.979167 ], [ 98.32625, 8.984972 ], [ 98.322472, 8.989556 ], [ 98.301667, 8.999556 ], [ 98.298306, 8.999556 ], [ 98.279111, 9.006222 ], [ 98.276667, 9.01375 ] ], [ [ 98.503833, 10.870833 ], [ 98.498944, 10.855861 ], [ 98.505611, 10.850861 ], [ 98.50825, 10.840889 ], [ 98.50825, 10.830889 ], [ 98.504139, 10.825889 ], [ 98.521, 10.816722 ], [ 98.511361, 10.811306 ], [ 98.506389, 10.803778 ], [ 98.500972, 10.802556 ], [ 98.496806, 10.790889 ], [ 98.502361, 10.787111 ], [ 98.513194, 10.789667 ], [ 98.513667, 10.785056 ], [ 98.508611, 10.782528 ], [ 98.510389, 10.775861 ], [ 98.515833, 10.773806 ], [ 98.520833, 10.777944 ], [ 98.543444, 10.784583 ], [ 98.560528, 10.807472 ], [ 98.559611, 10.819139 ], [ 98.551944, 10.829972 ], [ 98.558556, 10.835833 ], [ 98.562639, 10.854167 ], [ 98.557972, 10.861222 ], [ 98.543611, 10.871194 ], [ 98.531944, 10.87375 ], [ 98.517528, 10.888722 ], [ 98.507528, 10.884639 ], [ 98.503333, 10.884639 ], [ 98.497417, 10.891278 ], [ 98.4945, 10.888417 ], [ 98.4945, 10.887556 ], [ 98.499583, 10.874222 ], [ 98.503833, 10.870833 ] ], [ [ 90.535028, 21.884556 ], [ 90.544194, 21.887889 ], [ 90.552056, 21.894944 ], [ 90.550389, 21.898306 ], [ 90.552889, 21.899944 ], [ 90.545417, 21.902472 ], [ 90.553333, 21.902889 ], [ 90.558722, 21.904167 ], [ 90.560861, 21.902944 ], [ 90.566222, 21.915 ], [ 90.558778, 21.929972 ], [ 90.56, 21.944556 ], [ 90.561194, 21.932472 ], [ 90.570361, 21.913278 ], [ 90.576639, 21.912056 ], [ 90.581278, 21.915806 ], [ 90.58625, 21.9325 ], [ 90.584528, 21.946639 ], [ 90.590417, 21.936611 ], [ 90.593333, 21.936278 ], [ 90.601278, 21.945833 ], [ 90.602917, 21.955833 ], [ 90.594583, 21.963278 ], [ 90.59375, 21.969111 ], [ 90.580806, 21.98625 ], [ 90.561639, 21.967111 ], [ 90.537472, 21.960389 ], [ 90.52125, 21.944139 ], [ 90.512917, 21.920806 ], [ 90.512889, 21.906694 ], [ 90.50875, 21.901639 ], [ 90.50875, 21.895 ], [ 90.515833, 21.887056 ], [ 90.535028, 21.884556 ] ], [ [ 93.147917, 19.990833 ], [ 93.14625, 19.985833 ], [ 93.157917, 19.973306 ], [ 93.157083, 19.964139 ], [ 93.162083, 19.9475 ], [ 93.171278, 19.938306 ], [ 93.17875, 19.915806 ], [ 93.192944, 19.899139 ], [ 93.203778, 19.874972 ], [ 93.202028, 19.870778 ], [ 93.21125, 19.860778 ], [ 93.215417, 19.842472 ], [ 93.21875, 19.839944 ], [ 93.217111, 19.836611 ], [ 93.222056, 19.833361 ], [ 93.220417, 19.819111 ], [ 93.228361, 19.814583 ], [ 93.234972, 19.81875 ], [ 93.244167, 19.816222 ], [ 93.25, 19.817861 ], [ 93.24625, 19.829194 ], [ 93.244139, 19.83125 ], [ 93.24, 19.829583 ], [ 93.230417, 19.841667 ], [ 93.230417, 19.846639 ], [ 93.225361, 19.849972 ], [ 93.22375, 19.854972 ], [ 93.226222, 19.854972 ], [ 93.227917, 19.859972 ], [ 93.221194, 19.864972 ], [ 93.222056, 19.869167 ], [ 93.20875, 19.888333 ], [ 93.20875, 19.896667 ], [ 93.206278, 19.896667 ], [ 93.204583, 19.904111 ], [ 93.194528, 19.918306 ], [ 93.19125, 19.929972 ], [ 93.18125, 19.941667 ], [ 93.18375, 19.946667 ], [ 93.174556, 19.969111 ], [ 93.170861, 19.968722 ], [ 93.167917, 19.973306 ], [ 93.170389, 19.985806 ], [ 93.162083, 19.993333 ], [ 93.157917, 20.019167 ], [ 93.148722, 20.039139 ], [ 93.136222, 20.061639 ], [ 93.129611, 20.064167 ], [ 93.130389, 20.069167 ], [ 93.1225, 20.072889 ], [ 93.11375, 20.058333 ], [ 93.115806, 20.056194 ], [ 93.122083, 20.057528 ], [ 93.118722, 20.051667 ], [ 93.128722, 20.043278 ], [ 93.13375, 20.032472 ], [ 93.139583, 20.018306 ], [ 93.142111, 20.0 ], [ 93.142111, 19.998361 ], [ 93.142889, 19.9925 ], [ 93.147917, 19.990833 ] ], [ [ 98.489139, 12.392083 ], [ 98.517917, 12.409139 ], [ 98.514556, 12.423306 ], [ 98.502917, 12.432472 ], [ 98.501278, 12.439139 ], [ 98.51125, 12.449139 ], [ 98.51125, 12.470861 ], [ 98.516278, 12.487444 ], [ 98.514556, 12.490833 ], [ 98.519556, 12.493306 ], [ 98.520389, 12.498306 ], [ 98.509167, 12.512083 ], [ 98.502889, 12.513333 ], [ 98.504139, 12.518722 ], [ 98.490833, 12.510444 ], [ 98.480417, 12.495833 ], [ 98.476222, 12.453333 ], [ 98.470389, 12.427472 ], [ 98.465444, 12.42 ], [ 98.465389, 12.415806 ], [ 98.477028, 12.400833 ], [ 98.489139, 12.392083 ] ], [ [ 98.184611, 10.137111 ], [ 98.187472, 10.135861 ], [ 98.183389, 10.134194 ], [ 98.190111, 10.12175 ], [ 98.186028, 10.115083 ], [ 98.190222, 10.112556 ], [ 98.193639, 10.103389 ], [ 98.197417, 10.100472 ], [ 98.198222, 10.103806 ], [ 98.1995, 10.100056 ], [ 98.198667, 10.095056 ], [ 98.192028, 10.090917 ], [ 98.196333, 10.081722 ], [ 98.188028, 10.072528 ], [ 98.193944, 10.060083 ], [ 98.190667, 10.049222 ], [ 98.183972, 10.043389 ], [ 98.187806, 10.032972 ], [ 98.191111, 10.037972 ], [ 98.194528, 10.034639 ], [ 98.200833, 10.036722 ], [ 98.201556, 10.045861 ], [ 98.196389, 10.071694 ], [ 98.202667, 10.067167 ], [ 98.206333, 10.081694 ], [ 98.209694, 10.083389 ], [ 98.208806, 10.091694 ], [ 98.204167, 10.090472 ], [ 98.202889, 10.092556 ], [ 98.204528, 10.106667 ], [ 98.196861, 10.120028 ], [ 98.205667, 10.123806 ], [ 98.218139, 10.138806 ], [ 98.221111, 10.133361 ], [ 98.2195, 10.130083 ], [ 98.224083, 10.123778 ], [ 98.226167, 10.12425 ], [ 98.227361, 10.133778 ], [ 98.232417, 10.131333 ], [ 98.232389, 10.136333 ], [ 98.236583, 10.134611 ], [ 98.241111, 10.149194 ], [ 98.236889, 10.160056 ], [ 98.239361, 10.167583 ], [ 98.244722, 10.166333 ], [ 98.245222, 10.170861 ], [ 98.240528, 10.173778 ], [ 98.229639, 10.170472 ], [ 98.226278, 10.174611 ], [ 98.223, 10.168806 ], [ 98.219611, 10.172111 ], [ 98.213722, 10.168833 ], [ 98.217417, 10.185028 ], [ 98.21275, 10.196278 ], [ 98.205139, 10.195472 ], [ 98.201028, 10.188778 ], [ 98.197611, 10.188778 ], [ 98.185861, 10.196333 ], [ 98.182944, 10.185889 ], [ 98.186806, 10.177972 ], [ 98.189333, 10.177111 ], [ 98.201, 10.184667 ], [ 98.205222, 10.184667 ], [ 98.208167, 10.180889 ], [ 98.201861, 10.183 ], [ 98.19475, 10.178389 ], [ 98.188167, 10.165917 ], [ 98.189056, 10.150861 ], [ 98.176167, 10.146306 ], [ 98.173222, 10.142556 ], [ 98.173222, 10.141694 ], [ 98.182139, 10.134639 ], [ 98.184611, 10.137111 ] ], [ [ 98.234972, 12.491222 ], [ 98.259111, 12.494556 ], [ 98.265778, 12.489583 ], [ 98.2675, 12.495389 ], [ 98.285389, 12.501639 ], [ 98.290417, 12.509972 ], [ 98.292111, 12.526639 ], [ 98.287472, 12.525417 ], [ 98.281611, 12.535389 ], [ 98.278278, 12.532917 ], [ 98.273722, 12.5375 ], [ 98.272917, 12.546611 ], [ 98.26875, 12.549139 ], [ 98.267083, 12.565778 ], [ 98.253306, 12.567917 ], [ 98.241639, 12.55125 ], [ 98.229556, 12.547472 ], [ 98.220417, 12.518278 ], [ 98.220417, 12.517472 ], [ 98.224528, 12.504167 ], [ 98.234972, 12.491222 ] ], [ [ 93.551667, 19.824556 ], [ 93.553333, 19.827861 ], [ 93.556639, 19.825389 ], [ 93.563333, 19.842917 ], [ 93.574167, 19.83875 ], [ 93.584972, 19.840389 ], [ 93.585833, 19.842917 ], [ 93.596639, 19.835417 ], [ 93.602083, 19.849972 ], [ 93.612083, 19.861639 ], [ 93.625, 19.873694 ], [ 93.651667, 19.885361 ], [ 93.664556, 19.904139 ], [ 93.653361, 19.907056 ], [ 93.639139, 19.902917 ], [ 93.614139, 19.902028 ], [ 93.608694, 19.896667 ], [ 93.604583, 19.883306 ], [ 93.594972, 19.875417 ], [ 93.584972, 19.872056 ], [ 93.566639, 19.871194 ], [ 93.566722, 19.86875 ], [ 93.550861, 19.868722 ], [ 93.541194, 19.847472 ], [ 93.540361, 19.834972 ], [ 93.540417, 19.831639 ], [ 93.546639, 19.825417 ], [ 93.551667, 19.824556 ] ], [ [ 97.899972, 10.85375 ], [ 97.911639, 10.854583 ], [ 97.916667, 10.862083 ], [ 97.926667, 10.86125 ], [ 97.929556, 10.866667 ], [ 97.925028, 10.872889 ], [ 97.9325, 10.87125 ], [ 97.941694, 10.873694 ], [ 97.942083, 10.869167 ], [ 97.945444, 10.869167 ], [ 97.943722, 10.885833 ], [ 97.95125, 10.891639 ], [ 97.952917, 10.899167 ], [ 97.957889, 10.902472 ], [ 97.954583, 10.9225 ], [ 97.958306, 10.933694 ], [ 97.939167, 10.929556 ], [ 97.938333, 10.932889 ], [ 97.925028, 10.937028 ], [ 97.919583, 10.929944 ], [ 97.921306, 10.924972 ], [ 97.915806, 10.92375 ], [ 97.912472, 10.917056 ], [ 97.906667, 10.917917 ], [ 97.904111, 10.91125 ], [ 97.899583, 10.910833 ], [ 97.897139, 10.905 ], [ 97.901194, 10.899972 ], [ 97.894583, 10.896611 ], [ 97.893778, 10.890806 ], [ 97.90875, 10.886611 ], [ 97.904611, 10.877472 ], [ 97.908722, 10.874167 ], [ 97.90875, 10.869972 ], [ 97.900806, 10.866278 ], [ 97.892889, 10.8675 ], [ 97.892889, 10.854972 ], [ 97.887056, 10.846639 ], [ 97.887056, 10.844972 ], [ 97.8925, 10.843722 ], [ 97.899972, 10.85375 ] ], [ [ 93.529972, 19.676222 ], [ 93.545806, 19.684611 ], [ 93.553306, 19.679583 ], [ 93.552056, 19.685 ], [ 93.54375, 19.69 ], [ 93.542917, 19.696667 ], [ 93.5625, 19.710361 ], [ 93.5675, 19.703694 ], [ 93.575833, 19.709528 ], [ 93.578722, 19.712444 ], [ 93.577889, 19.727472 ], [ 93.589611, 19.743333 ], [ 93.587917, 19.757472 ], [ 93.582028, 19.77 ], [ 93.576222, 19.767472 ], [ 93.577056, 19.764167 ], [ 93.569972, 19.752083 ], [ 93.542083, 19.7475 ], [ 93.537083, 19.739139 ], [ 93.53875, 19.733333 ], [ 93.534556, 19.7275 ], [ 93.535806, 19.723722 ], [ 93.509556, 19.718333 ], [ 93.509556, 19.717472 ], [ 93.52, 19.679583 ], [ 93.529972, 19.676222 ] ], [ [ 97.899583, 10.408333 ], [ 97.895, 10.397056 ], [ 97.911639, 10.397917 ], [ 97.915028, 10.395417 ], [ 97.931639, 10.404583 ], [ 97.941222, 10.415833 ], [ 97.9325, 10.418722 ], [ 97.926667, 10.412889 ], [ 97.919972, 10.41875 ], [ 97.918306, 10.41625 ], [ 97.9125, 10.417917 ], [ 97.910833, 10.413778 ], [ 97.908778, 10.420833 ], [ 97.915806, 10.420389 ], [ 97.918333, 10.427917 ], [ 97.922556, 10.42375 ], [ 97.9275, 10.432889 ], [ 97.929167, 10.426222 ], [ 97.944972, 10.422889 ], [ 97.94875, 10.434167 ], [ 97.94625, 10.453333 ], [ 97.940861, 10.457917 ], [ 97.932917, 10.454139 ], [ 97.936222, 10.468278 ], [ 97.94375, 10.4725 ], [ 97.942056, 10.480028 ], [ 97.939139, 10.480417 ], [ 97.930028, 10.469528 ], [ 97.911611, 10.470389 ], [ 97.908333, 10.465444 ], [ 97.902889, 10.475806 ], [ 97.912083, 10.486639 ], [ 97.91375, 10.493306 ], [ 97.907472, 10.497083 ], [ 97.903694, 10.495806 ], [ 97.903722, 10.491667 ], [ 97.900806, 10.492056 ], [ 97.894583, 10.483306 ], [ 97.892917, 10.463306 ], [ 97.900361, 10.454972 ], [ 97.902861, 10.435778 ], [ 97.901278, 10.426667 ], [ 97.892083, 10.420833 ], [ 97.892083, 10.419167 ], [ 97.897889, 10.415 ], [ 97.899583, 10.408333 ] ], [ [ 98.597472, 8.093722 ], [ 98.601694, 8.098722 ], [ 98.610833, 8.09625 ], [ 98.614528, 8.089139 ], [ 98.612917, 8.080806 ], [ 98.620861, 8.078694 ], [ 98.622889, 8.095806 ], [ 98.628694, 8.1 ], [ 98.627083, 8.106611 ], [ 98.631222, 8.124139 ], [ 98.627056, 8.128333 ], [ 98.638694, 8.14 ], [ 98.639556, 8.145861 ], [ 98.635417, 8.15 ], [ 98.639556, 8.154139 ], [ 98.641222, 8.164972 ], [ 98.63625, 8.166639 ], [ 98.642056, 8.176639 ], [ 98.641278, 8.183306 ], [ 98.631694, 8.184556 ], [ 98.629139, 8.175361 ], [ 98.62875, 8.179167 ], [ 98.624583, 8.179972 ], [ 98.623722, 8.173306 ], [ 98.617056, 8.163306 ], [ 98.604556, 8.152472 ], [ 98.5925, 8.117889 ], [ 98.585806, 8.117083 ], [ 98.581667, 8.112889 ], [ 98.567889, 8.116667 ], [ 98.567889, 8.115 ], [ 98.589111, 8.095389 ], [ 98.597472, 8.093722 ] ], [ [ 90.934167, 22.11875 ], [ 90.943722, 22.125806 ], [ 90.95875, 22.150833 ], [ 90.954556, 22.163333 ], [ 90.957111, 22.188306 ], [ 90.9475, 22.217028 ], [ 90.929556, 22.210778 ], [ 90.922917, 22.181611 ], [ 90.914556, 22.168333 ], [ 90.914556, 22.135 ], [ 90.914556, 22.130833 ], [ 90.921639, 22.120361 ], [ 90.934167, 22.11875 ] ], [ [ 91.865806, 21.657917 ], [ 91.874972, 21.645361 ], [ 91.884944, 21.643722 ], [ 91.887083, 21.645806 ], [ 91.87875, 21.682444 ], [ 91.885833, 21.694556 ], [ 91.901667, 21.702917 ], [ 91.910361, 21.713306 ], [ 91.906222, 21.733333 ], [ 91.914528, 21.749111 ], [ 91.911639, 21.756278 ], [ 91.896667, 21.762083 ], [ 91.885417, 21.754139 ], [ 91.877083, 21.731667 ], [ 91.875417, 21.708306 ], [ 91.86375, 21.694167 ], [ 91.856639, 21.675417 ], [ 91.861639, 21.697889 ], [ 91.852917, 21.682444 ], [ 91.852861, 21.672472 ], [ 91.855444, 21.664167 ], [ 91.865806, 21.657917 ] ], [ [ 92.313333, 20.99125 ], [ 92.30625, 20.986667 ], [ 92.315389, 20.977472 ], [ 92.313333, 20.974611 ], [ 92.309611, 20.9775 ], [ 92.308778, 20.967528 ], [ 92.319556, 20.962472 ], [ 92.317083, 20.950806 ], [ 92.306222, 20.934972 ], [ 92.307889, 20.920833 ], [ 92.317472, 20.909556 ], [ 92.329167, 20.912056 ], [ 92.342111, 20.922444 ], [ 92.342111, 20.9325 ], [ 92.349972, 20.947083 ], [ 92.360806, 20.941222 ], [ 92.362917, 20.9425 ], [ 92.354556, 20.956694 ], [ 92.347889, 20.96 ], [ 92.350417, 20.962472 ], [ 92.349556, 20.969111 ], [ 92.347056, 20.969972 ], [ 92.34875, 20.974167 ], [ 92.345389, 20.975806 ], [ 92.347083, 20.991667 ], [ 92.33325, 21.002889 ], [ 92.328694, 21.0 ], [ 92.327917, 20.999167 ], [ 92.324139, 20.990361 ], [ 92.313333, 20.99125 ] ], [ [ 93.434944, 19.712056 ], [ 93.439139, 19.715417 ], [ 93.449972, 19.707083 ], [ 93.449583, 19.700028 ], [ 93.45625, 19.695806 ], [ 93.455028, 19.689556 ], [ 93.460833, 19.692083 ], [ 93.465, 19.689528 ], [ 93.4675, 19.693722 ], [ 93.477472, 19.689556 ], [ 93.488278, 19.67875 ], [ 93.494111, 19.679583 ], [ 93.503722, 19.674111 ], [ 93.50125, 19.678306 ], [ 93.504556, 19.688333 ], [ 93.502056, 19.703333 ], [ 93.494167, 19.714583 ], [ 93.478361, 19.717917 ], [ 93.464167, 19.732917 ], [ 93.465861, 19.727056 ], [ 93.460833, 19.732861 ], [ 93.455861, 19.731222 ], [ 93.4425, 19.749556 ], [ 93.440389, 19.749167 ], [ 93.440417, 19.742444 ], [ 93.434972, 19.738722 ], [ 93.43, 19.73875 ], [ 93.425833, 19.747083 ], [ 93.423778, 19.746611 ], [ 93.424111, 19.738694 ], [ 93.414972, 19.745389 ], [ 93.40625, 19.740806 ], [ 93.406222, 19.739139 ], [ 93.418306, 19.721278 ], [ 93.434944, 19.712056 ] ], [ [ 94.032889, 19.204167 ], [ 94.035444, 19.2225 ], [ 94.026667, 19.272944 ], [ 94.020806, 19.272917 ], [ 94.008306, 19.255361 ], [ 93.995861, 19.25375 ], [ 93.989583, 19.25 ], [ 93.990417, 19.229167 ], [ 93.99875, 19.186611 ], [ 94.0, 19.185389 ], [ 94.017528, 19.181222 ], [ 94.032889, 19.204167 ] ], [ [ 98.007056, 9.806694 ], [ 98.009583, 9.795861 ], [ 98.019917, 9.785472 ], [ 98.03, 9.787 ], [ 98.034972, 9.782944 ], [ 98.05, 9.785333 ], [ 98.058694, 9.798278 ], [ 98.065333, 9.802556 ], [ 98.065306, 9.809167 ], [ 98.0595, 9.816667 ], [ 98.060333, 9.828389 ], [ 98.055806, 9.832972 ], [ 98.052472, 9.830417 ], [ 98.047556, 9.833806 ], [ 98.036583, 9.83125 ], [ 98.032083, 9.834111 ], [ 98.029139, 9.841222 ], [ 98.023333, 9.843778 ], [ 98.015806, 9.842889 ], [ 98.013667, 9.839167 ], [ 98.017861, 9.832444 ], [ 98.011667, 9.830306 ], [ 98.006194, 9.824194 ], [ 98.006222, 9.818222 ], [ 98.010417, 9.811639 ], [ 98.007056, 9.806694 ] ], [ [ 90.949556, 22.224972 ], [ 90.952861, 22.243306 ], [ 90.969583, 22.264139 ], [ 90.985389, 22.302472 ], [ 90.982889, 22.318278 ], [ 90.987861, 22.327444 ], [ 90.987889, 22.334972 ], [ 90.980417, 22.35 ], [ 90.979611, 22.358306 ], [ 90.970028, 22.36875 ], [ 90.962917, 22.365806 ], [ 90.961222, 22.358306 ], [ 90.963778, 22.314139 ], [ 90.956278, 22.276667 ], [ 90.950389, 22.256639 ], [ 90.938778, 22.241639 ], [ 90.937889, 22.234972 ], [ 90.937917, 22.229111 ], [ 90.944972, 22.222889 ], [ 90.949556, 22.224972 ] ], [ [ 98.450833, 12.33125 ], [ 98.46, 12.331222 ], [ 98.478306, 12.343722 ], [ 98.489167, 12.347056 ], [ 98.492917, 12.350806 ], [ 98.496194, 12.362472 ], [ 98.496194, 12.372444 ], [ 98.490389, 12.383306 ], [ 98.473306, 12.397917 ], [ 98.469167, 12.397889 ], [ 98.445417, 12.363278 ], [ 98.445444, 12.359139 ], [ 98.441194, 12.357472 ], [ 98.443722, 12.351694 ], [ 98.439111, 12.350417 ], [ 98.436278, 12.345806 ], [ 98.436278, 12.342472 ], [ 98.440833, 12.335361 ], [ 98.450833, 12.33125 ] ], [ [ 98.232889, 11.250806 ], [ 98.232889, 11.245028 ], [ 98.242028, 11.24 ], [ 98.244556, 11.230806 ], [ 98.244556, 11.227472 ], [ 98.238361, 11.22625 ], [ 98.237028, 11.222472 ], [ 98.251222, 11.218306 ], [ 98.24375, 11.2125 ], [ 98.252472, 11.205389 ], [ 98.254944, 11.21625 ], [ 98.263333, 11.217083 ], [ 98.268278, 11.21375 ], [ 98.276639, 11.217917 ], [ 98.277917, 11.221639 ], [ 98.273306, 11.224556 ], [ 98.279944, 11.224583 ], [ 98.290028, 11.21875 ], [ 98.293722, 11.223278 ], [ 98.292917, 11.234139 ], [ 98.298778, 11.237472 ], [ 98.297472, 11.242944 ], [ 98.290833, 11.244528 ], [ 98.278361, 11.239556 ], [ 98.263722, 11.243306 ], [ 98.273306, 11.247889 ], [ 98.275389, 11.253278 ], [ 98.268694, 11.255778 ], [ 98.269556, 11.261639 ], [ 98.264583, 11.265833 ], [ 98.273333, 11.266194 ], [ 98.281639, 11.262889 ], [ 98.276639, 11.270389 ], [ 98.255861, 11.272861 ], [ 98.2325, 11.255417 ], [ 98.218333, 11.257889 ], [ 98.215861, 11.252889 ], [ 98.212056, 11.251694 ], [ 98.212056, 11.249972 ], [ 98.229167, 11.252944 ], [ 98.232889, 11.250806 ] ], [ [ 98.49875, 13.200806 ], [ 98.500361, 13.189139 ], [ 98.495389, 13.180806 ], [ 98.497083, 13.174167 ], [ 98.5025, 13.169583 ], [ 98.514139, 13.169528 ], [ 98.516222, 13.172472 ], [ 98.512444, 13.177917 ], [ 98.518333, 13.172944 ], [ 98.525, 13.175417 ], [ 98.528722, 13.190806 ], [ 98.539528, 13.203333 ], [ 98.537861, 13.215806 ], [ 98.527056, 13.2325 ], [ 98.518306, 13.238722 ], [ 98.515806, 13.237056 ], [ 98.514139, 13.239583 ], [ 98.504111, 13.241222 ], [ 98.501278, 13.230833 ], [ 98.492917, 13.224972 ], [ 98.488722, 13.216639 ], [ 98.488722, 13.214972 ], [ 98.49375, 13.2125 ], [ 98.49875, 13.200806 ] ], [ [ 93.796639, 19.50625 ], [ 93.818361, 19.482056 ], [ 93.8425, 19.482917 ], [ 93.858722, 19.494139 ], [ 93.859556, 19.501639 ], [ 93.854972, 19.505417 ], [ 93.840861, 19.510417 ], [ 93.838361, 19.506222 ], [ 93.834139, 19.512917 ], [ 93.8025, 19.529583 ], [ 93.77, 19.534583 ], [ 93.767083, 19.528361 ], [ 93.767083, 19.524972 ], [ 93.775806, 19.51625 ], [ 93.796639, 19.50625 ] ], [ [ 97.589556, 16.249111 ], [ 97.594972, 16.23875 ], [ 97.608722, 16.260833 ], [ 97.615417, 16.281639 ], [ 97.595, 16.337056 ], [ 97.586639, 16.332083 ], [ 97.579583, 16.3225 ], [ 97.577111, 16.296667 ], [ 97.577028, 16.29 ], [ 97.589611, 16.271667 ], [ 97.589556, 16.249111 ] ], [ [ 97.64625, 11.850806 ], [ 97.65375, 11.845806 ], [ 97.655833, 11.83875 ], [ 97.6675, 11.836222 ], [ 97.675028, 11.828722 ], [ 97.682028, 11.829972 ], [ 97.682889, 11.835028 ], [ 97.6775, 11.835389 ], [ 97.674583, 11.840833 ], [ 97.682056, 11.850806 ], [ 97.675028, 11.851222 ], [ 97.672056, 11.855806 ], [ 97.683389, 11.870389 ], [ 97.689139, 11.869556 ], [ 97.690389, 11.8725 ], [ 97.687889, 11.875 ], [ 97.687917, 11.890861 ], [ 97.680444, 11.895806 ], [ 97.680833, 11.900417 ], [ 97.675861, 11.90125 ], [ 97.658333, 11.886222 ], [ 97.648333, 11.882917 ], [ 97.639583, 11.869139 ], [ 97.639528, 11.867472 ], [ 97.644583, 11.860861 ], [ 97.64625, 11.850806 ] ], [ [ 90.9825, 22.090389 ], [ 90.976222, 22.069972 ], [ 90.986194, 22.069167 ], [ 90.975, 22.065417 ], [ 90.969583, 22.056639 ], [ 90.97125, 22.052472 ], [ 90.967111, 22.05 ], [ 90.97375, 22.030833 ], [ 90.983333, 22.023722 ], [ 90.99, 22.02375 ], [ 91.002472, 22.030361 ], [ 91.0145, 22.040778 ], [ 91.009944, 22.044556 ], [ 91.01575, 22.043667 ], [ 91.022861, 22.049083 ], [ 91.020778, 22.053694 ], [ 91.013667, 22.055806 ], [ 91.012861, 22.062444 ], [ 91.0, 22.075417 ], [ 90.999139, 22.076194 ], [ 90.988278, 22.091222 ], [ 90.9825, 22.090389 ] ], [ [ 98.627444, 11.965389 ], [ 98.645833, 11.96375 ], [ 98.659139, 11.954556 ], [ 98.669972, 11.954583 ], [ 98.681667, 11.944611 ], [ 98.6875, 11.944611 ], [ 98.689583, 11.947472 ], [ 98.689556, 11.970806 ], [ 98.683306, 11.975444 ], [ 98.615, 11.993722 ], [ 98.609167, 11.993722 ], [ 98.60625, 11.989111 ], [ 98.60625, 11.987444 ], [ 98.609583, 11.98 ], [ 98.627444, 11.965389 ] ], [ [ 98.219972, 11.28375 ], [ 98.235806, 11.283722 ], [ 98.239611, 11.278333 ], [ 98.236278, 11.275806 ], [ 98.237056, 11.272472 ], [ 98.244167, 11.270417 ], [ 98.250417, 11.284972 ], [ 98.257444, 11.28625 ], [ 98.262889, 11.290806 ], [ 98.257083, 11.294972 ], [ 98.262056, 11.300806 ], [ 98.26125, 11.303306 ], [ 98.251639, 11.303694 ], [ 98.252917, 11.3075 ], [ 98.263333, 11.31125 ], [ 98.277111, 11.301639 ], [ 98.28625, 11.329972 ], [ 98.275417, 11.341667 ], [ 98.274167, 11.347917 ], [ 98.259556, 11.3275 ], [ 98.258694, 11.316639 ], [ 98.256694, 11.314556 ], [ 98.235861, 11.31375 ], [ 98.234972, 11.30875 ], [ 98.229583, 11.308278 ], [ 98.231694, 11.30375 ], [ 98.225, 11.30375 ], [ 98.220417, 11.298333 ], [ 98.22125, 11.295 ], [ 98.215361, 11.290806 ], [ 98.212889, 11.282528 ], [ 98.212083, 11.281667 ], [ 98.220833, 11.27375 ], [ 98.219972, 11.28375 ] ], [ [ 98.25625, 11.875806 ], [ 98.259528, 11.865833 ], [ 98.257917, 11.849972 ], [ 98.261694, 11.846194 ], [ 98.278361, 11.851222 ], [ 98.279972, 11.847917 ], [ 98.286222, 11.871639 ], [ 98.284556, 11.885806 ], [ 98.288333, 11.887889 ], [ 98.290806, 11.882917 ], [ 98.295, 11.882917 ], [ 98.295861, 11.888778 ], [ 98.300389, 11.888333 ], [ 98.299583, 11.892444 ], [ 98.289194, 11.899556 ], [ 98.285361, 11.906667 ], [ 98.279194, 11.909583 ], [ 98.272528, 11.917889 ], [ 98.255389, 11.906639 ], [ 98.25375, 11.889194 ], [ 98.25375, 11.887472 ], [ 98.258722, 11.879944 ], [ 98.25625, 11.875806 ] ], [ [ 97.99, 10.568722 ], [ 97.977528, 10.575389 ], [ 97.973361, 10.572056 ], [ 97.965, 10.571222 ], [ 97.958306, 10.560417 ], [ 97.953306, 10.565389 ], [ 97.942472, 10.56375 ], [ 97.942056, 10.560806 ], [ 97.944194, 10.557889 ], [ 97.953333, 10.560389 ], [ 97.9575, 10.55375 ], [ 97.9825, 10.545389 ], [ 97.990833, 10.537889 ], [ 97.995, 10.54375 ], [ 98.001444, 10.537139 ], [ 98.004333, 10.539222 ], [ 98.004639, 10.553806 ], [ 98.014667, 10.554583 ], [ 98.021333, 10.563806 ], [ 98.026472, 10.560472 ], [ 98.036, 10.567528 ], [ 98.034778, 10.569639 ], [ 98.025944, 10.569222 ], [ 98.024972, 10.583389 ], [ 98.027444, 10.590056 ], [ 98.025361, 10.592972 ], [ 98.003944, 10.588389 ], [ 98.011667, 10.571694 ], [ 98.0, 10.563778 ], [ 97.999167, 10.562889 ], [ 97.994167, 10.562889 ], [ 97.99, 10.568722 ] ], [ [ 98.205, 13.74125 ], [ 98.223722, 13.8075 ], [ 98.225444, 13.83 ], [ 98.232917, 13.8475 ], [ 98.23, 13.864528 ], [ 98.225361, 13.859972 ], [ 98.22375, 13.851639 ], [ 98.203722, 13.8125 ], [ 98.195417, 13.789944 ], [ 98.194583, 13.774167 ], [ 98.194583, 13.771639 ], [ 98.197056, 13.752472 ], [ 98.205, 13.74125 ] ], [ [ 93.941194, 18.793333 ], [ 93.951639, 18.786222 ], [ 93.9575, 18.777917 ], [ 93.976694, 18.781278 ], [ 93.988306, 18.77875 ], [ 93.990417, 18.780861 ], [ 93.99125, 18.7875 ], [ 93.979167, 18.801222 ], [ 93.977056, 18.800833 ], [ 93.978333, 18.795361 ], [ 93.974611, 18.796667 ], [ 93.975417, 18.806639 ], [ 93.982917, 18.807444 ], [ 93.977917, 18.815 ], [ 93.980417, 18.822444 ], [ 93.972083, 18.83 ], [ 93.973333, 18.83625 ], [ 93.967472, 18.834556 ], [ 93.964167, 18.827861 ], [ 93.955806, 18.828722 ], [ 93.949167, 18.824556 ], [ 93.945, 18.825389 ], [ 93.941694, 18.820417 ], [ 93.937056, 18.821639 ], [ 93.937083, 18.819972 ], [ 93.944583, 18.8025 ], [ 93.941194, 18.793333 ] ], [ [ 91.335778, 22.685361 ], [ 91.348639, 22.704056 ], [ 91.3445, 22.714917 ], [ 91.335778, 22.721139 ], [ 91.315806, 22.717833 ], [ 91.304139, 22.7195 ], [ 91.291639, 22.713667 ], [ 91.287028, 22.70825 ], [ 91.287056, 22.706583 ], [ 91.312444, 22.672833 ], [ 91.335778, 22.685361 ] ], [ [ 98.437083, 9.8025 ], [ 98.441222, 9.796667 ], [ 98.450889, 9.797083 ], [ 98.454556, 9.78825 ], [ 98.457472, 9.787889 ], [ 98.459583, 9.794222 ], [ 98.455389, 9.807472 ], [ 98.459139, 9.815472 ], [ 98.464167, 9.815361 ], [ 98.465833, 9.812083 ], [ 98.468694, 9.814111 ], [ 98.472056, 9.822444 ], [ 98.466222, 9.839083 ], [ 98.475444, 9.856611 ], [ 98.473361, 9.860333 ], [ 98.468222, 9.857972 ], [ 98.460806, 9.859583 ], [ 98.45575, 9.872028 ], [ 98.44875, 9.861694 ], [ 98.440417, 9.855806 ], [ 98.447056, 9.836694 ], [ 98.440806, 9.826972 ], [ 98.435389, 9.828361 ], [ 98.437, 9.824111 ], [ 98.434639, 9.821639 ], [ 98.434639, 9.8175 ], [ 98.437889, 9.810833 ], [ 98.437083, 9.8025 ] ], [ [ 98.200528, 10.506306 ], [ 98.203417, 10.500056 ], [ 98.198139, 10.482111 ], [ 98.212389, 10.487944 ], [ 98.211944, 10.480889 ], [ 98.218306, 10.479639 ], [ 98.228306, 10.485472 ], [ 98.238417, 10.487167 ], [ 98.236944, 10.506722 ], [ 98.240222, 10.517528 ], [ 98.238528, 10.523389 ], [ 98.242778, 10.526722 ], [ 98.241861, 10.531722 ], [ 98.239722, 10.533778 ], [ 98.230528, 10.531306 ], [ 98.225528, 10.532944 ], [ 98.218806, 10.525472 ], [ 98.209556, 10.529639 ], [ 98.207889, 10.526306 ], [ 98.201639, 10.525083 ], [ 98.200833, 10.515889 ], [ 98.193361, 10.510889 ], [ 98.193361, 10.510083 ], [ 98.196278, 10.506278 ], [ 98.200528, 10.506306 ] ], [ [ 98.2895, 9.1875 ], [ 98.298778, 9.194972 ], [ 98.296639, 9.200444 ], [ 98.291222, 9.199972 ], [ 98.297861, 9.219111 ], [ 98.307917, 9.224972 ], [ 98.311306, 9.235778 ], [ 98.320444, 9.248389 ], [ 98.318806, 9.254972 ], [ 98.31075, 9.262889 ], [ 98.303778, 9.254139 ], [ 98.301222, 9.242472 ], [ 98.290417, 9.228278 ], [ 98.285389, 9.225806 ], [ 98.277917, 9.205 ], [ 98.267056, 9.204972 ], [ 98.266222, 9.17825 ], [ 98.262889, 9.170778 ], [ 98.262889, 9.166722 ], [ 98.285778, 9.177083 ], [ 98.2895, 9.1875 ] ], [ [ 97.866639, 9.443722 ], [ 97.869556, 9.434167 ], [ 97.8825, 9.425417 ], [ 97.885444, 9.426639 ], [ 97.872944, 9.449167 ], [ 97.8725, 9.457889 ], [ 97.880833, 9.458778 ], [ 97.894167, 9.445361 ], [ 97.903333, 9.442861 ], [ 97.9075, 9.435417 ], [ 97.912111, 9.439111 ], [ 97.909556, 9.444972 ], [ 97.911222, 9.449167 ], [ 97.899111, 9.452917 ], [ 97.896278, 9.458306 ], [ 97.897472, 9.462083 ], [ 97.905833, 9.462056 ], [ 97.910444, 9.466667 ], [ 97.909583, 9.470806 ], [ 97.901667, 9.470389 ], [ 97.895389, 9.475806 ], [ 97.895, 9.481222 ], [ 97.8875, 9.483778 ], [ 97.879222, 9.482083 ], [ 97.876667, 9.476222 ], [ 97.869167, 9.472917 ], [ 97.8525, 9.473722 ], [ 97.849583, 9.463306 ], [ 97.857111, 9.461667 ], [ 97.860444, 9.449972 ], [ 97.8575, 9.44875 ], [ 97.849139, 9.452861 ], [ 97.843333, 9.45125 ], [ 97.842917, 9.450778 ], [ 97.849194, 9.444528 ], [ 97.866639, 9.443722 ] ], [ [ 90.646639, 22.371194 ], [ 90.648722, 22.378333 ], [ 90.647083, 22.399167 ], [ 90.625417, 22.425806 ], [ 90.617028, 22.454972 ], [ 90.604944, 22.457889 ], [ 90.596278, 22.442444 ], [ 90.596222, 22.434944 ], [ 90.627889, 22.389139 ], [ 90.646639, 22.371194 ] ], [ [ 98.093778, 12.330833 ], [ 98.095806, 12.325417 ], [ 98.102056, 12.330778 ], [ 98.103333, 12.339583 ], [ 98.109583, 12.336667 ], [ 98.106222, 12.326667 ], [ 98.109972, 12.322083 ], [ 98.109556, 12.328278 ], [ 98.114167, 12.327889 ], [ 98.115833, 12.332028 ], [ 98.118722, 12.331639 ], [ 98.116222, 12.329167 ], [ 98.118722, 12.325 ], [ 98.125, 12.320417 ], [ 98.127111, 12.320833 ], [ 98.125833, 12.332944 ], [ 98.13, 12.329556 ], [ 98.131694, 12.333694 ], [ 98.132028, 12.3275 ], [ 98.136639, 12.322056 ], [ 98.139972, 12.325389 ], [ 98.145, 12.321222 ], [ 98.149556, 12.324167 ], [ 98.147917, 12.328361 ], [ 98.150028, 12.330417 ], [ 98.155833, 12.327917 ], [ 98.158722, 12.330806 ], [ 98.155833, 12.33625 ], [ 98.1475, 12.334556 ], [ 98.144139, 12.338722 ], [ 98.142528, 12.337056 ], [ 98.137083, 12.339972 ], [ 98.138278, 12.343722 ], [ 98.142917, 12.344194 ], [ 98.142528, 12.347917 ], [ 98.146639, 12.344528 ], [ 98.150861, 12.349556 ], [ 98.150389, 12.346611 ], [ 98.153333, 12.345417 ], [ 98.154583, 12.349972 ], [ 98.140833, 12.35625 ], [ 98.131611, 12.349556 ], [ 98.127917, 12.352472 ], [ 98.12875, 12.355 ], [ 98.137083, 12.360028 ], [ 98.131694, 12.36625 ], [ 98.120806, 12.36375 ], [ 98.115833, 12.357083 ], [ 98.113306, 12.362056 ], [ 98.108278, 12.358722 ], [ 98.098306, 12.35875 ], [ 98.096194, 12.354944 ], [ 98.103333, 12.35375 ], [ 98.105417, 12.350833 ], [ 98.091222, 12.343333 ], [ 98.091222, 12.341667 ], [ 98.098722, 12.333306 ], [ 98.093778, 12.330833 ] ], [ [ 93.791667, 19.269556 ], [ 93.805028, 19.264583 ], [ 93.816639, 19.270417 ], [ 93.830028, 19.272889 ], [ 93.837056, 19.281639 ], [ 93.83625, 19.286639 ], [ 93.828722, 19.292472 ], [ 93.827889, 19.296667 ], [ 93.82, 19.301222 ], [ 93.795, 19.304556 ], [ 93.772889, 19.295806 ], [ 93.772889, 19.294139 ], [ 93.780444, 19.280806 ], [ 93.791667, 19.269556 ] ], [ [ 97.835417, 12.563306 ], [ 97.84, 12.554583 ], [ 97.85375, 12.550806 ], [ 97.854167, 12.539556 ], [ 97.858778, 12.5425 ], [ 97.857917, 12.5475 ], [ 97.862056, 12.549972 ], [ 97.862444, 12.553722 ], [ 97.867056, 12.553333 ], [ 97.866222, 12.558333 ], [ 97.871639, 12.564556 ], [ 97.881222, 12.565 ], [ 97.877056, 12.569972 ], [ 97.877083, 12.575833 ], [ 97.871639, 12.574583 ], [ 97.862917, 12.590806 ], [ 97.8575, 12.590389 ], [ 97.849944, 12.602917 ], [ 97.844167, 12.602889 ], [ 97.840444, 12.599139 ], [ 97.845389, 12.589111 ], [ 97.844944, 12.583722 ], [ 97.830028, 12.592889 ], [ 97.825417, 12.588278 ], [ 97.827889, 12.5825 ], [ 97.825444, 12.5825 ], [ 97.825444, 12.580028 ], [ 97.83875, 12.570833 ], [ 97.835417, 12.563306 ] ], [ [ 91.066639, 22.697861 ], [ 91.100806, 22.700333 ], [ 91.112861, 22.717417 ], [ 91.113667, 22.724917 ], [ 91.106639, 22.731194 ], [ 91.099972, 22.732861 ], [ 91.089139, 22.732833 ], [ 91.074944, 22.727833 ], [ 91.057, 22.710778 ], [ 91.04875, 22.694111 ], [ 91.041222, 22.686611 ], [ 91.041194, 22.684083 ], [ 91.046639, 22.683694 ], [ 91.066639, 22.697861 ] ], [ [ 98.400361, 9.716639 ], [ 98.399583, 9.709972 ], [ 98.392917, 9.704972 ], [ 98.395, 9.702 ], [ 98.405028, 9.703722 ], [ 98.424556, 9.720833 ], [ 98.431306, 9.734167 ], [ 98.425389, 9.736722 ], [ 98.426139, 9.742472 ], [ 98.419583, 9.754139 ], [ 98.419139, 9.7755 ], [ 98.415028, 9.7695 ], [ 98.411611, 9.770361 ], [ 98.40375, 9.764139 ], [ 98.404972, 9.761167 ], [ 98.411306, 9.761694 ], [ 98.408722, 9.745889 ], [ 98.400028, 9.742028 ], [ 98.396611, 9.750472 ], [ 98.392528, 9.749611 ], [ 98.382111, 9.729194 ], [ 98.382111, 9.728333 ], [ 98.389139, 9.728694 ], [ 98.400361, 9.716639 ] ], [ [ 93.639583, 19.534972 ], [ 93.626194, 19.529972 ], [ 93.633306, 19.519583 ], [ 93.649972, 19.522889 ], [ 93.663722, 19.545 ], [ 93.667083, 19.564139 ], [ 93.646639, 19.572083 ], [ 93.631694, 19.565417 ], [ 93.627917, 19.552472 ], [ 93.616222, 19.545 ], [ 93.616222, 19.544139 ], [ 93.625833, 19.535444 ], [ 93.639583, 19.534972 ] ], [ [ 98.657472, 11.016222 ], [ 98.664167, 11.020417 ], [ 98.665833, 11.015417 ], [ 98.676667, 11.009583 ], [ 98.684583, 11.012444 ], [ 98.691222, 11.040833 ], [ 98.678722, 11.045806 ], [ 98.680389, 11.060806 ], [ 98.6775, 11.063722 ], [ 98.668333, 11.064583 ], [ 98.668361, 11.057917 ], [ 98.657083, 11.059167 ], [ 98.659583, 11.049972 ], [ 98.653722, 11.044972 ], [ 98.652028, 11.039111 ], [ 98.643306, 11.038694 ], [ 98.640417, 11.033306 ], [ 98.640417, 11.030833 ], [ 98.650861, 11.025389 ], [ 98.657472, 11.016222 ] ], [ [ 97.852472, 12.76875 ], [ 97.863306, 12.767917 ], [ 97.870861, 12.773694 ], [ 97.8725, 12.768722 ], [ 97.881667, 12.766222 ], [ 97.883778, 12.770833 ], [ 97.884583, 12.774972 ], [ 97.879139, 12.775389 ], [ 97.877056, 12.778306 ], [ 97.877056, 12.783306 ], [ 97.88125, 12.782472 ], [ 97.880444, 12.788333 ], [ 97.870389, 12.791667 ], [ 97.869556, 12.8 ], [ 97.872917, 12.805 ], [ 97.858806, 12.814972 ], [ 97.861278, 12.82 ], [ 97.8575, 12.822889 ], [ 97.844583, 12.819167 ], [ 97.848306, 12.812861 ], [ 97.855417, 12.809972 ], [ 97.836222, 12.7975 ], [ 97.838778, 12.789167 ], [ 97.83625, 12.786639 ], [ 97.836278, 12.784167 ], [ 97.840833, 12.775417 ], [ 97.852472, 12.76875 ] ], [ [ 98.042, 10.857111 ], [ 98.045389, 10.853806 ], [ 98.052056, 10.856278 ], [ 98.058806, 10.853778 ], [ 98.064639, 10.856278 ], [ 98.067667, 10.849222 ], [ 98.076028, 10.842528 ], [ 98.079889, 10.829611 ], [ 98.082917, 10.830028 ], [ 98.084528, 10.834222 ], [ 98.081889, 10.839222 ], [ 98.0895, 10.840889 ], [ 98.091139, 10.849222 ], [ 98.086, 10.865 ], [ 98.077944, 10.873778 ], [ 98.073306, 10.875028 ], [ 98.076667, 10.880889 ], [ 98.075306, 10.885472 ], [ 98.041889, 10.872111 ], [ 98.031389, 10.864194 ], [ 98.027306, 10.856722 ], [ 98.027306, 10.855 ], [ 98.0395, 10.854583 ], [ 98.042, 10.857111 ] ], [ [ 98.249167, 11.93125 ], [ 98.266667, 11.922056 ], [ 98.272083, 11.925806 ], [ 98.268778, 11.932472 ], [ 98.272472, 11.93625 ], [ 98.276667, 11.935417 ], [ 98.28125, 11.940806 ], [ 98.276639, 11.941278 ], [ 98.2725, 11.947056 ], [ 98.266278, 11.949167 ], [ 98.265389, 11.962472 ], [ 98.268694, 11.965833 ], [ 98.268778, 11.971611 ], [ 98.265833, 11.977056 ], [ 98.263333, 11.973722 ], [ 98.258694, 11.975833 ], [ 98.260417, 11.980833 ], [ 98.257472, 11.985361 ], [ 98.251639, 11.984556 ], [ 98.249583, 11.976694 ], [ 98.244556, 11.973278 ], [ 98.245806, 11.960361 ], [ 98.238361, 11.957861 ], [ 98.234139, 11.963722 ], [ 98.231222, 11.961639 ], [ 98.234583, 11.949139 ], [ 98.230417, 11.946667 ], [ 98.230417, 11.945806 ], [ 98.239972, 11.946222 ], [ 98.249167, 11.93125 ] ], [ [ 90.973722, 22.204972 ], [ 90.972889, 22.190806 ], [ 90.975806, 22.189583 ], [ 90.98625, 22.205806 ], [ 90.99375, 22.252472 ], [ 90.987861, 22.263278 ], [ 90.982472, 22.265389 ], [ 90.962083, 22.249139 ], [ 90.962056, 22.2425 ], [ 90.965389, 22.22 ], [ 90.973722, 22.204972 ] ], [ [ 91.171194, 22.418222 ], [ 91.179972, 22.411222 ], [ 91.191583, 22.407056 ], [ 91.201167, 22.418222 ], [ 91.203722, 22.426611 ], [ 91.202861, 22.434917 ], [ 91.192028, 22.454083 ], [ 91.174917, 22.463694 ], [ 91.161167, 22.45825 ], [ 91.161167, 22.454056 ], [ 91.165306, 22.448278 ], [ 91.171194, 22.418222 ] ], [ [ 92.608333, 20.684583 ], [ 92.623361, 20.69625 ], [ 92.637889, 20.700833 ], [ 92.640417, 20.728306 ], [ 92.635833, 20.730361 ], [ 92.614972, 20.717056 ], [ 92.61125, 20.719139 ], [ 92.607472, 20.729556 ], [ 92.605778, 20.722028 ], [ 92.585444, 20.717472 ], [ 92.585444, 20.714194 ], [ 92.597083, 20.691667 ], [ 92.608333, 20.684583 ] ], [ [ 98.556639, 13.15125 ], [ 98.57, 13.14875 ], [ 98.577056, 13.157472 ], [ 98.576667, 13.184583 ], [ 98.568333, 13.185417 ], [ 98.565, 13.192889 ], [ 98.5525, 13.19625 ], [ 98.5425, 13.193694 ], [ 98.536222, 13.186639 ], [ 98.53625, 13.179167 ], [ 98.543722, 13.161667 ], [ 98.556639, 13.15125 ] ], [ [ 94.346667, 16.01625 ], [ 94.341694, 16.017889 ], [ 94.336667, 16.013722 ], [ 94.335806, 16.016194 ], [ 94.327528, 16.017917 ], [ 94.313306, 16.003722 ], [ 94.300028, 15.998722 ], [ 94.280833, 15.996222 ], [ 94.27625, 15.989167 ], [ 94.287472, 15.982917 ], [ 94.298333, 15.983722 ], [ 94.323278, 15.978722 ], [ 94.337056, 15.997472 ], [ 94.33125, 15.995833 ], [ 94.33125, 15.996639 ], [ 94.348722, 16.0125 ], [ 94.346667, 16.01625 ] ], [ [ 93.62, 19.458722 ], [ 93.625833, 19.450389 ], [ 93.64625, 19.444111 ], [ 93.646278, 19.461694 ], [ 93.631222, 19.479972 ], [ 93.624194, 19.494583 ], [ 93.613306, 19.493694 ], [ 93.606639, 19.487861 ], [ 93.6025, 19.487889 ], [ 93.597056, 19.475 ], [ 93.597056, 19.473333 ], [ 93.606639, 19.462056 ], [ 93.62, 19.458722 ] ], [ [ 97.491222, 11.799167 ], [ 97.489583, 11.7925 ], [ 97.492056, 11.786667 ], [ 97.499194, 11.782111 ], [ 97.520861, 11.782028 ], [ 97.526639, 11.77875 ], [ 97.532083, 11.784972 ], [ 97.529583, 11.788333 ], [ 97.53375, 11.788306 ], [ 97.530417, 11.793333 ], [ 97.532889, 11.7975 ], [ 97.528722, 11.801667 ], [ 97.53125, 11.809139 ], [ 97.526639, 11.812889 ], [ 97.519167, 11.812917 ], [ 97.516694, 11.808722 ], [ 97.51, 11.809528 ], [ 97.505861, 11.807056 ], [ 97.498361, 11.810389 ], [ 97.493333, 11.80625 ], [ 97.499583, 11.813333 ], [ 97.499167, 11.81625 ], [ 97.495889, 11.81625 ], [ 97.483333, 11.812028 ], [ 97.48, 11.81375 ], [ 97.479583, 11.807472 ], [ 97.479528, 11.804944 ], [ 97.487056, 11.805 ], [ 97.491222, 11.799167 ] ], [ [ 93.647056, 19.354139 ], [ 93.645389, 19.348306 ], [ 93.65125, 19.345 ], [ 93.652917, 19.337472 ], [ 93.665833, 19.334556 ], [ 93.672944, 19.342444 ], [ 93.672056, 19.350778 ], [ 93.684111, 19.355389 ], [ 93.68875, 19.365 ], [ 93.674167, 19.377917 ], [ 93.661639, 19.374583 ], [ 93.650861, 19.37875 ], [ 93.641222, 19.363278 ], [ 93.641306, 19.359972 ], [ 93.642889, 19.353306 ], [ 93.647056, 19.354139 ] ], [ [ 93.560861, 19.807861 ], [ 93.577472, 19.802083 ], [ 93.593722, 19.815 ], [ 93.597889, 19.829972 ], [ 93.5875, 19.838722 ], [ 93.574167, 19.835361 ], [ 93.565, 19.839528 ], [ 93.562083, 19.8275 ], [ 93.550806, 19.822889 ], [ 93.54375, 19.814972 ], [ 93.54375, 19.812528 ], [ 93.547472, 19.800389 ], [ 93.560861, 19.807861 ] ], [ [ 98.290083, 10.116694 ], [ 98.294306, 10.103389 ], [ 98.287194, 10.103778 ], [ 98.285917, 10.100889 ], [ 98.288889, 10.092972 ], [ 98.294806, 10.093778 ], [ 98.297694, 10.097528 ], [ 98.299444, 10.092528 ], [ 98.293583, 10.087528 ], [ 98.293611, 10.083389 ], [ 98.29825, 10.082944 ], [ 98.299083, 10.078806 ], [ 98.307444, 10.0855 ], [ 98.318806, 10.086722 ], [ 98.313222, 10.094639 ], [ 98.309528, 10.095028 ], [ 98.31025, 10.102556 ], [ 98.314028, 10.1055 ], [ 98.319056, 10.1005 ], [ 98.323694, 10.101722 ], [ 98.319444, 10.109222 ], [ 98.32025, 10.120028 ], [ 98.31475, 10.118806 ], [ 98.310972, 10.121722 ], [ 98.314333, 10.125028 ], [ 98.313, 10.127944 ], [ 98.305444, 10.127111 ], [ 98.301361, 10.117111 ], [ 98.295444, 10.118778 ], [ 98.290806, 10.122556 ], [ 98.292389, 10.139222 ], [ 98.286139, 10.138 ], [ 98.278528, 10.142972 ], [ 98.282389, 10.120861 ], [ 98.276611, 10.116722 ], [ 98.276556, 10.114194 ], [ 98.28125, 10.113 ], [ 98.290083, 10.116694 ] ], [ [ 97.913306, 13.786222 ], [ 97.917083, 13.790806 ], [ 97.915417, 13.797472 ], [ 97.917917, 13.808333 ], [ 97.923778, 13.811639 ], [ 97.922083, 13.817472 ], [ 97.928778, 13.8175 ], [ 97.928722, 13.825833 ], [ 97.925417, 13.83 ], [ 97.92875, 13.835833 ], [ 97.925361, 13.841667 ], [ 97.929583, 13.846611 ], [ 97.929583, 13.857472 ], [ 97.925028, 13.864556 ], [ 97.919583, 13.863278 ], [ 97.920417, 13.870806 ], [ 97.915833, 13.872917 ], [ 97.913722, 13.8725 ], [ 97.915417, 13.865833 ], [ 97.912444, 13.852917 ], [ 97.911222, 13.8625 ], [ 97.90875, 13.863333 ], [ 97.907889, 13.834972 ], [ 97.911222, 13.826667 ], [ 97.902889, 13.824167 ], [ 97.907083, 13.819139 ], [ 97.904611, 13.814139 ], [ 97.912111, 13.800833 ], [ 97.903361, 13.802917 ], [ 97.902944, 13.802528 ], [ 97.90875, 13.788306 ], [ 97.913306, 13.786222 ] ], [ [ 98.121667, 11.40125 ], [ 98.1325, 11.375389 ], [ 98.135417, 11.377444 ], [ 98.134583, 11.381639 ], [ 98.129556, 11.386694 ], [ 98.13375, 11.388306 ], [ 98.133306, 11.395361 ], [ 98.139528, 11.379139 ], [ 98.144194, 11.379556 ], [ 98.148278, 11.374556 ], [ 98.150361, 11.375833 ], [ 98.150417, 11.398333 ], [ 98.146222, 11.408333 ], [ 98.149556, 11.412472 ], [ 98.150806, 11.422917 ], [ 98.137472, 11.42375 ], [ 98.135417, 11.421667 ], [ 98.139944, 11.415361 ], [ 98.129111, 11.417056 ], [ 98.125833, 11.412917 ], [ 98.122472, 11.41875 ], [ 98.111639, 11.420389 ], [ 98.107917, 11.418306 ], [ 98.109167, 11.412861 ], [ 98.100417, 11.410833 ], [ 98.100417, 11.409167 ], [ 98.115833, 11.399556 ], [ 98.121667, 11.40125 ] ], [ [ 98.261222, 11.822472 ], [ 98.266194, 11.816639 ], [ 98.265389, 11.811639 ], [ 98.258694, 11.804944 ], [ 98.265833, 11.80125 ], [ 98.273333, 11.802917 ], [ 98.274972, 11.807056 ], [ 98.281667, 11.809556 ], [ 98.289583, 11.8075 ], [ 98.28875, 11.815833 ], [ 98.294583, 11.814972 ], [ 98.29375, 11.821639 ], [ 98.299556, 11.835778 ], [ 98.292444, 11.847083 ], [ 98.281667, 11.847917 ], [ 98.276611, 11.842028 ], [ 98.257917, 11.830806 ], [ 98.257917, 11.826667 ], [ 98.262083, 11.825806 ], [ 98.261222, 11.822472 ] ], [ [ 97.787056, 14.145806 ], [ 97.785389, 14.138333 ], [ 97.79, 14.134556 ], [ 97.794972, 14.142917 ], [ 97.813778, 14.155806 ], [ 97.815417, 14.170806 ], [ 97.824556, 14.188361 ], [ 97.817472, 14.190389 ], [ 97.813333, 14.184556 ], [ 97.805, 14.182917 ], [ 97.800806, 14.185361 ], [ 97.791667, 14.18125 ], [ 97.786222, 14.174944 ], [ 97.789583, 14.169111 ], [ 97.78875, 14.160806 ], [ 97.785, 14.157056 ], [ 97.781639, 14.157889 ], [ 97.779583, 14.153333 ], [ 97.779611, 14.148333 ], [ 97.782472, 14.145444 ], [ 97.787056, 14.145806 ] ], [ [ 91.184444, 22.484444 ], [ 91.186667, 22.488889 ], [ 91.185556, 22.508056 ], [ 91.176389, 22.520556 ], [ 91.168056, 22.526667 ], [ 91.1475, 22.524167 ], [ 91.143333, 22.520833 ], [ 91.144167, 22.510556 ], [ 91.158889, 22.496389 ], [ 91.163056, 22.493611 ], [ 91.178889, 22.482222 ], [ 91.184444, 22.484444 ] ], [ [ 95.033361, 15.712917 ], [ 95.052472, 15.71625 ], [ 95.062944, 15.722444 ], [ 95.066222, 15.741639 ], [ 95.058306, 15.75125 ], [ 95.048306, 15.750361 ], [ 95.045806, 15.745389 ], [ 95.039194, 15.74375 ], [ 95.018694, 15.724139 ], [ 95.018778, 15.721667 ], [ 95.022472, 15.71625 ], [ 95.033361, 15.712917 ] ], [ [ 97.624944, 16.573722 ], [ 97.626639, 16.577917 ], [ 97.631667, 16.568722 ], [ 97.641306, 16.580833 ], [ 97.644556, 16.594972 ], [ 97.642917, 16.608333 ], [ 97.625861, 16.622056 ], [ 97.610417, 16.583306 ], [ 97.610389, 16.578333 ], [ 97.617472, 16.573722 ], [ 97.624944, 16.573722 ] ], [ [ 90.585389, 22.118306 ], [ 90.589139, 22.115389 ], [ 90.601222, 22.128306 ], [ 90.601222, 22.143306 ], [ 90.609611, 22.170778 ], [ 90.6025, 22.172056 ], [ 90.594139, 22.168722 ], [ 90.570361, 22.1475 ], [ 90.570444, 22.144194 ], [ 90.58375, 22.128333 ], [ 90.585389, 22.118306 ] ], [ [ 98.21125, 13.897472 ], [ 98.217083, 13.880806 ], [ 98.22, 13.880389 ], [ 98.222083, 13.910833 ], [ 98.214556, 13.927472 ], [ 98.21375, 13.944167 ], [ 98.20625, 13.96 ], [ 98.207056, 13.968306 ], [ 98.203306, 13.970361 ], [ 98.20625, 13.941611 ], [ 98.194556, 13.931639 ], [ 98.192056, 13.924167 ], [ 98.192083, 13.917444 ], [ 98.199583, 13.906639 ], [ 98.21125, 13.897472 ] ], [ [ 97.638306, 16.528694 ], [ 97.6575, 16.53875 ], [ 97.664583, 16.546667 ], [ 97.664583, 16.555833 ], [ 97.644556, 16.57 ], [ 97.644167, 16.58125 ], [ 97.63125, 16.566639 ], [ 97.634583, 16.548306 ], [ 97.62125, 16.541667 ], [ 97.621278, 16.539139 ], [ 97.625833, 16.527917 ], [ 97.638306, 16.528694 ] ], [ [ 93.505472, 19.890833 ], [ 93.512056, 19.889167 ], [ 93.509111, 19.883722 ], [ 93.501222, 19.880806 ], [ 93.516639, 19.866194 ], [ 93.525806, 19.867028 ], [ 93.53125, 19.883306 ], [ 93.528694, 19.918306 ], [ 93.514139, 19.91625 ], [ 93.499583, 19.908306 ], [ 93.499583, 19.905833 ], [ 93.50625, 19.899167 ], [ 93.505472, 19.890833 ] ], [ [ 97.456667, 11.779583 ], [ 97.4575, 11.775389 ], [ 97.468361, 11.772861 ], [ 97.470833, 11.767889 ], [ 97.483333, 11.76875 ], [ 97.484139, 11.762889 ], [ 97.492472, 11.761222 ], [ 97.487917, 11.773306 ], [ 97.500417, 11.770806 ], [ 97.49375, 11.782472 ], [ 97.484167, 11.789583 ], [ 97.475833, 11.789556 ], [ 97.47125, 11.786667 ], [ 97.475861, 11.796278 ], [ 97.454167, 11.800389 ], [ 97.450806, 11.804583 ], [ 97.445, 11.802083 ], [ 97.442944, 11.797472 ], [ 97.442111, 11.796667 ], [ 97.450833, 11.781194 ], [ 97.456667, 11.779583 ] ], [ [ 93.551639, 19.759528 ], [ 93.556667, 19.760361 ], [ 93.570444, 19.774972 ], [ 93.57, 19.77875 ], [ 93.572472, 19.776222 ], [ 93.577083, 19.778333 ], [ 93.58375, 19.796611 ], [ 93.559972, 19.804556 ], [ 93.54375, 19.791694 ], [ 93.542083, 19.785833 ], [ 93.542056, 19.777472 ], [ 93.546194, 19.764139 ], [ 93.551639, 19.759528 ] ], [ [ 98.464556, 11.010028 ], [ 98.461639, 11.019556 ], [ 98.455, 11.007944 ], [ 98.444194, 11.007917 ], [ 98.43875, 11.001639 ], [ 98.439306, 10.973361 ], [ 98.444056, 10.959639 ], [ 98.449833, 10.966306 ], [ 98.453694, 10.966722 ], [ 98.454028, 10.972111 ], [ 98.459472, 10.972528 ], [ 98.459472, 10.979194 ], [ 98.463194, 10.978806 ], [ 98.464444, 10.985 ], [ 98.468639, 10.987528 ], [ 98.464389, 10.994194 ], [ 98.467278, 10.999639 ], [ 98.468083, 10.999667 ], [ 98.46875, 11.006639 ], [ 98.464556, 11.010028 ] ], [ [ 92.303306, 20.93125 ], [ 92.307056, 20.942444 ], [ 92.315417, 20.954139 ], [ 92.31625, 20.960833 ], [ 92.303722, 20.965833 ], [ 92.30875, 20.971667 ], [ 92.305028, 20.984556 ], [ 92.292889, 20.974972 ], [ 92.289944, 20.967111 ], [ 92.28, 20.968722 ], [ 92.277861, 20.965861 ], [ 92.277861, 20.953333 ], [ 92.283306, 20.943722 ], [ 92.303306, 20.93125 ] ], [ [ 97.859139, 9.407889 ], [ 97.862528, 9.401222 ], [ 97.872528, 9.396194 ], [ 97.879194, 9.382111 ], [ 97.889556, 9.384944 ], [ 97.886222, 9.399972 ], [ 97.881694, 9.406222 ], [ 97.877056, 9.405806 ], [ 97.877056, 9.411611 ], [ 97.86375, 9.413278 ], [ 97.864139, 9.416222 ], [ 97.872111, 9.419972 ], [ 97.866667, 9.435417 ], [ 97.856667, 9.434583 ], [ 97.85125, 9.4275 ], [ 97.852917, 9.423306 ], [ 97.849944, 9.420417 ], [ 97.840861, 9.42625 ], [ 97.836222, 9.424972 ], [ 97.83625, 9.4225 ], [ 97.842472, 9.411278 ], [ 97.859139, 9.407889 ] ], [ [ 90.69375, 21.954972 ], [ 90.706278, 21.969194 ], [ 90.701667, 21.974556 ], [ 90.691722, 21.976194 ], [ 90.670389, 21.973333 ], [ 90.673778, 21.944139 ], [ 90.66625, 21.926667 ], [ 90.66625, 21.925806 ], [ 90.690361, 21.935833 ], [ 90.69375, 21.954972 ] ], [ [ 98.422556, 11.822917 ], [ 98.430389, 11.824139 ], [ 98.429583, 11.834972 ], [ 98.44375, 11.847472 ], [ 98.434972, 11.859583 ], [ 98.428333, 11.860361 ], [ 98.413333, 11.868722 ], [ 98.410444, 11.8675 ], [ 98.410361, 11.859111 ], [ 98.407083, 11.854111 ], [ 98.407083, 11.849972 ], [ 98.414583, 11.828278 ], [ 98.422556, 11.822917 ] ], [ [ 98.618306, 11.01375 ], [ 98.619972, 11.01875 ], [ 98.62625, 11.019972 ], [ 98.629556, 11.029167 ], [ 98.627889, 11.045806 ], [ 98.624583, 11.048333 ], [ 98.624972, 11.052056 ], [ 98.618722, 11.052472 ], [ 98.62125, 11.057472 ], [ 98.615833, 11.06625 ], [ 98.609167, 11.066222 ], [ 98.610444, 11.061639 ], [ 98.605778, 11.062083 ], [ 98.607889, 11.058306 ], [ 98.602083, 11.055833 ], [ 98.605417, 11.031667 ], [ 98.599556, 11.029972 ], [ 98.599556, 11.029167 ], [ 98.611667, 11.022889 ], [ 98.618306, 11.01375 ] ], [ [ 93.677083, 14.854194 ], [ 93.682111, 14.868361 ], [ 93.697917, 14.879167 ], [ 93.699583, 14.897528 ], [ 93.70625, 14.907556 ], [ 93.702472, 14.914639 ], [ 93.68875, 14.905889 ], [ 93.682889, 14.886722 ], [ 93.67625, 14.8825 ], [ 93.674611, 14.876694 ], [ 93.669583, 14.872528 ], [ 93.665444, 14.853361 ], [ 93.665444, 14.8525 ], [ 93.670778, 14.846278 ], [ 93.677083, 14.854194 ] ], [ [ 97.642083, 15.564111 ], [ 97.64625, 15.555833 ], [ 97.645444, 15.539972 ], [ 97.651667, 15.529583 ], [ 97.655444, 15.53 ], [ 97.652917, 15.525 ], [ 97.656278, 15.510833 ], [ 97.650389, 15.504139 ], [ 97.654611, 15.499972 ], [ 97.652056, 15.494167 ], [ 97.655861, 15.492917 ], [ 97.659556, 15.495806 ], [ 97.657889, 15.499139 ], [ 97.660444, 15.501667 ], [ 97.657889, 15.508306 ], [ 97.662917, 15.515 ], [ 97.660444, 15.520833 ], [ 97.662917, 15.522528 ], [ 97.661222, 15.543361 ], [ 97.656222, 15.553306 ], [ 97.660389, 15.561639 ], [ 97.659556, 15.570833 ], [ 97.654972, 15.57625 ], [ 97.649167, 15.564556 ], [ 97.647056, 15.570806 ], [ 97.649167, 15.575417 ], [ 97.652111, 15.573306 ], [ 97.652139, 15.579167 ], [ 97.644111, 15.587028 ], [ 97.641306, 15.578361 ], [ 97.641306, 15.5775 ], [ 97.644556, 15.573333 ], [ 97.642083, 15.564111 ] ], [ [ 93.794194, 18.599583 ], [ 93.799583, 18.605806 ], [ 93.800389, 18.634972 ], [ 93.795417, 18.643306 ], [ 93.7925, 18.666278 ], [ 93.786222, 18.66 ], [ 93.792056, 18.646639 ], [ 93.79125, 18.639139 ], [ 93.788278, 18.635417 ], [ 93.778361, 18.632083 ], [ 93.773778, 18.620778 ], [ 93.77375, 18.617472 ], [ 93.783361, 18.600361 ], [ 93.794194, 18.599583 ] ], [ [ 92.971639, 20.174556 ], [ 92.977028, 20.193333 ], [ 92.977083, 20.218306 ], [ 92.972472, 20.21875 ], [ 92.961667, 20.209556 ], [ 92.945361, 20.201639 ], [ 92.945361, 20.197444 ], [ 92.955833, 20.177889 ], [ 92.971639, 20.174556 ] ], [ [ 98.494944, 11.410389 ], [ 98.506667, 11.41375 ], [ 98.511667, 11.424611 ], [ 98.522472, 11.424556 ], [ 98.530389, 11.419972 ], [ 98.527056, 11.431639 ], [ 98.527917, 11.440833 ], [ 98.519111, 11.437889 ], [ 98.512889, 11.443333 ], [ 98.512111, 11.454111 ], [ 98.505806, 11.46375 ], [ 98.503722, 11.459972 ], [ 98.507083, 11.431667 ], [ 98.491611, 11.426222 ], [ 98.486667, 11.41875 ], [ 98.482472, 11.41875 ], [ 98.48125, 11.4175 ], [ 98.491639, 11.405389 ], [ 98.494944, 11.410389 ] ], [ [ 98.342083, 12.7375 ], [ 98.343722, 12.719972 ], [ 98.353306, 12.707083 ], [ 98.363306, 12.704583 ], [ 98.362917, 12.724167 ], [ 98.352028, 12.744111 ], [ 98.345417, 12.750806 ], [ 98.337028, 12.7775 ], [ 98.334111, 12.779556 ], [ 98.332889, 12.7775 ], [ 98.332917, 12.766639 ], [ 98.336222, 12.747472 ], [ 98.342083, 12.7375 ] ], [ [ 98.400806, 12.138722 ], [ 98.407083, 12.151667 ], [ 98.407083, 12.169972 ], [ 98.396639, 12.177944 ], [ 98.391667, 12.177056 ], [ 98.390417, 12.170806 ], [ 98.386194, 12.169139 ], [ 98.377889, 12.152472 ], [ 98.377917, 12.149139 ], [ 98.383306, 12.140417 ], [ 98.400806, 12.138722 ] ], [ [ 98.540417, 11.275 ], [ 98.549944, 11.262083 ], [ 98.557111, 11.281694 ], [ 98.551222, 11.294139 ], [ 98.552056, 11.302528 ], [ 98.547528, 11.310389 ], [ 98.536694, 11.317028 ], [ 98.530833, 11.324528 ], [ 98.52625, 11.320806 ], [ 98.52625, 11.319139 ], [ 98.537944, 11.296639 ], [ 98.540417, 11.275 ] ], [ [ 98.3295, 9.128361 ], [ 98.335, 9.123778 ], [ 98.337528, 9.124639 ], [ 98.341278, 9.137472 ], [ 98.339556, 9.14825 ], [ 98.331167, 9.155806 ], [ 98.317861, 9.174917 ], [ 98.315806, 9.182083 ], [ 98.311222, 9.169972 ], [ 98.311222, 9.163361 ], [ 98.314556, 9.149917 ], [ 98.3295, 9.128361 ] ], [ [ 92.580861, 20.720361 ], [ 92.583778, 20.721639 ], [ 92.584139, 20.726222 ], [ 92.594583, 20.73 ], [ 92.593333, 20.735389 ], [ 92.580389, 20.734139 ], [ 92.588694, 20.748333 ], [ 92.585806, 20.754583 ], [ 92.579167, 20.755361 ], [ 92.575833, 20.74875 ], [ 92.564972, 20.748722 ], [ 92.56125, 20.751639 ], [ 92.55875, 20.764944 ], [ 92.554972, 20.766278 ], [ 92.549528, 20.750806 ], [ 92.549556, 20.748361 ], [ 92.553333, 20.742056 ], [ 92.580861, 20.720361 ] ], [ [ 93.167472, 20.04125 ], [ 93.172444, 20.040417 ], [ 93.178778, 20.048333 ], [ 93.178722, 20.057472 ], [ 93.171694, 20.062861 ], [ 93.134938, 20.080783 ], [ 93.130389, 20.079139 ], [ 93.130389, 20.074139 ], [ 93.156667, 20.047917 ], [ 93.167472, 20.04125 ] ], [ [ 98.414167, 12.17625 ], [ 98.429556, 12.179167 ], [ 98.427889, 12.189944 ], [ 98.421222, 12.197472 ], [ 98.424556, 12.2 ], [ 98.422889, 12.208306 ], [ 98.412083, 12.2075 ], [ 98.415, 12.217083 ], [ 98.410806, 12.212889 ], [ 98.407472, 12.217056 ], [ 98.402917, 12.217472 ], [ 98.400389, 12.2 ], [ 98.400389, 12.196611 ], [ 98.411639, 12.172056 ], [ 98.414167, 12.17625 ] ], [ [ 97.649556, 12.012444 ], [ 97.651667, 12.01125 ], [ 97.65625, 12.014139 ], [ 97.654611, 12.021667 ], [ 97.663333, 12.022889 ], [ 97.665417, 12.0325 ], [ 97.671694, 12.032861 ], [ 97.687111, 12.051667 ], [ 97.675806, 12.058722 ], [ 97.665028, 12.057944 ], [ 97.662917, 12.054139 ], [ 97.664556, 12.048333 ], [ 97.653333, 12.044556 ], [ 97.647917, 12.037472 ], [ 97.647889, 12.034139 ], [ 97.650417, 12.030833 ], [ 97.649556, 12.012444 ] ], [ [ 93.610389, 19.815806 ], [ 93.638333, 19.870389 ], [ 93.624972, 19.865389 ], [ 93.60625, 19.843306 ], [ 93.597944, 19.814972 ], [ 93.597889, 19.810806 ], [ 93.600833, 19.807056 ], [ 93.610389, 19.815806 ] ], [ [ 98.381222, 12.285806 ], [ 98.378778, 12.28 ], [ 98.38375, 12.273333 ], [ 98.382056, 12.267472 ], [ 98.389139, 12.264583 ], [ 98.391306, 12.280833 ], [ 98.387028, 12.294944 ], [ 98.397056, 12.298361 ], [ 98.396222, 12.315806 ], [ 98.388306, 12.317917 ], [ 98.385, 12.307861 ], [ 98.379139, 12.316222 ], [ 98.372444, 12.316222 ], [ 98.370389, 12.312472 ], [ 98.370361, 12.301611 ], [ 98.374583, 12.290778 ], [ 98.381222, 12.285806 ] ], [ [ 90.429972, 21.830417 ], [ 90.439139, 21.833722 ], [ 90.456639, 21.847056 ], [ 90.451639, 21.85875 ], [ 90.445444, 21.855833 ], [ 90.450389, 21.864167 ], [ 90.429167, 21.856222 ], [ 90.417917, 21.840778 ], [ 90.417917, 21.835806 ], [ 90.425028, 21.830417 ], [ 90.429972, 21.830417 ] ], [ [ 90.6425, 21.914556 ], [ 90.650361, 21.919944 ], [ 90.655389, 21.932528 ], [ 90.655389, 21.944167 ], [ 90.648333, 21.95375 ], [ 90.63625, 21.949167 ], [ 90.628778, 21.925833 ], [ 90.62875, 21.919972 ], [ 90.632444, 21.914528 ], [ 90.6425, 21.914556 ] ], [ [ 92.754583, 20.351639 ], [ 92.760417, 20.375806 ], [ 92.760417, 20.3925 ], [ 92.752472, 20.412917 ], [ 92.740444, 20.37 ], [ 92.740389, 20.360806 ], [ 92.748333, 20.349583 ], [ 92.754583, 20.351639 ] ], [ [ 98.060778, 11.801278 ], [ 98.064583, 11.7975 ], [ 98.065417, 11.794167 ], [ 98.062917, 11.7925 ], [ 98.068306, 11.782056 ], [ 98.07125, 11.792528 ], [ 98.077056, 11.797472 ], [ 98.074583, 11.804139 ], [ 98.077028, 11.805806 ], [ 98.075417, 11.819972 ], [ 98.082917, 11.824139 ], [ 98.081667, 11.832056 ], [ 98.062056, 11.826667 ], [ 98.06125, 11.817472 ], [ 98.049556, 11.798306 ], [ 98.049556, 11.7975 ], [ 98.056667, 11.79625 ], [ 98.060778, 11.801278 ] ], [ [ 98.525, 9.925333 ], [ 98.533306, 9.927056 ], [ 98.537556, 9.933667 ], [ 98.543333, 9.935389 ], [ 98.550333, 9.943389 ], [ 98.552889, 9.951722 ], [ 98.55, 9.956306 ], [ 98.545806, 9.952056 ], [ 98.537528, 9.951194 ], [ 98.529972, 9.961222 ], [ 98.518694, 9.958278 ], [ 98.518694, 9.95575 ], [ 98.52125, 9.930778 ], [ 98.525, 9.925333 ] ], [ [ 98.664972, 12.75625 ], [ 98.672528, 12.762917 ], [ 98.683361, 12.767056 ], [ 98.693333, 12.777917 ], [ 98.702528, 12.780389 ], [ 98.702917, 12.783333 ], [ 98.694944, 12.789583 ], [ 98.688306, 12.788778 ], [ 98.67875, 12.783306 ], [ 98.678278, 12.777056 ], [ 98.663306, 12.775361 ], [ 98.652917, 12.765806 ], [ 98.649528, 12.757472 ], [ 98.649528, 12.754167 ], [ 98.654167, 12.752889 ], [ 98.664972, 12.75625 ] ], [ [ 97.719583, 12.128333 ], [ 97.728722, 12.118333 ], [ 97.725361, 12.113333 ], [ 97.725444, 12.106667 ], [ 97.729972, 12.103694 ], [ 97.732917, 12.106639 ], [ 97.73125, 12.1125 ], [ 97.733778, 12.119972 ], [ 97.744611, 12.123306 ], [ 97.747111, 12.134167 ], [ 97.741222, 12.139972 ], [ 97.747917, 12.145806 ], [ 97.746694, 12.147861 ], [ 97.741667, 12.145389 ], [ 97.730806, 12.147917 ], [ 97.714556, 12.139167 ], [ 97.714611, 12.135833 ], [ 97.72125, 12.131611 ], [ 97.719583, 12.128333 ] ], [ [ 98.25825, 10.647139 ], [ 98.267444, 10.647972 ], [ 98.262778, 10.657556 ], [ 98.263611, 10.664194 ], [ 98.274389, 10.675889 ], [ 98.275194, 10.680889 ], [ 98.270528, 10.683806 ], [ 98.263944, 10.679667 ], [ 98.255528, 10.678778 ], [ 98.249583, 10.682139 ], [ 98.240139, 10.653361 ], [ 98.240139, 10.651694 ], [ 98.249778, 10.654639 ], [ 98.25825, 10.647139 ] ], [ [ 95.115806, 15.946222 ], [ 95.11875, 15.950833 ], [ 95.12375, 15.980806 ], [ 95.123694, 15.987444 ], [ 95.119139, 15.992028 ], [ 95.114611, 15.990806 ], [ 95.108778, 15.974972 ], [ 95.102861, 15.967528 ], [ 95.100444, 15.948333 ], [ 95.100444, 15.944139 ], [ 95.106639, 15.942083 ], [ 95.115806, 15.946222 ] ], [ [ 98.489972, 11.827917 ], [ 98.49375, 11.829139 ], [ 98.497111, 11.84 ], [ 98.504139, 11.842083 ], [ 98.505361, 11.845 ], [ 98.499972, 11.854583 ], [ 98.486639, 11.85875 ], [ 98.481194, 11.858333 ], [ 98.482083, 11.854944 ], [ 98.477472, 11.854556 ], [ 98.472889, 11.845806 ], [ 98.472889, 11.841667 ], [ 98.475833, 11.82875 ], [ 98.489972, 11.827917 ] ], [ [ 90.474139, 21.812083 ], [ 90.495778, 21.813722 ], [ 90.50125, 21.817472 ], [ 90.497944, 21.824139 ], [ 90.491222, 21.828333 ], [ 90.492889, 21.831639 ], [ 90.486667, 21.844556 ], [ 90.477444, 21.840389 ], [ 90.473306, 21.842111 ], [ 90.46625, 21.824167 ], [ 90.466278, 21.823306 ], [ 90.470361, 21.814139 ], [ 90.474139, 21.812083 ] ], [ [ 90.745806, 21.892056 ], [ 90.754583, 21.901611 ], [ 90.756194, 21.911611 ], [ 90.745861, 21.921222 ], [ 90.737528, 21.922889 ], [ 90.727917, 21.911639 ], [ 90.725444, 21.903278 ], [ 90.725361, 21.898306 ], [ 90.734139, 21.891194 ], [ 90.745806, 21.892056 ] ], [ [ 98.129556, 12.405 ], [ 98.1325, 12.402083 ], [ 98.136667, 12.404556 ], [ 98.134556, 12.399972 ], [ 98.139167, 12.397917 ], [ 98.143333, 12.407056 ], [ 98.144167, 12.402917 ], [ 98.1475, 12.402083 ], [ 98.148306, 12.405417 ], [ 98.156639, 12.397917 ], [ 98.164556, 12.401667 ], [ 98.163722, 12.407472 ], [ 98.15875, 12.410778 ], [ 98.161639, 12.417111 ], [ 98.152472, 12.420417 ], [ 98.145, 12.418722 ], [ 98.136667, 12.424556 ], [ 98.129556, 12.422528 ], [ 98.133333, 12.414556 ], [ 98.131694, 12.417083 ], [ 98.123361, 12.417056 ], [ 98.117028, 12.413361 ], [ 98.117028, 12.4125 ], [ 98.130833, 12.40875 ], [ 98.129556, 12.405 ] ], [ [ 90.794444, 22.666944 ], [ 90.807222, 22.666667 ], [ 90.811389, 22.663611 ], [ 90.815556, 22.666944 ], [ 90.813333, 22.691389 ], [ 90.806389, 22.698889 ], [ 90.794444, 22.698889 ], [ 90.792222, 22.688056 ], [ 90.792222, 22.681944 ], [ 90.790833, 22.676944 ], [ 90.794444, 22.666944 ] ], [ [ 97.989194, 11.971222 ], [ 97.99, 11.964556 ], [ 97.976694, 11.966222 ], [ 97.967917, 11.957472 ], [ 97.974194, 11.950417 ], [ 97.979167, 11.951194 ], [ 97.984972, 11.95875 ], [ 97.996667, 11.957056 ], [ 98.005361, 11.940833 ], [ 98.006222, 11.934111 ], [ 98.002917, 11.930833 ], [ 98.006667, 11.929583 ], [ 98.010417, 11.934139 ], [ 98.015417, 11.956667 ], [ 98.011667, 11.960444 ], [ 98.004528, 11.960806 ], [ 98.003333, 11.972056 ], [ 98.000389, 11.965 ], [ 98.0, 11.964583 ], [ 97.995889, 11.970389 ], [ 97.989194, 11.971222 ] ], [ [ 96.842472, 17.389583 ], [ 96.859167, 17.393722 ], [ 96.86375, 17.414139 ], [ 96.846639, 17.413722 ], [ 96.841667, 17.40375 ], [ 96.828306, 17.405389 ], [ 96.822917, 17.401639 ], [ 96.822917, 17.393333 ], [ 96.825806, 17.389583 ], [ 96.842472, 17.389583 ] ], [ [ 91.895389, 21.478278 ], [ 91.901667, 21.466222 ], [ 91.909944, 21.464556 ], [ 91.913722, 21.469111 ], [ 91.905833, 21.468722 ], [ 91.906667, 21.472056 ], [ 91.932889, 21.481639 ], [ 91.930028, 21.485389 ], [ 91.911639, 21.477083 ], [ 91.901639, 21.479528 ], [ 91.884111, 21.492889 ], [ 91.869972, 21.50875 ], [ 91.863333, 21.511222 ], [ 91.855, 21.525389 ], [ 91.850806, 21.522056 ], [ 91.849194, 21.526222 ], [ 91.847056, 21.523333 ], [ 91.847056, 21.521667 ], [ 91.868333, 21.497028 ], [ 91.895389, 21.478278 ] ], [ [ 98.625833, 12.760444 ], [ 98.636667, 12.762056 ], [ 98.648778, 12.758278 ], [ 98.650389, 12.765806 ], [ 98.638333, 12.780444 ], [ 98.630833, 12.78375 ], [ 98.616667, 12.784528 ], [ 98.61125, 12.788333 ], [ 98.61125, 12.786667 ], [ 98.616639, 12.764556 ], [ 98.625833, 12.760444 ] ], [ [ 97.784167, 12.27125 ], [ 97.797111, 12.275778 ], [ 97.80125, 12.284194 ], [ 97.800417, 12.293306 ], [ 97.803778, 12.296667 ], [ 97.803333, 12.302056 ], [ 97.795, 12.302083 ], [ 97.78625, 12.295833 ], [ 97.775417, 12.284139 ], [ 97.777889, 12.275 ], [ 97.772083, 12.269139 ], [ 97.772139, 12.265806 ], [ 97.781667, 12.264583 ], [ 97.784167, 12.27125 ] ], [ [ 98.313333, 11.00875 ], [ 98.320806, 11.007028 ], [ 98.32625, 11.019972 ], [ 98.320444, 11.029139 ], [ 98.320417, 11.037472 ], [ 98.312472, 11.040389 ], [ 98.307111, 11.036639 ], [ 98.30125, 11.025833 ], [ 98.297861, 11.025 ], [ 98.297889, 11.020028 ], [ 98.306639, 11.00625 ], [ 98.313333, 11.00875 ] ], [ [ 97.967111, 10.131667 ], [ 97.969611, 10.142472 ], [ 97.978333, 10.149556 ], [ 97.980417, 10.143306 ], [ 97.976222, 10.135833 ], [ 97.979167, 10.134556 ], [ 97.985444, 10.139139 ], [ 97.989556, 10.155778 ], [ 97.984611, 10.164972 ], [ 97.984972, 10.17875 ], [ 97.978694, 10.176667 ], [ 97.976278, 10.161667 ], [ 97.962056, 10.150833 ], [ 97.96375, 10.140778 ], [ 97.959583, 10.1375 ], [ 97.959556, 10.131639 ], [ 97.959556, 10.128306 ], [ 97.961667, 10.127056 ], [ 97.967111, 10.131667 ] ], [ [ 98.007944, 11.4425 ], [ 98.017056, 11.457472 ], [ 98.014167, 11.464583 ], [ 98.010389, 11.454167 ], [ 98.001667, 11.447889 ], [ 97.996694, 11.447917 ], [ 97.995, 11.443722 ], [ 97.9925, 11.44625 ], [ 97.988333, 11.442889 ], [ 97.985861, 11.451222 ], [ 97.970389, 11.4425 ], [ 97.972472, 11.434583 ], [ 97.999194, 11.432083 ], [ 98.0, 11.432889 ], [ 98.009556, 11.434194 ], [ 98.007944, 11.4425 ] ], [ [ 91.914528, 21.739139 ], [ 91.924944, 21.732083 ], [ 91.940417, 21.749111 ], [ 91.94125, 21.754972 ], [ 91.923306, 21.765417 ], [ 91.909556, 21.7625 ], [ 91.909556, 21.761639 ], [ 91.917917, 21.753333 ], [ 91.914528, 21.739139 ] ], [ [ 92.723333, 20.568722 ], [ 92.720389, 20.584167 ], [ 92.712083, 20.601639 ], [ 92.701639, 20.610417 ], [ 92.697889, 20.609139 ], [ 92.697111, 20.594167 ], [ 92.697111, 20.589167 ], [ 92.711639, 20.572889 ], [ 92.723333, 20.568722 ] ], [ [ 98.736667, 12.491194 ], [ 98.75, 12.48375 ], [ 98.756694, 12.482889 ], [ 98.757917, 12.484972 ], [ 98.755778, 12.490417 ], [ 98.74375, 12.494139 ], [ 98.743722, 12.505 ], [ 98.739111, 12.509583 ], [ 98.731639, 12.510444 ], [ 98.714556, 12.505833 ], [ 98.714556, 12.504167 ], [ 98.723361, 12.489583 ], [ 98.736667, 12.491194 ] ], [ [ 97.566639, 16.52375 ], [ 97.578333, 16.512917 ], [ 97.595806, 16.505389 ], [ 97.605028, 16.507056 ], [ 97.609583, 16.510833 ], [ 97.589194, 16.523722 ], [ 97.56, 16.52875 ], [ 97.552944, 16.5275 ], [ 97.552944, 16.526694 ], [ 97.559972, 16.522889 ], [ 97.566639, 16.52375 ] ], [ [ 91.014722, 22.4175 ], [ 91.018889, 22.414444 ], [ 91.031389, 22.415278 ], [ 91.034722, 22.419167 ], [ 91.031389, 22.436111 ], [ 91.020833, 22.447222 ], [ 91.015833, 22.447222 ], [ 91.014444, 22.429722 ], [ 91.015556, 22.423056 ], [ 91.013889, 22.424167 ], [ 91.014722, 22.4175 ] ], [ [ 90.639194, 22.432083 ], [ 90.645361, 22.431667 ], [ 90.647056, 22.449111 ], [ 90.642444, 22.457944 ], [ 90.636667, 22.458694 ], [ 90.628333, 22.454583 ], [ 90.623778, 22.4475 ], [ 90.623694, 22.44 ], [ 90.629139, 22.427861 ], [ 90.639194, 22.432083 ] ], [ [ 93.535444, 19.490806 ], [ 93.550806, 19.477889 ], [ 93.572444, 19.477889 ], [ 93.590833, 19.46875 ], [ 93.600444, 19.459139 ], [ 93.597889, 19.469139 ], [ 93.592472, 19.47375 ], [ 93.568306, 19.482889 ], [ 93.557528, 19.480389 ], [ 93.551667, 19.482889 ], [ 93.519167, 19.519583 ], [ 93.512083, 19.519944 ], [ 93.512083, 19.519139 ], [ 93.535444, 19.494111 ], [ 93.535444, 19.490806 ] ], [ [ 97.956278, 12.049194 ], [ 97.95875, 12.047472 ], [ 97.957028, 12.042472 ], [ 97.960833, 12.026222 ], [ 97.964556, 12.029111 ], [ 97.963722, 12.033306 ], [ 97.972056, 12.037472 ], [ 97.969111, 12.041194 ], [ 97.963694, 12.040833 ], [ 97.965861, 12.044556 ], [ 97.971194, 12.045806 ], [ 97.970833, 12.049583 ], [ 97.964611, 12.0525 ], [ 97.97, 12.054583 ], [ 97.9725, 12.059583 ], [ 97.975, 12.056194 ], [ 97.978333, 12.057889 ], [ 97.984583, 12.055833 ], [ 97.980833, 12.06375 ], [ 97.974194, 12.062917 ], [ 97.97, 12.069556 ], [ 97.965, 12.065417 ], [ 97.962472, 12.072056 ], [ 97.959167, 12.063722 ], [ 97.952056, 12.063306 ], [ 97.952056, 12.061639 ], [ 97.960444, 12.054139 ], [ 97.956278, 12.049194 ] ], [ [ 97.964139, 9.624583 ], [ 97.967917, 9.621667 ], [ 97.967917, 9.599972 ], [ 97.972472, 9.599556 ], [ 97.976222, 9.603306 ], [ 97.979611, 9.616639 ], [ 97.97625, 9.634139 ], [ 97.960833, 9.63875 ], [ 97.953778, 9.634944 ], [ 97.953778, 9.631667 ], [ 97.958278, 9.622889 ], [ 97.964139, 9.624583 ] ], [ [ 97.641833, 8.66275 ], [ 97.641694, 8.659 ], [ 97.632306, 8.657611 ], [ 97.628778, 8.653611 ], [ 97.630944, 8.643417 ], [ 97.636694, 8.634583 ], [ 97.639583, 8.618417 ], [ 97.647472, 8.614806 ], [ 97.644417, 8.638278 ], [ 97.646861, 8.650639 ], [ 97.646611, 8.654556 ], [ 97.645944, 8.661139 ], [ 97.641833, 8.66275 ] ], [ [ 90.428278, 21.880389 ], [ 90.445417, 21.899167 ], [ 90.445444, 21.904972 ], [ 90.435, 21.903778 ], [ 90.421667, 21.897083 ], [ 90.410361, 21.883333 ], [ 90.410389, 21.881667 ], [ 90.413278, 21.874583 ], [ 90.428278, 21.880389 ] ], [ [ 93.584194, 19.880389 ], [ 93.59875, 19.891639 ], [ 93.608778, 19.905833 ], [ 93.600861, 19.905417 ], [ 93.593306, 19.909556 ], [ 93.580028, 19.892917 ], [ 93.569556, 19.885833 ], [ 93.569528, 19.8825 ], [ 93.575833, 19.877889 ], [ 93.584194, 19.880389 ] ], [ [ 98.089056, 9.694667 ], [ 98.098333, 9.696167 ], [ 98.098333, 9.691222 ], [ 98.1025, 9.692111 ], [ 98.112028, 9.699083 ], [ 98.114583, 9.721722 ], [ 98.108306, 9.723778 ], [ 98.0925, 9.70375 ], [ 98.0825, 9.703722 ], [ 98.08125, 9.702444 ], [ 98.087556, 9.698722 ], [ 98.089056, 9.694667 ] ], [ [ 98.382056, 8.946639 ], [ 98.388361, 8.940389 ], [ 98.391222, 8.947472 ], [ 98.382917, 8.963306 ], [ 98.383778, 8.984139 ], [ 98.375833, 8.989528 ], [ 98.367472, 8.988778 ], [ 98.36375, 8.984167 ], [ 98.36375, 8.979972 ], [ 98.37375, 8.974139 ], [ 98.382056, 8.946639 ] ], [ [ 98.314611, 8.908333 ], [ 98.307056, 8.924972 ], [ 98.306639, 8.937889 ], [ 98.302083, 8.934139 ], [ 98.302083, 8.924167 ], [ 98.293722, 8.917472 ], [ 98.291222, 8.900833 ], [ 98.291222, 8.896639 ], [ 98.295806, 8.896222 ], [ 98.314611, 8.908333 ] ], [ [ 90.993056, 22.454167 ], [ 90.993333, 22.472222 ], [ 90.986389, 22.479444 ], [ 90.980833, 22.480833 ], [ 90.973611, 22.473889 ], [ 90.9725, 22.4625 ], [ 90.975278, 22.458056 ], [ 90.978889, 22.454444 ], [ 90.9875, 22.451944 ], [ 90.993056, 22.454167 ] ], [ [ 90.530028, 21.99375 ], [ 90.5075, 21.987889 ], [ 90.500389, 21.98 ], [ 90.497889, 21.965 ], [ 90.503306, 21.964556 ], [ 90.517528, 21.980417 ], [ 90.546639, 21.999556 ], [ 90.547528, 21.999556 ], [ 90.55625, 22.006667 ], [ 90.530028, 21.99375 ] ], [ [ 98.129556, 11.463333 ], [ 98.130444, 11.450833 ], [ 98.126222, 11.448333 ], [ 98.126639, 11.445417 ], [ 98.137472, 11.444583 ], [ 98.144556, 11.449139 ], [ 98.14625, 11.457472 ], [ 98.132944, 11.472472 ], [ 98.134111, 11.477083 ], [ 98.124167, 11.47625 ], [ 98.121222, 11.468306 ], [ 98.121222, 11.4675 ], [ 98.123361, 11.463722 ], [ 98.129556, 11.463333 ] ], [ [ 98.546639, 12.005444 ], [ 98.549556, 12.006639 ], [ 98.55125, 12.016639 ], [ 98.55875, 12.028306 ], [ 98.553306, 12.034556 ], [ 98.541667, 12.032889 ], [ 98.533722, 12.023333 ], [ 98.532917, 12.022472 ], [ 98.542028, 12.0075 ], [ 98.546639, 12.005444 ] ], [ [ 91.225361, 22.592417 ], [ 91.239972, 22.586167 ], [ 91.246222, 22.593222 ], [ 91.247, 22.599083 ], [ 91.225778, 22.622806 ], [ 91.222889, 22.621583 ], [ 91.222833, 22.619917 ], [ 91.226167, 22.610722 ], [ 91.225361, 22.592417 ] ], [ [ 97.805, 15.206194 ], [ 97.815, 15.205389 ], [ 97.822917, 15.215833 ], [ 97.81, 15.230389 ], [ 97.797917, 15.221667 ], [ 97.795417, 15.215 ], [ 97.795444, 15.212472 ], [ 97.800028, 15.202056 ], [ 97.805, 15.206194 ] ], [ [ 97.802083, 14.110806 ], [ 97.804972, 14.106222 ], [ 97.812083, 14.112528 ], [ 97.813722, 14.12 ], [ 97.818333, 14.119556 ], [ 97.822944, 14.124167 ], [ 97.819972, 14.130417 ], [ 97.814556, 14.131639 ], [ 97.815833, 14.13625 ], [ 97.810861, 14.134556 ], [ 97.804167, 14.137111 ], [ 97.79875, 14.133278 ], [ 97.797056, 14.127472 ], [ 97.797056, 14.123278 ], [ 97.802917, 14.117472 ], [ 97.802083, 14.110806 ] ], [ [ 90.629583, 22.212472 ], [ 90.640417, 22.228333 ], [ 90.640806, 22.237056 ], [ 90.620389, 22.2425 ], [ 90.62125, 22.232472 ], [ 90.62625, 22.228306 ], [ 90.621194, 22.220833 ], [ 90.618722, 22.206639 ], [ 90.617889, 22.205833 ], [ 90.62, 22.204583 ], [ 90.629583, 22.212472 ] ], [ [ 97.989611, 11.394167 ], [ 97.99375, 11.391639 ], [ 97.995806, 11.38125 ], [ 98.000833, 11.382083 ], [ 98.008306, 11.377056 ], [ 98.013306, 11.378722 ], [ 98.016278, 11.384139 ], [ 98.008722, 11.389111 ], [ 98.011278, 11.394972 ], [ 98.004194, 11.395417 ], [ 98.00625, 11.399139 ], [ 97.999583, 11.400861 ], [ 98.000389, 11.409972 ], [ 98.0, 11.410389 ], [ 97.997083, 11.410833 ], [ 97.989611, 11.394167 ] ], [ [ 98.709167, 10.967083 ], [ 98.715389, 10.979139 ], [ 98.715306, 10.985806 ], [ 98.712278, 10.990389 ], [ 98.707361, 10.988722 ], [ 98.704722, 10.992111 ], [ 98.699778, 10.992111 ], [ 98.692722, 10.981639 ], [ 98.692778, 10.9775 ], [ 98.699917, 10.967861 ], [ 98.709167, 10.967083 ] ], [ [ 97.907917, 13.915806 ], [ 97.914583, 13.910778 ], [ 97.912083, 13.892472 ], [ 97.919139, 13.891222 ], [ 97.917917, 13.903333 ], [ 97.921278, 13.917472 ], [ 97.918722, 13.930778 ], [ 97.911694, 13.945389 ], [ 97.907083, 13.939972 ], [ 97.90875, 13.930861 ], [ 97.904611, 13.929972 ], [ 97.904611, 13.928306 ], [ 97.910361, 13.920806 ], [ 97.907917, 13.915806 ] ], [ [ 94.060389, 19.036611 ], [ 94.0425, 19.041194 ], [ 94.027917, 19.025778 ], [ 94.027889, 19.021667 ], [ 94.043333, 19.019556 ], [ 94.060389, 19.036611 ] ], [ [ 90.417056, 22.025806 ], [ 90.412472, 22.031222 ], [ 90.409167, 22.031222 ], [ 90.402889, 22.027472 ], [ 90.402861, 22.019139 ], [ 90.407083, 22.001667 ], [ 90.410778, 21.998722 ], [ 90.414194, 22.002083 ], [ 90.414972, 21.99875 ], [ 90.416667, 21.998778 ], [ 90.421194, 22.015833 ], [ 90.417056, 22.025806 ] ], [ [ 93.575, 19.647028 ], [ 93.580389, 19.651667 ], [ 93.578722, 19.659139 ], [ 93.5825, 19.658722 ], [ 93.585028, 19.654583 ], [ 93.58875, 19.664167 ], [ 93.584167, 19.669556 ], [ 93.578333, 19.669583 ], [ 93.563333, 19.663722 ], [ 93.560361, 19.658278 ], [ 93.560417, 19.654139 ], [ 93.566639, 19.647056 ], [ 93.575, 19.647028 ] ], [ [ 93.862917, 19.278306 ], [ 93.865444, 19.287472 ], [ 93.8625, 19.297944 ], [ 93.849944, 19.297083 ], [ 93.84625, 19.294167 ], [ 93.84875, 19.275778 ], [ 93.844583, 19.269944 ], [ 93.844583, 19.269167 ], [ 93.850833, 19.268722 ], [ 93.862917, 19.278306 ] ], [ [ 98.462889, 8.358278 ], [ 98.467028, 8.356639 ], [ 98.471194, 8.348306 ], [ 98.467111, 8.333306 ], [ 98.476667, 8.330389 ], [ 98.479556, 8.3575 ], [ 98.472944, 8.3625 ], [ 98.469167, 8.371222 ], [ 98.464944, 8.372944 ], [ 98.462056, 8.367472 ], [ 98.46125, 8.366611 ], [ 98.46375, 8.363333 ], [ 98.462889, 8.358278 ] ], [ [ 91.899972, 21.660389 ], [ 91.906639, 21.66125 ], [ 91.911222, 21.666667 ], [ 91.907972, 21.685806 ], [ 91.898333, 21.682917 ], [ 91.893333, 21.686222 ], [ 91.892889, 21.679167 ], [ 91.88875, 21.674139 ], [ 91.888722, 21.670806 ], [ 91.891639, 21.665389 ], [ 91.899972, 21.660389 ] ], [ [ 90.5125, 21.862889 ], [ 90.532889, 21.876667 ], [ 90.5275, 21.880417 ], [ 90.514139, 21.882056 ], [ 90.506667, 21.878722 ], [ 90.499583, 21.868306 ], [ 90.499583, 21.866639 ], [ 90.504194, 21.862056 ], [ 90.5125, 21.862889 ] ], [ [ 95.061667, 15.812028 ], [ 95.067861, 15.817472 ], [ 95.069556, 15.8375 ], [ 95.066694, 15.843778 ], [ 95.06125, 15.841639 ], [ 95.052056, 15.824972 ], [ 95.052083, 15.819972 ], [ 95.056611, 15.812083 ], [ 95.061667, 15.812028 ] ], [ [ 98.246194, 12.29 ], [ 98.249556, 12.289139 ], [ 98.249111, 12.287083 ], [ 98.243333, 12.287056 ], [ 98.244111, 12.284528 ], [ 98.254194, 12.282028 ], [ 98.255472, 12.2875 ], [ 98.260417, 12.289111 ], [ 98.26125, 12.2925 ], [ 98.257944, 12.294167 ], [ 98.255389, 12.301611 ], [ 98.259583, 12.306639 ], [ 98.254194, 12.318722 ], [ 98.247083, 12.315778 ], [ 98.247889, 12.307472 ], [ 98.24375, 12.308306 ], [ 98.244528, 12.299194 ], [ 98.242083, 12.298306 ], [ 98.242083, 12.2975 ], [ 98.247889, 12.295 ], [ 98.246194, 12.29 ] ], [ [ 98.248333, 11.355361 ], [ 98.248694, 11.359167 ], [ 98.25375, 11.361639 ], [ 98.252056, 11.371694 ], [ 98.255389, 11.380833 ], [ 98.265389, 11.386639 ], [ 98.259972, 11.38875 ], [ 98.257472, 11.385361 ], [ 98.251611, 11.385417 ], [ 98.249167, 11.37875 ], [ 98.244111, 11.380389 ], [ 98.237889, 11.373306 ], [ 98.240417, 11.365806 ], [ 98.237861, 11.363333 ], [ 98.237889, 11.361667 ], [ 98.243306, 11.352083 ], [ 98.248333, 11.355361 ] ], [ [ 98.530833, 12.315389 ], [ 98.547917, 12.325806 ], [ 98.541667, 12.335389 ], [ 98.534167, 12.337083 ], [ 98.520389, 12.326667 ], [ 98.519583, 12.322472 ], [ 98.519583, 12.319944 ], [ 98.525889, 12.315389 ], [ 98.530833, 12.315389 ] ], [ [ 97.822917, 12.431667 ], [ 97.824972, 12.429556 ], [ 97.830389, 12.4325 ], [ 97.830833, 12.437083 ], [ 97.837889, 12.439194 ], [ 97.832944, 12.450806 ], [ 97.83625, 12.454972 ], [ 97.829556, 12.46 ], [ 97.825806, 12.47375 ], [ 97.822917, 12.471667 ], [ 97.824583, 12.464972 ], [ 97.821194, 12.4475 ], [ 97.821222, 12.444972 ], [ 97.82375, 12.442444 ], [ 97.822917, 12.431667 ] ], [ [ 98.459139, 12.207056 ], [ 98.462472, 12.212861 ], [ 98.471222, 12.216694 ], [ 98.472083, 12.220806 ], [ 98.459139, 12.232056 ], [ 98.45, 12.231222 ], [ 98.447083, 12.224167 ], [ 98.447083, 12.2225 ], [ 98.450389, 12.214111 ], [ 98.459139, 12.207056 ] ], [ [ 98.345861, 9.472111 ], [ 98.348722, 9.481667 ], [ 98.355389, 9.486556 ], [ 98.357417, 9.505444 ], [ 98.34125, 9.489972 ], [ 98.34125, 9.484167 ], [ 98.333722, 9.471583 ], [ 98.33375, 9.466639 ], [ 98.338361, 9.46625 ], [ 98.345861, 9.472111 ] ], [ [ 97.995389, 10.345833 ], [ 97.984583, 10.332472 ], [ 97.985361, 10.323278 ], [ 97.990833, 10.324556 ], [ 97.994139, 10.319583 ], [ 97.999583, 10.326667 ], [ 97.998722, 10.338306 ], [ 98.002361, 10.344222 ], [ 98.0, 10.353778 ], [ 97.999583, 10.354167 ], [ 97.995889, 10.366222 ], [ 97.995389, 10.345833 ] ], [ [ 97.604167, 16.375417 ], [ 97.614583, 16.39 ], [ 97.611278, 16.405806 ], [ 97.605861, 16.414556 ], [ 97.598722, 16.4 ], [ 97.59875, 16.392472 ], [ 97.599528, 16.383306 ], [ 97.604167, 16.375417 ] ], [ [ 98.519583, 12.416667 ], [ 98.520833, 12.404556 ], [ 98.524583, 12.408333 ], [ 98.525389, 12.418333 ], [ 98.515806, 12.44875 ], [ 98.508333, 12.445417 ], [ 98.502889, 12.437472 ], [ 98.502917, 12.435806 ], [ 98.514556, 12.426639 ], [ 98.519583, 12.416667 ] ], [ [ 98.592111, 12.449972 ], [ 98.589611, 12.454944 ], [ 98.580806, 12.462917 ], [ 98.577056, 12.460806 ], [ 98.575389, 12.455 ], [ 98.575389, 12.444139 ], [ 98.590861, 12.428722 ], [ 98.592111, 12.449972 ] ], [ [ 94.023333, 19.037056 ], [ 94.04125, 19.045 ], [ 94.038694, 19.063306 ], [ 94.030861, 19.062889 ], [ 94.018778, 19.047472 ], [ 94.01875, 19.044139 ], [ 94.019528, 19.038333 ], [ 94.023333, 19.037056 ] ], [ [ 98.157694, 10.144639 ], [ 98.161917, 10.138778 ], [ 98.165667, 10.140056 ], [ 98.168389, 10.166306 ], [ 98.163806, 10.164222 ], [ 98.162222, 10.155833 ], [ 98.157694, 10.151306 ], [ 98.152944, 10.155889 ], [ 98.153361, 10.165472 ], [ 98.145861, 10.157139 ], [ 98.14325, 10.157972 ], [ 98.141167, 10.155917 ], [ 98.147639, 10.141278 ], [ 98.157694, 10.144639 ] ], [ [ 98.5025, 12.375389 ], [ 98.511222, 12.387472 ], [ 98.517056, 12.402472 ], [ 98.507472, 12.402917 ], [ 98.492083, 12.389167 ], [ 98.492083, 12.385833 ], [ 98.498278, 12.37625 ], [ 98.5025, 12.375389 ] ], [ [ 98.197472, 13.612028 ], [ 98.202083, 13.6325 ], [ 98.199972, 13.63375 ], [ 98.196222, 13.63 ], [ 98.194556, 13.638333 ], [ 98.198694, 13.646667 ], [ 98.197472, 13.649583 ], [ 98.183722, 13.631639 ], [ 98.183694, 13.624972 ], [ 98.193306, 13.610361 ], [ 98.197472, 13.612028 ] ], [ [ 98.533694, 13.134944 ], [ 98.528722, 13.125806 ], [ 98.528722, 13.122472 ], [ 98.531667, 13.122083 ], [ 98.535389, 13.134139 ], [ 98.539556, 13.1375 ], [ 98.540417, 13.153333 ], [ 98.534972, 13.162917 ], [ 98.530833, 13.163722 ], [ 98.528333, 13.158722 ], [ 98.527472, 13.163694 ], [ 98.52125, 13.1625 ], [ 98.52125, 13.159167 ], [ 98.532917, 13.144139 ], [ 98.533694, 13.134944 ] ], [ [ 95.882528, 16.222111 ], [ 95.892056, 16.241639 ], [ 95.889167, 16.242889 ], [ 95.880833, 16.237889 ], [ 95.862917, 16.2175 ], [ 95.862889, 16.215833 ], [ 95.868333, 16.21375 ], [ 95.882528, 16.222111 ] ], [ [ 97.779167, 14.391222 ], [ 97.782083, 14.395833 ], [ 97.780389, 14.403278 ], [ 97.787056, 14.410833 ], [ 97.787028, 14.414972 ], [ 97.782472, 14.418722 ], [ 97.773389, 14.416222 ], [ 97.766278, 14.403333 ], [ 97.766222, 14.399194 ], [ 97.768306, 14.39375 ], [ 97.779167, 14.391222 ] ], [ [ 91.901694, 21.587083 ], [ 91.912472, 21.58125 ], [ 91.918694, 21.584972 ], [ 91.905361, 21.594167 ], [ 91.909167, 21.604583 ], [ 91.895833, 21.599556 ], [ 91.889583, 21.589139 ], [ 91.889556, 21.584944 ], [ 91.894139, 21.578722 ], [ 91.901694, 21.587083 ] ], [ [ 98.200833, 11.862917 ], [ 98.200833, 11.860389 ], [ 98.206611, 11.861194 ], [ 98.205417, 11.855 ], [ 98.209139, 11.852889 ], [ 98.216639, 11.857889 ], [ 98.210417, 11.851694 ], [ 98.214167, 11.849556 ], [ 98.222056, 11.851667 ], [ 98.22375, 11.864972 ], [ 98.221639, 11.869583 ], [ 98.214111, 11.867083 ], [ 98.212472, 11.870417 ], [ 98.208333, 11.870389 ], [ 98.204139, 11.867056 ], [ 98.1975, 11.86875 ], [ 98.192944, 11.8625 ], [ 98.192944, 11.861611 ], [ 98.196667, 11.86375 ], [ 98.200833, 11.862917 ] ], [ [ 98.033778, 10.159222 ], [ 98.047694, 10.152944 ], [ 98.043833, 10.165861 ], [ 98.037028, 10.171694 ], [ 98.033139, 10.193806 ], [ 98.029361, 10.192528 ], [ 98.025278, 10.181722 ], [ 98.025278, 10.180056 ], [ 98.031167, 10.173389 ], [ 98.033778, 10.159222 ] ], [ [ 93.983333, 18.744556 ], [ 93.979556, 18.738333 ], [ 93.987083, 18.734167 ], [ 93.99, 18.727889 ], [ 94.004972, 18.724528 ], [ 94.008722, 18.730833 ], [ 94.004972, 18.737028 ], [ 94.0, 18.738722 ], [ 93.999167, 18.739556 ], [ 93.99, 18.747917 ], [ 93.983333, 18.744556 ] ], [ [ 90.839167, 21.942083 ], [ 90.846222, 21.947528 ], [ 90.842111, 21.955833 ], [ 90.843694, 21.964972 ], [ 90.841639, 21.967056 ], [ 90.835806, 21.96625 ], [ 90.824583, 21.956639 ], [ 90.824611, 21.954972 ], [ 90.828333, 21.948722 ], [ 90.839167, 21.942083 ] ], [ [ 95.044139, 15.685389 ], [ 95.053778, 15.694139 ], [ 95.055389, 15.702444 ], [ 95.049139, 15.705361 ], [ 95.029611, 15.692472 ], [ 95.029583, 15.689139 ], [ 95.0375, 15.68375 ], [ 95.044139, 15.685389 ] ], [ [ 93.605833, 19.614583 ], [ 93.610833, 19.613694 ], [ 93.616667, 19.618722 ], [ 93.627472, 19.609556 ], [ 93.6325, 19.610417 ], [ 93.637889, 19.607472 ], [ 93.629583, 19.62 ], [ 93.6175, 19.628778 ], [ 93.6075, 19.626222 ], [ 93.606194, 19.619972 ], [ 93.599583, 19.613333 ], [ 93.599556, 19.609944 ], [ 93.602528, 19.605417 ], [ 93.605833, 19.614583 ] ], [ [ 98.186889, 10.827556 ], [ 98.191556, 10.823778 ], [ 98.191028, 10.845028 ], [ 98.196056, 10.845056 ], [ 98.196806, 10.860028 ], [ 98.189639, 10.862139 ], [ 98.177528, 10.858361 ], [ 98.177528, 10.855861 ], [ 98.186778, 10.846694 ], [ 98.186889, 10.827556 ] ], [ [ 97.639167, 12.039556 ], [ 97.645, 12.03625 ], [ 97.647917, 12.040806 ], [ 97.644611, 12.046639 ], [ 97.647528, 12.060417 ], [ 97.634972, 12.059556 ], [ 97.62875, 12.044139 ], [ 97.62875, 12.043278 ], [ 97.633333, 12.038722 ], [ 97.639167, 12.039556 ] ], [ [ 98.502889, 8.275806 ], [ 98.505361, 8.289139 ], [ 98.497083, 8.2975 ], [ 98.494972, 8.304583 ], [ 98.491222, 8.3025 ], [ 98.48875, 8.294167 ], [ 98.488722, 8.285833 ], [ 98.498278, 8.275389 ], [ 98.502889, 8.275806 ] ], [ [ 98.190417, 12.910806 ], [ 98.195417, 12.908306 ], [ 98.197917, 12.925028 ], [ 98.191222, 12.931667 ], [ 98.188306, 12.939583 ], [ 98.182889, 12.939139 ], [ 98.182111, 12.933306 ], [ 98.186194, 12.929972 ], [ 98.177889, 12.924944 ], [ 98.177917, 12.923278 ], [ 98.186639, 12.919528 ], [ 98.190417, 12.910806 ] ], [ [ 98.2125, 12.34875 ], [ 98.212889, 12.354972 ], [ 98.216694, 12.357889 ], [ 98.226694, 12.35375 ], [ 98.228333, 12.349556 ], [ 98.232083, 12.349972 ], [ 98.233778, 12.355833 ], [ 98.229167, 12.367917 ], [ 98.22, 12.362056 ], [ 98.2125, 12.369556 ], [ 98.209583, 12.367472 ], [ 98.21, 12.362889 ], [ 98.205389, 12.363333 ], [ 98.205417, 12.357472 ], [ 98.207056, 12.352472 ], [ 98.2125, 12.34875 ] ], [ [ 94.525, 16.135389 ], [ 94.538722, 16.147528 ], [ 94.542917, 16.154944 ], [ 94.538333, 16.15625 ], [ 94.524167, 16.152111 ], [ 94.514556, 16.138278 ], [ 94.514528, 16.135806 ], [ 94.517528, 16.133722 ], [ 94.525, 16.135389 ] ], [ [ 92.327028, 20.609972 ], [ 92.325389, 20.594139 ], [ 92.331694, 20.590389 ], [ 92.332917, 20.603278 ], [ 92.327889, 20.624167 ], [ 92.330389, 20.635806 ], [ 92.323306, 20.637917 ], [ 92.315417, 20.630028 ], [ 92.315417, 20.628306 ], [ 92.324611, 20.619944 ], [ 92.327028, 20.609972 ] ], [ [ 97.664611, 11.805833 ], [ 97.669167, 11.802917 ], [ 97.67875, 11.8125 ], [ 97.675028, 11.81875 ], [ 97.666667, 11.82375 ], [ 97.660833, 11.818722 ], [ 97.654972, 11.820417 ], [ 97.64625, 11.815778 ], [ 97.64625, 11.814194 ], [ 97.664111, 11.810361 ], [ 97.664611, 11.805833 ] ], [ [ 98.477528, 9.979528 ], [ 98.483667, 9.982417 ], [ 98.485056, 9.990389 ], [ 98.488306, 9.98625 ], [ 98.494944, 9.987028 ], [ 98.498389, 9.982944 ], [ 98.50125, 9.996722 ], [ 98.476694, 9.996167 ], [ 98.471194, 9.993306 ], [ 98.471194, 9.990833 ], [ 98.477861, 9.984972 ], [ 98.477528, 9.979528 ] ], [ [ 98.635833, 8.25125 ], [ 98.644139, 8.248722 ], [ 98.644583, 8.254139 ], [ 98.637889, 8.261639 ], [ 98.63875, 8.2675 ], [ 98.632056, 8.266639 ], [ 98.626222, 8.285806 ], [ 98.621194, 8.285806 ], [ 98.621194, 8.283333 ], [ 98.627056, 8.258306 ], [ 98.635833, 8.25125 ] ], [ [ 98.150389, 12.196639 ], [ 98.15, 12.208694 ], [ 98.134167, 12.211222 ], [ 98.133306, 12.20875 ], [ 98.124583, 12.208333 ], [ 98.124583, 12.207472 ], [ 98.138306, 12.193722 ], [ 98.150389, 12.196639 ] ], [ [ 93.688333, 19.389556 ], [ 93.692944, 19.393333 ], [ 93.690833, 19.399556 ], [ 93.663306, 19.408778 ], [ 93.659611, 19.407472 ], [ 93.659611, 19.406667 ], [ 93.676639, 19.389556 ], [ 93.688333, 19.389556 ] ], [ [ 95.208333, 15.669583 ], [ 95.211222, 15.673333 ], [ 95.21125, 15.683306 ], [ 95.199167, 15.680389 ], [ 95.194972, 15.683694 ], [ 95.185389, 15.674972 ], [ 95.185389, 15.6725 ], [ 95.196667, 15.667111 ], [ 95.208333, 15.669583 ] ], [ [ 98.523611, 10.012083 ], [ 98.527833, 10.011222 ], [ 98.529889, 10.018333 ], [ 98.51675, 10.029583 ], [ 98.510833, 10.03125 ], [ 98.512972, 10.022444 ], [ 98.50725, 10.015833 ], [ 98.506389, 10.015028 ], [ 98.515278, 10.00625 ], [ 98.523611, 10.012083 ] ], [ [ 98.25525, 10.229639 ], [ 98.260611, 10.244222 ], [ 98.257972, 10.256694 ], [ 98.245889, 10.256306 ], [ 98.244611, 10.252528 ], [ 98.244639, 10.250056 ], [ 98.247222, 10.236694 ], [ 98.25525, 10.229639 ] ], [ [ 90.697056, 22.017472 ], [ 90.694167, 22.01875 ], [ 90.678306, 22.012056 ], [ 90.666667, 22.01125 ], [ 90.662944, 21.999194 ], [ 90.672472, 21.999556 ], [ 90.673278, 21.999556 ], [ 90.694194, 22.01125 ], [ 90.697056, 22.017472 ] ], [ [ 97.986639, 12.003694 ], [ 97.995389, 12.004944 ], [ 97.994556, 12.011667 ], [ 97.983306, 12.027056 ], [ 97.974139, 12.02375 ], [ 97.969583, 12.016667 ], [ 97.969583, 12.014944 ], [ 97.979167, 12.01625 ], [ 97.986639, 12.003694 ] ], [ [ 98.695944, 10.932889 ], [ 98.707278, 10.929972 ], [ 98.707278, 10.934972 ], [ 98.695056, 10.944556 ], [ 98.672472, 10.933722 ], [ 98.671194, 10.932472 ], [ 98.676667, 10.930389 ], [ 98.695944, 10.932889 ] ], [ [ 98.492167, 9.9 ], [ 98.495361, 9.910861 ], [ 98.490722, 9.912917 ], [ 98.480833, 9.911194 ], [ 98.477944, 9.900833 ], [ 98.470417, 9.895028 ], [ 98.470417, 9.891639 ], [ 98.486639, 9.894528 ], [ 98.492167, 9.9 ] ], [ [ 98.619361, 10.84625 ], [ 98.6315, 10.849944 ], [ 98.629333, 10.862861 ], [ 98.615028, 10.862917 ], [ 98.606333, 10.855833 ], [ 98.606333, 10.854972 ], [ 98.615111, 10.854583 ], [ 98.619361, 10.84625 ] ], [ [ 97.9, 10.495389 ], [ 97.901694, 10.505389 ], [ 97.908306, 10.502083 ], [ 97.920417, 10.510833 ], [ 97.919583, 10.519972 ], [ 97.911639, 10.519528 ], [ 97.905861, 10.508722 ], [ 97.894972, 10.50875 ], [ 97.893778, 10.505806 ], [ 97.892889, 10.505 ], [ 97.894583, 10.4975 ], [ 97.9, 10.495389 ] ], [ [ 94.091667, 18.052083 ], [ 94.097972, 18.0575 ], [ 94.099556, 18.068333 ], [ 94.085, 18.070417 ], [ 94.079611, 18.062472 ], [ 94.079583, 18.059139 ], [ 94.083333, 18.053722 ], [ 94.091667, 18.052083 ] ], [ [ 93.616694, 19.434583 ], [ 93.619611, 19.4475 ], [ 93.615889, 19.452028 ], [ 93.610028, 19.452056 ], [ 93.599556, 19.444972 ], [ 93.600417, 19.440833 ], [ 93.599528, 19.439972 ], [ 93.6075, 19.432083 ], [ 93.616694, 19.434583 ] ], [ [ 93.503333, 19.917083 ], [ 93.51125, 19.9225 ], [ 93.512111, 19.9275 ], [ 93.504972, 19.935417 ], [ 93.487028, 19.921639 ], [ 93.487083, 19.920778 ], [ 93.494972, 19.917028 ], [ 93.503333, 19.917083 ] ], [ [ 98.237083, 13.886667 ], [ 98.24, 13.879556 ], [ 98.242889, 13.909972 ], [ 98.23875, 13.9225 ], [ 98.232056, 13.930806 ], [ 98.232111, 13.9375 ], [ 98.229556, 13.9375 ], [ 98.229528, 13.930833 ], [ 98.235389, 13.917472 ], [ 98.237083, 13.886667 ] ], [ [ 93.517889, 19.48 ], [ 93.521667, 19.472917 ], [ 93.52125, 19.477472 ], [ 93.525389, 19.479167 ], [ 93.523306, 19.485389 ], [ 93.536222, 19.483333 ], [ 93.528361, 19.492083 ], [ 93.522889, 19.4925 ], [ 93.526222, 19.496667 ], [ 93.5225, 19.500417 ], [ 93.511667, 19.503722 ], [ 93.505444, 19.499139 ], [ 93.505444, 19.498333 ], [ 93.51875, 19.495833 ], [ 93.517889, 19.48 ] ], [ [ 98.01, 10.871306 ], [ 98.017556, 10.867944 ], [ 98.024694, 10.870056 ], [ 98.019667, 10.875028 ], [ 98.021722, 10.877083 ], [ 98.012472, 10.877917 ], [ 98.006111, 10.885028 ], [ 98.014861, 10.893778 ], [ 98.003111, 10.89375 ], [ 98.001861, 10.887528 ], [ 98.000361, 10.885417 ], [ 98.000722, 10.881278 ], [ 98.01, 10.871306 ] ], [ [ 97.745, 11.990389 ], [ 97.753333, 11.992889 ], [ 97.755444, 11.996639 ], [ 97.745806, 12.012028 ], [ 97.736278, 12.010778 ], [ 97.73875, 12.0 ], [ 97.73875, 11.997472 ], [ 97.73875, 11.992472 ], [ 97.745, 11.990389 ] ], [ [ 92.97625, 20.222472 ], [ 92.979167, 20.240389 ], [ 92.965417, 20.227472 ], [ 92.952889, 20.209167 ], [ 92.952889, 20.208306 ], [ 92.961667, 20.211222 ], [ 92.97625, 20.222472 ] ], [ [ 93.488306, 19.723722 ], [ 93.499139, 19.715389 ], [ 93.502056, 19.716639 ], [ 93.502056, 19.721639 ], [ 93.479167, 19.739528 ], [ 93.476667, 19.736222 ], [ 93.470417, 19.7375 ], [ 93.470417, 19.736639 ], [ 93.484194, 19.722083 ], [ 93.488306, 19.723722 ] ], [ [ 98.491667, 8.315417 ], [ 98.498361, 8.317028 ], [ 98.502889, 8.321639 ], [ 98.498361, 8.327889 ], [ 98.490778, 8.327083 ], [ 98.483333, 8.33625 ], [ 98.479528, 8.333333 ], [ 98.479528, 8.325806 ], [ 98.486639, 8.317083 ], [ 98.491667, 8.315417 ] ], [ [ 98.469139, 11.827083 ], [ 98.470417, 11.829139 ], [ 98.471194, 11.843333 ], [ 98.463306, 11.85125 ], [ 98.457889, 11.850833 ], [ 98.457944, 11.834167 ], [ 98.457056, 11.833306 ], [ 98.459167, 11.828722 ], [ 98.469139, 11.827083 ] ], [ [ 97.961667, 10.407056 ], [ 97.965444, 10.407472 ], [ 97.966222, 10.420833 ], [ 97.961694, 10.437083 ], [ 97.957917, 10.436667 ], [ 97.956278, 10.427472 ], [ 97.951222, 10.422528 ], [ 97.95125, 10.417528 ], [ 97.958333, 10.41375 ], [ 97.961667, 10.407056 ] ], [ [ 98.1105, 9.778333 ], [ 98.114139, 9.772889 ], [ 98.1175, 9.772889 ], [ 98.119611, 9.797528 ], [ 98.117083, 9.802472 ], [ 98.109889, 9.803694 ], [ 98.104639, 9.796639 ], [ 98.104667, 9.793361 ], [ 98.113722, 9.789194 ], [ 98.1105, 9.778333 ] ], [ [ 98.4975, 8.164556 ], [ 98.499583, 8.179139 ], [ 98.495778, 8.200389 ], [ 98.490417, 8.198306 ], [ 98.48875, 8.184167 ], [ 98.48875, 8.182444 ], [ 98.49375, 8.165806 ], [ 98.4975, 8.164556 ] ], [ [ 98.468722, 8.295806 ], [ 98.468722, 8.302472 ], [ 98.472083, 8.301667 ], [ 98.472056, 8.306667 ], [ 98.461667, 8.313722 ], [ 98.447028, 8.310833 ], [ 98.447028, 8.309167 ], [ 98.465861, 8.294528 ], [ 98.468722, 8.295806 ] ], [ [ 98.213917, 10.440861 ], [ 98.218639, 10.432139 ], [ 98.223111, 10.445028 ], [ 98.221361, 10.457528 ], [ 98.226389, 10.465028 ], [ 98.216639, 10.468778 ], [ 98.213806, 10.460056 ], [ 98.212944, 10.459194 ], [ 98.215528, 10.450861 ], [ 98.213917, 10.440861 ] ], [ [ 98.474139, 8.03625 ], [ 98.477083, 8.045806 ], [ 98.473722, 8.0575 ], [ 98.470833, 8.060389 ], [ 98.460417, 8.058306 ], [ 98.460417, 8.054167 ], [ 98.469583, 8.036667 ], [ 98.474139, 8.03625 ] ], [ [ 98.14625, 12.469139 ], [ 98.153333, 12.467889 ], [ 98.15875, 12.4875 ], [ 98.157083, 12.498278 ], [ 98.15375, 12.497472 ], [ 98.151667, 12.487861 ], [ 98.150861, 12.492917 ], [ 98.144583, 12.490833 ], [ 98.144583, 12.489972 ], [ 98.148722, 12.478333 ], [ 98.14625, 12.469139 ] ], [ [ 91.014722, 22.49 ], [ 91.020556, 22.491944 ], [ 91.025278, 22.500833 ], [ 91.024444, 22.506389 ], [ 91.021389, 22.510833 ], [ 91.015556, 22.511389 ], [ 91.008333, 22.504167 ], [ 91.009722, 22.498333 ], [ 91.010556, 22.492778 ], [ 91.014722, 22.49 ] ], [ [ 97.767528, 12.037056 ], [ 97.773306, 12.039528 ], [ 97.775, 12.04375 ], [ 97.788333, 12.044556 ], [ 97.789556, 12.048333 ], [ 97.780028, 12.052889 ], [ 97.775861, 12.047944 ], [ 97.764972, 12.050417 ], [ 97.758778, 12.045 ], [ 97.758778, 12.044139 ], [ 97.763361, 12.037083 ], [ 97.767528, 12.037056 ] ], [ [ 97.810833, 14.264583 ], [ 97.817056, 14.273333 ], [ 97.815472, 14.279111 ], [ 97.81, 14.28375 ], [ 97.805, 14.282917 ], [ 97.798778, 14.275833 ], [ 97.798778, 14.274167 ], [ 97.804972, 14.26375 ], [ 97.810833, 14.264583 ] ], [ [ 98.431667, 12.360389 ], [ 98.437917, 12.389972 ], [ 98.435833, 12.391222 ], [ 98.422056, 12.378333 ], [ 98.422056, 12.372472 ], [ 98.427083, 12.369972 ], [ 98.431667, 12.360389 ] ], [ [ 98.09325, 9.642111 ], [ 98.099194, 9.637028 ], [ 98.102056, 9.640028 ], [ 98.096639, 9.653667 ], [ 98.087472, 9.647056 ], [ 98.076167, 9.65075 ], [ 98.076167, 9.647528 ], [ 98.079944, 9.639556 ], [ 98.09325, 9.642111 ] ], [ [ 97.988306, 10.057944 ], [ 97.992889, 10.07 ], [ 97.992056, 10.075806 ], [ 97.983333, 10.072056 ], [ 97.978306, 10.082083 ], [ 97.974611, 10.08 ], [ 97.974611, 10.079139 ], [ 97.977083, 10.065833 ], [ 97.988306, 10.057944 ] ], [ [ 93.837889, 19.279972 ], [ 93.831278, 19.271639 ], [ 93.841639, 19.269556 ], [ 93.847056, 19.275 ], [ 93.845389, 19.291639 ], [ 93.829583, 19.295833 ], [ 93.829556, 19.293333 ], [ 93.837889, 19.286694 ], [ 93.837889, 19.279972 ] ], [ [ 94.014611, 19.099139 ], [ 94.016306, 19.106639 ], [ 94.011667, 19.112056 ], [ 93.999111, 19.107889 ], [ 93.997083, 19.105833 ], [ 93.998694, 19.099167 ], [ 94.0, 19.097889 ], [ 94.006694, 19.093722 ], [ 94.014611, 19.099139 ] ], [ [ 98.234583, 10.544639 ], [ 98.245806, 10.560861 ], [ 98.2345, 10.564611 ], [ 98.223194, 10.554194 ], [ 98.223194, 10.551722 ], [ 98.230389, 10.549611 ], [ 98.234583, 10.544639 ] ], [ [ 98.318361, 12.869556 ], [ 98.321194, 12.876667 ], [ 98.319528, 12.889194 ], [ 98.312083, 12.91 ], [ 98.309528, 12.91 ], [ 98.309583, 12.8975 ], [ 98.314556, 12.874139 ], [ 98.318361, 12.869556 ] ], [ [ 98.617889, 12.31 ], [ 98.615778, 12.316194 ], [ 98.577889, 12.317472 ], [ 98.577889, 12.314944 ], [ 98.594194, 12.310444 ], [ 98.617889, 12.31 ] ], [ [ 97.870861, 12.29125 ], [ 97.873361, 12.287083 ], [ 97.878306, 12.289556 ], [ 97.881694, 12.28625 ], [ 97.882944, 12.2975 ], [ 97.871639, 12.293722 ], [ 97.864972, 12.301222 ], [ 97.859583, 12.286667 ], [ 97.859583, 12.284139 ], [ 97.864167, 12.28125 ], [ 97.870861, 12.29125 ] ], [ [ 98.495, 12.262889 ], [ 98.502861, 12.269167 ], [ 98.502917, 12.279167 ], [ 98.479556, 12.271639 ], [ 98.479583, 12.269111 ], [ 98.486639, 12.26375 ], [ 98.495, 12.262889 ] ], [ [ 97.992889, 12.143306 ], [ 97.992056, 12.134972 ], [ 97.995389, 12.13 ], [ 97.992889, 12.125806 ], [ 98.013333, 12.120389 ], [ 98.009556, 12.128306 ], [ 98.002889, 12.131667 ], [ 98.002889, 12.138333 ], [ 98.0, 12.141194 ], [ 97.998722, 12.142472 ], [ 97.9975, 12.144583 ], [ 97.992889, 12.143306 ] ], [ [ 98.599528, 12.404167 ], [ 98.576667, 12.42375 ], [ 98.572444, 12.426222 ], [ 98.567083, 12.425 ], [ 98.566194, 12.424139 ], [ 98.586667, 12.404528 ], [ 98.599528, 12.404167 ] ], [ [ 97.983722, 12.110833 ], [ 97.987444, 12.099583 ], [ 97.990806, 12.104611 ], [ 97.99375, 12.104167 ], [ 97.992889, 12.099167 ], [ 97.996222, 12.097444 ], [ 97.996694, 12.092056 ], [ 98.004583, 12.099167 ], [ 98.003361, 12.102917 ], [ 98.000389, 12.1025 ], [ 98.0, 12.107083 ], [ 97.999583, 12.107444 ], [ 97.991667, 12.116194 ], [ 97.983722, 12.110833 ] ], [ [ 92.007083, 21.604 ], [ 92.014139, 21.602806 ], [ 92.017056, 21.606528 ], [ 92.014528, 21.624889 ], [ 92.004972, 21.631944 ], [ 92.00125, 21.630667 ], [ 92.001194, 21.629861 ], [ 92.007944, 21.614861 ], [ 92.007083, 21.604 ] ], [ [ 98.560861, 8.12625 ], [ 98.557889, 8.134111 ], [ 98.537861, 8.152472 ], [ 98.537861, 8.149944 ], [ 98.542028, 8.1375 ], [ 98.560861, 8.12625 ] ], [ [ 98.200833, 11.847056 ], [ 98.199167, 11.835389 ], [ 98.21625, 11.835861 ], [ 98.205028, 11.849611 ], [ 98.195806, 11.85125 ], [ 98.193722, 11.8475 ], [ 98.193722, 11.8425 ], [ 98.1975, 11.842056 ], [ 98.200833, 11.847056 ] ], [ [ 97.937917, 12.229167 ], [ 97.9325, 12.243722 ], [ 97.927056, 12.231667 ], [ 97.92625, 12.230778 ], [ 97.936667, 12.208722 ], [ 97.937917, 12.229167 ] ], [ [ 97.658694, 16.571639 ], [ 97.652917, 16.589972 ], [ 97.64625, 16.585 ], [ 97.64625, 16.575806 ], [ 97.650861, 16.567056 ], [ 97.658694, 16.571639 ] ], [ [ 97.516639, 16.52625 ], [ 97.523778, 16.5375 ], [ 97.52, 16.538722 ], [ 97.499583, 16.5325 ], [ 97.499611, 16.530833 ], [ 97.505, 16.525361 ], [ 97.516639, 16.52625 ] ], [ [ 98.566278, 9.901667 ], [ 98.573778, 9.906667 ], [ 98.571667, 9.917861 ], [ 98.563694, 9.917556 ], [ 98.560472, 9.900778 ], [ 98.560472, 9.897444 ], [ 98.563389, 9.893722 ], [ 98.566278, 9.901667 ] ], [ [ 98.599139, 8.282056 ], [ 98.602056, 8.286667 ], [ 98.589944, 8.290389 ], [ 98.581639, 8.286222 ], [ 98.577111, 8.279972 ], [ 98.577111, 8.278306 ], [ 98.585806, 8.277917 ], [ 98.599139, 8.282056 ] ], [ [ 97.557139, 16.503306 ], [ 97.555028, 16.509528 ], [ 97.539194, 16.515389 ], [ 97.527889, 16.510833 ], [ 97.527889, 16.509972 ], [ 97.551694, 16.502056 ], [ 97.557139, 16.503306 ] ], [ [ 98.645806, 11.847056 ], [ 98.647889, 11.851639 ], [ 98.644167, 11.853778 ], [ 98.622889, 11.849139 ], [ 98.622889, 11.846667 ], [ 98.629139, 11.840361 ], [ 98.645806, 11.847056 ] ], [ [ 98.013278, 12.067056 ], [ 98.016222, 12.059139 ], [ 98.020861, 12.056222 ], [ 98.019611, 12.062472 ], [ 98.025417, 12.0725 ], [ 98.005806, 12.072889 ], [ 98.002472, 12.07625 ], [ 98.000389, 12.070861 ], [ 98.000389, 12.067472 ], [ 98.005806, 12.070417 ], [ 98.013278, 12.067056 ] ], [ [ 97.954528, 12.283333 ], [ 97.962028, 12.291611 ], [ 97.962056, 12.296611 ], [ 97.955028, 12.297056 ], [ 97.955389, 12.289111 ], [ 97.9475, 12.28875 ], [ 97.942083, 12.284139 ], [ 97.942083, 12.283333 ], [ 97.951639, 12.273722 ], [ 97.954528, 12.283333 ] ], [ [ 95.087917, 15.726639 ], [ 95.088694, 15.733278 ], [ 95.080861, 15.737083 ], [ 95.072056, 15.727472 ], [ 95.072083, 15.724139 ], [ 95.0825, 15.722889 ], [ 95.087917, 15.726639 ] ], [ [ 97.190833, 16.873889 ], [ 97.191389, 16.855833 ], [ 97.195556, 16.854722 ], [ 97.198889, 16.858333 ], [ 97.198889, 16.875556 ], [ 97.196945, 16.88 ], [ 97.1925, 16.878611 ], [ 97.190833, 16.873889 ] ], [ [ 93.816639, 18.712083 ], [ 93.819556, 18.715 ], [ 93.81875, 18.725778 ], [ 93.815806, 18.728722 ], [ 93.8125, 18.727889 ], [ 93.804556, 18.717472 ], [ 93.804556, 18.715 ], [ 93.807472, 18.710389 ], [ 93.816639, 18.712083 ] ], [ [ 93.637917, 19.412472 ], [ 93.635806, 19.399583 ], [ 93.642083, 19.413333 ], [ 93.641222, 19.4225 ], [ 93.632472, 19.432861 ], [ 93.622111, 19.431639 ], [ 93.622111, 19.430833 ], [ 93.630444, 19.428333 ], [ 93.637917, 19.412472 ] ], [ [ 98.543333, 8.359583 ], [ 98.539528, 8.356667 ], [ 98.540417, 8.35 ], [ 98.537944, 8.345806 ], [ 98.537944, 8.344139 ], [ 98.55375, 8.339167 ], [ 98.543333, 8.359583 ] ], [ [ 98.524167, 12.281194 ], [ 98.527889, 12.285 ], [ 98.527889, 12.29 ], [ 98.516667, 12.293778 ], [ 98.513694, 12.289167 ], [ 98.520361, 12.288333 ], [ 98.513333, 12.287917 ], [ 98.50875, 12.284167 ], [ 98.50875, 12.2825 ], [ 98.515806, 12.279583 ], [ 98.524167, 12.281194 ] ], [ [ 98.278278, 11.399556 ], [ 98.279139, 11.402944 ], [ 98.28375, 11.403278 ], [ 98.275, 11.412056 ], [ 98.267528, 11.412083 ], [ 98.262889, 11.4075 ], [ 98.262889, 11.406694 ], [ 98.268333, 11.398778 ], [ 98.278278, 11.399556 ] ], [ [ 98.676667, 10.150833 ], [ 98.674528, 10.152917 ], [ 98.66525, 10.152028 ], [ 98.660667, 10.144972 ], [ 98.659861, 10.144167 ], [ 98.667944, 10.133722 ], [ 98.676667, 10.150833 ] ], [ [ 98.056917, 10.577583 ], [ 98.056889, 10.581694 ], [ 98.048861, 10.589611 ], [ 98.043417, 10.586722 ], [ 98.04175, 10.580056 ], [ 98.04175, 10.579194 ], [ 98.048139, 10.572083 ], [ 98.056917, 10.577583 ] ], [ [ 98.640889, 10.095833 ], [ 98.641306, 10.100444 ], [ 98.635444, 10.099556 ], [ 98.634111, 10.1025 ], [ 98.641639, 10.1125 ], [ 98.643667, 10.122028 ], [ 98.632417, 10.113361 ], [ 98.629056, 10.104972 ], [ 98.629139, 10.1025 ], [ 98.633778, 10.094583 ], [ 98.640889, 10.095833 ] ], [ [ 98.097361, 10.555861 ], [ 98.103639, 10.555472 ], [ 98.103139, 10.565889 ], [ 98.097194, 10.577528 ], [ 98.091667, 10.581306 ], [ 98.088778, 10.576694 ], [ 98.088778, 10.575889 ], [ 98.094722, 10.571722 ], [ 98.097361, 10.555861 ] ], [ [ 98.685972, 10.984972 ], [ 98.673778, 10.98875 ], [ 98.669167, 10.980806 ], [ 98.669222, 10.976611 ], [ 98.677194, 10.973694 ], [ 98.685972, 10.984972 ] ], [ [ 98.221222, 13.956639 ], [ 98.22125, 13.964972 ], [ 98.214944, 13.96875 ], [ 98.209556, 13.962472 ], [ 98.209583, 13.955806 ], [ 98.216667, 13.949583 ], [ 98.221222, 13.956639 ] ], [ [ 98.04375, 12.183306 ], [ 98.044167, 12.179583 ], [ 98.054139, 12.181222 ], [ 98.055389, 12.186639 ], [ 98.0525, 12.189556 ], [ 98.037472, 12.189556 ], [ 98.033778, 12.180806 ], [ 98.033722, 12.178333 ], [ 98.040806, 12.183694 ], [ 98.04375, 12.183306 ] ], [ [ 97.976694, 12.082917 ], [ 97.979556, 12.086639 ], [ 97.976222, 12.091639 ], [ 97.979167, 12.089583 ], [ 97.982056, 12.091667 ], [ 97.979167, 12.106222 ], [ 97.973722, 12.104139 ], [ 97.975417, 12.099139 ], [ 97.972056, 12.1 ], [ 97.970472, 12.093333 ], [ 97.970389, 12.091667 ], [ 97.972056, 12.085806 ], [ 97.976694, 12.082917 ] ], [ [ 98.367056, 12.297472 ], [ 98.364583, 12.308333 ], [ 98.359139, 12.31125 ], [ 98.353722, 12.305833 ], [ 98.353722, 12.304167 ], [ 98.361639, 12.289556 ], [ 98.367056, 12.297472 ] ], [ [ 97.729583, 15.055806 ], [ 97.7325, 15.052889 ], [ 97.739556, 15.065 ], [ 97.740389, 15.074972 ], [ 97.736667, 15.075417 ], [ 97.726278, 15.064972 ], [ 97.726222, 15.063306 ], [ 97.730417, 15.060806 ], [ 97.729583, 15.055806 ] ], [ [ 97.822917, 9.063333 ], [ 97.813333, 9.081278 ], [ 97.810444, 9.079139 ], [ 97.810417, 9.069139 ], [ 97.810444, 9.065806 ], [ 97.815028, 9.057917 ], [ 97.822917, 9.063333 ] ], [ [ 93.737056, 19.918333 ], [ 93.726667, 19.927083 ], [ 93.714167, 19.929556 ], [ 93.710417, 19.920778 ], [ 93.710417, 19.918306 ], [ 93.721639, 19.92125 ], [ 93.737056, 19.918333 ] ], [ [ 98.611278, 8.365 ], [ 98.612056, 8.385806 ], [ 98.59875, 8.378333 ], [ 98.59875, 8.377472 ], [ 98.609139, 8.364556 ], [ 98.611278, 8.365 ] ], [ [ 95.078333, 16.047917 ], [ 95.072917, 16.036667 ], [ 95.072083, 16.024167 ], [ 95.072083, 16.0175 ], [ 95.077083, 16.013333 ], [ 95.078333, 16.047917 ] ], [ [ 98.234972, 13.81625 ], [ 98.231222, 13.811667 ], [ 98.232083, 13.802472 ], [ 98.227083, 13.785806 ], [ 98.227028, 13.781667 ], [ 98.235389, 13.791639 ], [ 98.234972, 13.81625 ] ], [ [ 98.556222, 12.920028 ], [ 98.556222, 12.928333 ], [ 98.552056, 12.929139 ], [ 98.554972, 12.932944 ], [ 98.541222, 12.934167 ], [ 98.541222, 12.930833 ], [ 98.550778, 12.917889 ], [ 98.556222, 12.920028 ] ], [ [ 98.371194, 8.97 ], [ 98.366639, 8.974528 ], [ 98.354556, 8.976694 ], [ 98.354556, 8.974972 ], [ 98.376278, 8.953306 ], [ 98.371194, 8.97 ] ], [ [ 98.264806, 10.612583 ], [ 98.266306, 10.630917 ], [ 98.257611, 10.618778 ], [ 98.251361, 10.619222 ], [ 98.251333, 10.615028 ], [ 98.262694, 10.610444 ], [ 98.264806, 10.612583 ] ], [ [ 93.829194, 19.252861 ], [ 93.837917, 19.261611 ], [ 93.827528, 19.264583 ], [ 93.817083, 19.259972 ], [ 93.817083, 19.259111 ], [ 93.821667, 19.254556 ], [ 93.829194, 19.252861 ] ], [ [ 98.511639, 9.692944 ], [ 98.519667, 9.698278 ], [ 98.508333, 9.707917 ], [ 98.500417, 9.704972 ], [ 98.500417, 9.700833 ], [ 98.506694, 9.699583 ], [ 98.511639, 9.692944 ] ], [ [ 98.4835, 10.890056 ], [ 98.48275, 10.894194 ], [ 98.490278, 10.897528 ], [ 98.480583, 10.898833 ], [ 98.478056, 10.894639 ], [ 98.470889, 10.892556 ], [ 98.470889, 10.891694 ], [ 98.473944, 10.879639 ], [ 98.4835, 10.890056 ] ], [ [ 98.381694, 9.473667 ], [ 98.386222, 9.475806 ], [ 98.387083, 9.482528 ], [ 98.379944, 9.485389 ], [ 98.375889, 9.492056 ], [ 98.372889, 9.489972 ], [ 98.372889, 9.487444 ], [ 98.375833, 9.475389 ], [ 98.381694, 9.473667 ] ], [ [ 98.507472, 12.335389 ], [ 98.510417, 12.346639 ], [ 98.505, 12.347028 ], [ 98.494556, 12.334944 ], [ 98.494556, 12.334167 ], [ 98.499944, 12.331222 ], [ 98.507472, 12.335389 ] ], [ [ 98.463278, 8.194583 ], [ 98.473306, 8.19875 ], [ 98.472083, 8.208278 ], [ 98.462528, 8.206194 ], [ 98.457917, 8.199139 ], [ 98.457917, 8.197528 ], [ 98.459139, 8.194583 ], [ 98.463278, 8.194583 ] ], [ [ 98.022472, 12.422028 ], [ 98.022056, 12.426639 ], [ 98.03125, 12.434139 ], [ 98.026639, 12.43875 ], [ 98.024139, 12.43375 ], [ 98.018278, 12.43625 ], [ 98.01375, 12.430778 ], [ 98.013694, 12.427472 ], [ 98.0175, 12.421222 ], [ 98.022472, 12.422028 ] ], [ [ 93.538306, 19.469556 ], [ 93.55125, 19.468306 ], [ 93.535778, 19.476222 ], [ 93.526278, 19.475833 ], [ 93.526278, 19.471667 ], [ 93.533306, 19.46125 ], [ 93.538306, 19.469556 ] ], [ [ 98.264556, 11.189972 ], [ 98.264556, 11.186639 ], [ 98.259583, 11.183306 ], [ 98.26, 11.179556 ], [ 98.267889, 11.184111 ], [ 98.266694, 11.197889 ], [ 98.254528, 11.196667 ], [ 98.254528, 11.194139 ], [ 98.258333, 11.18875 ], [ 98.264556, 11.189972 ] ], [ [ 98.343639, 10.12675 ], [ 98.344444, 10.135861 ], [ 98.342306, 10.138 ], [ 98.333944, 10.134639 ], [ 98.330583, 10.139639 ], [ 98.326361, 10.138833 ], [ 98.325139, 10.137556 ], [ 98.332278, 10.127972 ], [ 98.343639, 10.12675 ] ], [ [ 98.012472, 11.315389 ], [ 98.018306, 11.312889 ], [ 98.026194, 11.315778 ], [ 98.023278, 11.321222 ], [ 98.015778, 11.319556 ], [ 98.015056, 11.322917 ], [ 98.011667, 11.319528 ], [ 98.00375, 11.319972 ], [ 98.00375, 11.316694 ], [ 98.006694, 11.310389 ], [ 98.012472, 11.315389 ] ], [ [ 98.14375, 12.160806 ], [ 98.148278, 12.15875 ], [ 98.152056, 12.165806 ], [ 98.149528, 12.172472 ], [ 98.15125, 12.180806 ], [ 98.148333, 12.182056 ], [ 98.143778, 12.1725 ], [ 98.139556, 12.1725 ], [ 98.139556, 12.169972 ], [ 98.144583, 12.166639 ], [ 98.14375, 12.160806 ] ], [ [ 98.474583, 9.574167 ], [ 98.476194, 9.5825 ], [ 98.471667, 9.590417 ], [ 98.464556, 9.579139 ], [ 98.464556, 9.575 ], [ 98.469194, 9.570306 ], [ 98.474583, 9.574167 ] ], [ [ 98.004944, 11.321222 ], [ 98.011222, 11.339167 ], [ 98.002917, 11.34 ], [ 98.004972, 11.347056 ], [ 98.000917, 11.343139 ], [ 98.001056, 11.335278 ], [ 98.001222, 11.325 ], [ 98.004944, 11.321222 ] ], [ [ 98.243306, 12.323694 ], [ 98.245806, 12.319556 ], [ 98.249583, 12.324167 ], [ 98.248722, 12.329972 ], [ 98.240778, 12.342056 ], [ 98.237056, 12.337472 ], [ 98.237083, 12.335861 ], [ 98.241222, 12.322472 ], [ 98.243306, 12.323694 ] ], [ [ 97.86375, 12.606667 ], [ 97.860056, 12.615361 ], [ 97.854167, 12.615389 ], [ 97.850444, 12.608333 ], [ 97.849583, 12.6075 ], [ 97.855861, 12.601222 ], [ 97.86375, 12.606667 ] ], [ [ 93.340389, 20.063306 ], [ 93.342889, 20.0725 ], [ 93.338306, 20.07875 ], [ 93.331278, 20.074167 ], [ 93.334583, 20.069972 ], [ 93.330389, 20.067472 ], [ 93.330361, 20.065861 ], [ 93.334972, 20.06125 ], [ 93.340389, 20.063306 ] ], [ [ 94.248722, 16.522472 ], [ 94.247083, 16.540806 ], [ 94.244167, 16.54375 ], [ 94.242861, 16.5275 ], [ 94.23875, 16.52 ], [ 94.23875, 16.519139 ], [ 94.243333, 16.517917 ], [ 94.248722, 16.522472 ] ], [ [ 95.090389, 16.071667 ], [ 95.095833, 16.082917 ], [ 95.086222, 16.0775 ], [ 95.078722, 16.063333 ], [ 95.078694, 16.061611 ], [ 95.080833, 16.060389 ], [ 95.090389, 16.071667 ] ], [ [ 98.321667, 13.01625 ], [ 98.326222, 13.015806 ], [ 98.324611, 13.025806 ], [ 98.319167, 13.030361 ], [ 98.315389, 13.030028 ], [ 98.315417, 13.023306 ], [ 98.319167, 13.01125 ], [ 98.321667, 13.01625 ] ], [ [ 98.306139, 10.33675 ], [ 98.304806, 10.340472 ], [ 98.293889, 10.345444 ], [ 98.290139, 10.340028 ], [ 98.290194, 10.335028 ], [ 98.297361, 10.332917 ], [ 98.306139, 10.33675 ] ], [ [ 97.651222, 16.509139 ], [ 97.65875, 16.520861 ], [ 97.658306, 16.527917 ], [ 97.642889, 16.509167 ], [ 97.642917, 16.5075 ], [ 97.646667, 16.506194 ], [ 97.651222, 16.509139 ] ], [ [ 93.983333, 19.448694 ], [ 93.987056, 19.454972 ], [ 93.970389, 19.457472 ], [ 93.970417, 19.451639 ], [ 93.973333, 19.446222 ], [ 93.983333, 19.448694 ] ], [ [ 98.226306, 10.043778 ], [ 98.229167, 10.055056 ], [ 98.220417, 10.0555 ], [ 98.214111, 10.050889 ], [ 98.214167, 10.050028 ], [ 98.218778, 10.043833 ], [ 98.226306, 10.043778 ] ], [ [ 97.943722, 10.359944 ], [ 97.952111, 10.369972 ], [ 97.950806, 10.37375 ], [ 97.940389, 10.366667 ], [ 97.937889, 10.352472 ], [ 97.937917, 10.350806 ], [ 97.943694, 10.349972 ], [ 97.943722, 10.359944 ] ], [ [ 98.162944, 9.754167 ], [ 98.160889, 9.767083 ], [ 98.1525, 9.765444 ], [ 98.150361, 9.760861 ], [ 98.150361, 9.759194 ], [ 98.160056, 9.752028 ], [ 98.162944, 9.754167 ] ], [ [ 98.314139, 11.52125 ], [ 98.317472, 11.519528 ], [ 98.319556, 11.523333 ], [ 98.314972, 11.538778 ], [ 98.308694, 11.5275 ], [ 98.308722, 11.523306 ], [ 98.31325, 11.518722 ], [ 98.314139, 11.52125 ] ], [ [ 97.632444, 8.486028 ], [ 97.642972, 8.471694 ], [ 97.65, 8.478056 ], [ 97.647139, 8.480556 ], [ 97.637389, 8.487889 ], [ 97.632444, 8.486028 ] ], [ [ 97.921222, 11.997472 ], [ 97.92625, 11.994972 ], [ 97.922111, 11.991639 ], [ 97.920806, 11.982889 ], [ 97.930417, 11.984139 ], [ 97.930417, 11.999194 ], [ 97.9275, 11.999583 ], [ 97.925806, 11.999583 ], [ 97.921667, 12.002083 ], [ 97.921222, 11.997472 ] ], [ [ 97.994556, 10.035778 ], [ 97.991611, 10.052083 ], [ 97.986278, 10.045 ], [ 97.986278, 10.043333 ], [ 97.990833, 10.028722 ], [ 97.994556, 10.035778 ] ], [ [ 98.197833, 10.462528 ], [ 98.193194, 10.465444 ], [ 98.182333, 10.465472 ], [ 98.179417, 10.459222 ], [ 98.179417, 10.455889 ], [ 98.184889, 10.454639 ], [ 98.197833, 10.462528 ] ], [ [ 94.446667, 18.136222 ], [ 94.452111, 18.142472 ], [ 94.452889, 18.15 ], [ 94.434583, 18.139972 ], [ 94.434611, 18.138306 ], [ 94.438361, 18.134556 ], [ 94.446667, 18.136222 ] ], [ [ 94.054972, 19.351278 ], [ 94.040833, 19.344583 ], [ 94.038722, 19.335806 ], [ 94.038722, 19.334139 ], [ 94.053722, 19.344167 ], [ 94.054972, 19.351278 ] ], [ [ 90.487528, 22.027917 ], [ 90.489583, 22.031694 ], [ 90.482056, 22.04 ], [ 90.480417, 22.046667 ], [ 90.481639, 22.061194 ], [ 90.477056, 22.055 ], [ 90.477083, 22.045833 ], [ 90.482917, 22.029972 ], [ 90.487528, 22.027917 ] ], [ [ 98.254972, 12.199528 ], [ 98.248694, 12.210833 ], [ 98.248333, 12.222889 ], [ 98.242889, 12.222528 ], [ 98.242917, 12.215 ], [ 98.242917, 12.212472 ], [ 98.245389, 12.203306 ], [ 98.254972, 12.199528 ] ], [ [ 97.87, 12.621194 ], [ 97.879194, 12.620389 ], [ 97.882083, 12.623333 ], [ 97.864167, 12.627083 ], [ 97.858778, 12.621667 ], [ 97.858806, 12.619139 ], [ 97.863333, 12.61625 ], [ 97.87, 12.621194 ] ], [ [ 92.282917, 20.921639 ], [ 92.276639, 20.928722 ], [ 92.272917, 20.9275 ], [ 92.272889, 20.9225 ], [ 92.282472, 20.907917 ], [ 92.282917, 20.921639 ] ], [ [ 92.75125, 20.23 ], [ 92.746194, 20.23 ], [ 92.74125, 20.241639 ], [ 92.745, 20.249556 ], [ 92.740389, 20.247472 ], [ 92.736278, 20.239167 ], [ 92.73625, 20.236639 ], [ 92.747472, 20.223722 ], [ 92.75125, 20.23 ] ], [ [ 93.72125, 19.590861 ], [ 93.706639, 19.602111 ], [ 93.70125, 19.601667 ], [ 93.70125, 19.6 ], [ 93.711611, 19.588722 ], [ 93.72125, 19.590861 ] ], [ [ 91.91, 21.687889 ], [ 91.91125, 21.694139 ], [ 91.905833, 21.697083 ], [ 91.892861, 21.690806 ], [ 91.892889, 21.689139 ], [ 91.8975, 21.685389 ], [ 91.91, 21.687889 ] ], [ [ 98.014139, 12.357861 ], [ 98.017861, 12.359944 ], [ 98.01875, 12.367472 ], [ 98.014556, 12.369139 ], [ 98.0125, 12.375444 ], [ 98.004583, 12.370806 ], [ 98.00375, 12.369944 ], [ 98.012083, 12.363333 ], [ 98.014139, 12.357861 ] ], [ [ 93.348722, 20.019167 ], [ 93.353333, 20.012917 ], [ 93.354556, 20.040861 ], [ 93.35, 20.042056 ], [ 93.347861, 20.037472 ], [ 93.347944, 20.035 ], [ 93.350417, 20.028333 ], [ 93.348722, 20.019167 ] ], [ [ 93.671694, 19.56625 ], [ 93.67625, 19.570833 ], [ 93.665, 19.57375 ], [ 93.661611, 19.577889 ], [ 93.656222, 19.574111 ], [ 93.656278, 19.5725 ], [ 93.666667, 19.566222 ], [ 93.671694, 19.56625 ] ], [ [ 97.8775, 10.198722 ], [ 97.881611, 10.196278 ], [ 97.885417, 10.202472 ], [ 97.880833, 10.207056 ], [ 97.875833, 10.207111 ], [ 97.869639, 10.201611 ], [ 97.869639, 10.200833 ], [ 97.874139, 10.194583 ], [ 97.8775, 10.198722 ] ], [ [ 98.492917, 9.573333 ], [ 98.492917, 9.576667 ], [ 98.488333, 9.579528 ], [ 98.479083, 9.580389 ], [ 98.477056, 9.578306 ], [ 98.477056, 9.574917 ], [ 98.485028, 9.568722 ], [ 98.492917, 9.573333 ] ], [ [ 94.586667, 17.557917 ], [ 94.592083, 17.574167 ], [ 94.585833, 17.575444 ], [ 94.581278, 17.570833 ], [ 94.581278, 17.568306 ], [ 94.582889, 17.559972 ], [ 94.586667, 17.557917 ] ], [ [ 97.636639, 8.498222 ], [ 97.643472, 8.4965 ], [ 97.643222, 8.500417 ], [ 97.638833, 8.507306 ], [ 97.627556, 8.514833 ], [ 97.636639, 8.498222 ] ], [ [ 97.59875, 16.491639 ], [ 97.594167, 16.494611 ], [ 97.581639, 16.492111 ], [ 97.574167, 16.497056 ], [ 97.56875, 16.495806 ], [ 97.56875, 16.495 ], [ 97.580028, 16.488694 ], [ 97.59875, 16.491639 ] ], [ [ 97.97125, 12.109194 ], [ 97.974583, 12.110806 ], [ 97.970417, 12.114167 ], [ 97.974972, 12.113722 ], [ 97.975444, 12.115806 ], [ 97.970861, 12.12125 ], [ 97.965444, 12.120806 ], [ 97.964639, 12.109167 ], [ 97.964639, 12.1075 ], [ 97.972889, 12.105 ], [ 97.97125, 12.109194 ] ], [ [ 98.189139, 13.932083 ], [ 98.184611, 13.930806 ], [ 98.182111, 13.92 ], [ 98.182111, 13.918278 ], [ 98.191639, 13.908722 ], [ 98.189139, 13.932083 ] ], [ [ 98.225806, 13.870361 ], [ 98.221222, 13.8675 ], [ 98.212889, 13.850806 ], [ 98.212889, 13.846667 ], [ 98.227056, 13.864972 ], [ 98.225806, 13.870361 ] ], [ [ 98.199028, 10.830472 ], [ 98.206139, 10.842556 ], [ 98.202361, 10.846278 ], [ 98.198222, 10.838778 ], [ 98.192667, 10.841694 ], [ 98.192722, 10.837556 ], [ 98.194889, 10.832111 ], [ 98.199028, 10.830472 ] ], [ [ 97.778722, 14.439944 ], [ 97.77875, 14.444944 ], [ 97.774167, 14.442917 ], [ 97.770778, 14.446222 ], [ 97.76375, 14.438333 ], [ 97.763722, 14.435806 ], [ 97.774139, 14.434583 ], [ 97.778722, 14.439944 ] ], [ [ 97.930806, 10.152056 ], [ 97.93375, 10.1575 ], [ 97.9325, 10.159583 ], [ 97.928333, 10.157028 ], [ 97.91125, 10.158306 ], [ 97.91125, 10.155833 ], [ 97.918333, 10.152056 ], [ 97.930806, 10.152056 ] ], [ [ 98.685417, 10.150389 ], [ 98.689222, 10.152528 ], [ 98.691611, 10.16 ], [ 98.681972, 10.163722 ], [ 98.678222, 10.1575 ], [ 98.677417, 10.156639 ], [ 98.680361, 10.15125 ], [ 98.685417, 10.150389 ] ], [ [ 93.762056, 19.278306 ], [ 93.755, 19.283722 ], [ 93.744972, 19.284556 ], [ 93.743778, 19.2825 ], [ 93.74375, 19.279167 ], [ 93.7525, 19.27375 ], [ 93.762056, 19.278306 ] ], [ [ 97.735806, 15.190389 ], [ 97.737917, 15.193333 ], [ 97.734583, 15.1975 ], [ 97.740417, 15.201667 ], [ 97.73875, 15.206639 ], [ 97.734167, 15.209556 ], [ 97.728694, 15.201667 ], [ 97.728722, 15.2 ], [ 97.730417, 15.194139 ], [ 97.735806, 15.190389 ] ], [ [ 98.252083, 10.446306 ], [ 98.254194, 10.447583 ], [ 98.253306, 10.456694 ], [ 98.243556, 10.466333 ], [ 98.239833, 10.463389 ], [ 98.239861, 10.460917 ], [ 98.248222, 10.454222 ], [ 98.252083, 10.446306 ] ], [ [ 98.366139, 10.638361 ], [ 98.366889, 10.64675 ], [ 98.363972, 10.651278 ], [ 98.356056, 10.634194 ], [ 98.35525, 10.633333 ], [ 98.361583, 10.632944 ], [ 98.366139, 10.638361 ] ], [ [ 98.517028, 9.910028 ], [ 98.523417, 9.912056 ], [ 98.526278, 9.919972 ], [ 98.5175, 9.919556 ], [ 98.51125, 9.909167 ], [ 98.51125, 9.905778 ], [ 98.515028, 9.905444 ], [ 98.517028, 9.910028 ] ], [ [ 98.620389, 12.200778 ], [ 98.623778, 12.209167 ], [ 98.609583, 12.200833 ], [ 98.609583, 12.1975 ], [ 98.613333, 12.193722 ], [ 98.620389, 12.200778 ] ], [ [ 98.497861, 8.331639 ], [ 98.4925, 8.340417 ], [ 98.482056, 8.343333 ], [ 98.482056, 8.34 ], [ 98.490778, 8.331278 ], [ 98.497861, 8.331639 ] ], [ [ 98.08375, 12.351639 ], [ 98.079167, 12.354556 ], [ 98.074556, 12.335806 ], [ 98.074556, 12.330806 ], [ 98.080389, 12.333306 ], [ 98.08375, 12.351639 ] ], [ [ 98.017056, 11.351639 ], [ 98.017056, 11.355833 ], [ 98.009111, 11.360417 ], [ 98.004111, 11.36125 ], [ 98.001222, 11.356639 ], [ 98.001222, 11.354972 ], [ 98.009167, 11.351222 ], [ 98.017056, 11.351639 ] ], [ [ 98.391639, 12.11125 ], [ 98.392917, 12.123333 ], [ 98.386667, 12.127917 ], [ 98.382861, 12.1275 ], [ 98.382861, 12.125833 ], [ 98.38375, 12.1175 ], [ 98.391639, 12.11125 ] ], [ [ 98.326028, 10.129222 ], [ 98.318806, 10.139611 ], [ 98.315056, 10.139194 ], [ 98.313444, 10.133389 ], [ 98.313389, 10.130056 ], [ 98.318889, 10.125472 ], [ 98.326028, 10.129222 ] ], [ [ 98.43875, 12.278333 ], [ 98.428333, 12.282056 ], [ 98.42625, 12.271667 ], [ 98.425389, 12.270861 ], [ 98.434139, 12.26875 ], [ 98.43875, 12.278333 ] ], [ [ 97.804139, 12.497083 ], [ 97.809528, 12.5075 ], [ 97.796667, 12.512083 ], [ 97.795444, 12.510833 ], [ 97.798778, 12.500861 ], [ 97.804139, 12.497083 ] ], [ [ 98.174556, 12.345833 ], [ 98.172917, 12.350833 ], [ 98.175417, 12.3525 ], [ 98.172472, 12.356222 ], [ 98.168333, 12.357056 ], [ 98.161222, 12.351639 ], [ 98.161222, 12.350778 ], [ 98.165806, 12.345417 ], [ 98.174556, 12.345833 ] ], [ [ 98.04375, 11.6525 ], [ 98.047056, 11.659972 ], [ 98.040806, 11.662889 ], [ 98.036222, 11.657472 ], [ 98.036222, 11.653278 ], [ 98.045389, 11.646639 ], [ 98.04375, 11.6525 ] ], [ [ 93.661694, 19.422889 ], [ 93.664972, 19.419556 ], [ 93.667917, 19.420806 ], [ 93.665861, 19.427056 ], [ 93.656667, 19.429556 ], [ 93.650417, 19.427472 ], [ 93.650417, 19.426667 ], [ 93.655833, 19.418722 ], [ 93.661694, 19.422889 ] ], [ [ 98.135, 12.372917 ], [ 98.140833, 12.372889 ], [ 98.137889, 12.377472 ], [ 98.142028, 12.378278 ], [ 98.142889, 12.383278 ], [ 98.136667, 12.385389 ], [ 98.129556, 12.374167 ], [ 98.129556, 12.373306 ], [ 98.133306, 12.369528 ], [ 98.135, 12.372917 ] ], [ [ 97.949167, 10.390417 ], [ 97.950389, 10.395806 ], [ 97.946222, 10.409111 ], [ 97.936194, 10.407472 ], [ 97.936222, 10.405806 ], [ 97.942972, 10.401639 ], [ 97.949167, 10.390417 ] ], [ [ 98.560111, 10.802944 ], [ 98.556333, 10.801722 ], [ 98.548861, 10.787528 ], [ 98.548917, 10.782528 ], [ 98.553083, 10.782528 ], [ 98.560111, 10.802944 ] ], [ [ 98.514583, 8.207472 ], [ 98.515417, 8.218333 ], [ 98.512472, 8.223722 ], [ 98.507861, 8.222444 ], [ 98.507861, 8.212472 ], [ 98.5125, 8.20625 ], [ 98.514583, 8.207472 ] ], [ [ 98.304111, 13.122028 ], [ 98.307111, 13.134944 ], [ 98.3, 13.14125 ], [ 98.297944, 13.135806 ], [ 98.297889, 13.132472 ], [ 98.300417, 13.123333 ], [ 98.304111, 13.122028 ] ], [ [ 98.5465, 10.890833 ], [ 98.540972, 10.894556 ], [ 98.539833, 10.879111 ], [ 98.539833, 10.875833 ], [ 98.545694, 10.875778 ], [ 98.5465, 10.890833 ] ], [ [ 98.196611, 13.654583 ], [ 98.200389, 13.6675 ], [ 98.187889, 13.668333 ], [ 98.187889, 13.666667 ], [ 98.192028, 13.6575 ], [ 98.196611, 13.654583 ] ], [ [ 98.232028, 11.389944 ], [ 98.224139, 11.407111 ], [ 98.220417, 11.4025 ], [ 98.220417, 11.399167 ], [ 98.2275, 11.390389 ], [ 98.232028, 11.389944 ] ], [ [ 98.185417, 12.195833 ], [ 98.18875, 12.209167 ], [ 98.184139, 12.20875 ], [ 98.177917, 12.200806 ], [ 98.177944, 12.195806 ], [ 98.181639, 12.192889 ], [ 98.185417, 12.195833 ] ], [ [ 90.3975, 21.962917 ], [ 90.402917, 21.974972 ], [ 90.395833, 21.973722 ], [ 90.389528, 21.964167 ], [ 90.389556, 21.963306 ], [ 90.3925, 21.961222 ], [ 90.3975, 21.962917 ] ], [ [ 97.714944, 16.568722 ], [ 97.705, 16.568722 ], [ 97.699583, 16.565 ], [ 97.699583, 16.564139 ], [ 97.719583, 16.563306 ], [ 97.714944, 16.568722 ] ], [ [ 98.219139, 12.650389 ], [ 98.213694, 12.648306 ], [ 98.217111, 12.645861 ], [ 98.212917, 12.639111 ], [ 98.212917, 12.637472 ], [ 98.225417, 12.635833 ], [ 98.219139, 12.650389 ] ], [ [ 97.629861, 8.565944 ], [ 97.62425, 8.571944 ], [ 97.631806, 8.550722 ], [ 97.633056, 8.554417 ], [ 97.634167, 8.557694 ], [ 97.635694, 8.56475 ], [ 97.629861, 8.565944 ] ], [ [ 90.404611, 21.988306 ], [ 90.400806, 21.989583 ], [ 90.391278, 21.978306 ], [ 90.391222, 21.976639 ], [ 90.401639, 21.977889 ], [ 90.404611, 21.988306 ] ], [ [ 98.034556, 9.7725 ], [ 98.030028, 9.77375 ], [ 98.028333, 9.7695 ], [ 98.024111, 9.772056 ], [ 98.020389, 9.764972 ], [ 98.020389, 9.763389 ], [ 98.030056, 9.761167 ], [ 98.034556, 9.7725 ] ], [ [ 98.067056, 12.31 ], [ 98.074583, 12.324167 ], [ 98.072472, 12.32875 ], [ 98.060389, 12.312444 ], [ 98.060389, 12.309167 ], [ 98.065, 12.307917 ], [ 98.067056, 12.31 ] ], [ [ 98.690806, 11.497889 ], [ 98.687917, 11.512472 ], [ 98.685, 11.515417 ], [ 98.681222, 11.514139 ], [ 98.681222, 11.511667 ], [ 98.685361, 11.501667 ], [ 98.690806, 11.497889 ] ], [ [ 98.643778, 8.228278 ], [ 98.6475, 8.227889 ], [ 98.647889, 8.242472 ], [ 98.639972, 8.247056 ], [ 98.638722, 8.245806 ], [ 98.643778, 8.238333 ], [ 98.643778, 8.228278 ] ], [ [ 98.320444, 11.561639 ], [ 98.320806, 11.576222 ], [ 98.315417, 11.573278 ], [ 98.313722, 11.564139 ], [ 98.31375, 11.560806 ], [ 98.317472, 11.557083 ], [ 98.320444, 11.561639 ] ], [ [ 95.121694, 15.663722 ], [ 95.122111, 15.666639 ], [ 95.1125, 15.666222 ], [ 95.11375, 15.673306 ], [ 95.110833, 15.674556 ], [ 95.107083, 15.664944 ], [ 95.107111, 15.663333 ], [ 95.113306, 15.661222 ], [ 95.121694, 15.663722 ] ], [ [ 92.267028, 21.017417 ], [ 92.263278, 21.042833 ], [ 92.261222, 21.042417 ], [ 92.261167, 21.029111 ], [ 92.261194, 21.020778 ], [ 92.264111, 21.016194 ], [ 92.267028, 21.017417 ] ], [ [ 98.21375, 13.609167 ], [ 98.210833, 13.615417 ], [ 98.207111, 13.611667 ], [ 98.203722, 13.599139 ], [ 98.203778, 13.597472 ], [ 98.21125, 13.599972 ], [ 98.21375, 13.609167 ] ], [ [ 98.282917, 12.550833 ], [ 98.276639, 12.562083 ], [ 98.271222, 12.559139 ], [ 98.27125, 12.555 ], [ 98.276667, 12.549556 ], [ 98.282917, 12.550833 ] ], [ [ 98.633778, 12.313306 ], [ 98.632472, 12.317083 ], [ 98.61625, 12.318333 ], [ 98.61625, 12.317472 ], [ 98.623361, 12.310417 ], [ 98.633778, 12.313306 ] ], [ [ 90.374583, 21.839194 ], [ 90.371611, 21.842056 ], [ 90.370028, 21.838778 ], [ 90.364167, 21.837083 ], [ 90.362917, 21.847472 ], [ 90.357056, 21.845833 ], [ 90.357083, 21.844111 ], [ 90.363306, 21.833722 ], [ 90.374583, 21.839194 ] ], [ [ 98.1655, 10.468833 ], [ 98.173056, 10.468778 ], [ 98.173472, 10.470917 ], [ 98.159639, 10.475472 ], [ 98.158306, 10.469222 ], [ 98.158389, 10.46675 ], [ 98.161306, 10.462972 ], [ 98.1655, 10.468833 ] ], [ [ 98.561222, 12.911639 ], [ 98.558361, 12.915417 ], [ 98.554556, 12.9125 ], [ 98.554556, 12.904972 ], [ 98.561667, 12.897861 ], [ 98.561222, 12.911639 ] ], [ [ 93.70125, 19.654167 ], [ 93.697528, 19.66125 ], [ 93.687889, 19.660833 ], [ 93.687889, 19.660028 ], [ 93.691694, 19.651222 ], [ 93.70125, 19.654167 ] ], [ [ 98.200889, 10.809611 ], [ 98.198694, 10.828333 ], [ 98.194833, 10.829639 ], [ 98.193639, 10.826722 ], [ 98.193694, 10.823389 ], [ 98.196222, 10.814194 ], [ 98.200889, 10.809611 ] ], [ [ 93.497917, 19.557472 ], [ 93.489972, 19.566222 ], [ 93.487056, 19.565806 ], [ 93.487028, 19.564139 ], [ 93.503306, 19.542889 ], [ 93.497917, 19.557472 ] ], [ [ 98.459139, 12.439583 ], [ 98.452889, 12.434167 ], [ 98.448722, 12.423361 ], [ 98.448722, 12.420833 ], [ 98.455361, 12.424972 ], [ 98.459139, 12.439583 ] ], [ [ 98.242889, 10.623389 ], [ 98.238222, 10.627167 ], [ 98.231167, 10.621694 ], [ 98.231167, 10.619222 ], [ 98.238361, 10.615444 ], [ 98.242889, 10.623389 ] ], [ [ 98.597083, 9.950806 ], [ 98.593333, 9.952056 ], [ 98.589556, 9.945806 ], [ 98.589556, 9.938333 ], [ 98.595361, 9.936611 ], [ 98.597083, 9.950806 ] ], [ [ 93.396667, 20.080417 ], [ 93.400389, 20.089111 ], [ 93.395, 20.094528 ], [ 93.390806, 20.093722 ], [ 93.388722, 20.091611 ], [ 93.392056, 20.083333 ], [ 93.396667, 20.080417 ] ], [ [ 98.310833, 13.125444 ], [ 98.317889, 13.123333 ], [ 98.317861, 13.13 ], [ 98.315, 13.132917 ], [ 98.306222, 13.129972 ], [ 98.306222, 13.129167 ], [ 98.308361, 13.123694 ], [ 98.310833, 13.125444 ] ], [ [ 98.13375, 12.214972 ], [ 98.1325, 12.22375 ], [ 98.126639, 12.226194 ], [ 98.124583, 12.220806 ], [ 98.124583, 12.217528 ], [ 98.1275, 12.214611 ], [ 98.13375, 12.214972 ] ], [ [ 98.494694, 10.010083 ], [ 98.492556, 10.015472 ], [ 98.48625, 10.016722 ], [ 98.486306, 10.006722 ], [ 98.490083, 10.003806 ], [ 98.494694, 10.010083 ] ], [ [ 97.87625, 9.370778 ], [ 97.873361, 9.376222 ], [ 97.869167, 9.376222 ], [ 97.86625, 9.371667 ], [ 97.866278, 9.366611 ], [ 97.871639, 9.365417 ], [ 97.87625, 9.370778 ] ], [ [ 98.22625, 12.8125 ], [ 98.226694, 12.819583 ], [ 98.221639, 12.822083 ], [ 98.216222, 12.82 ], [ 98.216222, 12.818333 ], [ 98.220806, 12.811222 ], [ 98.22625, 12.8125 ] ], [ [ 98.522917, 12.794139 ], [ 98.520806, 12.797083 ], [ 98.517111, 12.783333 ], [ 98.517111, 12.779944 ], [ 98.522083, 12.778306 ], [ 98.522917, 12.794139 ] ], [ [ 90.601222, 22.116667 ], [ 90.602472, 22.122861 ], [ 90.589944, 22.114556 ], [ 90.58875, 22.108333 ], [ 90.588694, 22.107472 ], [ 90.59375, 22.108306 ], [ 90.601222, 22.116667 ] ], [ [ 98.676556, 10.1625 ], [ 98.668528, 10.162083 ], [ 98.665639, 10.155833 ], [ 98.665639, 10.154167 ], [ 98.673639, 10.153778 ], [ 98.676556, 10.1625 ] ], [ [ 98.405389, 12.336667 ], [ 98.401222, 12.346667 ], [ 98.393778, 12.345778 ], [ 98.393778, 12.344972 ], [ 98.404111, 12.332889 ], [ 98.405389, 12.336667 ] ], [ [ 97.686639, 10.45875 ], [ 97.689556, 10.466667 ], [ 97.680833, 10.469583 ], [ 97.677889, 10.4675 ], [ 97.677889, 10.465833 ], [ 97.680833, 10.460389 ], [ 97.686639, 10.45875 ] ], [ [ 98.317056, 13.11 ], [ 98.31625, 13.12 ], [ 98.3125, 13.122917 ], [ 98.307889, 13.121639 ], [ 98.307889, 13.118306 ], [ 98.313333, 13.110389 ], [ 98.317056, 13.11 ] ], [ [ 97.972056, 10.355806 ], [ 97.970806, 10.367917 ], [ 97.965444, 10.354167 ], [ 97.965389, 10.349167 ], [ 97.9675, 10.347861 ], [ 97.972056, 10.355806 ] ], [ [ 98.044194, 12.302056 ], [ 98.047083, 12.31 ], [ 98.033778, 12.304944 ], [ 98.033722, 12.303333 ], [ 98.038361, 12.299556 ], [ 98.044194, 12.302056 ] ], [ [ 90.563333, 22.033722 ], [ 90.559583, 22.031639 ], [ 90.557056, 22.024167 ], [ 90.557111, 22.014972 ], [ 90.564611, 22.028333 ], [ 90.563333, 22.033722 ] ], [ [ 95.279583, 15.674167 ], [ 95.273306, 15.677056 ], [ 95.267528, 15.675389 ], [ 95.265806, 15.67875 ], [ 95.261222, 15.676667 ], [ 95.26125, 15.673333 ], [ 95.268333, 15.67125 ], [ 95.279583, 15.674167 ] ], [ [ 98.405028, 12.057083 ], [ 98.406222, 12.059167 ], [ 98.405, 12.064556 ], [ 98.392056, 12.063306 ], [ 98.392056, 12.061639 ], [ 98.395806, 12.057917 ], [ 98.405028, 12.057083 ] ], [ [ 98.072083, 13.810028 ], [ 98.066694, 13.812056 ], [ 98.061222, 13.803306 ], [ 98.06125, 13.801639 ], [ 98.067472, 13.801222 ], [ 98.072083, 13.810028 ] ], [ [ 98.480417, 10.793806 ], [ 98.488306, 10.801722 ], [ 98.482028, 10.804667 ], [ 98.480389, 10.800444 ], [ 98.472861, 10.798778 ], [ 98.469972, 10.795056 ], [ 98.469972, 10.79425 ], [ 98.478667, 10.797917 ], [ 98.480417, 10.793806 ] ], [ [ 98.627056, 11.074167 ], [ 98.617472, 11.074556 ], [ 98.615361, 11.069167 ], [ 98.615361, 11.068306 ], [ 98.619972, 11.065389 ], [ 98.627056, 11.074167 ] ], [ [ 94.521639, 15.942944 ], [ 94.517111, 15.938306 ], [ 94.514556, 15.924972 ], [ 94.514556, 15.916639 ], [ 94.517056, 15.917472 ], [ 94.521639, 15.942944 ] ], [ [ 97.619556, 16.404139 ], [ 97.616639, 16.410389 ], [ 97.61375, 16.408306 ], [ 97.61375, 16.399167 ], [ 97.616667, 16.392889 ], [ 97.619556, 16.404139 ] ], [ [ 98.192111, 10.984639 ], [ 98.196361, 10.981306 ], [ 98.198444, 10.982528 ], [ 98.193778, 10.990444 ], [ 98.185861, 10.98675 ], [ 98.185861, 10.985028 ], [ 98.189611, 10.982111 ], [ 98.192111, 10.984639 ] ], [ [ 98.543306, 8.182861 ], [ 98.540361, 8.182444 ], [ 98.539583, 8.171667 ], [ 98.538722, 8.170806 ], [ 98.544583, 8.165806 ], [ 98.543306, 8.182861 ] ], [ [ 98.428722, 12.221639 ], [ 98.426639, 12.227111 ], [ 98.415417, 12.225806 ], [ 98.415417, 12.225 ], [ 98.419944, 12.220417 ], [ 98.428722, 12.221639 ] ], [ [ 98.280389, 11.417472 ], [ 98.274139, 11.424583 ], [ 98.27125, 11.419167 ], [ 98.270389, 11.418306 ], [ 98.275806, 11.413722 ], [ 98.280389, 11.417472 ] ], [ [ 98.489556, 9.537556 ], [ 98.489556, 9.545861 ], [ 98.485778, 9.549611 ], [ 98.482889, 9.537528 ], [ 98.482917, 9.535 ], [ 98.486667, 9.533694 ], [ 98.489556, 9.537556 ] ], [ [ 97.741222, 15.095833 ], [ 97.735361, 15.094194 ], [ 97.735389, 15.093333 ], [ 97.740778, 15.077917 ], [ 97.741222, 15.095833 ] ], [ [ 94.472944, 16.079972 ], [ 94.465861, 16.078722 ], [ 94.462083, 16.074139 ], [ 94.462056, 16.070806 ], [ 94.467528, 16.071222 ], [ 94.472944, 16.079972 ] ], [ [ 98.433722, 12.330806 ], [ 98.431611, 12.33375 ], [ 98.425417, 12.331667 ], [ 98.425417, 12.329139 ], [ 98.43, 12.322083 ], [ 98.433722, 12.330806 ] ], [ [ 98.603639, 9.934889 ], [ 98.603639, 9.94 ], [ 98.599111, 9.946333 ], [ 98.596222, 9.939139 ], [ 98.596222, 9.936611 ], [ 98.5975, 9.93375 ], [ 98.603639, 9.934889 ] ], [ [ 93.546222, 19.647472 ], [ 93.540861, 19.655417 ], [ 93.535444, 19.655833 ], [ 93.535389, 19.6525 ], [ 93.539972, 19.647083 ], [ 93.546222, 19.647472 ] ], [ [ 93.659583, 19.628333 ], [ 93.653361, 19.63875 ], [ 93.649583, 19.6375 ], [ 93.649556, 19.634972 ], [ 93.653278, 19.626222 ], [ 93.659583, 19.628333 ] ], [ [ 98.159583, 12.294167 ], [ 98.153278, 12.292083 ], [ 98.149583, 12.285806 ], [ 98.149528, 12.285 ], [ 98.15875, 12.284167 ], [ 98.159583, 12.294167 ] ], [ [ 98.598722, 8.216639 ], [ 98.595861, 8.219556 ], [ 98.593778, 8.219167 ], [ 98.592917, 8.209167 ], [ 98.592917, 8.208306 ], [ 98.597056, 8.204972 ], [ 98.598722, 8.216639 ] ], [ [ 93.632083, 19.638306 ], [ 93.62875, 19.636639 ], [ 93.628722, 19.631667 ], [ 93.636667, 19.622917 ], [ 93.632083, 19.638306 ] ], [ [ 98.486639, 8.278722 ], [ 98.483778, 8.278306 ], [ 98.482083, 8.271639 ], [ 98.482083, 8.270833 ], [ 98.487528, 8.265389 ], [ 98.486639, 8.278722 ] ], [ [ 98.045444, 9.641694 ], [ 98.04375, 9.650889 ], [ 98.038778, 9.654083 ], [ 98.038778, 9.649139 ], [ 98.043333, 9.637972 ], [ 98.045444, 9.641694 ] ], [ [ 98.169417, 10.450861 ], [ 98.164806, 10.454639 ], [ 98.162667, 10.44925 ], [ 98.162722, 10.443389 ], [ 98.167833, 10.442528 ], [ 98.169417, 10.450861 ] ], [ [ 97.914167, 13.880417 ], [ 97.912111, 13.89 ], [ 97.907472, 13.896222 ], [ 97.905389, 13.895028 ], [ 97.905389, 13.893306 ], [ 97.908778, 13.885 ], [ 97.914167, 13.880417 ] ], [ [ 94.229611, 16.384167 ], [ 94.225, 16.392917 ], [ 94.222083, 16.380806 ], [ 94.222083, 16.379139 ], [ 94.225806, 16.377917 ], [ 94.229611, 16.384167 ] ], [ [ 98.419194, 12.383722 ], [ 98.412917, 12.379972 ], [ 98.411194, 12.371667 ], [ 98.411222, 12.370806 ], [ 98.417917, 12.375 ], [ 98.419194, 12.383722 ] ], [ [ 98.116639, 11.757056 ], [ 98.122028, 11.763278 ], [ 98.121222, 11.766667 ], [ 98.110806, 11.759583 ], [ 98.109528, 11.758306 ], [ 98.110806, 11.75625 ], [ 98.116639, 11.757056 ] ], [ [ 98.531639, 11.112056 ], [ 98.530389, 11.1275 ], [ 98.526222, 11.124167 ], [ 98.526222, 11.1225 ], [ 98.527056, 11.114972 ], [ 98.531639, 11.112056 ] ], [ [ 98.487083, 12.547472 ], [ 98.483778, 12.549972 ], [ 98.485444, 12.554167 ], [ 98.483333, 12.55625 ], [ 98.477083, 12.549972 ], [ 98.477028, 12.548306 ], [ 98.479167, 12.544583 ], [ 98.487083, 12.547472 ] ], [ [ 98.067944, 12.125 ], [ 98.064167, 12.13625 ], [ 98.059611, 12.133306 ], [ 98.059583, 12.130833 ], [ 98.063333, 12.124528 ], [ 98.067944, 12.125 ] ], [ [ 98.538722, 13.167472 ], [ 98.535833, 13.174583 ], [ 98.527056, 13.169167 ], [ 98.527056, 13.168306 ], [ 98.530833, 13.165389 ], [ 98.538722, 13.167472 ] ], [ [ 97.635, 8.669833 ], [ 97.644889, 8.665806 ], [ 97.646083, 8.671556 ], [ 97.644111, 8.672861 ], [ 97.641639, 8.674389 ], [ 97.635, 8.669833 ] ], [ [ 98.455389, 8.062472 ], [ 98.446222, 8.061667 ], [ 98.446222, 8.057472 ], [ 98.454139, 8.05375 ], [ 98.455389, 8.062472 ] ], [ [ 98.477056, 8.250833 ], [ 98.471611, 8.250444 ], [ 98.467889, 8.244111 ], [ 98.467889, 8.240833 ], [ 98.47625, 8.245778 ], [ 98.477056, 8.250833 ] ], [ [ 97.979556, 12.134194 ], [ 97.975, 12.137917 ], [ 97.972111, 12.133306 ], [ 97.971222, 12.1325 ], [ 97.9775, 12.12625 ], [ 97.979556, 12.134194 ] ], [ [ 98.148778, 11.994139 ], [ 98.145, 12.002889 ], [ 98.137083, 12.0 ], [ 98.138333, 11.99875 ], [ 98.146694, 11.992056 ], [ 98.148778, 11.994139 ] ], [ [ 97.622861, 16.311667 ], [ 97.621194, 16.319972 ], [ 97.615444, 16.320833 ], [ 97.615417, 16.316667 ], [ 97.619972, 16.310389 ], [ 97.622861, 16.311667 ] ], [ [ 98.36125, 9.220028 ], [ 98.358222, 9.222889 ], [ 98.356194, 9.220028 ], [ 98.355333, 9.219139 ], [ 98.363417, 9.210333 ], [ 98.36125, 9.220028 ] ], [ [ 95.062917, 15.871639 ], [ 95.061667, 15.882889 ], [ 95.057917, 15.876611 ], [ 95.057917, 15.870833 ], [ 95.060861, 15.867917 ], [ 95.062917, 15.871639 ] ], [ [ 98.512889, 8.227444 ], [ 98.509167, 8.238778 ], [ 98.503694, 8.234972 ], [ 98.503694, 8.233306 ], [ 98.510806, 8.22625 ], [ 98.512889, 8.227444 ] ], [ [ 98.483806, 11.094111 ], [ 98.474972, 11.095361 ], [ 98.473333, 11.09875 ], [ 98.46875, 11.095833 ], [ 98.46875, 11.093306 ], [ 98.475806, 11.09125 ], [ 98.483806, 11.094111 ] ], [ [ 93.989583, 18.763306 ], [ 93.985028, 18.77125 ], [ 93.97875, 18.772472 ], [ 93.97875, 18.770806 ], [ 93.984167, 18.763722 ], [ 93.989583, 18.763306 ] ], [ [ 93.91125, 18.431667 ], [ 93.907472, 18.442861 ], [ 93.902889, 18.439167 ], [ 93.902944, 18.4375 ], [ 93.909139, 18.430417 ], [ 93.91125, 18.431667 ] ], [ [ 98.457056, 7.951639 ], [ 98.456639, 7.954556 ], [ 98.452889, 7.954972 ], [ 98.453306, 7.960417 ], [ 98.447917, 7.958361 ], [ 98.447917, 7.954167 ], [ 98.455, 7.949556 ], [ 98.457056, 7.951639 ] ], [ [ 98.352389, 10.687556 ], [ 98.34525, 10.688806 ], [ 98.341472, 10.685861 ], [ 98.3415, 10.681722 ], [ 98.345278, 10.681333 ], [ 98.352389, 10.687556 ] ], [ [ 93.4, 20.10375 ], [ 93.39625, 20.098306 ], [ 93.39625, 20.095833 ], [ 93.402944, 20.090833 ], [ 93.4, 20.10375 ] ], [ [ 93.305444, 20.173306 ], [ 93.300389, 20.177444 ], [ 93.300389, 20.164139 ], [ 93.304583, 20.165806 ], [ 93.305444, 20.173306 ] ], [ [ 93.035, 20.443722 ], [ 93.025444, 20.425833 ], [ 93.025444, 20.424167 ], [ 93.029611, 20.426639 ], [ 93.035, 20.443722 ] ], [ [ 94.236667, 18.533722 ], [ 94.238306, 18.530389 ], [ 94.242056, 18.5325 ], [ 94.236639, 18.539583 ], [ 94.23, 18.537917 ], [ 94.22875, 18.536639 ], [ 94.230833, 18.533778 ], [ 94.236667, 18.533722 ] ], [ [ 93.654167, 19.573722 ], [ 93.656222, 19.575833 ], [ 93.654583, 19.583306 ], [ 93.64875, 19.585 ], [ 93.64875, 19.584139 ], [ 93.649556, 19.576667 ], [ 93.654167, 19.573722 ] ], [ [ 97.712861, 15.299139 ], [ 97.700417, 15.305833 ], [ 97.700417, 15.304972 ], [ 97.704194, 15.297083 ], [ 97.712861, 15.299139 ] ], [ [ 94.18375, 18.764111 ], [ 94.18, 18.769583 ], [ 94.172917, 18.765833 ], [ 94.172917, 18.764111 ], [ 94.1775, 18.760361 ], [ 94.18375, 18.764111 ] ], [ [ 97.784583, 14.422472 ], [ 97.78625, 14.429139 ], [ 97.783361, 14.432917 ], [ 97.779611, 14.431639 ], [ 97.779583, 14.426639 ], [ 97.779583, 14.424972 ], [ 97.781639, 14.421194 ], [ 97.784583, 14.422472 ] ], [ [ 97.791667, 14.207083 ], [ 97.787056, 14.203333 ], [ 97.78625, 14.198333 ], [ 97.785389, 14.197444 ], [ 97.794556, 14.199972 ], [ 97.791667, 14.207083 ] ], [ [ 98.127917, 11.824972 ], [ 98.119972, 11.826278 ], [ 98.115389, 11.821667 ], [ 98.115389, 11.819194 ], [ 98.127444, 11.82125 ], [ 98.127917, 11.824972 ] ], [ [ 98.502167, 9.970889 ], [ 98.5, 9.978694 ], [ 98.492889, 9.976667 ], [ 98.492889, 9.974944 ], [ 98.497528, 9.9695 ], [ 98.502167, 9.970889 ] ], [ [ 98.289583, 8.889167 ], [ 98.285361, 8.881639 ], [ 98.285389, 8.879972 ], [ 98.298333, 8.895444 ], [ 98.289583, 8.889167 ] ], [ [ 97.590417, 16.494972 ], [ 97.585806, 16.498722 ], [ 97.577917, 16.497472 ], [ 97.577917, 16.495806 ], [ 97.5825, 16.492917 ], [ 97.590417, 16.494972 ] ], [ [ 98.530306, 9.570806 ], [ 98.525028, 9.574639 ], [ 98.517528, 9.574639 ], [ 98.515361, 9.5725 ], [ 98.518389, 9.569528 ], [ 98.530306, 9.570806 ] ], [ [ 91.865389, 21.711611 ], [ 91.862917, 21.705 ], [ 91.862889, 21.699139 ], [ 91.871667, 21.715389 ], [ 91.865389, 21.711611 ] ], [ [ 93.53125, 19.532472 ], [ 93.519611, 19.5425 ], [ 93.519583, 19.540833 ], [ 93.5325, 19.525417 ], [ 93.53125, 19.532472 ] ], [ [ 98.177889, 12.361694 ], [ 98.168722, 12.365 ], [ 98.168722, 12.36 ], [ 98.177083, 12.355833 ], [ 98.177889, 12.361694 ] ], [ [ 98.198778, 12.656667 ], [ 98.197472, 12.658722 ], [ 98.187889, 12.654139 ], [ 98.187917, 12.652472 ], [ 98.194111, 12.649583 ], [ 98.198778, 12.656667 ] ], [ [ 98.4425, 12.242056 ], [ 98.447917, 12.244139 ], [ 98.440833, 12.252056 ], [ 98.434611, 12.253306 ], [ 98.434611, 12.2525 ], [ 98.44125, 12.247444 ], [ 98.4425, 12.242056 ] ], [ [ 93.728694, 19.886611 ], [ 93.716667, 19.892056 ], [ 93.71375, 19.890806 ], [ 93.71375, 19.889139 ], [ 93.719972, 19.885389 ], [ 93.728694, 19.886611 ] ], [ [ 98.256389, 10.908778 ], [ 98.255083, 10.919222 ], [ 98.250111, 10.920056 ], [ 98.250111, 10.916667 ], [ 98.251806, 10.910889 ], [ 98.256389, 10.908778 ] ], [ [ 98.133722, 12.131639 ], [ 98.13, 12.133694 ], [ 98.126194, 12.130833 ], [ 98.126222, 12.128306 ], [ 98.129139, 12.12125 ], [ 98.133722, 12.131639 ] ], [ [ 98.529611, 12.475028 ], [ 98.525389, 12.471611 ], [ 98.525389, 12.468278 ], [ 98.532083, 12.4625 ], [ 98.529611, 12.475028 ] ], [ [ 97.932056, 11.279972 ], [ 97.929972, 11.281222 ], [ 97.924583, 11.275 ], [ 97.924583, 11.272472 ], [ 97.930417, 11.271639 ], [ 97.932056, 11.279972 ] ], [ [ 94.279611, 15.8625 ], [ 94.279611, 15.866667 ], [ 94.275861, 15.867917 ], [ 94.27125, 15.861611 ], [ 94.27125, 15.860806 ], [ 94.275, 15.858722 ], [ 94.279611, 15.8625 ] ], [ [ 97.972889, 10.201611 ], [ 97.968333, 10.208722 ], [ 97.964528, 10.204111 ], [ 97.964528, 10.202444 ], [ 97.9675, 10.198722 ], [ 97.972889, 10.201611 ] ], [ [ 98.271278, 10.644194 ], [ 98.266611, 10.6455 ], [ 98.260389, 10.642556 ], [ 98.260389, 10.641694 ], [ 98.265056, 10.637972 ], [ 98.271278, 10.644194 ] ], [ [ 93.266222, 19.803333 ], [ 93.26, 19.810389 ], [ 93.25375, 19.811667 ], [ 93.25375, 19.809944 ], [ 93.256667, 19.804556 ], [ 93.266222, 19.803333 ] ], [ [ 97.967917, 12.2975 ], [ 97.964556, 12.298333 ], [ 97.964611, 12.291639 ], [ 97.969194, 12.282917 ], [ 97.967917, 12.2975 ] ], [ [ 97.631389, 8.597417 ], [ 97.630389, 8.587583 ], [ 97.632917, 8.585083 ], [ 97.635944, 8.587889 ], [ 97.637028, 8.591806 ], [ 97.631389, 8.597417 ] ], [ [ 91.892889, 21.599139 ], [ 91.883722, 21.594139 ], [ 91.883694, 21.588306 ], [ 91.887556, 21.587056 ], [ 91.892889, 21.599139 ] ], [ [ 98.44125, 12.417472 ], [ 98.438333, 12.41875 ], [ 98.434528, 12.412472 ], [ 98.434583, 12.408333 ], [ 98.439556, 12.409944 ], [ 98.44125, 12.417472 ] ], [ [ 98.213694, 11.928361 ], [ 98.207917, 11.931667 ], [ 98.207944, 11.926667 ], [ 98.213306, 11.919556 ], [ 98.213694, 11.928361 ] ], [ [ 98.212528, 12.227083 ], [ 98.203806, 12.222472 ], [ 98.202917, 12.221667 ], [ 98.217889, 12.224167 ], [ 98.212528, 12.227083 ] ], [ [ 98.011694, 12.422056 ], [ 98.00625, 12.420833 ], [ 98.008722, 12.415778 ], [ 98.004583, 12.413306 ], [ 98.004528, 12.411639 ], [ 98.01125, 12.412472 ], [ 98.011694, 12.422056 ] ], [ [ 98.492472, 13.265389 ], [ 98.489611, 13.259972 ], [ 98.489556, 13.255778 ], [ 98.493306, 13.250389 ], [ 98.492472, 13.265389 ] ], [ [ 98.68625, 8.076611 ], [ 98.684167, 8.080417 ], [ 98.677889, 8.079944 ], [ 98.677889, 8.077472 ], [ 98.680778, 8.072083 ], [ 98.68625, 8.076611 ] ], [ [ 93.754139, 19.543722 ], [ 93.751222, 19.539139 ], [ 93.751222, 19.537472 ], [ 93.759611, 19.533306 ], [ 93.754139, 19.543722 ] ], [ [ 97.804639, 15.191694 ], [ 97.801667, 15.200389 ], [ 97.797917, 15.194972 ], [ 97.797917, 15.1925 ], [ 97.800833, 15.188722 ], [ 97.804639, 15.191694 ] ], [ [ 93.589139, 19.705417 ], [ 93.592111, 19.708333 ], [ 93.591222, 19.713333 ], [ 93.58375, 19.708306 ], [ 93.58375, 19.706639 ], [ 93.585806, 19.70375 ], [ 93.589139, 19.705417 ] ], [ [ 96.266222, 16.805806 ], [ 96.246667, 16.804583 ], [ 96.246194, 16.804111 ], [ 96.261667, 16.802889 ], [ 96.266222, 16.805806 ] ], [ [ 98.737028, 8.2175 ], [ 98.732472, 8.219556 ], [ 98.727056, 8.216639 ], [ 98.727056, 8.213306 ], [ 98.736639, 8.214556 ], [ 98.737028, 8.2175 ] ], [ [ 98.327111, 10.272111 ], [ 98.320833, 10.272556 ], [ 98.320833, 10.271694 ], [ 98.330972, 10.264194 ], [ 98.327111, 10.272111 ] ], [ [ 98.475, 12.334583 ], [ 98.471194, 12.334167 ], [ 98.469583, 12.326639 ], [ 98.468722, 12.325778 ], [ 98.47375, 12.324972 ], [ 98.475, 12.334583 ] ], [ [ 97.7775, 14.45625 ], [ 97.777889, 14.461639 ], [ 97.770833, 14.460417 ], [ 97.76875, 14.456667 ], [ 97.76875, 14.455806 ], [ 97.772528, 14.453694 ], [ 97.7775, 14.45625 ] ], [ [ 98.465861, 8.032917 ], [ 98.462917, 8.0325 ], [ 98.462917, 8.023333 ], [ 98.462917, 8.022472 ], [ 98.467111, 8.023333 ], [ 98.465861, 8.032917 ] ], [ [ 98.451639, 8.118778 ], [ 98.453778, 8.125833 ], [ 98.447056, 8.128306 ], [ 98.447056, 8.126694 ], [ 98.447917, 8.120833 ], [ 98.451639, 8.118778 ] ], [ [ 98.359556, 9.435 ], [ 98.354194, 9.437111 ], [ 98.352056, 9.434222 ], [ 98.352056, 9.429972 ], [ 98.359111, 9.43125 ], [ 98.359556, 9.435 ] ], [ [ 98.224583, 11.880833 ], [ 98.22, 11.88375 ], [ 98.219139, 11.880417 ], [ 98.214556, 11.879139 ], [ 98.213722, 11.878278 ], [ 98.223306, 11.87625 ], [ 98.224583, 11.880833 ] ], [ [ 91.995389, 21.658306 ], [ 91.983694, 21.656639 ], [ 91.983694, 21.655833 ], [ 91.989139, 21.651278 ], [ 91.995389, 21.658306 ] ], [ [ 98.119639, 9.8225 ], [ 98.116722, 9.828694 ], [ 98.112111, 9.821639 ], [ 98.112111, 9.819972 ], [ 98.11675, 9.818778 ], [ 98.119639, 9.8225 ] ], [ [ 98.521139, 9.900861 ], [ 98.517528, 9.904583 ], [ 98.51125, 9.899167 ], [ 98.51125, 9.898306 ], [ 98.517528, 9.897972 ], [ 98.521139, 9.900861 ] ], [ [ 98.174111, 12.484556 ], [ 98.170389, 12.481611 ], [ 98.169583, 12.475806 ], [ 98.169583, 12.473333 ], [ 98.175361, 12.476639 ], [ 98.174111, 12.484556 ] ], [ [ 98.312083, 9.176639 ], [ 98.314583, 9.1875 ], [ 98.309583, 9.185806 ], [ 98.307944, 9.18 ], [ 98.307972, 9.179139 ], [ 98.31, 9.175417 ], [ 98.312083, 9.176639 ] ], [ [ 93.70875, 19.902472 ], [ 93.703306, 19.904583 ], [ 93.693722, 19.901694 ], [ 93.693722, 19.900833 ], [ 93.705833, 19.899556 ], [ 93.70875, 19.902472 ] ], [ [ 98.492083, 9.931583 ], [ 98.487444, 9.933694 ], [ 98.482889, 9.930833 ], [ 98.482889, 9.928361 ], [ 98.486639, 9.92625 ], [ 98.492083, 9.931583 ] ], [ [ 98.222083, 12.659139 ], [ 98.214167, 12.667083 ], [ 98.21125, 12.665833 ], [ 98.21125, 12.663306 ], [ 98.214139, 12.659583 ], [ 98.222083, 12.659139 ] ], [ [ 93.697083, 19.585833 ], [ 93.695, 19.593722 ], [ 93.690806, 19.595389 ], [ 93.68875, 19.593333 ], [ 93.68875, 19.590806 ], [ 93.694194, 19.585389 ], [ 93.697083, 19.585833 ] ], [ [ 98.092917, 12.4475 ], [ 98.085806, 12.453722 ], [ 98.082083, 12.453306 ], [ 98.082028, 12.451639 ], [ 98.088306, 12.445417 ], [ 98.092917, 12.4475 ] ], [ [ 97.478306, 11.825389 ], [ 97.474583, 11.824167 ], [ 97.474556, 11.818306 ], [ 97.472972, 11.816639 ], [ 97.478778, 11.815806 ], [ 97.478306, 11.825389 ] ], [ [ 98.551639, 10.757556 ], [ 98.551111, 10.76375 ], [ 98.544028, 10.764194 ], [ 98.544028, 10.763389 ], [ 98.549556, 10.756278 ], [ 98.551639, 10.757556 ] ], [ [ 98.227056, 13.949944 ], [ 98.225806, 13.955389 ], [ 98.222056, 13.952472 ], [ 98.222083, 13.944139 ], [ 98.225417, 13.943333 ], [ 98.227056, 13.949944 ] ], [ [ 97.828722, 9.436667 ], [ 97.824972, 9.437056 ], [ 97.821222, 9.431639 ], [ 97.821222, 9.429167 ], [ 97.827472, 9.429528 ], [ 97.828722, 9.436667 ] ], [ [ 98.288361, 10.172111 ], [ 98.28125, 10.17175 ], [ 98.28125, 10.169222 ], [ 98.289722, 10.166722 ], [ 98.288361, 10.172111 ] ], [ [ 98.432917, 12.216667 ], [ 98.427889, 12.215778 ], [ 98.427889, 12.212472 ], [ 98.435389, 12.207472 ], [ 98.432917, 12.216667 ] ], [ [ 98.470389, 12.302472 ], [ 98.460417, 12.295778 ], [ 98.459556, 12.294972 ], [ 98.469139, 12.294528 ], [ 98.470389, 12.302472 ] ], [ [ 98.247861, 11.998333 ], [ 98.240361, 12.0 ], [ 98.239583, 11.999167 ], [ 98.244139, 11.992056 ], [ 98.247861, 11.998333 ] ], [ [ 98.236667, 9.922889 ], [ 98.232889, 9.935056 ], [ 98.230444, 9.935806 ], [ 98.230333, 9.930806 ], [ 98.231194, 9.926722 ], [ 98.236667, 9.922889 ] ], [ [ 98.263694, 12.888361 ], [ 98.261667, 12.892083 ], [ 98.252056, 12.8925 ], [ 98.252056, 12.891639 ], [ 98.258333, 12.887083 ], [ 98.263694, 12.888361 ] ], [ [ 98.471194, 9.77075 ], [ 98.4675, 9.77125 ], [ 98.462861, 9.765861 ], [ 98.462861, 9.765 ], [ 98.466639, 9.762944 ], [ 98.471194, 9.77075 ] ], [ [ 93.618722, 19.566667 ], [ 93.612889, 19.564111 ], [ 93.612889, 19.5625 ], [ 93.615833, 19.554583 ], [ 93.618722, 19.566667 ] ], [ [ 97.734583, 15.169139 ], [ 97.733333, 15.171194 ], [ 97.72375, 15.170806 ], [ 97.723694, 15.169139 ], [ 97.73, 15.165389 ], [ 97.734583, 15.169139 ] ], [ [ 98.391278, 9.568389 ], [ 98.3875, 9.570417 ], [ 98.3845, 9.567528 ], [ 98.3845, 9.562417 ], [ 98.388806, 9.561556 ], [ 98.391278, 9.568389 ] ], [ [ 98.365444, 9.512417 ], [ 98.363306, 9.51625 ], [ 98.360028, 9.51625 ], [ 98.357917, 9.510917 ], [ 98.357917, 9.509194 ], [ 98.362556, 9.508667 ], [ 98.365444, 9.512417 ] ], [ [ 97.621667, 16.397917 ], [ 97.616222, 16.386611 ], [ 97.616222, 16.384944 ], [ 97.62125, 16.389111 ], [ 97.621667, 16.397917 ] ], [ [ 98.352194, 10.593361 ], [ 98.347556, 10.594611 ], [ 98.343, 10.590083 ], [ 98.343, 10.589222 ], [ 98.348444, 10.587167 ], [ 98.352194, 10.593361 ] ], [ [ 98.64375, 8.1975 ], [ 98.640833, 8.197889 ], [ 98.63875, 8.194167 ], [ 98.63875, 8.1925 ], [ 98.644528, 8.188306 ], [ 98.64375, 8.1975 ] ], [ [ 98.697111, 11.087472 ], [ 98.690417, 11.082528 ], [ 98.690361, 11.08 ], [ 98.697056, 11.080806 ], [ 98.697111, 11.087472 ] ], [ [ 98.28825, 10.442139 ], [ 98.282778, 10.440056 ], [ 98.281139, 10.435056 ], [ 98.281139, 10.434194 ], [ 98.287833, 10.43675 ], [ 98.28825, 10.442139 ] ], [ [ 98.375, 9.504611 ], [ 98.370389, 9.4975 ], [ 98.369611, 9.496639 ], [ 98.377917, 9.496639 ], [ 98.375, 9.504611 ] ], [ [ 98.314944, 8.902861 ], [ 98.310389, 8.900806 ], [ 98.310389, 8.899139 ], [ 98.320417, 8.896694 ], [ 98.314944, 8.902861 ] ], [ [ 94.324972, 18.377917 ], [ 94.318694, 18.374972 ], [ 94.31875, 18.374167 ], [ 94.331278, 18.373333 ], [ 94.324972, 18.377917 ] ], [ [ 94.430028, 16.955389 ], [ 94.424611, 16.9475 ], [ 94.424583, 16.945778 ], [ 94.432917, 16.950778 ], [ 94.430028, 16.955389 ] ], [ [ 98.523333, 11.870417 ], [ 98.518306, 11.871222 ], [ 98.515417, 11.868333 ], [ 98.514528, 11.867472 ], [ 98.52375, 11.864972 ], [ 98.523333, 11.870417 ] ], [ [ 94.550389, 16.172472 ], [ 94.54125, 16.165806 ], [ 94.541222, 16.162472 ], [ 94.544611, 16.162444 ], [ 94.550389, 16.172472 ] ], [ [ 98.307028, 13.1125 ], [ 98.30625, 13.120833 ], [ 98.30125, 13.117472 ], [ 98.30125, 13.114167 ], [ 98.3025, 13.111222 ], [ 98.307028, 13.1125 ] ], [ [ 98.314556, 11.575 ], [ 98.315389, 11.581667 ], [ 98.309583, 11.579139 ], [ 98.309611, 11.575 ], [ 98.3125, 11.572861 ], [ 98.314556, 11.575 ] ], [ [ 98.327028, 11.5275 ], [ 98.324167, 11.53375 ], [ 98.321194, 11.533333 ], [ 98.321222, 11.525 ], [ 98.321222, 11.523333 ], [ 98.324167, 11.522889 ], [ 98.327028, 11.5275 ] ], [ [ 98.091194, 11.204139 ], [ 98.088389, 11.205389 ], [ 98.087083, 11.202472 ], [ 98.087028, 11.197472 ], [ 98.092111, 11.196611 ], [ 98.091194, 11.204139 ] ], [ [ 93.377917, 20.010833 ], [ 93.372889, 20.015 ], [ 93.372917, 20.006611 ], [ 93.376722, 20.005389 ], [ 93.377917, 20.010833 ] ], [ [ 97.704583, 10.636639 ], [ 97.699167, 10.637944 ], [ 97.697917, 10.633333 ], [ 97.697917, 10.631611 ], [ 97.702444, 10.629556 ], [ 97.704583, 10.636639 ] ], [ [ 98.610028, 12.82375 ], [ 98.605417, 12.821611 ], [ 98.604556, 12.817472 ], [ 98.604556, 12.815806 ], [ 98.610417, 12.8175 ], [ 98.610028, 12.82375 ] ], [ [ 98.31875, 13.046611 ], [ 98.316722, 13.052083 ], [ 98.312083, 13.050861 ], [ 98.31125, 13.05 ], [ 98.314167, 13.045417 ], [ 98.31875, 13.046611 ] ], [ [ 93.078778, 20.497472 ], [ 93.077472, 20.499611 ], [ 93.069556, 20.490833 ], [ 93.069556, 20.489972 ], [ 93.07375, 20.489972 ], [ 93.078778, 20.497472 ] ], [ [ 98.792444, 11.725389 ], [ 98.786222, 11.725 ], [ 98.786222, 11.722472 ], [ 98.79375, 11.72 ], [ 98.792444, 11.725389 ] ], [ [ 98.14625, 12.156667 ], [ 98.141639, 12.157056 ], [ 98.137111, 12.151639 ], [ 98.137056, 12.150778 ], [ 98.1425, 12.150389 ], [ 98.14625, 12.156667 ] ], [ [ 98.475417, 13.025806 ], [ 98.474139, 13.032056 ], [ 98.467889, 13.029972 ], [ 98.467889, 13.029167 ], [ 98.473278, 13.024583 ], [ 98.475417, 13.025806 ] ], [ [ 98.158694, 12.206667 ], [ 98.154972, 12.20625 ], [ 98.152861, 12.204167 ], [ 98.1575, 12.197861 ], [ 98.158694, 12.206667 ] ], [ [ 98.326639, 12.835417 ], [ 98.325389, 12.845806 ], [ 98.321222, 12.8475 ], [ 98.321222, 12.845833 ], [ 98.323722, 12.836667 ], [ 98.326639, 12.835417 ] ], [ [ 93.636667, 14.885472 ], [ 93.632056, 14.880056 ], [ 93.632056, 14.878389 ], [ 93.637889, 14.876694 ], [ 93.636667, 14.885472 ] ], [ [ 98.705778, 8.297889 ], [ 98.700444, 8.290833 ], [ 98.700389, 8.288306 ], [ 98.706194, 8.291694 ], [ 98.705778, 8.297889 ] ], [ [ 98.312889, 9.045056 ], [ 98.312528, 9.049639 ], [ 98.307056, 9.050778 ], [ 98.307056, 9.045778 ], [ 98.308278, 9.043667 ], [ 98.312889, 9.045056 ] ], [ [ 93.584556, 19.779972 ], [ 93.586667, 19.78875 ], [ 93.579528, 19.781639 ], [ 93.579583, 19.779972 ], [ 93.580806, 19.777917 ], [ 93.584556, 19.779972 ] ], [ [ 94.581278, 17.305778 ], [ 94.579194, 17.309583 ], [ 94.575389, 17.306639 ], [ 94.575417, 17.301639 ], [ 94.577528, 17.300417 ], [ 94.581278, 17.305778 ] ], [ [ 97.626639, 16.631222 ], [ 97.622889, 16.628278 ], [ 97.622889, 16.627472 ], [ 97.632083, 16.624139 ], [ 97.626639, 16.631222 ] ], [ [ 98.264556, 12.304111 ], [ 98.262444, 12.305444 ], [ 98.257944, 12.301639 ], [ 98.257944, 12.299972 ], [ 98.262472, 12.297056 ], [ 98.264556, 12.304111 ] ], [ [ 97.795389, 15.210806 ], [ 97.792083, 15.209194 ], [ 97.792056, 15.203333 ], [ 97.794972, 15.199556 ], [ 97.795389, 15.210806 ] ], [ [ 97.839639, 12.553333 ], [ 97.833333, 12.554556 ], [ 97.832056, 12.5525 ], [ 97.832056, 12.551639 ], [ 97.834972, 12.547056 ], [ 97.839639, 12.553333 ] ], [ [ 97.647056, 16.519167 ], [ 97.637083, 16.514972 ], [ 97.637083, 16.514167 ], [ 97.641611, 16.512861 ], [ 97.647056, 16.519167 ] ], [ [ 98.191639, 9.812917 ], [ 98.187472, 9.813778 ], [ 98.18625, 9.810778 ], [ 98.184611, 9.809167 ], [ 98.192111, 9.807472 ], [ 98.191639, 9.812917 ] ], [ [ 98.619556, 8.193278 ], [ 98.612056, 8.194139 ], [ 98.612083, 8.191667 ], [ 98.6175, 8.18875 ], [ 98.619556, 8.193278 ] ], [ [ 93.509583, 19.535 ], [ 93.502056, 19.540806 ], [ 93.502056, 19.54 ], [ 93.507444, 19.530417 ], [ 93.509583, 19.535 ] ], [ [ 97.978778, 10.1925 ], [ 97.972944, 10.1975 ], [ 97.972944, 10.191639 ], [ 97.976694, 10.188722 ], [ 97.978778, 10.1925 ] ], [ [ 98.035389, 12.065806 ], [ 98.034972, 12.072056 ], [ 98.030833, 12.072917 ], [ 98.029583, 12.069972 ], [ 98.029583, 12.069111 ], [ 98.030833, 12.066194 ], [ 98.035389, 12.065806 ] ], [ [ 97.612083, 16.418333 ], [ 97.607917, 16.418306 ], [ 97.607917, 16.416639 ], [ 97.612528, 16.408694 ], [ 97.612083, 16.418333 ] ], [ [ 98.673972, 10.174167 ], [ 98.665556, 10.174139 ], [ 98.665583, 10.170806 ], [ 98.671917, 10.169556 ], [ 98.673972, 10.174167 ] ], [ [ 93.78, 18.587889 ], [ 93.77625, 18.581639 ], [ 93.776222, 18.580833 ], [ 93.78375, 18.580806 ], [ 93.78, 18.587889 ] ], [ [ 98.313778, 13.686611 ], [ 98.309611, 13.689139 ], [ 98.309583, 13.685806 ], [ 98.314139, 13.67875 ], [ 98.313778, 13.686611 ] ], [ [ 98.592417, 10.012917 ], [ 98.587333, 10.013778 ], [ 98.586139, 10.010833 ], [ 98.585333, 10.009972 ], [ 98.592917, 10.008306 ], [ 98.592417, 10.012917 ] ], [ [ 98.649556, 12.645806 ], [ 98.647528, 12.648722 ], [ 98.641667, 12.647917 ], [ 98.640389, 12.646639 ], [ 98.641611, 12.642861 ], [ 98.649556, 12.645806 ] ], [ [ 98.481639, 10.441694 ], [ 98.481194, 10.445444 ], [ 98.473194, 10.444222 ], [ 98.473194, 10.443361 ], [ 98.477028, 10.439639 ], [ 98.481639, 10.441694 ] ], [ [ 98.211278, 10.831694 ], [ 98.204472, 10.832556 ], [ 98.2045, 10.830028 ], [ 98.208333, 10.823833 ], [ 98.211278, 10.831694 ] ], [ [ 98.329639, 9.334139 ], [ 98.327472, 9.33625 ], [ 98.323722, 9.33425 ], [ 98.32375, 9.330806 ], [ 98.327528, 9.327944 ], [ 98.329639, 9.334139 ] ], [ [ 93.600444, 19.550833 ], [ 93.592472, 19.555417 ], [ 93.584528, 19.555833 ], [ 93.584528, 19.554972 ], [ 93.597528, 19.549528 ], [ 93.600444, 19.550833 ] ], [ [ 97.820833, 14.154583 ], [ 97.817056, 14.149167 ], [ 97.817083, 14.145833 ], [ 97.82375, 14.153333 ], [ 97.820833, 14.154583 ] ], [ [ 93.744611, 19.566667 ], [ 93.74, 19.570417 ], [ 93.73625, 19.569167 ], [ 93.73625, 19.5675 ], [ 93.740889, 19.56375 ], [ 93.744611, 19.566667 ] ], [ [ 98.452083, 9.777556 ], [ 98.453806, 9.785028 ], [ 98.447917, 9.779889 ], [ 98.447917, 9.778306 ], [ 98.449194, 9.776167 ], [ 98.452083, 9.777556 ] ], [ [ 98.137889, 13.530833 ], [ 98.136667, 13.534556 ], [ 98.131194, 13.533333 ], [ 98.131194, 13.530806 ], [ 98.135028, 13.527083 ], [ 98.137889, 13.530833 ] ], [ [ 98.491222, 9.729944 ], [ 98.489194, 9.737861 ], [ 98.486194, 9.735 ], [ 98.486194, 9.73425 ], [ 98.488333, 9.729528 ], [ 98.491222, 9.729944 ] ], [ [ 98.440361, 10.936722 ], [ 98.435361, 10.935861 ], [ 98.435389, 10.935056 ], [ 98.440028, 10.927944 ], [ 98.440361, 10.936722 ] ], [ [ 98.478639, 9.863222 ], [ 98.477139, 9.868333 ], [ 98.473722, 9.868333 ], [ 98.473722, 9.861722 ], [ 98.477472, 9.860361 ], [ 98.478639, 9.863222 ] ], [ [ 98.461667, 11.37875 ], [ 98.457944, 11.377472 ], [ 98.457083, 11.373333 ], [ 98.457083, 11.369944 ], [ 98.460389, 11.369972 ], [ 98.461667, 11.37875 ] ], [ [ 98.207083, 9.815833 ], [ 98.19875, 9.815 ], [ 98.19875, 9.813278 ], [ 98.204194, 9.811222 ], [ 98.207083, 9.815833 ] ], [ [ 95.072083, 15.678306 ], [ 95.062111, 15.674944 ], [ 95.062083, 15.674167 ], [ 95.069167, 15.67375 ], [ 95.072083, 15.678306 ] ], [ [ 98.018028, 10.130056 ], [ 98.01675, 10.132139 ], [ 98.012167, 10.130056 ], [ 98.011361, 10.12925 ], [ 98.015139, 10.123806 ], [ 98.018028, 10.130056 ] ], [ [ 98.282083, 11.923306 ], [ 98.27125, 11.921667 ], [ 98.270389, 11.920806 ], [ 98.277472, 11.919556 ], [ 98.282083, 11.923306 ] ], [ [ 98.699583, 8.101667 ], [ 98.694194, 8.102083 ], [ 98.692111, 8.098333 ], [ 98.692111, 8.097472 ], [ 98.697472, 8.097083 ], [ 98.699583, 8.101667 ] ], [ [ 98.287056, 11.929972 ], [ 98.284222, 11.935417 ], [ 98.28, 11.934556 ], [ 98.280417, 11.931639 ], [ 98.279528, 11.930833 ], [ 98.281639, 11.92875 ], [ 98.287056, 11.929972 ] ], [ [ 93.744556, 19.591667 ], [ 93.740444, 19.591639 ], [ 93.740444, 19.590833 ], [ 93.745, 19.581222 ], [ 93.744556, 19.591667 ] ], [ [ 93.713778, 14.941694 ], [ 93.710833, 14.943778 ], [ 93.706667, 14.937972 ], [ 93.705444, 14.936722 ], [ 93.712528, 14.937111 ], [ 93.713778, 14.941694 ] ], [ [ 98.616222, 11.170806 ], [ 98.615806, 11.176222 ], [ 98.609583, 11.174139 ], [ 98.609583, 11.173278 ], [ 98.612444, 11.169611 ], [ 98.616222, 11.170806 ] ], [ [ 94.307944, 16.524111 ], [ 94.293306, 16.525417 ], [ 94.292917, 16.525028 ], [ 94.299167, 16.522056 ], [ 94.307944, 16.524111 ] ], [ [ 98.680417, 11.072528 ], [ 98.675833, 11.074583 ], [ 98.671278, 11.0725 ], [ 98.671278, 11.070833 ], [ 98.675833, 11.069583 ], [ 98.680417, 11.072528 ] ], [ [ 98.602861, 12.7375 ], [ 98.599139, 12.73875 ], [ 98.597944, 12.736611 ], [ 98.597944, 12.731639 ], [ 98.602056, 12.7325 ], [ 98.602861, 12.7375 ] ], [ [ 97.873778, 12.245806 ], [ 97.870778, 12.247111 ], [ 97.867056, 12.2425 ], [ 97.867083, 12.239972 ], [ 97.869194, 12.238722 ], [ 97.873778, 12.245806 ] ], [ [ 98.017056, 11.420833 ], [ 98.015806, 11.427028 ], [ 98.011222, 11.424944 ], [ 98.011222, 11.423333 ], [ 98.014167, 11.41875 ], [ 98.017056, 11.420833 ] ], [ [ 92.746278, 20.262472 ], [ 92.739139, 20.263722 ], [ 92.736278, 20.261639 ], [ 92.736278, 20.260778 ], [ 92.740806, 20.258722 ], [ 92.746278, 20.262472 ] ], [ [ 97.997944, 10.456667 ], [ 97.990389, 10.455833 ], [ 97.990389, 10.454167 ], [ 97.994167, 10.452056 ], [ 97.997944, 10.456667 ] ], [ [ 98.432028, 11.355778 ], [ 98.431667, 11.357917 ], [ 98.424556, 11.358278 ], [ 98.424583, 11.356639 ], [ 98.4275, 11.352083 ], [ 98.432028, 11.355778 ] ], [ [ 91.997444, 21.611222 ], [ 91.992889, 21.604139 ], [ 91.992917, 21.601611 ], [ 91.997111, 21.6025 ], [ 91.997444, 21.611222 ] ], [ [ 93.197917, 19.747472 ], [ 93.193361, 19.755389 ], [ 93.191222, 19.753333 ], [ 93.190389, 19.752472 ], [ 93.1925, 19.747083 ], [ 93.197917, 19.747472 ] ], [ [ 93.741222, 19.558306 ], [ 93.739167, 19.562889 ], [ 93.734556, 19.562444 ], [ 93.734556, 19.560861 ], [ 93.737528, 19.557056 ], [ 93.741222, 19.558306 ] ], [ [ 98.411222, 8.1075 ], [ 98.402889, 8.104972 ], [ 98.402889, 8.103306 ], [ 98.408306, 8.103722 ], [ 98.411222, 8.1075 ] ], [ [ 98.628694, 12.715833 ], [ 98.628694, 12.721694 ], [ 98.624611, 12.723278 ], [ 98.624583, 12.717472 ], [ 98.626667, 12.714556 ], [ 98.628694, 12.715833 ] ], [ [ 98.203194, 10.657556 ], [ 98.200222, 10.66375 ], [ 98.197306, 10.662556 ], [ 98.197306, 10.660889 ], [ 98.198611, 10.657083 ], [ 98.203194, 10.657556 ] ], [ [ 98.037083, 11.645806 ], [ 98.032917, 11.649139 ], [ 98.032889, 11.644139 ], [ 98.035806, 11.639556 ], [ 98.037083, 11.645806 ] ], [ [ 93.542056, 19.919139 ], [ 93.535833, 19.92375 ], [ 93.53375, 19.9225 ], [ 93.53375, 19.919972 ], [ 93.536639, 19.917083 ], [ 93.542056, 19.919139 ] ], [ [ 98.205389, 13.945806 ], [ 98.202528, 13.947917 ], [ 98.200389, 13.944972 ], [ 98.200417, 13.94 ], [ 98.205389, 13.942472 ], [ 98.205389, 13.945806 ] ], [ [ 93.734583, 19.567444 ], [ 93.730806, 19.572917 ], [ 93.727917, 19.57 ], [ 93.727861, 19.569139 ], [ 93.730833, 19.565389 ], [ 93.734583, 19.567444 ] ], [ [ 98.230722, 10.129667 ], [ 98.227833, 10.125056 ], [ 98.227917, 10.121722 ], [ 98.231222, 10.120861 ], [ 98.230722, 10.129667 ] ], [ [ 93.620389, 19.452472 ], [ 93.616667, 19.457889 ], [ 93.607056, 19.4575 ], [ 93.607056, 19.456667 ], [ 93.613333, 19.457028 ], [ 93.620389, 19.452472 ] ], [ [ 98.024472, 10.049222 ], [ 98.021556, 10.052139 ], [ 98.01775, 10.05 ], [ 98.017833, 10.04675 ], [ 98.023222, 10.046306 ], [ 98.024472, 10.049222 ] ], [ [ 98.750361, 11.988306 ], [ 98.747444, 11.993778 ], [ 98.743722, 11.994167 ], [ 98.743722, 11.991639 ], [ 98.745861, 11.987917 ], [ 98.750361, 11.988306 ] ], [ [ 93.403722, 20.086639 ], [ 93.398722, 20.080806 ], [ 93.402917, 20.081667 ], [ 93.403722, 20.086639 ] ], [ [ 98.207306, 10.795056 ], [ 98.205167, 10.798778 ], [ 98.200583, 10.795889 ], [ 98.200583, 10.794222 ], [ 98.206028, 10.792111 ], [ 98.207306, 10.795056 ] ], [ [ 98.65625, 11.011667 ], [ 98.649556, 11.011667 ], [ 98.649583, 11.007472 ], [ 98.652472, 11.006222 ], [ 98.65625, 11.011667 ] ], [ [ 98.685389, 8.12 ], [ 98.682472, 8.12125 ], [ 98.678778, 8.118306 ], [ 98.678722, 8.115778 ], [ 98.683361, 8.115389 ], [ 98.685389, 8.12 ] ], [ [ 98.218333, 11.785389 ], [ 98.213722, 11.780833 ], [ 98.213722, 11.778306 ], [ 98.218722, 11.778333 ], [ 98.218333, 11.785389 ] ], [ [ 98.276667, 11.210389 ], [ 98.268778, 11.210833 ], [ 98.268778, 11.208306 ], [ 98.277889, 11.207472 ], [ 98.276667, 11.210389 ] ], [ [ 98.424111, 12.397861 ], [ 98.421306, 12.393333 ], [ 98.421306, 12.390806 ], [ 98.428722, 12.398333 ], [ 98.424111, 12.397861 ] ], [ [ 93.664556, 19.379167 ], [ 93.652056, 19.381667 ], [ 93.652056, 19.380806 ], [ 93.656639, 19.377861 ], [ 93.664556, 19.379167 ] ], [ [ 97.705861, 15.685389 ], [ 97.70125, 15.681694 ], [ 97.70125, 15.680833 ], [ 97.70875, 15.68 ], [ 97.705861, 15.685389 ] ], [ [ 95.072444, 16.013722 ], [ 95.069583, 16.006639 ], [ 95.069583, 16.005833 ], [ 95.075389, 16.005833 ], [ 95.072444, 16.013722 ] ], [ [ 97.935417, 11.517472 ], [ 97.93125, 11.516667 ], [ 97.93125, 11.510861 ], [ 97.934611, 11.510806 ], [ 97.935417, 11.517472 ] ], [ [ 90.555417, 21.985806 ], [ 90.551694, 21.98875 ], [ 90.547861, 21.985028 ], [ 90.547889, 21.983306 ], [ 90.550806, 21.982083 ], [ 90.555417, 21.985806 ] ], [ [ 98.321194, 12.684139 ], [ 98.315417, 12.684139 ], [ 98.315417, 12.683333 ], [ 98.320806, 12.677889 ], [ 98.321194, 12.684139 ] ], [ [ 97.973694, 12.216667 ], [ 97.97375, 12.220806 ], [ 97.964139, 12.212056 ], [ 97.962861, 12.210833 ], [ 97.967472, 12.210389 ], [ 97.973694, 12.216667 ] ], [ [ 98.237056, 12.010806 ], [ 98.230417, 12.014167 ], [ 98.230417, 12.011639 ], [ 98.237083, 12.007472 ], [ 98.237056, 12.010806 ] ], [ [ 98.430472, 9.711639 ], [ 98.429972, 9.715389 ], [ 98.422944, 9.715833 ], [ 98.422944, 9.714111 ], [ 98.4275, 9.710389 ], [ 98.430472, 9.711639 ] ], [ [ 95.173361, 15.677889 ], [ 95.170417, 15.674139 ], [ 95.170389, 15.671667 ], [ 95.17625, 15.670806 ], [ 95.173361, 15.677889 ] ], [ [ 97.975417, 10.218333 ], [ 97.967917, 10.216639 ], [ 97.967917, 10.215833 ], [ 97.971639, 10.212917 ], [ 97.975417, 10.218333 ] ], [ [ 94.299556, 16.6125 ], [ 94.297528, 16.61625 ], [ 94.29125, 16.617472 ], [ 94.29125, 16.616611 ], [ 94.294139, 16.611278 ], [ 94.299556, 16.6125 ] ], [ [ 98.598639, 10.0225 ], [ 98.596472, 10.023778 ], [ 98.592778, 10.019972 ], [ 98.592778, 10.018306 ], [ 98.596556, 10.01625 ], [ 98.598639, 10.0225 ] ], [ [ 91.861278, 21.541667 ], [ 91.859944, 21.543722 ], [ 91.85125, 21.542472 ], [ 91.85125, 21.541667 ], [ 91.854972, 21.537917 ], [ 91.861278, 21.541667 ] ], [ [ 97.844583, 12.4975 ], [ 97.837917, 12.495861 ], [ 97.837917, 12.495 ], [ 97.8425, 12.492083 ], [ 97.844583, 12.4975 ] ], [ [ 98.6125, 12.959556 ], [ 98.609556, 12.959139 ], [ 98.609556, 12.955806 ], [ 98.617056, 12.954167 ], [ 98.6125, 12.959556 ] ], [ [ 94.825417, 15.743306 ], [ 94.817861, 15.739167 ], [ 94.817889, 15.7375 ], [ 94.820806, 15.736278 ], [ 94.825417, 15.743306 ] ], [ [ 97.989583, 11.974139 ], [ 97.988306, 11.977056 ], [ 97.982056, 11.975833 ], [ 97.982083, 11.974972 ], [ 97.985806, 11.970389 ], [ 97.989583, 11.974139 ] ], [ [ 98.50625, 8.225833 ], [ 98.502111, 8.224167 ], [ 98.502111, 8.219167 ], [ 98.50625, 8.219972 ], [ 98.50625, 8.225833 ] ], [ [ 98.057028, 12.286667 ], [ 98.0525, 12.288778 ], [ 98.050389, 12.285833 ], [ 98.050389, 12.283306 ], [ 98.055806, 12.283722 ], [ 98.057028, 12.286667 ] ], [ [ 98.036222, 11.674111 ], [ 98.030389, 11.675833 ], [ 98.029611, 11.674972 ], [ 98.034611, 11.669972 ], [ 98.036222, 11.674111 ] ], [ [ 97.9875, 12.032083 ], [ 97.983333, 12.030389 ], [ 97.984139, 12.033722 ], [ 97.982056, 12.03 ], [ 97.980389, 12.028306 ], [ 97.989583, 12.029167 ], [ 97.9875, 12.032083 ] ], [ [ 98.459139, 11.90125 ], [ 98.45625, 11.900833 ], [ 98.454556, 11.892444 ], [ 98.453722, 11.891639 ], [ 98.45875, 11.894139 ], [ 98.459139, 11.90125 ] ], [ [ 98.169972, 11.984556 ], [ 98.175389, 11.986639 ], [ 98.169139, 11.987889 ], [ 98.167056, 11.984944 ], [ 98.167056, 11.981667 ], [ 98.169167, 11.980417 ], [ 98.169972, 11.984556 ] ], [ [ 98.026417, 10.078806 ], [ 98.023472, 10.076722 ], [ 98.023472, 10.07175 ], [ 98.02775, 10.072556 ], [ 98.026417, 10.078806 ] ], [ [ 97.912472, 11.517917 ], [ 97.907083, 11.516611 ], [ 97.907083, 11.514139 ], [ 97.913722, 11.513306 ], [ 97.912472, 11.517917 ] ], [ [ 97.790833, 14.323722 ], [ 97.787028, 14.315833 ], [ 97.787056, 14.314972 ], [ 97.792917, 14.317472 ], [ 97.790833, 14.323722 ] ], [ [ 98.567639, 10.991667 ], [ 98.560861, 10.9925 ], [ 98.560944, 10.988306 ], [ 98.566333, 10.988722 ], [ 98.567639, 10.991667 ] ], [ [ 93.504556, 19.665778 ], [ 93.495417, 19.67 ], [ 93.495417, 19.669139 ], [ 93.497472, 19.665417 ], [ 93.504556, 19.665778 ] ], [ [ 98.611194, 11.009139 ], [ 98.604583, 11.012472 ], [ 98.604583, 11.009139 ], [ 98.608306, 11.005417 ], [ 98.611194, 11.009139 ] ], [ [ 98.633167, 10.118333 ], [ 98.63325, 10.116694 ], [ 98.639944, 10.121694 ], [ 98.633167, 10.118333 ] ], [ [ 98.447917, 8.315028 ], [ 98.447917, 8.314167 ], [ 98.45875, 8.315778 ], [ 98.447917, 8.315028 ] ], [ [ 98.25575, 10.643806 ], [ 98.249444, 10.642528 ], [ 98.249444, 10.640861 ], [ 98.257861, 10.641694 ], [ 98.25575, 10.643806 ] ], [ [ 97.660861, 15.489556 ], [ 97.654611, 15.489139 ], [ 97.654611, 15.487528 ], [ 97.662111, 15.486639 ], [ 97.660861, 15.489556 ] ], [ [ 98.642528, 10.106639 ], [ 98.637889, 10.107028 ], [ 98.635806, 10.104167 ], [ 98.635861, 10.1025 ], [ 98.642111, 10.102917 ], [ 98.642528, 10.106639 ] ], [ [ 94.514583, 17.159972 ], [ 94.5125, 17.16625 ], [ 94.509528, 17.162472 ], [ 94.509583, 17.160806 ], [ 94.510806, 17.158722 ], [ 94.514583, 17.159972 ] ], [ [ 98.481639, 12.252083 ], [ 98.479556, 12.245 ], [ 98.479556, 12.242472 ], [ 98.483806, 12.246667 ], [ 98.481639, 12.252083 ] ], [ [ 97.799167, 12.437056 ], [ 97.792917, 12.4375 ], [ 97.792917, 12.436639 ], [ 97.802111, 12.432472 ], [ 97.799167, 12.437056 ] ], [ [ 97.602056, 16.337472 ], [ 97.59875, 16.3375 ], [ 97.598778, 16.3325 ], [ 97.601694, 16.328722 ], [ 97.602056, 16.337472 ] ], [ [ 92.74375, 20.208306 ], [ 92.742528, 20.214611 ], [ 92.737917, 20.207472 ], [ 92.737917, 20.206667 ], [ 92.740833, 20.205361 ], [ 92.74375, 20.208306 ] ], [ [ 92.993722, 20.133306 ], [ 92.984583, 20.139972 ], [ 92.984583, 20.139167 ], [ 92.989139, 20.133722 ], [ 92.993722, 20.133306 ] ], [ [ 93.409583, 20.095806 ], [ 93.407528, 20.09875 ], [ 93.402889, 20.098306 ], [ 93.402889, 20.0975 ], [ 93.405833, 20.092889 ], [ 93.409583, 20.095806 ] ], [ [ 93.435028, 19.761222 ], [ 93.43375, 19.759972 ], [ 93.441694, 19.752083 ], [ 93.435028, 19.761222 ] ], [ [ 98.483722, 8.305833 ], [ 98.48125, 8.304139 ], [ 98.48125, 8.301611 ], [ 98.484139, 8.29375 ], [ 98.483722, 8.305833 ] ], [ [ 98.02625, 12.164139 ], [ 98.023306, 12.165389 ], [ 98.019583, 12.161639 ], [ 98.019611, 12.159972 ], [ 98.024139, 12.160389 ], [ 98.02625, 12.164139 ] ], [ [ 98.566222, 9.99 ], [ 98.563722, 9.989972 ], [ 98.563722, 9.981667 ], [ 98.567889, 9.984194 ], [ 98.566222, 9.99 ] ], [ [ 98.349667, 9.133333 ], [ 98.3445, 9.131611 ], [ 98.344556, 9.128389 ], [ 98.349556, 9.129139 ], [ 98.349667, 9.133333 ] ], [ [ 98.084639, 12.299139 ], [ 98.078333, 12.302861 ], [ 98.07625, 12.300778 ], [ 98.080806, 12.297889 ], [ 98.084639, 12.299139 ] ], [ [ 98.521611, 9.582111 ], [ 98.516611, 9.582944 ], [ 98.515472, 9.581583 ], [ 98.52375, 9.578361 ], [ 98.521611, 9.582111 ] ], [ [ 98.154528, 12.193333 ], [ 98.149972, 12.195389 ], [ 98.14875, 12.194167 ], [ 98.154972, 12.187861 ], [ 98.154528, 12.193333 ] ], [ [ 98.52125, 7.956667 ], [ 98.516222, 7.953333 ], [ 98.516222, 7.95 ], [ 98.519556, 7.950861 ], [ 98.52125, 7.956667 ] ], [ [ 98.207056, 9.829972 ], [ 98.201639, 9.830472 ], [ 98.200389, 9.828222 ], [ 98.200389, 9.826722 ], [ 98.206667, 9.826222 ], [ 98.207056, 9.829972 ] ], [ [ 98.598111, 10.821639 ], [ 98.594333, 10.823722 ], [ 98.59225, 10.819167 ], [ 98.592333, 10.8175 ], [ 98.595222, 10.817056 ], [ 98.598111, 10.821639 ] ], [ [ 97.534167, 16.528722 ], [ 97.532972, 16.527472 ], [ 97.542944, 16.527472 ], [ 97.534167, 16.528722 ] ], [ [ 97.944194, 12.052056 ], [ 97.941222, 12.047472 ], [ 97.941222, 12.044139 ], [ 97.945444, 12.045806 ], [ 97.944194, 12.052056 ] ], [ [ 98.339556, 12.290806 ], [ 98.335417, 12.291667 ], [ 98.335361, 12.289139 ], [ 98.341222, 12.284972 ], [ 98.339556, 12.290806 ] ], [ [ 98.265361, 11.395833 ], [ 98.264139, 11.39875 ], [ 98.259556, 11.399167 ], [ 98.259556, 11.395833 ], [ 98.260833, 11.39375 ], [ 98.265361, 11.395833 ] ], [ [ 97.510806, 11.64375 ], [ 97.504556, 11.637444 ], [ 97.504583, 11.635806 ], [ 97.512917, 11.6425 ], [ 97.510806, 11.64375 ] ], [ [ 98.417111, 8.154972 ], [ 98.414194, 8.157083 ], [ 98.412917, 8.155806 ], [ 98.416667, 8.14875 ], [ 98.417111, 8.154972 ] ], [ [ 97.784583, 15.062472 ], [ 97.784139, 15.067944 ], [ 97.779611, 15.065833 ], [ 97.779583, 15.064167 ], [ 97.781639, 15.06125 ], [ 97.784583, 15.062472 ] ], [ [ 98.701222, 8.296667 ], [ 98.6975, 8.297083 ], [ 98.694556, 8.293278 ], [ 98.69375, 8.292472 ], [ 98.698361, 8.292083 ], [ 98.701222, 8.296667 ] ], [ [ 91.931222, 21.505833 ], [ 91.92375, 21.501639 ], [ 91.92375, 21.500833 ], [ 91.929194, 21.500361 ], [ 91.931222, 21.505833 ] ], [ [ 98.564556, 10.949972 ], [ 98.56325, 10.95375 ], [ 98.559917, 10.954556 ], [ 98.559472, 10.951667 ], [ 98.558694, 10.950806 ], [ 98.559917, 10.94875 ], [ 98.564556, 10.949972 ] ], [ [ 97.640417, 16.521639 ], [ 97.637444, 16.522889 ], [ 97.632944, 16.52 ], [ 97.632917, 16.518333 ], [ 97.635806, 16.517083 ], [ 97.640417, 16.521639 ] ], [ [ 97.977528, 10.544556 ], [ 97.972056, 10.544944 ], [ 97.972056, 10.542472 ], [ 97.97875, 10.540833 ], [ 97.977528, 10.544556 ] ], [ [ 98.21125, 12.455833 ], [ 98.207111, 12.455833 ], [ 98.207111, 12.454972 ], [ 98.211667, 12.448722 ], [ 98.21125, 12.455833 ] ], [ [ 98.165, 12.242111 ], [ 98.160444, 12.236639 ], [ 98.160361, 12.234972 ], [ 98.167056, 12.240778 ], [ 98.165, 12.242111 ] ], [ [ 96.806222, 16.913306 ], [ 96.802028, 16.914972 ], [ 96.802056, 16.913333 ], [ 96.807889, 16.908278 ], [ 96.806222, 16.913306 ] ], [ [ 97.818333, 14.288722 ], [ 97.815389, 14.285833 ], [ 97.815417, 14.284972 ], [ 97.82125, 14.282472 ], [ 97.818333, 14.288722 ] ], [ [ 97.590861, 16.341222 ], [ 97.584556, 16.335 ], [ 97.584556, 16.333333 ], [ 97.59125, 16.337444 ], [ 97.590861, 16.341222 ] ], [ [ 98.496222, 8.267472 ], [ 98.490389, 8.266667 ], [ 98.490389, 8.264139 ], [ 98.495806, 8.263722 ], [ 98.496222, 8.267472 ] ], [ [ 98.640417, 11.039972 ], [ 98.632944, 11.038361 ], [ 98.632944, 11.036639 ], [ 98.634944, 11.035417 ], [ 98.640417, 11.039972 ] ], [ [ 93.615, 14.797944 ], [ 93.612111, 14.795028 ], [ 93.612111, 14.793361 ], [ 93.617056, 14.792528 ], [ 93.615, 14.797944 ] ], [ [ 98.295972, 10.410444 ], [ 98.292278, 10.405917 ], [ 98.292278, 10.40425 ], [ 98.298917, 10.407528 ], [ 98.295972, 10.410444 ] ], [ [ 98.019528, 12.080806 ], [ 98.013722, 12.079167 ], [ 98.013722, 12.076639 ], [ 98.018333, 12.077056 ], [ 98.019528, 12.080806 ] ], [ [ 98.735417, 11.660806 ], [ 98.731639, 11.662056 ], [ 98.729583, 11.659194 ], [ 98.729583, 11.658333 ], [ 98.733306, 11.655389 ], [ 98.735417, 11.660806 ] ], [ [ 98.220417, 11.889139 ], [ 98.218333, 11.896194 ], [ 98.21625, 11.893333 ], [ 98.21625, 11.891667 ], [ 98.2175, 11.88875 ], [ 98.220417, 11.889139 ] ], [ [ 98.713306, 8.107028 ], [ 98.708722, 8.105833 ], [ 98.708722, 8.103361 ], [ 98.714611, 8.103361 ], [ 98.713306, 8.107028 ] ], [ [ 98.504583, 8.303306 ], [ 98.498722, 8.301639 ], [ 98.498722, 8.300833 ], [ 98.502472, 8.297917 ], [ 98.504583, 8.303306 ] ], [ [ 94.42375, 16.918306 ], [ 94.422528, 16.922917 ], [ 94.418722, 16.920806 ], [ 94.418722, 16.919139 ], [ 94.419944, 16.915417 ], [ 94.42375, 16.918306 ] ], [ [ 98.470417, 8.287472 ], [ 98.466222, 8.288333 ], [ 98.466222, 8.283333 ], [ 98.469167, 8.282083 ], [ 98.470417, 8.287472 ] ], [ [ 93.635, 14.859583 ], [ 93.631222, 14.857528 ], [ 93.631222, 14.855889 ], [ 93.637056, 14.855056 ], [ 93.635, 14.859583 ] ], [ [ 97.79375, 14.328333 ], [ 97.790833, 14.332889 ], [ 97.787944, 14.329944 ], [ 97.787944, 14.329167 ], [ 97.79, 14.325444 ], [ 97.79375, 14.328333 ] ], [ [ 98.39625, 12.328333 ], [ 98.388694, 12.3275 ], [ 98.388722, 12.324972 ], [ 98.395, 12.325389 ], [ 98.39625, 12.328333 ] ], [ [ 97.88125, 12.500806 ], [ 97.880833, 12.503722 ], [ 97.874583, 12.5025 ], [ 97.874583, 12.501639 ], [ 97.879972, 12.498722 ], [ 97.88125, 12.500806 ] ], [ [ 97.985444, 9.600806 ], [ 97.983306, 9.602083 ], [ 97.977917, 9.598333 ], [ 97.977917, 9.597472 ], [ 97.981639, 9.597083 ], [ 97.985444, 9.600806 ] ], [ [ 98.168694, 12.294139 ], [ 98.165833, 12.299528 ], [ 98.163722, 12.298306 ], [ 98.163722, 12.294972 ], [ 98.166667, 12.292056 ], [ 98.168694, 12.294139 ] ], [ [ 97.993306, 12.477861 ], [ 97.989583, 12.471667 ], [ 97.989528, 12.470806 ], [ 97.995417, 12.473278 ], [ 97.993306, 12.477861 ] ], [ [ 97.910444, 9.5025 ], [ 97.90625, 9.503306 ], [ 97.90625, 9.500833 ], [ 97.91125, 9.4975 ], [ 97.910444, 9.5025 ] ], [ [ 94.188333, 18.755417 ], [ 94.185417, 18.754111 ], [ 94.185417, 18.7525 ], [ 94.192889, 18.751667 ], [ 94.188333, 18.755417 ] ], [ [ 98.101278, 12.514111 ], [ 98.101222, 12.508333 ], [ 98.10625, 12.510806 ], [ 98.101278, 12.514111 ] ], [ [ 98.677472, 11.079583 ], [ 98.670417, 11.078306 ], [ 98.670417, 11.0775 ], [ 98.678722, 11.076639 ], [ 98.677472, 11.079583 ] ], [ [ 93.49125, 19.538306 ], [ 93.488306, 19.540389 ], [ 93.483778, 19.536611 ], [ 93.483778, 19.535806 ], [ 93.488333, 19.535389 ], [ 93.49125, 19.538306 ] ], [ [ 93.751194, 19.270028 ], [ 93.747944, 19.269167 ], [ 93.747917, 19.2675 ], [ 93.753333, 19.262889 ], [ 93.751194, 19.270028 ] ], [ [ 98.6275, 8.039583 ], [ 98.624583, 8.039167 ], [ 98.624583, 8.036639 ], [ 98.629583, 8.034194 ], [ 98.6275, 8.039583 ] ], [ [ 98.025806, 11.34875 ], [ 98.022083, 11.347472 ], [ 98.022083, 11.345 ], [ 98.027917, 11.343306 ], [ 98.025806, 11.34875 ] ], [ [ 93.25625, 19.8275 ], [ 93.252083, 19.829167 ], [ 93.252083, 19.828306 ], [ 93.259167, 19.820389 ], [ 93.25625, 19.8275 ] ], [ [ 98.294972, 11.955444 ], [ 98.28875, 11.954167 ], [ 98.28875, 11.953361 ], [ 98.295389, 11.951639 ], [ 98.294972, 11.955444 ] ], [ [ 93.641222, 19.378333 ], [ 93.638333, 19.379583 ], [ 93.63625, 19.375806 ], [ 93.63625, 19.375 ], [ 93.639139, 19.372889 ], [ 93.641222, 19.378333 ] ], [ [ 98.06375, 12.302472 ], [ 98.063778, 12.296611 ], [ 98.068722, 12.300833 ], [ 98.06375, 12.302472 ] ], [ [ 93.30625, 20.1825 ], [ 93.30625, 20.1875 ], [ 93.302056, 20.186639 ], [ 93.302056, 20.184167 ], [ 93.303333, 20.18125 ], [ 93.30625, 20.1825 ] ], [ [ 97.982944, 12.120833 ], [ 97.979556, 12.119944 ], [ 97.979556, 12.119139 ], [ 97.9825, 12.11375 ], [ 97.982944, 12.120833 ] ], [ [ 93.642861, 14.864167 ], [ 93.640861, 14.865444 ], [ 93.637083, 14.860861 ], [ 93.637083, 14.860056 ], [ 93.640056, 14.858778 ], [ 93.642861, 14.864167 ] ], [ [ 94.4575, 16.064583 ], [ 94.454556, 16.061694 ], [ 94.462889, 16.063361 ], [ 94.4575, 16.064583 ] ], [ [ 98.43125, 12.204139 ], [ 98.4275, 12.207056 ], [ 98.425417, 12.205 ], [ 98.425417, 12.201667 ], [ 98.429167, 12.201278 ], [ 98.43125, 12.204139 ] ], [ [ 98.28625, 11.213333 ], [ 98.282528, 11.215389 ], [ 98.27875, 11.212472 ], [ 98.27875, 11.211667 ], [ 98.281667, 11.210389 ], [ 98.28625, 11.213333 ] ], [ [ 98.070583, 10.356306 ], [ 98.067694, 10.351694 ], [ 98.06775, 10.350028 ], [ 98.071889, 10.34925 ], [ 98.070583, 10.356306 ] ], [ [ 98.263639, 10.902528 ], [ 98.261472, 10.903778 ], [ 98.259389, 10.900833 ], [ 98.259389, 10.89925 ], [ 98.262417, 10.896306 ], [ 98.263639, 10.902528 ] ], [ [ 98.669056, 10.937917 ], [ 98.664056, 10.937917 ], [ 98.662833, 10.936639 ], [ 98.671194, 10.935 ], [ 98.669056, 10.937917 ] ], [ [ 93.455417, 19.941639 ], [ 93.450389, 19.947444 ], [ 93.450444, 19.943333 ], [ 93.452528, 19.940389 ], [ 93.455417, 19.941639 ] ], [ [ 91.915417, 21.484167 ], [ 91.9125, 21.485389 ], [ 91.909583, 21.4825 ], [ 91.909556, 21.48 ], [ 91.913333, 21.480417 ], [ 91.915417, 21.484167 ] ], [ [ 94.519583, 17.570833 ], [ 94.518306, 17.574583 ], [ 94.515417, 17.573278 ], [ 94.515389, 17.569167 ], [ 94.517528, 17.567889 ], [ 94.519583, 17.570833 ] ], [ [ 98.056667, 12.144611 ], [ 98.052944, 12.14 ], [ 98.052889, 12.138333 ], [ 98.057889, 12.139944 ], [ 98.056667, 12.144611 ] ], [ [ 98.498694, 8.309111 ], [ 98.498361, 8.31125 ], [ 98.492083, 8.311639 ], [ 98.492083, 8.309972 ], [ 98.494139, 8.307889 ], [ 98.498694, 8.309111 ] ], [ [ 93.067889, 20.496694 ], [ 93.067889, 20.493306 ], [ 93.07375, 20.499139 ], [ 93.067889, 20.496694 ] ], [ [ 90.428722, 22.183333 ], [ 90.422528, 22.18375 ], [ 90.420389, 22.181667 ], [ 90.425, 22.180417 ], [ 90.428722, 22.183333 ] ], [ [ 93.64875, 19.5975 ], [ 93.645861, 19.60125 ], [ 93.642889, 19.6 ], [ 93.642944, 19.598333 ], [ 93.645, 19.596194 ], [ 93.64875, 19.5975 ] ], [ [ 94.504583, 17.316639 ], [ 94.500417, 17.318278 ], [ 94.500417, 17.312472 ], [ 94.504556, 17.313306 ], [ 94.504583, 17.316639 ] ], [ [ 98.276194, 11.932472 ], [ 98.27375, 11.932472 ], [ 98.273722, 11.928333 ], [ 98.277917, 11.925833 ], [ 98.276194, 11.932472 ] ], [ [ 97.63625, 16.285 ], [ 97.632861, 16.284167 ], [ 97.632917, 16.282444 ], [ 97.635806, 16.277944 ], [ 97.63625, 16.285 ] ], [ [ 97.617472, 16.620444 ], [ 97.614583, 16.615833 ], [ 97.614611, 16.613306 ], [ 97.619556, 16.619139 ], [ 97.617472, 16.620444 ] ], [ [ 98.300694, 10.757556 ], [ 98.296917, 10.760472 ], [ 98.294806, 10.758389 ], [ 98.294806, 10.757528 ], [ 98.297778, 10.753806 ], [ 98.300694, 10.757556 ] ], [ [ 98.578806, 9.831722 ], [ 98.572917, 9.825 ], [ 98.572917, 9.824139 ], [ 98.577944, 9.827472 ], [ 98.578806, 9.831722 ] ], [ [ 97.990417, 10.838333 ], [ 97.990417, 10.837472 ], [ 97.994972, 10.847861 ], [ 97.990417, 10.838333 ] ], [ [ 98.46625, 12.104972 ], [ 98.463306, 12.10625 ], [ 98.462028, 12.104972 ], [ 98.466667, 12.100389 ], [ 98.46625, 12.104972 ] ], [ [ 98.156222, 12.233306 ], [ 98.153333, 12.234556 ], [ 98.150389, 12.23 ], [ 98.150389, 12.229139 ], [ 98.154944, 12.228694 ], [ 98.156222, 12.233306 ] ], [ [ 98.318333, 11.517083 ], [ 98.314556, 11.516667 ], [ 98.314556, 11.514139 ], [ 98.319583, 11.512472 ], [ 98.318333, 11.517083 ] ], [ [ 97.977917, 10.225806 ], [ 97.97375, 10.224139 ], [ 97.973694, 10.221667 ], [ 97.976694, 10.220417 ], [ 97.977917, 10.225806 ] ], [ [ 98.286306, 9.174972 ], [ 98.278778, 9.171639 ], [ 98.277917, 9.170833 ], [ 98.283306, 9.171222 ], [ 98.286306, 9.174972 ] ], [ [ 93.403333, 19.807083 ], [ 93.400389, 19.802444 ], [ 93.400389, 19.800833 ], [ 93.404611, 19.800833 ], [ 93.403333, 19.807083 ] ], [ [ 98.058306, 12.300389 ], [ 98.055417, 12.298306 ], [ 98.055417, 12.294167 ], [ 98.059583, 12.295 ], [ 98.058306, 12.300389 ] ], [ [ 93.657083, 19.605 ], [ 93.654167, 19.60625 ], [ 93.652028, 19.603333 ], [ 93.652111, 19.601667 ], [ 93.655, 19.600417 ], [ 93.657083, 19.605 ] ], [ [ 94.038694, 19.294167 ], [ 94.036694, 19.297028 ], [ 94.034556, 19.295833 ], [ 94.034556, 19.294972 ], [ 94.037528, 19.289556 ], [ 94.038694, 19.294167 ] ], [ [ 98.074972, 12.313694 ], [ 98.072917, 12.310833 ], [ 98.072917, 12.310028 ], [ 98.078722, 12.309167 ], [ 98.074972, 12.313694 ] ], [ [ 98.517056, 8.204139 ], [ 98.514972, 8.205389 ], [ 98.512028, 8.202472 ], [ 98.512056, 8.2 ], [ 98.514972, 8.199556 ], [ 98.517056, 8.204139 ] ], [ [ 98.240583, 10.480889 ], [ 98.234639, 10.479222 ], [ 98.234639, 10.478361 ], [ 98.238472, 10.476306 ], [ 98.240583, 10.480889 ] ], [ [ 98.220333, 10.975861 ], [ 98.217389, 10.976306 ], [ 98.215333, 10.972528 ], [ 98.214528, 10.971722 ], [ 98.21825, 10.971306 ], [ 98.220333, 10.975861 ] ], [ [ 98.286639, 11.95875 ], [ 98.282083, 11.958333 ], [ 98.282056, 11.955806 ], [ 98.287111, 11.954972 ], [ 98.286639, 11.95875 ] ], [ [ 97.771639, 12.25375 ], [ 97.766667, 12.253722 ], [ 97.764583, 12.251639 ], [ 97.772139, 12.250806 ], [ 97.771639, 12.25375 ] ], [ [ 98.747111, 11.512472 ], [ 98.743306, 11.514528 ], [ 98.74125, 11.511611 ], [ 98.74125, 11.510806 ], [ 98.745806, 11.509556 ], [ 98.747111, 11.512472 ] ], [ [ 97.994167, 9.755417 ], [ 97.989611, 9.754944 ], [ 97.989611, 9.753361 ], [ 97.995417, 9.751639 ], [ 97.994167, 9.755417 ] ], [ [ 97.522944, 11.665806 ], [ 97.520833, 11.667056 ], [ 97.517889, 11.664167 ], [ 97.517889, 11.661639 ], [ 97.520806, 11.661194 ], [ 97.522944, 11.665806 ] ], [ [ 98.195444, 12.455806 ], [ 98.194194, 12.46125 ], [ 98.191194, 12.459972 ], [ 98.191194, 12.4575 ], [ 98.192444, 12.454583 ], [ 98.195444, 12.455806 ] ], [ [ 93.081278, 20.494139 ], [ 93.077028, 20.491694 ], [ 93.077028, 20.488306 ], [ 93.080389, 20.489167 ], [ 93.081278, 20.494139 ] ], [ [ 98.1875, 11.85875 ], [ 98.185417, 11.855806 ], [ 98.185417, 11.853333 ], [ 98.191222, 11.856611 ], [ 98.1875, 11.85875 ] ], [ [ 96.904611, 17.367472 ], [ 96.904611, 17.360806 ], [ 96.907917, 17.3675 ], [ 96.904611, 17.367472 ] ], [ [ 98.150889, 12.397083 ], [ 98.145417, 12.397472 ], [ 98.144556, 12.396611 ], [ 98.151222, 12.393306 ], [ 98.150889, 12.397083 ] ], [ [ 93.746222, 18.792472 ], [ 93.74375, 18.7925 ], [ 93.743722, 18.786639 ], [ 93.747028, 18.785833 ], [ 93.746222, 18.792472 ] ], [ [ 97.788722, 14.932444 ], [ 97.782083, 14.927472 ], [ 97.782083, 14.926639 ], [ 97.785, 14.92625 ], [ 97.788722, 14.932444 ] ], [ [ 98.225361, 12.346667 ], [ 98.218694, 12.345 ], [ 98.218722, 12.344139 ], [ 98.2225, 12.342861 ], [ 98.225361, 12.346667 ] ], [ [ 98.228556, 10.390889 ], [ 98.228583, 10.394222 ], [ 98.224361, 10.395056 ], [ 98.224361, 10.392556 ], [ 98.226444, 10.389611 ], [ 98.228556, 10.390889 ] ], [ [ 97.795389, 14.349111 ], [ 97.791222, 14.347472 ], [ 97.79125, 14.344944 ], [ 97.795389, 14.344972 ], [ 97.795389, 14.349111 ] ], [ [ 98.677028, 8.124167 ], [ 98.673306, 8.124583 ], [ 98.671222, 8.121639 ], [ 98.671222, 8.120778 ], [ 98.675833, 8.120389 ], [ 98.677028, 8.124167 ] ], [ [ 98.251556, 10.220028 ], [ 98.247417, 10.218361 ], [ 98.247417, 10.216694 ], [ 98.250361, 10.213778 ], [ 98.251556, 10.220028 ] ], [ [ 93.464139, 19.745417 ], [ 93.461222, 19.744972 ], [ 93.461222, 19.743306 ], [ 93.467111, 19.739111 ], [ 93.464139, 19.745417 ] ], [ [ 97.579139, 16.530361 ], [ 97.574583, 16.529139 ], [ 97.574583, 16.528333 ], [ 97.582917, 16.527472 ], [ 97.579139, 16.530361 ] ], [ [ 98.331278, 8.194972 ], [ 98.327861, 8.194167 ], [ 98.327861, 8.189111 ], [ 98.330417, 8.189111 ], [ 98.331278, 8.194972 ] ], [ [ 98.304167, 11.850389 ], [ 98.299556, 11.850028 ], [ 98.298778, 11.849167 ], [ 98.305417, 11.846639 ], [ 98.304167, 11.850389 ] ], [ [ 97.977917, 12.122472 ], [ 97.975, 12.124583 ], [ 97.972083, 12.121639 ], [ 97.972083, 12.120778 ], [ 97.974944, 12.119583 ], [ 97.977917, 12.122472 ] ], [ [ 98.528722, 11.478333 ], [ 98.525389, 11.478306 ], [ 98.525417, 11.473333 ], [ 98.527917, 11.472528 ], [ 98.528722, 11.478333 ] ], [ [ 98.578722, 11.089972 ], [ 98.576222, 11.089972 ], [ 98.576222, 11.0875 ], [ 98.580417, 11.084167 ], [ 98.578722, 11.089972 ] ], [ [ 98.375417, 12.32 ], [ 98.372472, 12.322083 ], [ 98.369556, 12.318333 ], [ 98.369556, 12.317472 ], [ 98.374139, 12.317083 ], [ 98.375417, 12.32 ] ], [ [ 98.21875, 12.451611 ], [ 98.215, 12.454528 ], [ 98.213778, 12.453333 ], [ 98.217472, 12.447083 ], [ 98.21875, 12.451611 ] ], [ [ 93.409972, 20.107917 ], [ 93.407083, 20.106667 ], [ 93.407083, 20.102472 ], [ 93.41125, 20.104139 ], [ 93.409972, 20.107917 ] ], [ [ 98.164556, 12.258306 ], [ 98.159583, 12.257472 ], [ 98.159556, 12.255806 ], [ 98.163278, 12.253694 ], [ 98.164556, 12.258306 ] ], [ [ 98.479139, 10.195028 ], [ 98.474917, 10.193361 ], [ 98.474111, 10.192556 ], [ 98.477028, 10.190444 ], [ 98.479139, 10.195028 ] ], [ [ 98.695417, 8.104944 ], [ 98.693306, 8.107889 ], [ 98.690417, 8.106667 ], [ 98.690417, 8.104139 ], [ 98.694194, 8.102889 ], [ 98.695417, 8.104944 ] ], [ [ 98.683361, 10.142528 ], [ 98.676722, 10.140861 ], [ 98.676722, 10.14 ], [ 98.681306, 10.139583 ], [ 98.683361, 10.142528 ] ], [ [ 98.072694, 10.785444 ], [ 98.068083, 10.784222 ], [ 98.068083, 10.783361 ], [ 98.073139, 10.780889 ], [ 98.072694, 10.785444 ] ], [ [ 98.659583, 11.139167 ], [ 98.659167, 11.142889 ], [ 98.654528, 11.1425 ], [ 98.654528, 11.140833 ], [ 98.6575, 11.137917 ], [ 98.659583, 11.139167 ] ], [ [ 93.405417, 20.109139 ], [ 93.400444, 20.107472 ], [ 93.400444, 20.106667 ], [ 93.404139, 20.10375 ], [ 93.405417, 20.109139 ] ], [ [ 98.654528, 12.159139 ], [ 98.649583, 12.16 ], [ 98.649583, 12.156667 ], [ 98.653333, 12.155417 ], [ 98.654528, 12.159139 ] ], [ [ 98.61375, 12.960806 ], [ 98.61375, 12.959167 ], [ 98.620389, 12.9575 ], [ 98.61375, 12.960806 ] ], [ [ 98.386667, 12.35375 ], [ 98.382861, 12.349139 ], [ 98.382056, 12.348333 ], [ 98.386194, 12.348333 ], [ 98.386667, 12.35375 ] ], [ [ 93.466278, 19.754944 ], [ 93.466278, 19.752472 ], [ 93.472083, 19.748333 ], [ 93.466278, 19.754944 ] ], [ [ 98.387056, 12.2575 ], [ 98.387083, 12.251639 ], [ 98.390389, 12.255 ], [ 98.387056, 12.2575 ] ], [ [ 97.997861, 9.72 ], [ 97.992889, 9.721667 ], [ 97.992889, 9.720806 ], [ 97.997472, 9.715417 ], [ 97.997861, 9.72 ] ], [ [ 98.567111, 13.189972 ], [ 98.567111, 13.188361 ], [ 98.573722, 13.186639 ], [ 98.567111, 13.189972 ] ], [ [ 98.465917, 10.949639 ], [ 98.463833, 10.948361 ], [ 98.463833, 10.945028 ], [ 98.468944, 10.946694 ], [ 98.465917, 10.949639 ] ], [ [ 94.517056, 16.202472 ], [ 94.511222, 16.199139 ], [ 94.511222, 16.198333 ], [ 94.514139, 16.197917 ], [ 94.517056, 16.202472 ] ], [ [ 98.313306, 13.672889 ], [ 98.312944, 13.6725 ], [ 98.322889, 13.670806 ], [ 98.313306, 13.672889 ] ], [ [ 98.068472, 10.789611 ], [ 98.063028, 10.790056 ], [ 98.063028, 10.789194 ], [ 98.068889, 10.786694 ], [ 98.068472, 10.789611 ] ], [ [ 98.61875, 11.101611 ], [ 98.613722, 11.101611 ], [ 98.61375, 11.099139 ], [ 98.616667, 11.097889 ], [ 98.61875, 11.101611 ] ], [ [ 98.237917, 12.405778 ], [ 98.232083, 12.404972 ], [ 98.232083, 12.404111 ], [ 98.235028, 12.402056 ], [ 98.237917, 12.405778 ] ], [ [ 98.710389, 8.245 ], [ 98.70625, 8.245861 ], [ 98.706278, 8.244139 ], [ 98.710389, 8.240806 ], [ 98.710389, 8.245 ] ], [ [ 98.243111, 10.765444 ], [ 98.238583, 10.765056 ], [ 98.238583, 10.763389 ], [ 98.24525, 10.762528 ], [ 98.243111, 10.765444 ] ], [ [ 97.800389, 15.226667 ], [ 97.800389, 15.225806 ], [ 97.807056, 15.230833 ], [ 97.800389, 15.226667 ] ], [ [ 98.107917, 12.413306 ], [ 98.103722, 12.410778 ], [ 98.103722, 12.409167 ], [ 98.106639, 12.407917 ], [ 98.107917, 12.413306 ] ], [ [ 97.981694, 12.492083 ], [ 97.982889, 12.496667 ], [ 97.977861, 12.494194 ], [ 97.977917, 12.492472 ], [ 97.979139, 12.490389 ], [ 97.981694, 12.492083 ] ], [ [ 98.623361, 11.10875 ], [ 98.619556, 11.105 ], [ 98.619556, 11.104139 ], [ 98.623694, 11.104139 ], [ 98.623361, 11.10875 ] ], [ [ 93.736694, 19.321222 ], [ 93.735417, 19.32 ], [ 93.74375, 19.316639 ], [ 93.736694, 19.321222 ] ], [ [ 97.806333, 8.82275 ], [ 97.807056, 8.826722 ], [ 97.805028, 8.826889 ], [ 97.80175, 8.824361 ], [ 97.806333, 8.82275 ] ], [ [ 98.481167, 9.543333 ], [ 98.481167, 9.54075 ], [ 98.483278, 9.547083 ], [ 98.481167, 9.543333 ] ], [ [ 98.552111, 8.354139 ], [ 98.547889, 8.356667 ], [ 98.547889, 8.355806 ], [ 98.551639, 8.349556 ], [ 98.552111, 8.354139 ] ], [ [ 97.724583, 15.619139 ], [ 97.724583, 15.617472 ], [ 97.730417, 15.616639 ], [ 97.724583, 15.619139 ] ], [ [ 98.184611, 11.419111 ], [ 98.182111, 11.419167 ], [ 98.182028, 11.414167 ], [ 98.185417, 11.414972 ], [ 98.184611, 11.419111 ] ], [ [ 93.442889, 19.428333 ], [ 93.442889, 19.427528 ], [ 93.447944, 19.433306 ], [ 93.442889, 19.428333 ] ], [ [ 98.822917, 11.820806 ], [ 98.819167, 11.82125 ], [ 98.817056, 11.818333 ], [ 98.816222, 11.817472 ], [ 98.819972, 11.817056 ], [ 98.822917, 11.820806 ] ], [ [ 98.217111, 12.441611 ], [ 98.21375, 12.445 ], [ 98.213694, 12.44 ], [ 98.215833, 12.437083 ], [ 98.217111, 12.441611 ] ], [ [ 98.04125, 11.638306 ], [ 98.04125, 11.634972 ], [ 98.045389, 11.634139 ], [ 98.04125, 11.638306 ] ], [ [ 98.224194, 12.252889 ], [ 98.222083, 12.251639 ], [ 98.222083, 12.246639 ], [ 98.225444, 12.248306 ], [ 98.224194, 12.252889 ] ], [ [ 98.207111, 11.291639 ], [ 98.207056, 11.289972 ], [ 98.21375, 11.292528 ], [ 98.207111, 11.291639 ] ], [ [ 93.645833, 19.612028 ], [ 93.641667, 19.610444 ], [ 93.640444, 19.609111 ], [ 93.647028, 19.609972 ], [ 93.645833, 19.612028 ] ], [ [ 98.013722, 12.263306 ], [ 98.010417, 12.264167 ], [ 98.010389, 12.260028 ], [ 98.013694, 12.259167 ], [ 98.013722, 12.263306 ] ], [ [ 94.272056, 16.8475 ], [ 94.26875, 16.847472 ], [ 94.268694, 16.844944 ], [ 94.272917, 16.8425 ], [ 94.272056, 16.8475 ] ], [ [ 93.45, 18.929556 ], [ 93.444583, 18.928306 ], [ 93.444583, 18.927444 ], [ 93.451306, 18.9275 ], [ 93.45, 18.929556 ] ], [ [ 98.541222, 9.92075 ], [ 98.537861, 9.919139 ], [ 98.537861, 9.916667 ], [ 98.541222, 9.915806 ], [ 98.541222, 9.92075 ] ], [ [ 98.287472, 10.421278 ], [ 98.284556, 10.420083 ], [ 98.284556, 10.417556 ], [ 98.289611, 10.418361 ], [ 98.287472, 10.421278 ] ], [ [ 98.507028, 9.732556 ], [ 98.502861, 9.730833 ], [ 98.502028, 9.729972 ], [ 98.504889, 9.727944 ], [ 98.507028, 9.732556 ] ], [ [ 98.571667, 7.996222 ], [ 98.567056, 7.995833 ], [ 98.567056, 7.993306 ], [ 98.572056, 7.994167 ], [ 98.571667, 7.996222 ] ], [ [ 98.597056, 12.140806 ], [ 98.597083, 12.139139 ], [ 98.603722, 12.1375 ], [ 98.597056, 12.140806 ] ], [ [ 98.459583, 11.053306 ], [ 98.459583, 11.057444 ], [ 98.456667, 11.057889 ], [ 98.455389, 11.056639 ], [ 98.456639, 11.052889 ], [ 98.459583, 11.053306 ] ], [ [ 97.97375, 10.580778 ], [ 97.969583, 10.579167 ], [ 97.969583, 10.576639 ], [ 97.972889, 10.576639 ], [ 97.97375, 10.580778 ] ], [ [ 93.660861, 19.582889 ], [ 93.657083, 19.581639 ], [ 93.657083, 19.580833 ], [ 93.662944, 19.579139 ], [ 93.660861, 19.582889 ] ], [ [ 93.67625, 19.598306 ], [ 93.673333, 19.599528 ], [ 93.671306, 19.597472 ], [ 93.675806, 19.594528 ], [ 93.67625, 19.598306 ] ], [ [ 98.0975, 12.352889 ], [ 98.09375, 12.352472 ], [ 98.093694, 12.350806 ], [ 98.09875, 12.349139 ], [ 98.0975, 12.352889 ] ], [ [ 98.253278, 10.582583 ], [ 98.249889, 10.580917 ], [ 98.249889, 10.578389 ], [ 98.253306, 10.578389 ], [ 98.253278, 10.582583 ] ], [ [ 98.289556, 12.535 ], [ 98.2875, 12.536222 ], [ 98.285444, 12.533278 ], [ 98.285444, 12.532472 ], [ 98.288278, 12.530417 ], [ 98.289556, 12.535 ] ], [ [ 97.67375, 16.549972 ], [ 97.673778, 16.548306 ], [ 97.679556, 16.551639 ], [ 97.67375, 16.549972 ] ], [ [ 98.442528, 12.119583 ], [ 98.442056, 12.119111 ], [ 98.446611, 12.114528 ], [ 98.442528, 12.119583 ] ], [ [ 98.250833, 10.931722 ], [ 98.247472, 10.930056 ], [ 98.247528, 10.926722 ], [ 98.250028, 10.925861 ], [ 98.250833, 10.931722 ] ], [ [ 93.527861, 19.499139 ], [ 93.527861, 19.497472 ], [ 93.534139, 19.491194 ], [ 93.527861, 19.499139 ] ], [ [ 98.339472, 10.185472 ], [ 98.336528, 10.184222 ], [ 98.336528, 10.182556 ], [ 98.34075, 10.181694 ], [ 98.339472, 10.185472 ] ], [ [ 98.641889, 10.9325 ], [ 98.6405, 10.934556 ], [ 98.636028, 10.932472 ], [ 98.636028, 10.931611 ], [ 98.640583, 10.930417 ], [ 98.641889, 10.9325 ] ], [ [ 98.243139, 10.585889 ], [ 98.239778, 10.584222 ], [ 98.238917, 10.583417 ], [ 98.241944, 10.580472 ], [ 98.243139, 10.585889 ] ], [ [ 93.754139, 19.555417 ], [ 93.751222, 19.554111 ], [ 93.751222, 19.552528 ], [ 93.755389, 19.550833 ], [ 93.754139, 19.555417 ] ], [ [ 98.592944, 8.356667 ], [ 98.592889, 8.354139 ], [ 98.597083, 8.352472 ], [ 98.592944, 8.356667 ] ], [ [ 97.984611, 9.740806 ], [ 97.984556, 9.737472 ], [ 97.989528, 9.738306 ], [ 97.984611, 9.740806 ] ], [ [ 98.734556, 8.210833 ], [ 98.731222, 8.210833 ], [ 98.731222, 8.206639 ], [ 98.734556, 8.206639 ], [ 98.734556, 8.210833 ] ], [ [ 98.584556, 8.148333 ], [ 98.58125, 8.148333 ], [ 98.58125, 8.143333 ], [ 98.583722, 8.143333 ], [ 98.584556, 8.148333 ] ], [ [ 97.573694, 9.929167 ], [ 97.573722, 9.928306 ], [ 97.578806, 9.924139 ], [ 97.573694, 9.929167 ] ], [ [ 98.49075, 10.940028 ], [ 98.49075, 10.938361 ], [ 98.496639, 10.935028 ], [ 98.49075, 10.940028 ] ], [ [ 98.612083, 12.088278 ], [ 98.612083, 12.084944 ], [ 98.617056, 12.084972 ], [ 98.612083, 12.088278 ] ], [ [ 98.227917, 13.966667 ], [ 98.225361, 13.966667 ], [ 98.225417, 13.960806 ], [ 98.227917, 13.960806 ], [ 98.227917, 13.966667 ] ], [ [ 98.024972, 12.394611 ], [ 98.022889, 12.391667 ], [ 98.022889, 12.389139 ], [ 98.027028, 12.393278 ], [ 98.024972, 12.394611 ] ], [ [ 97.765417, 14.9925 ], [ 97.762556, 14.993722 ], [ 97.76, 14.99125 ], [ 97.759583, 14.990861 ], [ 97.764139, 14.989556 ], [ 97.765417, 14.9925 ] ], [ [ 97.973722, 10.949139 ], [ 97.969583, 10.947472 ], [ 97.968722, 10.946667 ], [ 97.971639, 10.945417 ], [ 97.973722, 10.949139 ] ], [ [ 98.362056, 12.284139 ], [ 98.360833, 12.287083 ], [ 98.358306, 12.286194 ], [ 98.357083, 12.285 ], [ 98.359139, 12.282083 ], [ 98.362056, 12.284139 ] ], [ [ 93.21125, 19.900833 ], [ 93.208722, 19.900833 ], [ 93.20875, 19.899139 ], [ 93.2125, 19.894528 ], [ 93.21125, 19.900833 ] ], [ [ 98.228333, 11.872056 ], [ 98.224583, 11.871639 ], [ 98.224583, 11.870833 ], [ 98.230389, 11.869139 ], [ 98.228333, 11.872056 ] ], [ [ 94.921222, 15.749972 ], [ 94.91625, 15.749111 ], [ 94.916222, 15.7475 ], [ 94.919194, 15.746222 ], [ 94.921222, 15.749972 ] ], [ [ 97.685417, 16.563306 ], [ 97.678722, 16.561667 ], [ 97.678722, 16.560806 ], [ 97.680889, 16.559556 ], [ 97.685417, 16.563306 ] ], [ [ 98.243306, 10.257972 ], [ 98.240361, 10.255917 ], [ 98.240361, 10.255056 ], [ 98.244611, 10.254194 ], [ 98.243306, 10.257972 ] ], [ [ 92.930417, 20.030806 ], [ 92.927028, 20.031667 ], [ 92.927028, 20.029944 ], [ 92.931222, 20.026611 ], [ 92.930417, 20.030806 ] ], [ [ 98.49, 11.533722 ], [ 98.487056, 11.532472 ], [ 98.487056, 11.529139 ], [ 98.49125, 11.53 ], [ 98.49, 11.533722 ] ], [ [ 98.436639, 11.895417 ], [ 98.434583, 11.893278 ], [ 98.440389, 11.890833 ], [ 98.436639, 11.895417 ] ], [ [ 97.995389, 10.507472 ], [ 97.991222, 10.507444 ], [ 97.991222, 10.505 ], [ 97.993306, 10.503722 ], [ 97.995389, 10.507472 ] ], [ [ 98.211611, 11.321222 ], [ 98.210417, 11.319944 ], [ 98.215417, 11.316639 ], [ 98.211611, 11.321222 ] ], [ [ 93.624583, 19.565 ], [ 93.620417, 19.565806 ], [ 93.620389, 19.563333 ], [ 93.624583, 19.561667 ], [ 93.624583, 19.565 ] ], [ [ 98.054583, 12.464111 ], [ 98.050417, 12.465833 ], [ 98.050389, 12.462444 ], [ 98.053389, 12.46125 ], [ 98.054583, 12.464111 ] ], [ [ 98.087889, 11.743306 ], [ 98.087917, 11.7425 ], [ 98.093778, 11.746667 ], [ 98.087889, 11.743306 ] ], [ [ 97.60625, 16.517472 ], [ 97.60625, 16.516667 ], [ 97.612111, 16.513306 ], [ 97.60625, 16.517472 ] ], [ [ 98.696667, 11.564583 ], [ 98.69375, 11.561639 ], [ 98.69375, 11.559111 ], [ 98.697056, 11.559972 ], [ 98.696667, 11.564583 ] ], [ [ 97.953306, 12.237083 ], [ 97.951222, 12.235833 ], [ 97.951222, 12.2325 ], [ 97.954556, 12.2325 ], [ 97.953306, 12.237083 ] ], [ [ 98.497444, 13.292889 ], [ 98.494528, 13.2875 ], [ 98.494528, 13.286639 ], [ 98.497861, 13.288306 ], [ 98.497444, 13.292889 ] ], [ [ 98.402472, 12.22625 ], [ 98.401194, 12.224972 ], [ 98.403333, 12.218722 ], [ 98.402472, 12.22625 ] ], [ [ 97.794972, 15.002028 ], [ 97.795806, 14.997083 ], [ 97.797083, 14.998333 ], [ 97.797917, 15.001639 ], [ 97.794972, 15.002028 ] ], [ [ 98.662917, 11.163306 ], [ 98.659556, 11.162472 ], [ 98.659556, 11.159167 ], [ 98.662917, 11.160028 ], [ 98.662917, 11.163306 ] ], [ [ 93.664972, 14.816278 ], [ 93.662083, 14.812556 ], [ 93.662083, 14.811694 ], [ 93.665361, 14.810889 ], [ 93.664972, 14.816278 ] ], [ [ 98.493222, 10.882139 ], [ 98.488639, 10.880861 ], [ 98.488639, 10.880056 ], [ 98.494556, 10.879222 ], [ 98.493222, 10.882139 ] ], [ [ 98.475417, 12.075833 ], [ 98.470389, 12.074167 ], [ 98.470389, 12.0725 ], [ 98.475, 12.072889 ], [ 98.475417, 12.075833 ] ], [ [ 98.636694, 8.197083 ], [ 98.634556, 8.195833 ], [ 98.634556, 8.1925 ], [ 98.637889, 8.1925 ], [ 98.636694, 8.197083 ] ], [ [ 93.713694, 19.894944 ], [ 93.70875, 19.893306 ], [ 93.70875, 19.8925 ], [ 93.711694, 19.891222 ], [ 93.713694, 19.894944 ] ], [ [ 98.024583, 9.719167 ], [ 98.022083, 9.720028 ], [ 98.022083, 9.714917 ], [ 98.024583, 9.714056 ], [ 98.024583, 9.719167 ] ], [ [ 97.935417, 10.869139 ], [ 97.935417, 10.866611 ], [ 97.939583, 10.871639 ], [ 97.935417, 10.869139 ] ], [ [ 98.366222, 8.954139 ], [ 98.366222, 8.953333 ], [ 98.369167, 8.946222 ], [ 98.366222, 8.954139 ] ], [ [ 97.937083, 11.524139 ], [ 97.933722, 11.522472 ], [ 97.933722, 11.520861 ], [ 97.936694, 11.519556 ], [ 97.937083, 11.524139 ] ], [ [ 98.635806, 11.055417 ], [ 98.632083, 11.054944 ], [ 98.632083, 11.053333 ], [ 98.637083, 11.052472 ], [ 98.635806, 11.055417 ] ], [ [ 98.504556, 9.654167 ], [ 98.50125, 9.655 ], [ 98.50125, 9.653278 ], [ 98.504139, 9.649556 ], [ 98.504556, 9.654167 ] ], [ [ 98.165417, 11.835833 ], [ 98.165361, 11.8325 ], [ 98.169556, 11.8325 ], [ 98.165417, 11.835833 ] ], [ [ 98.132056, 11.486667 ], [ 98.128722, 11.4875 ], [ 98.128722, 11.484972 ], [ 98.130833, 11.482056 ], [ 98.132056, 11.486667 ] ], [ [ 98.454583, 11.334972 ], [ 98.451222, 11.334972 ], [ 98.451222, 11.331639 ], [ 98.454194, 11.33125 ], [ 98.454583, 11.334972 ] ], [ [ 93.639583, 14.868361 ], [ 93.634556, 14.865861 ], [ 93.634556, 14.864194 ], [ 93.636667, 14.862917 ], [ 93.639583, 14.868361 ] ], [ [ 98.498722, 13.295833 ], [ 98.49875, 13.294167 ], [ 98.504528, 13.294972 ], [ 98.498722, 13.295833 ] ], [ [ 97.487944, 16.53 ], [ 97.487889, 16.529139 ], [ 97.494611, 16.532472 ], [ 97.487944, 16.53 ] ], [ [ 98.620806, 8.292889 ], [ 98.618722, 8.291667 ], [ 98.618722, 8.289944 ], [ 98.622944, 8.289139 ], [ 98.620806, 8.292889 ] ], [ [ 98.090417, 11.214139 ], [ 98.087917, 11.214167 ], [ 98.087861, 11.209111 ], [ 98.090444, 11.209139 ], [ 98.090417, 11.214139 ] ], [ [ 93.664583, 14.826667 ], [ 93.664583, 14.825 ], [ 93.669556, 14.825861 ], [ 93.664583, 14.826667 ] ], [ [ 98.294139, 9.187917 ], [ 98.292056, 9.186639 ], [ 98.292056, 9.184056 ], [ 98.295417, 9.183306 ], [ 98.294139, 9.187917 ] ], [ [ 93.205361, 19.718306 ], [ 93.205361, 19.716639 ], [ 93.210389, 19.713306 ], [ 93.205361, 19.718306 ] ], [ [ 98.349611, 10.661306 ], [ 98.346667, 10.657556 ], [ 98.345861, 10.656694 ], [ 98.348417, 10.655889 ], [ 98.349611, 10.661306 ] ], [ [ 98.15275, 10.434222 ], [ 98.147694, 10.433361 ], [ 98.147694, 10.432556 ], [ 98.1515, 10.431278 ], [ 98.15275, 10.434222 ] ], [ [ 98.483833, 10.428778 ], [ 98.480861, 10.428389 ], [ 98.480861, 10.425917 ], [ 98.48425, 10.425056 ], [ 98.483833, 10.428778 ] ], [ [ 93.536694, 19.487056 ], [ 93.53625, 19.486667 ], [ 93.541639, 19.480389 ], [ 93.536694, 19.487056 ] ], [ [ 98.498722, 8.2425 ], [ 98.495389, 8.243278 ], [ 98.494611, 8.242472 ], [ 98.498361, 8.239556 ], [ 98.498722, 8.2425 ] ], [ [ 94.386222, 18.340806 ], [ 94.380389, 18.340806 ], [ 94.380389, 18.34 ], [ 94.385, 18.33875 ], [ 94.386222, 18.340806 ] ], [ [ 98.091, 10.866694 ], [ 98.086833, 10.866722 ], [ 98.086833, 10.864194 ], [ 98.088917, 10.862944 ], [ 98.091, 10.866694 ] ], [ [ 98.574194, 11.047056 ], [ 98.570444, 11.045861 ], [ 98.570444, 11.045 ], [ 98.575417, 11.043333 ], [ 98.574194, 11.047056 ] ], [ [ 98.651222, 10.975389 ], [ 98.649111, 10.974139 ], [ 98.649139, 10.971667 ], [ 98.6525, 10.970806 ], [ 98.651222, 10.975389 ] ], [ [ 98.347083, 8.988278 ], [ 98.347083, 8.987472 ], [ 98.352056, 8.984139 ], [ 98.347083, 8.988278 ] ], [ [ 93.721639, 19.893722 ], [ 93.720417, 19.892444 ], [ 93.72625, 19.890833 ], [ 93.721639, 19.893722 ] ], [ [ 98.639528, 12.754139 ], [ 98.634556, 12.753333 ], [ 98.634556, 12.752472 ], [ 98.636667, 12.751194 ], [ 98.639528, 12.754139 ] ], [ [ 91.994972, 21.65125 ], [ 91.991222, 21.650833 ], [ 91.99125, 21.648361 ], [ 91.995417, 21.648333 ], [ 91.994972, 21.65125 ] ], [ [ 98.264944, 12.03125 ], [ 98.262111, 12.028306 ], [ 98.266667, 12.027917 ], [ 98.264944, 12.03125 ] ], [ [ 98.012889, 12.110806 ], [ 98.009583, 12.109139 ], [ 98.00875, 12.108333 ], [ 98.010806, 12.106194 ], [ 98.012889, 12.110806 ] ], [ [ 97.819611, 14.291667 ], [ 97.814583, 14.295833 ], [ 97.814556, 14.294972 ], [ 97.8175, 14.290389 ], [ 97.819611, 14.291667 ] ], [ [ 98.567972, 8.122528 ], [ 98.563722, 8.12 ], [ 98.563722, 8.118333 ], [ 98.566694, 8.118722 ], [ 98.567972, 8.122528 ] ], [ [ 97.790833, 15.098722 ], [ 97.787944, 15.097444 ], [ 97.787917, 15.095861 ], [ 97.792083, 15.095806 ], [ 97.790833, 15.098722 ] ], [ [ 94.168306, 18.725417 ], [ 94.165417, 18.724111 ], [ 94.165417, 18.723306 ], [ 94.170444, 18.721667 ], [ 94.168306, 18.725417 ] ], [ [ 98.330833, 9.457056 ], [ 98.328694, 9.455778 ], [ 98.328694, 9.452444 ], [ 98.332056, 9.453306 ], [ 98.330833, 9.457056 ] ], [ [ 98.36875, 9.218306 ], [ 98.365389, 9.218306 ], [ 98.365389, 9.2175 ], [ 98.368306, 9.212917 ], [ 98.36875, 9.218306 ] ], [ [ 98.714139, 8.237917 ], [ 98.709583, 8.237472 ], [ 98.709528, 8.235806 ], [ 98.714556, 8.235806 ], [ 98.714139, 8.237917 ] ], [ [ 98.430417, 8.117472 ], [ 98.427083, 8.115 ], [ 98.427083, 8.113333 ], [ 98.430417, 8.113278 ], [ 98.430417, 8.117472 ] ], [ [ 97.978278, 11.72375 ], [ 97.974139, 11.72375 ], [ 97.972944, 11.722472 ], [ 97.97875, 11.720833 ], [ 97.978278, 11.72375 ] ], [ [ 98.924556, 8.046639 ], [ 98.920417, 8.044972 ], [ 98.920417, 8.043306 ], [ 98.922472, 8.042111 ], [ 98.924556, 8.046639 ] ], [ [ 98.375417, 8.950833 ], [ 98.372083, 8.951611 ], [ 98.372083, 8.950806 ], [ 98.375833, 8.946222 ], [ 98.375417, 8.950833 ] ], [ [ 98.23875, 11.900861 ], [ 98.238722, 11.898333 ], [ 98.242083, 11.897472 ], [ 98.23875, 11.900861 ] ], [ [ 98.563722, 9.978333 ], [ 98.56125, 9.979056 ], [ 98.56125, 9.974139 ], [ 98.56375, 9.974139 ], [ 98.563722, 9.978333 ] ], [ [ 93.614583, 19.514139 ], [ 93.614583, 19.512472 ], [ 93.618306, 19.508722 ], [ 93.614583, 19.514139 ] ], [ [ 98.241861, 10.646694 ], [ 98.238139, 10.644611 ], [ 98.236917, 10.643361 ], [ 98.239806, 10.642167 ], [ 98.241861, 10.646694 ] ], [ [ 98.168722, 12.273306 ], [ 98.168722, 12.270833 ], [ 98.172917, 12.274167 ], [ 98.168722, 12.273306 ] ], [ [ 98.447611, 9.877083 ], [ 98.443806, 9.878333 ], [ 98.443806, 9.877472 ], [ 98.447889, 9.874083 ], [ 98.447611, 9.877083 ] ], [ [ 92.002083, 21.661528 ], [ 92.002083, 21.660722 ], [ 92.007917, 21.662361 ], [ 92.002083, 21.661528 ] ], [ [ 94.917917, 15.754944 ], [ 94.917917, 15.754139 ], [ 94.923778, 15.7525 ], [ 94.917917, 15.754944 ] ], [ [ 98.26125, 11.299194 ], [ 98.26125, 11.298333 ], [ 98.267028, 11.297472 ], [ 98.26125, 11.299194 ] ], [ [ 98.299139, 11.317889 ], [ 98.296278, 11.315806 ], [ 98.296278, 11.315 ], [ 98.299556, 11.313278 ], [ 98.299139, 11.317889 ] ], [ [ 95.307917, 15.679167 ], [ 95.305417, 15.679139 ], [ 95.305389, 15.676667 ], [ 95.30875, 15.674972 ], [ 95.307917, 15.679167 ] ], [ [ 98.275, 11.369556 ], [ 98.268778, 11.369139 ], [ 98.268778, 11.368333 ], [ 98.275389, 11.3675 ], [ 98.275, 11.369556 ] ], [ [ 98.492917, 11.539139 ], [ 98.492917, 11.537472 ], [ 98.497861, 11.537472 ], [ 98.492917, 11.539139 ] ], [ [ 97.751667, 15.158722 ], [ 97.749583, 15.157472 ], [ 97.749583, 15.155 ], [ 97.752917, 15.154944 ], [ 97.751667, 15.158722 ] ], [ [ 98.326194, 10.101722 ], [ 98.326194, 10.100861 ], [ 98.331306, 10.100056 ], [ 98.326194, 10.101722 ] ], [ [ 98.474667, 9.594139 ], [ 98.47125, 9.593278 ], [ 98.47125, 9.591667 ], [ 98.474139, 9.590361 ], [ 98.474667, 9.594139 ] ], [ [ 98.276194, 11.254139 ], [ 98.276194, 11.252472 ], [ 98.281222, 11.251694 ], [ 98.276194, 11.254139 ] ], [ [ 98.053167, 10.145889 ], [ 98.053167, 10.144167 ], [ 98.057417, 10.145056 ], [ 98.053167, 10.145889 ] ], [ [ 97.802944, 15.200806 ], [ 97.802917, 15.198333 ], [ 97.806222, 15.1975 ], [ 97.802944, 15.200806 ] ], [ [ 98.127361, 10.947528 ], [ 98.127361, 10.945056 ], [ 98.131611, 10.945083 ], [ 98.127361, 10.947528 ] ], [ [ 98.457944, 8.012444 ], [ 98.454111, 8.015389 ], [ 98.452917, 8.014167 ], [ 98.455806, 8.01125 ], [ 98.457944, 8.012444 ] ], [ [ 98.35325, 9.099583 ], [ 98.35, 9.097972 ], [ 98.349611, 9.097444 ], [ 98.353778, 9.094972 ], [ 98.35325, 9.099583 ] ], [ [ 93.595, 19.703722 ], [ 93.592889, 19.702472 ], [ 93.592861, 19.700806 ], [ 93.597056, 19.700806 ], [ 93.595, 19.703722 ] ], [ [ 97.999583, 12.069139 ], [ 97.995389, 12.07 ], [ 97.995389, 12.067472 ], [ 97.9975, 12.066222 ], [ 97.999583, 12.069139 ] ], [ [ 98.713306, 8.112889 ], [ 98.709556, 8.111611 ], [ 98.709556, 8.110806 ], [ 98.714611, 8.110833 ], [ 98.713306, 8.112889 ] ], [ [ 98.093722, 9.664972 ], [ 98.090417, 9.667444 ], [ 98.090417, 9.664222 ], [ 98.092556, 9.662861 ], [ 98.093722, 9.664972 ] ], [ [ 97.886667, 10.834583 ], [ 97.883722, 10.834167 ], [ 97.883722, 10.831639 ], [ 97.887917, 10.831667 ], [ 97.886667, 10.834583 ] ], [ [ 98.353306, 10.666694 ], [ 98.35, 10.665889 ], [ 98.35, 10.663361 ], [ 98.353389, 10.663361 ], [ 98.353306, 10.666694 ] ], [ [ 97.976194, 10.625 ], [ 97.972056, 10.623333 ], [ 97.972056, 10.622472 ], [ 97.975, 10.622083 ], [ 97.976194, 10.625 ] ], [ [ 97.998361, 9.700361 ], [ 97.999167, 9.697056 ], [ 98.0, 9.697056 ], [ 98.002917, 9.698333 ], [ 97.998361, 9.700361 ] ], [ [ 98.259972, 12.02125 ], [ 98.257944, 12.019111 ], [ 98.262083, 12.017472 ], [ 98.259972, 12.02125 ] ], [ [ 98.704583, 8.302472 ], [ 98.700417, 8.300806 ], [ 98.700417, 8.299139 ], [ 98.703306, 8.29875 ], [ 98.704583, 8.302472 ] ], [ [ 98.257083, 11.802472 ], [ 98.252889, 11.800806 ], [ 98.252889, 11.8 ], [ 98.255806, 11.797889 ], [ 98.257083, 11.802472 ] ], [ [ 98.560361, 12.724167 ], [ 98.557917, 12.723306 ], [ 98.557917, 12.721639 ], [ 98.56125, 12.719972 ], [ 98.560361, 12.724167 ] ], [ [ 98.280417, 12.245028 ], [ 98.279944, 12.24875 ], [ 98.277111, 12.247472 ], [ 98.277111, 12.246611 ], [ 98.278361, 12.24375 ], [ 98.280417, 12.245028 ] ], [ [ 97.960444, 12.429167 ], [ 97.960389, 12.426639 ], [ 97.96375, 12.431667 ], [ 97.960444, 12.429167 ] ], [ [ 94.213361, 16.380417 ], [ 94.211222, 16.376639 ], [ 94.211222, 16.375028 ], [ 94.213722, 16.375 ], [ 94.213361, 16.380417 ] ], [ [ 98.207083, 11.429972 ], [ 98.207083, 11.428306 ], [ 98.212028, 11.428306 ], [ 98.207083, 11.429972 ] ], [ [ 97.8775, 12.562917 ], [ 97.872944, 12.561611 ], [ 97.872944, 12.560833 ], [ 97.878722, 12.560778 ], [ 97.8775, 12.562917 ] ], [ [ 93.742056, 19.266667 ], [ 93.742056, 19.265806 ], [ 93.747917, 19.264194 ], [ 93.742056, 19.266667 ] ], [ [ 93.631667, 19.385417 ], [ 93.629583, 19.384167 ], [ 93.629583, 19.383306 ], [ 93.634583, 19.382472 ], [ 93.631667, 19.385417 ] ], [ [ 98.377889, 9.019083 ], [ 98.377889, 9.016639 ], [ 98.381222, 9.019972 ], [ 98.377889, 9.019083 ] ], [ [ 93.5925, 19.695417 ], [ 93.589611, 19.694167 ], [ 93.589556, 19.692444 ], [ 93.59375, 19.693278 ], [ 93.5925, 19.695417 ] ], [ [ 98.661111, 10.944972 ], [ 98.657694, 10.943306 ], [ 98.656833, 10.9425 ], [ 98.659833, 10.94125 ], [ 98.661111, 10.944972 ] ], [ [ 98.512083, 9.733306 ], [ 98.508667, 9.731694 ], [ 98.508667, 9.729972 ], [ 98.512083, 9.729972 ], [ 98.512083, 9.733306 ] ], [ [ 98.524167, 9.569528 ], [ 98.519139, 9.568667 ], [ 98.517861, 9.5675 ], [ 98.524528, 9.567472 ], [ 98.524167, 9.569528 ] ], [ [ 98.304556, 8.901639 ], [ 98.304556, 8.899972 ], [ 98.309611, 8.902528 ], [ 98.304556, 8.901639 ] ], [ [ 98.080861, 10.879167 ], [ 98.078306, 10.879167 ], [ 98.078306, 10.878361 ], [ 98.082556, 10.874194 ], [ 98.080861, 10.879167 ] ], [ [ 98.580833, 11.067917 ], [ 98.577056, 11.067444 ], [ 98.577056, 11.066639 ], [ 98.581278, 11.065 ], [ 98.580833, 11.067917 ] ], [ [ 94.582111, 17.3075 ], [ 94.582083, 17.305833 ], [ 94.587028, 17.305 ], [ 94.582111, 17.3075 ] ], [ [ 98.031278, 11.315806 ], [ 98.027889, 11.315806 ], [ 98.027889, 11.313333 ], [ 98.030833, 11.312861 ], [ 98.031278, 11.315806 ] ], [ [ 97.907083, 9.683333 ], [ 97.907083, 9.68 ], [ 97.910444, 9.681667 ], [ 97.907083, 9.683333 ] ], [ [ 98.570417, 11.017472 ], [ 98.566694, 11.01875 ], [ 98.565389, 11.017472 ], [ 98.566611, 11.015417 ], [ 98.570417, 11.017472 ] ], [ [ 98.64875, 11.860833 ], [ 98.64875, 11.857444 ], [ 98.652111, 11.858306 ], [ 98.64875, 11.860833 ] ], [ [ 98.192472, 11.871278 ], [ 98.18875, 11.870806 ], [ 98.18875, 11.869139 ], [ 98.192889, 11.869139 ], [ 98.192472, 11.871278 ] ], [ [ 94.383778, 18.358333 ], [ 94.383778, 18.357472 ], [ 94.388694, 18.3575 ], [ 94.383778, 18.358333 ] ], [ [ 98.017056, 12.155833 ], [ 98.013722, 12.156694 ], [ 98.013722, 12.154972 ], [ 98.017056, 12.152444 ], [ 98.017056, 12.155833 ] ], [ [ 97.889528, 10.895 ], [ 97.885389, 10.894167 ], [ 97.885389, 10.892444 ], [ 97.889139, 10.892056 ], [ 97.889528, 10.895 ] ], [ [ 98.692083, 8.129194 ], [ 98.687083, 8.127444 ], [ 98.687083, 8.126667 ], [ 98.690806, 8.12625 ], [ 98.692083, 8.129194 ] ], [ [ 93.657889, 19.596667 ], [ 93.652917, 19.596611 ], [ 93.652917, 19.595833 ], [ 93.656667, 19.594556 ], [ 93.657889, 19.596667 ] ], [ [ 97.991667, 10.530361 ], [ 97.987889, 10.529944 ], [ 97.987889, 10.529167 ], [ 97.992083, 10.527444 ], [ 97.991667, 10.530361 ] ], [ [ 98.694528, 11.093333 ], [ 98.694528, 11.092528 ], [ 98.699583, 11.095806 ], [ 98.694528, 11.093333 ] ], [ [ 97.507056, 11.594139 ], [ 97.507083, 11.590806 ], [ 97.510417, 11.591667 ], [ 97.507056, 11.594139 ] ], [ [ 98.391222, 12.244139 ], [ 98.387889, 12.244139 ], [ 98.387917, 12.241667 ], [ 98.389944, 12.240389 ], [ 98.391222, 12.244139 ] ], [ [ 98.024167, 12.170389 ], [ 98.023778, 12.169972 ], [ 98.028722, 12.167472 ], [ 98.024167, 12.170389 ] ], [ [ 97.971222, 10.374167 ], [ 97.967083, 10.374167 ], [ 97.96625, 10.373306 ], [ 97.970028, 10.372111 ], [ 97.971222, 10.374167 ] ], [ [ 97.999194, 12.270389 ], [ 97.997111, 12.268333 ], [ 97.998361, 12.267056 ], [ 98.002056, 12.268306 ], [ 97.999194, 12.270389 ] ], [ [ 98.514556, 12.354111 ], [ 98.510417, 12.3525 ], [ 98.510417, 12.351639 ], [ 98.512472, 12.350444 ], [ 98.514556, 12.354111 ] ], [ [ 98.209556, 12.414139 ], [ 98.209583, 12.410833 ], [ 98.212889, 12.413306 ], [ 98.209556, 12.414139 ] ], [ [ 98.519556, 12.309167 ], [ 98.517111, 12.309167 ], [ 98.517056, 12.304972 ], [ 98.519556, 12.304972 ], [ 98.519556, 12.309167 ] ], [ [ 98.61375, 11.111667 ], [ 98.61375, 11.109139 ], [ 98.617861, 11.11 ], [ 98.61375, 11.111667 ] ], [ [ 98.30375, 13.151667 ], [ 98.300417, 13.149972 ], [ 98.300417, 13.148306 ], [ 98.3025, 13.147056 ], [ 98.30375, 13.151667 ] ], [ [ 98.410444, 12.3325 ], [ 98.410444, 12.329972 ], [ 98.41375, 12.334167 ], [ 98.410444, 12.3325 ] ], [ [ 98.365417, 9.211694 ], [ 98.365417, 9.208306 ], [ 98.368639, 9.208333 ], [ 98.365417, 9.211694 ] ], [ [ 96.05375, 16.365833 ], [ 96.05375, 16.364972 ], [ 96.057889, 16.361639 ], [ 96.05375, 16.365833 ] ], [ [ 98.687861, 11.287472 ], [ 98.684972, 11.28875 ], [ 98.68375, 11.286667 ], [ 98.68375, 11.285806 ], [ 98.685778, 11.284611 ], [ 98.687861, 11.287472 ] ], [ [ 98.362917, 9.087417 ], [ 98.362917, 9.085806 ], [ 98.366278, 9.089139 ], [ 98.362917, 9.087417 ] ], [ [ 98.348722, 9.103417 ], [ 98.348722, 9.099167 ], [ 98.352083, 9.100833 ], [ 98.348722, 9.103417 ] ], [ [ 98.050417, 9.853333 ], [ 98.050417, 9.851667 ], [ 98.054583, 9.850833 ], [ 98.050417, 9.853333 ] ], [ [ 94.272917, 16.887444 ], [ 94.270417, 16.888333 ], [ 94.270417, 16.886667 ], [ 94.272472, 16.882056 ], [ 94.272917, 16.887444 ] ], [ [ 98.674556, 10.992944 ], [ 98.670778, 10.993333 ], [ 98.670778, 10.991611 ], [ 98.675028, 10.99 ], [ 98.674556, 10.992944 ] ], [ [ 97.62375, 16.506667 ], [ 97.623778, 16.504139 ], [ 97.627083, 16.507444 ], [ 97.62375, 16.506667 ] ], [ [ 98.359778, 10.710028 ], [ 98.359778, 10.708417 ], [ 98.363972, 10.708417 ], [ 98.359778, 10.710028 ] ], [ [ 98.266389, 10.865028 ], [ 98.266444, 10.863361 ], [ 98.271444, 10.861722 ], [ 98.266389, 10.865028 ] ], [ [ 97.96375, 11.5375 ], [ 97.963722, 11.534111 ], [ 97.967111, 11.535778 ], [ 97.96375, 11.5375 ] ], [ [ 98.066222, 12.295 ], [ 98.066222, 12.293278 ], [ 98.070417, 12.291639 ], [ 98.066222, 12.295 ] ], [ [ 98.251528, 10.157083 ], [ 98.249444, 10.155889 ], [ 98.249444, 10.154222 ], [ 98.252889, 10.153417 ], [ 98.251528, 10.157083 ] ], [ [ 97.976694, 10.952889 ], [ 97.974583, 10.951667 ], [ 97.974583, 10.949944 ], [ 97.978778, 10.949972 ], [ 97.976694, 10.952889 ] ], [ [ 98.519583, 8.310806 ], [ 98.519583, 8.308278 ], [ 98.522917, 8.311667 ], [ 98.519583, 8.310806 ] ], [ [ 98.741222, 8.176667 ], [ 98.737056, 8.175806 ], [ 98.737056, 8.174139 ], [ 98.74, 8.173722 ], [ 98.741222, 8.176667 ] ], [ [ 98.482861, 9.778222 ], [ 98.478722, 9.776611 ], [ 98.478722, 9.775861 ], [ 98.481639, 9.775361 ], [ 98.482861, 9.778222 ] ], [ [ 92.972056, 20.1375 ], [ 92.972056, 20.136639 ], [ 92.977056, 20.134111 ], [ 92.972056, 20.1375 ] ], [ [ 98.668333, 8.187056 ], [ 98.665417, 8.185861 ], [ 98.665417, 8.184139 ], [ 98.669556, 8.184139 ], [ 98.668333, 8.187056 ] ], [ [ 98.522528, 10.952472 ], [ 98.522583, 10.950806 ], [ 98.528444, 10.951639 ], [ 98.522528, 10.952472 ] ], [ [ 97.536278, 11.676667 ], [ 97.532083, 11.6775 ], [ 97.532083, 11.675833 ], [ 97.535, 11.674528 ], [ 97.536278, 11.676667 ] ], [ [ 98.414528, 12.2125 ], [ 98.414556, 12.210833 ], [ 98.419556, 12.211639 ], [ 98.414528, 12.2125 ] ], [ [ 98.173694, 11.984167 ], [ 98.170389, 11.983361 ], [ 98.170389, 11.980833 ], [ 98.17375, 11.981639 ], [ 98.173694, 11.984167 ] ], [ [ 97.577528, 11.724583 ], [ 97.574583, 11.723306 ], [ 97.574528, 11.7225 ], [ 97.578722, 11.721639 ], [ 97.577528, 11.724583 ] ], [ [ 98.497083, 8.249139 ], [ 98.497083, 8.246667 ], [ 98.500389, 8.245833 ], [ 98.497083, 8.249139 ] ], [ [ 98.687889, 8.104139 ], [ 98.685417, 8.104139 ], [ 98.685417, 8.099944 ], [ 98.687889, 8.100806 ], [ 98.687889, 8.104139 ] ], [ [ 98.613722, 8.353306 ], [ 98.61375, 8.350833 ], [ 98.617917, 8.3525 ], [ 98.613722, 8.353306 ] ], [ [ 98.13125, 12.123306 ], [ 98.13125, 12.120778 ], [ 98.135417, 12.123333 ], [ 98.13125, 12.123306 ] ], [ [ 98.782389, 10.993333 ], [ 98.782444, 10.990806 ], [ 98.786556, 10.993333 ], [ 98.782389, 10.993333 ] ], [ [ 98.426639, 12.362889 ], [ 98.425417, 12.361639 ], [ 98.428389, 12.357917 ], [ 98.426639, 12.362889 ] ], [ [ 98.312083, 12.689972 ], [ 98.312083, 12.688333 ], [ 98.316222, 12.688333 ], [ 98.312083, 12.689972 ] ], [ [ 98.617083, 11.182472 ], [ 98.61375, 11.181667 ], [ 98.61375, 11.18 ], [ 98.615806, 11.17875 ], [ 98.617083, 11.182472 ] ], [ [ 98.511222, 8.259972 ], [ 98.507944, 8.259167 ], [ 98.507944, 8.2575 ], [ 98.510028, 8.256222 ], [ 98.511222, 8.259972 ] ], [ [ 97.990389, 11.982472 ], [ 97.987444, 11.983722 ], [ 97.987056, 11.983306 ], [ 97.99, 11.977889 ], [ 97.990389, 11.982472 ] ], [ [ 98.277889, 12.546639 ], [ 98.27375, 12.545833 ], [ 98.273722, 12.544972 ], [ 98.276611, 12.54375 ], [ 98.277889, 12.546639 ] ], [ [ 93.404139, 19.798778 ], [ 93.402917, 19.795833 ], [ 93.402917, 19.794111 ], [ 93.406278, 19.797444 ], [ 93.404139, 19.798778 ] ], [ [ 98.397167, 9.399917 ], [ 98.393694, 9.398306 ], [ 98.393694, 9.397556 ], [ 98.395778, 9.396167 ], [ 98.397167, 9.399917 ] ], [ [ 98.002444, 9.726278 ], [ 98.000417, 9.725028 ], [ 98.000417, 9.723306 ], [ 98.004583, 9.723306 ], [ 98.002444, 9.726278 ] ], [ [ 98.05875, 9.854222 ], [ 98.055333, 9.854944 ], [ 98.055333, 9.854222 ], [ 98.05875, 9.851639 ], [ 98.05875, 9.854222 ] ], [ [ 94.157083, 18.751667 ], [ 94.157083, 18.750806 ], [ 94.161222, 18.748306 ], [ 94.157083, 18.751667 ] ], [ [ 93.657083, 19.589139 ], [ 93.657083, 19.586611 ], [ 93.661222, 19.586667 ], [ 93.657083, 19.589139 ] ], [ [ 98.327056, 8.976639 ], [ 98.327056, 8.975833 ], [ 98.33125, 8.979111 ], [ 98.327056, 8.976639 ] ], [ [ 98.235222, 10.645083 ], [ 98.231, 10.645056 ], [ 98.231028, 10.643389 ], [ 98.234806, 10.642944 ], [ 98.235222, 10.645083 ] ], [ [ 98.355417, 12.28 ], [ 98.352028, 12.278333 ], [ 98.352028, 12.276667 ], [ 98.354167, 12.276194 ], [ 98.355417, 12.28 ] ], [ [ 98.64625, 11.024139 ], [ 98.643333, 11.024583 ], [ 98.642056, 11.023306 ], [ 98.645, 11.021194 ], [ 98.64625, 11.024139 ] ], [ [ 98.5625, 13.245417 ], [ 98.55875, 13.244139 ], [ 98.55875, 13.243333 ], [ 98.563722, 13.243306 ], [ 98.5625, 13.245417 ] ], [ [ 98.690417, 8.211667 ], [ 98.690417, 8.21 ], [ 98.69375, 8.209139 ], [ 98.690417, 8.211667 ] ], [ [ 98.178778, 12.381667 ], [ 98.178778, 12.380806 ], [ 98.183722, 12.3825 ], [ 98.178778, 12.381667 ] ], [ [ 98.469583, 12.11 ], [ 98.467083, 12.109167 ], [ 98.467083, 12.106639 ], [ 98.469583, 12.105806 ], [ 98.469583, 12.11 ] ], [ [ 93.607944, 14.759194 ], [ 93.604556, 14.759222 ], [ 93.604556, 14.7575 ], [ 93.606694, 14.756278 ], [ 93.607944, 14.759194 ] ], [ [ 98.132056, 12.111667 ], [ 98.128722, 12.110778 ], [ 98.128722, 12.109194 ], [ 98.131667, 12.107861 ], [ 98.132056, 12.111667 ] ], [ [ 97.729167, 12.692056 ], [ 97.727944, 12.690833 ], [ 97.733722, 12.692472 ], [ 97.729167, 12.692056 ] ], [ [ 98.668722, 12.755833 ], [ 98.668722, 12.754167 ], [ 98.672861, 12.756667 ], [ 98.668722, 12.755833 ] ], [ [ 98.621667, 8.350361 ], [ 98.618722, 8.349167 ], [ 98.618722, 8.348306 ], [ 98.622889, 8.3475 ], [ 98.621667, 8.350361 ] ], [ [ 98.572889, 11.033333 ], [ 98.569167, 11.035389 ], [ 98.567944, 11.034139 ], [ 98.571667, 11.031194 ], [ 98.572889, 11.033333 ] ], [ [ 97.714556, 15.677444 ], [ 97.714556, 15.676639 ], [ 97.719583, 15.676611 ], [ 97.714556, 15.677444 ] ], [ [ 98.619611, 12.066639 ], [ 98.619611, 12.064167 ], [ 98.622917, 12.064139 ], [ 98.619611, 12.066639 ] ], [ [ 98.475639, 10.945056 ], [ 98.475639, 10.944194 ], [ 98.480611, 10.946722 ], [ 98.475639, 10.945056 ] ], [ [ 98.080028, 12.32625 ], [ 98.077028, 12.325833 ], [ 98.077028, 12.325028 ], [ 98.080389, 12.3225 ], [ 98.080028, 12.32625 ] ], [ [ 98.157528, 12.229556 ], [ 98.157083, 12.229167 ], [ 98.162083, 12.226639 ], [ 98.157528, 12.229556 ] ], [ [ 93.795444, 18.674194 ], [ 93.795444, 18.672472 ], [ 93.798778, 18.674972 ], [ 93.795444, 18.674194 ] ], [ [ 94.142917, 18.675833 ], [ 94.142917, 18.674972 ], [ 94.147917, 18.674139 ], [ 94.142917, 18.675833 ] ], [ [ 98.376722, 9.197083 ], [ 98.375444, 9.195806 ], [ 98.379083, 9.192833 ], [ 98.376722, 9.197083 ] ], [ [ 93.640389, 19.579972 ], [ 93.637889, 19.579167 ], [ 93.637889, 19.576639 ], [ 93.640028, 19.575389 ], [ 93.640389, 19.579972 ] ], [ [ 98.229056, 10.808389 ], [ 98.224833, 10.809222 ], [ 98.224833, 10.808361 ], [ 98.227778, 10.806306 ], [ 98.229056, 10.808389 ] ], [ [ 98.476611, 10.435028 ], [ 98.473278, 10.433361 ], [ 98.473278, 10.432556 ], [ 98.475444, 10.431306 ], [ 98.476611, 10.435028 ] ], [ [ 93.662944, 19.583333 ], [ 93.662944, 19.582472 ], [ 93.667944, 19.580778 ], [ 93.662944, 19.583333 ] ], [ [ 97.951639, 10.45875 ], [ 97.950417, 10.457472 ], [ 97.954611, 10.456639 ], [ 97.951639, 10.45875 ] ], [ [ 98.482083, 8.23 ], [ 98.479611, 8.23 ], [ 98.479556, 8.226667 ], [ 98.482083, 8.226667 ], [ 98.482083, 8.23 ] ], [ [ 97.990389, 9.729111 ], [ 97.990389, 9.726639 ], [ 97.99375, 9.725806 ], [ 97.990389, 9.729111 ] ], [ [ 97.884583, 10.190833 ], [ 97.882083, 10.190806 ], [ 97.881222, 10.189944 ], [ 97.884194, 10.187889 ], [ 97.884583, 10.190833 ] ], [ [ 98.616639, 8.243694 ], [ 98.614556, 8.2425 ], [ 98.614556, 8.241639 ], [ 98.617917, 8.239972 ], [ 98.616639, 8.243694 ] ], [ [ 97.667111, 11.390806 ], [ 97.667056, 11.388333 ], [ 97.670444, 11.388361 ], [ 97.667111, 11.390806 ] ], [ [ 98.568694, 12.181639 ], [ 98.568694, 12.180833 ], [ 98.573722, 12.183333 ], [ 98.568694, 12.181639 ] ], [ [ 98.464944, 10.785833 ], [ 98.461222, 10.787167 ], [ 98.459972, 10.785833 ], [ 98.463722, 10.783778 ], [ 98.464944, 10.785833 ] ], [ [ 98.0325, 11.311278 ], [ 98.029611, 11.310806 ], [ 98.029583, 11.309139 ], [ 98.032861, 11.308333 ], [ 98.0325, 11.311278 ] ], [ [ 98.262889, 12.019139 ], [ 98.262889, 12.015 ], [ 98.266222, 12.015806 ], [ 98.262889, 12.019139 ] ], [ [ 98.397056, 12.121667 ], [ 98.397056, 12.119139 ], [ 98.400389, 12.119139 ], [ 98.397056, 12.121667 ] ], [ [ 98.45425, 10.516722 ], [ 98.450889, 10.516722 ], [ 98.450944, 10.515056 ], [ 98.453, 10.513778 ], [ 98.45425, 10.516722 ] ], [ [ 98.198722, 13.609167 ], [ 98.198722, 13.607444 ], [ 98.202083, 13.605861 ], [ 98.198722, 13.609167 ] ], [ [ 98.169306, 10.464194 ], [ 98.169306, 10.462528 ], [ 98.173528, 10.463389 ], [ 98.169306, 10.464194 ] ], [ [ 98.722944, 8.144139 ], [ 98.719583, 8.142472 ], [ 98.719583, 8.141667 ], [ 98.721639, 8.140417 ], [ 98.722944, 8.144139 ] ], [ [ 98.566639, 12.614556 ], [ 98.563722, 12.614139 ], [ 98.563722, 12.612472 ], [ 98.567056, 12.611694 ], [ 98.566639, 12.614556 ] ], [ [ 98.560417, 12.736611 ], [ 98.557111, 12.738333 ], [ 98.557111, 12.736611 ], [ 98.558306, 12.734556 ], [ 98.560417, 12.736611 ] ], [ [ 98.2335, 10.640083 ], [ 98.229361, 10.640056 ], [ 98.229389, 10.638389 ], [ 98.233083, 10.637944 ], [ 98.2335, 10.640083 ] ], [ [ 98.464222, 10.957083 ], [ 98.462139, 10.954222 ], [ 98.462139, 10.953417 ], [ 98.46625, 10.955889 ], [ 98.464222, 10.957083 ] ], [ [ 98.295389, 11.269167 ], [ 98.291222, 11.269972 ], [ 98.29125, 11.268306 ], [ 98.294139, 11.267056 ], [ 98.295389, 11.269167 ] ], [ [ 98.285833, 10.846694 ], [ 98.282417, 10.846694 ], [ 98.282472, 10.845028 ], [ 98.285472, 10.843833 ], [ 98.285833, 10.846694 ] ], [ [ 98.47875, 12.218306 ], [ 98.47875, 12.214972 ], [ 98.48125, 12.215833 ], [ 98.47875, 12.218306 ] ], [ [ 98.141222, 12.3625 ], [ 98.137056, 12.363333 ], [ 98.137056, 12.362472 ], [ 98.139139, 12.360417 ], [ 98.141222, 12.3625 ] ], [ [ 98.663722, 12.037472 ], [ 98.663722, 12.036667 ], [ 98.668694, 12.034944 ], [ 98.663722, 12.037472 ] ], [ [ 94.194194, 16.35625 ], [ 94.192889, 16.353306 ], [ 94.192889, 16.352444 ], [ 94.197083, 16.355833 ], [ 94.194194, 16.35625 ] ], [ [ 94.523333, 15.937917 ], [ 94.52125, 15.936611 ], [ 94.52125, 15.935806 ], [ 94.524556, 15.934139 ], [ 94.523333, 15.937917 ] ], [ [ 94.190389, 16.091611 ], [ 94.190389, 16.090806 ], [ 94.194556, 16.092444 ], [ 94.190389, 16.091611 ] ], [ [ 93.641222, 19.5825 ], [ 93.641222, 19.579972 ], [ 93.644556, 19.579167 ], [ 93.641222, 19.5825 ] ], [ [ 93.700444, 19.366639 ], [ 93.700417, 19.364167 ], [ 93.703778, 19.367472 ], [ 93.700444, 19.366639 ] ], [ [ 93.600444, 19.5625 ], [ 93.600444, 19.559972 ], [ 93.60375, 19.559139 ], [ 93.600444, 19.5625 ] ], [ [ 98.058222, 10.140861 ], [ 98.057444, 10.140056 ], [ 98.060778, 10.139194 ], [ 98.058222, 10.140861 ] ], [ [ 93.140417, 19.857472 ], [ 93.140417, 19.856667 ], [ 93.143778, 19.854139 ], [ 93.140417, 19.857472 ] ], [ [ 98.457083, 7.965833 ], [ 98.452889, 7.964167 ], [ 98.452889, 7.963361 ], [ 98.455, 7.962028 ], [ 98.457083, 7.965833 ] ], [ [ 98.467, 10.366667 ], [ 98.467, 10.365056 ], [ 98.471222, 10.365083 ], [ 98.467, 10.366667 ] ], [ [ 98.662861, 8.383333 ], [ 98.662861, 8.382472 ], [ 98.666222, 8.385 ], [ 98.662861, 8.383333 ] ], [ [ 98.193694, 11.888333 ], [ 98.193722, 11.887472 ], [ 98.197917, 11.889139 ], [ 98.193694, 11.888333 ] ], [ [ 98.439583, 12.124167 ], [ 98.439556, 12.122444 ], [ 98.442944, 12.124972 ], [ 98.439583, 12.124167 ] ], [ [ 97.871222, 9.855833 ], [ 97.87125, 9.854167 ], [ 97.875417, 9.855833 ], [ 97.871222, 9.855833 ] ], [ [ 98.199333, 10.977528 ], [ 98.199333, 10.975861 ], [ 98.202639, 10.978333 ], [ 98.199333, 10.977528 ] ], [ [ 98.280389, 11.915833 ], [ 98.280389, 11.914972 ], [ 98.284583, 11.914139 ], [ 98.280389, 11.915833 ] ], [ [ 98.528722, 12.342472 ], [ 98.528722, 12.341667 ], [ 98.532083, 12.344944 ], [ 98.528722, 12.342472 ] ], [ [ 98.223417, 10.041722 ], [ 98.223417, 10.039194 ], [ 98.226778, 10.040056 ], [ 98.223417, 10.041722 ] ], [ [ 97.94125, 12.115833 ], [ 97.938722, 12.114972 ], [ 97.93875, 12.1125 ], [ 97.94125, 12.112528 ], [ 97.94125, 12.115833 ] ], [ [ 98.128611, 10.162528 ], [ 98.128611, 10.159194 ], [ 98.131139, 10.160083 ], [ 98.128611, 10.162528 ] ], [ [ 98.240056, 10.425889 ], [ 98.237556, 10.424222 ], [ 98.236694, 10.423361 ], [ 98.238778, 10.422139 ], [ 98.240056, 10.425889 ] ], [ [ 98.596667, 11.142889 ], [ 98.595389, 11.141667 ], [ 98.599583, 11.140806 ], [ 98.596667, 11.142889 ] ], [ [ 98.240833, 12.964583 ], [ 98.23875, 12.963333 ], [ 98.23875, 12.961667 ], [ 98.242056, 12.961667 ], [ 98.240833, 12.964583 ] ], [ [ 98.643333, 11.120417 ], [ 98.640417, 11.120028 ], [ 98.640417, 11.119167 ], [ 98.643778, 11.1175 ], [ 98.643333, 11.120417 ] ], [ [ 97.942111, 12.22 ], [ 97.942056, 12.218333 ], [ 97.945417, 12.2175 ], [ 97.942111, 12.22 ] ], [ [ 98.703278, 11.58375 ], [ 98.700417, 11.583361 ], [ 98.700417, 11.5825 ], [ 98.703778, 11.580833 ], [ 98.703278, 11.58375 ] ], [ [ 98.584583, 12.766639 ], [ 98.582056, 12.765028 ], [ 98.581278, 12.764167 ], [ 98.583306, 12.762889 ], [ 98.584583, 12.766639 ] ], [ [ 98.152889, 10.173389 ], [ 98.152861, 10.170056 ], [ 98.155389, 10.172528 ], [ 98.152889, 10.173389 ] ], [ [ 98.482083, 8.235 ], [ 98.479611, 8.234139 ], [ 98.47875, 8.233333 ], [ 98.480806, 8.231194 ], [ 98.482083, 8.235 ] ], [ [ 97.937083, 10.555806 ], [ 97.937083, 10.554139 ], [ 97.940417, 10.553278 ], [ 97.937083, 10.555806 ] ], [ [ 98.519889, 10.736722 ], [ 98.519889, 10.735056 ], [ 98.523222, 10.734194 ], [ 98.519889, 10.736722 ] ], [ [ 98.432056, 12.203333 ], [ 98.432111, 12.200806 ], [ 98.435389, 12.201611 ], [ 98.432056, 12.203333 ] ], [ [ 98.00275, 10.162583 ], [ 98.0, 10.164639 ], [ 97.999167, 10.164556 ], [ 97.998361, 10.162083 ], [ 98.00275, 10.162583 ] ], [ [ 98.519083, 9.925306 ], [ 98.516194, 9.924167 ], [ 98.516194, 9.923306 ], [ 98.519611, 9.922444 ], [ 98.519083, 9.925306 ] ], [ [ 98.662917, 11.099139 ], [ 98.662944, 11.095806 ], [ 98.665417, 11.099139 ], [ 98.662917, 11.099139 ] ], [ [ 97.980833, 11.68375 ], [ 97.979611, 11.681611 ], [ 97.979611, 11.680806 ], [ 97.982917, 11.680028 ], [ 97.980833, 11.68375 ] ], [ [ 98.085, 12.305417 ], [ 98.081278, 12.305 ], [ 98.081278, 12.304139 ], [ 98.085417, 12.302472 ], [ 98.085, 12.305417 ] ], [ [ 98.030389, 11.385861 ], [ 98.030417, 11.383333 ], [ 98.033722, 11.385806 ], [ 98.030389, 11.385861 ] ], [ [ 98.155417, 11.843306 ], [ 98.155417, 11.842444 ], [ 98.159556, 11.840861 ], [ 98.155417, 11.843306 ] ], [ [ 93.204611, 19.741667 ], [ 93.202056, 19.741667 ], [ 93.202056, 19.739139 ], [ 93.204611, 19.738333 ], [ 93.204611, 19.741667 ] ], [ [ 93.652889, 18.652528 ], [ 93.652889, 18.650806 ], [ 93.656278, 18.653306 ], [ 93.652889, 18.652528 ] ], [ [ 98.513722, 12.530806 ], [ 98.509556, 12.53 ], [ 98.509556, 12.529139 ], [ 98.511667, 12.527917 ], [ 98.513722, 12.530806 ] ], [ [ 97.783306, 12.251194 ], [ 97.781222, 12.25 ], [ 97.781222, 12.248333 ], [ 97.784556, 12.248333 ], [ 97.783306, 12.251194 ] ], [ [ 93.575389, 19.482472 ], [ 93.575389, 19.481667 ], [ 93.579556, 19.479972 ], [ 93.575389, 19.482472 ] ], [ [ 98.711694, 11.503778 ], [ 98.709583, 11.503306 ], [ 98.709583, 11.499972 ], [ 98.712028, 11.500833 ], [ 98.711694, 11.503778 ] ], [ [ 98.6225, 12.036222 ], [ 98.619611, 12.035 ], [ 98.619611, 12.034139 ], [ 98.622889, 12.033278 ], [ 98.6225, 12.036222 ] ], [ [ 94.485417, 17.759944 ], [ 94.481222, 17.758306 ], [ 94.481222, 17.7575 ], [ 94.484139, 17.757028 ], [ 94.485417, 17.759944 ] ], [ [ 95.107889, 15.94 ], [ 95.107889, 15.938333 ], [ 95.111278, 15.941694 ], [ 95.107889, 15.94 ] ], [ [ 98.456278, 11.354167 ], [ 98.456278, 11.350833 ], [ 98.45875, 11.354972 ], [ 98.456278, 11.354167 ] ], [ [ 93.827861, 19.2675 ], [ 93.827861, 19.266639 ], [ 93.832889, 19.265833 ], [ 93.827861, 19.2675 ] ], [ [ 93.877917, 19.473333 ], [ 93.877917, 19.472472 ], [ 93.882083, 19.474167 ], [ 93.877917, 19.473333 ] ], [ [ 94.032889, 18.994139 ], [ 94.029583, 18.993306 ], [ 94.029583, 18.9925 ], [ 94.0325, 18.991222 ], [ 94.032889, 18.994139 ] ], [ [ 93.654583, 18.659972 ], [ 93.654528, 18.658306 ], [ 93.657917, 18.660833 ], [ 93.654583, 18.659972 ] ], [ [ 94.127056, 18.595028 ], [ 94.127056, 18.594139 ], [ 94.131194, 18.596667 ], [ 94.127056, 18.595028 ] ], [ [ 92.735417, 20.211667 ], [ 92.735417, 20.210806 ], [ 92.739611, 20.213278 ], [ 92.735417, 20.211667 ] ], [ [ 94.074556, 18.661667 ], [ 94.074556, 18.660806 ], [ 94.078722, 18.663306 ], [ 94.074556, 18.661667 ] ], [ [ 93.794583, 19.255778 ], [ 93.794583, 19.254167 ], [ 93.797917, 19.256611 ], [ 93.794583, 19.255778 ] ], [ [ 93.660472, 18.654972 ], [ 93.660444, 18.653361 ], [ 93.66375, 18.655806 ], [ 93.660472, 18.654972 ] ], [ [ 98.653333, 8.373722 ], [ 98.651222, 8.372444 ], [ 98.651222, 8.371639 ], [ 98.654611, 8.370806 ], [ 98.653333, 8.373722 ] ], [ [ 98.117056, 9.765833 ], [ 98.117056, 9.764222 ], [ 98.120361, 9.764972 ], [ 98.117056, 9.765833 ] ], [ [ 98.505139, 10.931722 ], [ 98.501722, 10.930917 ], [ 98.50175, 10.930056 ], [ 98.503833, 10.928778 ], [ 98.505139, 10.931722 ] ], [ [ 98.51125, 10.40425 ], [ 98.51125, 10.401722 ], [ 98.513833, 10.400861 ], [ 98.51125, 10.40425 ] ], [ [ 97.523722, 11.656667 ], [ 97.52375, 11.654139 ], [ 97.52625, 11.653306 ], [ 97.523722, 11.656667 ] ], [ [ 98.016, 10.553389 ], [ 98.016028, 10.551722 ], [ 98.019306, 10.555861 ], [ 98.016, 10.553389 ] ], [ [ 98.659167, 10.976667 ], [ 98.659167, 10.975 ], [ 98.663361, 10.975 ], [ 98.659167, 10.976667 ] ], [ [ 98.215833, 11.905389 ], [ 98.214528, 11.903306 ], [ 98.214528, 11.9025 ], [ 98.217861, 11.903333 ], [ 98.215833, 11.905389 ] ], [ [ 98.469139, 9.899611 ], [ 98.46625, 9.898361 ], [ 98.46625, 9.8975 ], [ 98.469583, 9.896639 ], [ 98.469139, 9.899611 ] ], [ [ 98.544944, 8.157889 ], [ 98.542917, 8.156667 ], [ 98.542917, 8.154944 ], [ 98.546222, 8.154944 ], [ 98.544944, 8.157889 ] ], [ [ 98.505444, 8.336639 ], [ 98.505444, 8.334167 ], [ 98.507917, 8.3375 ], [ 98.505444, 8.336639 ] ], [ [ 98.503778, 8.272472 ], [ 98.503778, 8.271667 ], [ 98.507056, 8.274139 ], [ 98.503778, 8.272472 ] ], [ [ 98.7275, 8.182917 ], [ 98.725444, 8.179167 ], [ 98.726222, 8.179972 ], [ 98.7275, 8.182917 ] ], [ [ 98.59975, 10.951667 ], [ 98.59975, 10.950806 ], [ 98.603944, 10.950806 ], [ 98.59975, 10.951667 ] ], [ [ 98.634556, 11.074194 ], [ 98.634556, 11.072472 ], [ 98.637889, 11.071667 ], [ 98.634556, 11.074194 ] ], [ [ 98.515778, 8.256222 ], [ 98.514583, 8.254167 ], [ 98.513722, 8.253306 ], [ 98.517056, 8.253306 ], [ 98.515778, 8.256222 ] ], [ [ 98.055444, 10.182556 ], [ 98.055444, 10.18175 ], [ 98.059667, 10.181694 ], [ 98.055444, 10.182556 ] ], [ [ 98.032861, 12.234139 ], [ 98.032889, 12.230833 ], [ 98.035389, 12.233306 ], [ 98.032861, 12.234139 ] ], [ [ 98.356222, 12.260833 ], [ 98.356222, 12.259167 ], [ 98.359556, 12.259167 ], [ 98.356222, 12.260833 ] ], [ [ 98.439167, 12.380389 ], [ 98.437889, 12.378306 ], [ 98.437889, 12.3775 ], [ 98.441278, 12.378333 ], [ 98.439167, 12.380389 ] ], [ [ 92.924611, 20.037472 ], [ 92.924611, 20.035806 ], [ 92.927861, 20.034139 ], [ 92.924611, 20.037472 ] ], [ [ 98.563944, 10.982056 ], [ 98.561, 10.980806 ], [ 98.561, 10.98 ], [ 98.564333, 10.979194 ], [ 98.563944, 10.982056 ] ], [ [ 98.157889, 12.262472 ], [ 98.157889, 12.260806 ], [ 98.161222, 12.260806 ], [ 98.157889, 12.262472 ] ], [ [ 98.4565, 10.792556 ], [ 98.456583, 10.790889 ], [ 98.46075, 10.792556 ], [ 98.4565, 10.792556 ] ], [ [ 98.837028, 8.004167 ], [ 98.837056, 8.0025 ], [ 98.840389, 8.004167 ], [ 98.837028, 8.004167 ] ], [ [ 98.646528, 10.986639 ], [ 98.646528, 10.984167 ], [ 98.649056, 10.984167 ], [ 98.646528, 10.986639 ] ], [ [ 98.27125, 11.98 ], [ 98.27125, 11.978278 ], [ 98.274556, 11.976639 ], [ 98.27125, 11.98 ] ], [ [ 98.395417, 12.583333 ], [ 98.395417, 12.581667 ], [ 98.39875, 12.580806 ], [ 98.395417, 12.583333 ] ], [ [ 98.467194, 10.953361 ], [ 98.467194, 10.951694 ], [ 98.4705, 10.952556 ], [ 98.467194, 10.953361 ] ], [ [ 98.435389, 12.291667 ], [ 98.435389, 12.289139 ], [ 98.437917, 12.288333 ], [ 98.435389, 12.291667 ] ], [ [ 98.011694, 11.42875 ], [ 98.007083, 11.428333 ], [ 98.007028, 11.427472 ], [ 98.012083, 11.426667 ], [ 98.011694, 11.42875 ] ], [ [ 98.211611, 10.837111 ], [ 98.209528, 10.835889 ], [ 98.209528, 10.834222 ], [ 98.212917, 10.834222 ], [ 98.211611, 10.837111 ] ], [ [ 98.501222, 12.373333 ], [ 98.501222, 12.370806 ], [ 98.504556, 12.372472 ], [ 98.501222, 12.373333 ] ], [ [ 98.233778, 11.404944 ], [ 98.233778, 11.402472 ], [ 98.237056, 11.404139 ], [ 98.233778, 11.404944 ] ], [ [ 93.640833, 14.875472 ], [ 93.63875, 14.873361 ], [ 93.641667, 14.872083 ], [ 93.640833, 14.875472 ] ], [ [ 97.949611, 12.271639 ], [ 97.949556, 12.268306 ], [ 97.952083, 12.27 ], [ 97.949611, 12.271639 ] ], [ [ 97.964639, 10.9475 ], [ 97.964639, 10.945778 ], [ 97.967917, 10.948333 ], [ 97.964639, 10.9475 ] ], [ [ 97.948778, 12.084972 ], [ 97.948778, 12.083306 ], [ 97.952111, 12.082472 ], [ 97.948778, 12.084972 ] ], [ [ 97.784972, 14.939556 ], [ 97.782056, 14.936611 ], [ 97.785, 14.936222 ], [ 97.784972, 14.939556 ] ], [ [ 97.55125, 16.065833 ], [ 97.55125, 16.064972 ], [ 97.555444, 16.064139 ], [ 97.55125, 16.065833 ] ], [ [ 98.100444, 11.387444 ], [ 98.100444, 11.386639 ], [ 98.104528, 11.385806 ], [ 98.100444, 11.387444 ] ], [ [ 97.564972, 16.515417 ], [ 97.564556, 16.515 ], [ 97.569583, 16.513306 ], [ 97.564972, 16.515417 ] ], [ [ 98.567111, 13.089139 ], [ 98.567111, 13.087472 ], [ 98.570417, 13.09 ], [ 98.567111, 13.089139 ] ], [ [ 98.437111, 11.84 ], [ 98.437083, 11.839139 ], [ 98.44125, 11.838333 ], [ 98.437111, 11.84 ] ], [ [ 93.532889, 19.914972 ], [ 93.532861, 19.911639 ], [ 93.535444, 19.912444 ], [ 93.532889, 19.914972 ] ], [ [ 98.581278, 12.759972 ], [ 98.581278, 12.7575 ], [ 98.58375, 12.7575 ], [ 98.581278, 12.759972 ] ], [ [ 97.792917, 15.218306 ], [ 97.792944, 15.216639 ], [ 97.796222, 15.22 ], [ 97.792917, 15.218306 ] ], [ [ 94.277944, 16.619972 ], [ 94.277917, 16.617444 ], [ 94.280389, 16.620833 ], [ 94.277944, 16.619972 ] ], [ [ 93.629944, 19.700389 ], [ 93.627889, 19.698333 ], [ 93.632056, 19.699139 ], [ 93.629944, 19.700389 ] ], [ [ 97.638889, 8.567917 ], [ 97.639667, 8.564889 ], [ 97.641806, 8.563917 ], [ 97.638889, 8.567917 ] ], [ [ 93.197917, 19.740806 ], [ 93.197917, 19.739944 ], [ 93.201222, 19.738333 ], [ 93.197917, 19.740806 ] ], [ [ 98.177806, 10.682528 ], [ 98.177889, 10.680083 ], [ 98.180444, 10.682556 ], [ 98.177806, 10.682528 ] ], [ [ 97.962083, 9.595 ], [ 97.962028, 9.593278 ], [ 97.965444, 9.593278 ], [ 97.962083, 9.595 ] ], [ [ 92.734556, 20.210806 ], [ 92.731222, 20.21 ], [ 92.731222, 20.209139 ], [ 92.733278, 20.207889 ], [ 92.734556, 20.210806 ] ], [ [ 98.441194, 12.326639 ], [ 98.441194, 12.325833 ], [ 98.445444, 12.327444 ], [ 98.441194, 12.326639 ] ], [ [ 98.487694, 10.403417 ], [ 98.48775, 10.401694 ], [ 98.491111, 10.402556 ], [ 98.487694, 10.403417 ] ], [ [ 98.788722, 8.032472 ], [ 98.786694, 8.032917 ], [ 98.785389, 8.031667 ], [ 98.787472, 8.029528 ], [ 98.788722, 8.032472 ] ], [ [ 98.247389, 10.763806 ], [ 98.246167, 10.762528 ], [ 98.250361, 10.762556 ], [ 98.247389, 10.763806 ] ], [ [ 98.656278, 12.664194 ], [ 98.655389, 12.663333 ], [ 98.659611, 12.663333 ], [ 98.656278, 12.664194 ] ], [ [ 98.532861, 12.442472 ], [ 98.532861, 12.440806 ], [ 98.536194, 12.441667 ], [ 98.532861, 12.442472 ] ], [ [ 98.498333, 8.262889 ], [ 98.495861, 8.262056 ], [ 98.495361, 8.261667 ], [ 98.498778, 8.26 ], [ 98.498333, 8.262889 ] ], [ [ 97.907083, 9.405 ], [ 97.903722, 9.404111 ], [ 97.903722, 9.403306 ], [ 97.905833, 9.402056 ], [ 97.907083, 9.405 ] ], [ [ 98.554139, 8.347083 ], [ 98.553722, 8.346694 ], [ 98.556611, 8.342889 ], [ 98.554139, 8.347083 ] ], [ [ 98.255778, 11.847889 ], [ 98.253694, 11.846639 ], [ 98.253694, 11.845833 ], [ 98.257083, 11.844972 ], [ 98.255778, 11.847889 ] ], [ [ 97.977917, 12.125 ], [ 97.977917, 12.123333 ], [ 97.981222, 12.124944 ], [ 97.977917, 12.125 ] ], [ [ 98.659583, 11.093333 ], [ 98.659583, 11.091667 ], [ 98.662944, 11.092472 ], [ 98.659583, 11.093333 ] ], [ [ 98.179556, 12.3675 ], [ 98.179556, 12.366639 ], [ 98.182889, 12.369167 ], [ 98.179556, 12.3675 ] ], [ [ 98.544528, 8.162472 ], [ 98.544556, 8.160806 ], [ 98.547889, 8.162472 ], [ 98.544528, 8.162472 ] ], [ [ 98.564556, 12.175833 ], [ 98.56375, 12.174972 ], [ 98.567083, 12.174139 ], [ 98.564556, 12.175833 ] ], [ [ 98.184611, 11.994139 ], [ 98.184528, 11.992528 ], [ 98.187917, 11.992472 ], [ 98.184611, 11.994139 ] ], [ [ 98.395389, 13.337528 ], [ 98.395389, 13.335806 ], [ 98.39875, 13.335806 ], [ 98.395389, 13.337528 ] ], [ [ 98.46075, 10.481306 ], [ 98.459528, 10.480028 ], [ 98.462861, 10.478361 ], [ 98.46075, 10.481306 ] ], [ [ 98.238139, 10.830861 ], [ 98.238139, 10.82925 ], [ 98.242306, 10.83 ], [ 98.238139, 10.830861 ] ], [ [ 98.347972, 12.279972 ], [ 98.347889, 12.279111 ], [ 98.351278, 12.281667 ], [ 98.347972, 12.279972 ] ], [ [ 97.979556, 12.225833 ], [ 97.979556, 12.223306 ], [ 97.982083, 12.223306 ], [ 97.979556, 12.225833 ] ], [ [ 98.093722, 11.724139 ], [ 98.09375, 11.721611 ], [ 98.097056, 11.721639 ], [ 98.093722, 11.724139 ] ], [ [ 91.975444, 21.474139 ], [ 91.975444, 21.473278 ], [ 91.979556, 21.474972 ], [ 91.975444, 21.474139 ] ], [ [ 98.180389, 11.951694 ], [ 98.180417, 11.949972 ], [ 98.183722, 11.951639 ], [ 98.180389, 11.951694 ] ], [ [ 97.963306, 12.109556 ], [ 97.961222, 12.108333 ], [ 97.961222, 12.106611 ], [ 97.964556, 12.106639 ], [ 97.963306, 12.109556 ] ], [ [ 98.732083, 8.225833 ], [ 98.732083, 8.224167 ], [ 98.734556, 8.223306 ], [ 98.732083, 8.225833 ] ], [ [ 98.301861, 10.839222 ], [ 98.301861, 10.836694 ], [ 98.304361, 10.836694 ], [ 98.301861, 10.839222 ] ], [ [ 98.219944, 10.180056 ], [ 98.219944, 10.177528 ], [ 98.222444, 10.177528 ], [ 98.219944, 10.180056 ] ], [ [ 98.151694, 12.356278 ], [ 98.149583, 12.354944 ], [ 98.149583, 12.353333 ], [ 98.152917, 12.353333 ], [ 98.151694, 12.356278 ] ], [ [ 93.705389, 14.942583 ], [ 93.705389, 14.941722 ], [ 93.70875, 14.941694 ], [ 93.705389, 14.942583 ] ], [ [ 98.64625, 12.163333 ], [ 98.64625, 12.161667 ], [ 98.649556, 12.161667 ], [ 98.64625, 12.163333 ] ], [ [ 98.294417, 10.092528 ], [ 98.294444, 10.090861 ], [ 98.29775, 10.092528 ], [ 98.294417, 10.092528 ] ], [ [ 98.137056, 12.165028 ], [ 98.133722, 12.164139 ], [ 98.13375, 12.163278 ], [ 98.135861, 12.162083 ], [ 98.137056, 12.165028 ] ], [ [ 98.227917, 11.833306 ], [ 98.227861, 11.830833 ], [ 98.230417, 11.829972 ], [ 98.227917, 11.833306 ] ], [ [ 98.045444, 9.846722 ], [ 98.045444, 9.845 ], [ 98.048694, 9.845 ], [ 98.045444, 9.846722 ] ], [ [ 98.630389, 8.079972 ], [ 98.630389, 8.0775 ], [ 98.632861, 8.0775 ], [ 98.630389, 8.079972 ] ], [ [ 98.729556, 8.190778 ], [ 98.729556, 8.188306 ], [ 98.732028, 8.188306 ], [ 98.729556, 8.190778 ] ], [ [ 98.135, 12.119528 ], [ 98.132083, 12.119194 ], [ 98.132083, 12.118333 ], [ 98.135417, 12.116667 ], [ 98.135, 12.119528 ] ], [ [ 98.058722, 12.17 ], [ 98.056222, 12.169972 ], [ 98.056222, 12.1675 ], [ 98.058361, 12.167056 ], [ 98.058722, 12.17 ] ], [ [ 98.565389, 12.180833 ], [ 98.565389, 12.178306 ], [ 98.567889, 12.178306 ], [ 98.565389, 12.180833 ] ], [ [ 97.96875, 12.125028 ], [ 97.96875, 12.123306 ], [ 97.972083, 12.123306 ], [ 97.96875, 12.125028 ] ], [ [ 98.462889, 11.380806 ], [ 98.462889, 11.378361 ], [ 98.465389, 11.380833 ], [ 98.462889, 11.380806 ] ], [ [ 98.469583, 11.854194 ], [ 98.469583, 11.852472 ], [ 98.473694, 11.853333 ], [ 98.469583, 11.854194 ] ], [ [ 98.419556, 12.214972 ], [ 98.419556, 12.213306 ], [ 98.423778, 12.215778 ], [ 98.419556, 12.214972 ] ], [ [ 98.282917, 12.015 ], [ 98.282917, 12.013333 ], [ 98.286222, 12.012472 ], [ 98.282917, 12.015 ] ], [ [ 97.567861, 11.726639 ], [ 97.565833, 11.727028 ], [ 97.564556, 11.725833 ], [ 97.566694, 11.723722 ], [ 97.567861, 11.726639 ] ], [ [ 97.992472, 10.443722 ], [ 97.99125, 10.442444 ], [ 97.994556, 10.441667 ], [ 97.992472, 10.443722 ] ], [ [ 98.470389, 12.276639 ], [ 98.470389, 12.274167 ], [ 98.472944, 12.274167 ], [ 98.470389, 12.276639 ] ], [ [ 98.645389, 8.255806 ], [ 98.645389, 8.254139 ], [ 98.64875, 8.254139 ], [ 98.645389, 8.255806 ] ], [ [ 97.968333, 12.092056 ], [ 97.96625, 12.090778 ], [ 97.96625, 12.09 ], [ 97.969583, 12.089139 ], [ 97.968333, 12.092056 ] ], [ [ 97.932917, 11.521667 ], [ 97.929583, 11.520833 ], [ 97.929583, 11.519972 ], [ 97.931639, 11.518722 ], [ 97.932917, 11.521667 ] ], [ [ 98.23625, 12.976639 ], [ 98.232889, 12.975833 ], [ 98.232889, 12.974972 ], [ 98.235028, 12.97375 ], [ 98.23625, 12.976639 ] ], [ [ 98.679583, 8.048306 ], [ 98.679583, 8.045833 ], [ 98.682056, 8.045833 ], [ 98.679583, 8.048306 ] ], [ [ 98.404611, 12.585028 ], [ 98.404611, 12.583306 ], [ 98.407917, 12.583306 ], [ 98.404611, 12.585028 ] ], [ [ 94.264972, 16.548722 ], [ 94.263722, 16.547472 ], [ 94.267944, 16.5475 ], [ 94.264972, 16.548722 ] ], [ [ 94.222889, 15.986667 ], [ 94.222889, 15.985806 ], [ 94.226278, 15.988333 ], [ 94.222889, 15.986667 ] ], [ [ 97.483722, 16.530833 ], [ 97.483722, 16.529972 ], [ 97.487056, 16.53 ], [ 97.483722, 16.530833 ] ], [ [ 98.462889, 11.864167 ], [ 98.462889, 11.8625 ], [ 98.466222, 11.8625 ], [ 98.462889, 11.864167 ] ], [ [ 97.921222, 11.976639 ], [ 97.921278, 11.975778 ], [ 97.924556, 11.976667 ], [ 97.921222, 11.976639 ] ], [ [ 97.501639, 11.821194 ], [ 97.500417, 11.82 ], [ 97.50375, 11.819139 ], [ 97.501639, 11.821194 ] ], [ [ 98.168306, 12.269556 ], [ 98.167083, 12.268306 ], [ 98.171222, 12.268306 ], [ 98.168306, 12.269556 ] ], [ [ 94.266222, 16.542444 ], [ 94.266222, 16.541639 ], [ 94.270417, 16.544167 ], [ 94.266222, 16.542444 ] ], [ [ 97.571222, 16.006694 ], [ 97.571222, 16.004972 ], [ 97.574556, 16.004111 ], [ 97.571222, 16.006694 ] ], [ [ 97.785472, 14.306639 ], [ 97.785472, 14.305833 ], [ 97.788722, 14.307528 ], [ 97.785472, 14.306639 ] ], [ [ 94.453722, 17.991667 ], [ 94.453694, 17.990806 ], [ 94.457056, 17.989111 ], [ 94.453722, 17.991667 ] ], [ [ 93.639972, 19.399556 ], [ 93.638694, 19.398306 ], [ 93.642528, 19.397083 ], [ 93.639972, 19.399556 ] ], [ [ 94.387056, 15.8225 ], [ 94.387111, 15.821639 ], [ 94.390389, 15.824167 ], [ 94.387056, 15.8225 ] ], [ [ 98.057056, 13.979139 ], [ 98.057111, 13.975806 ], [ 98.059528, 13.978306 ], [ 98.057056, 13.979139 ] ], [ [ 93.63375, 19.6775 ], [ 93.633722, 19.676639 ], [ 93.637083, 19.679139 ], [ 93.63375, 19.6775 ] ], [ [ 93.246194, 19.834167 ], [ 93.246194, 19.833306 ], [ 93.250389, 19.831639 ], [ 93.246194, 19.834167 ] ], [ [ 94.321667, 16.62125 ], [ 94.319528, 16.618333 ], [ 94.319583, 16.617472 ], [ 94.322028, 16.617472 ], [ 94.321667, 16.62125 ] ], [ [ 93.767083, 19.295833 ], [ 93.767083, 19.294111 ], [ 93.769194, 19.292028 ], [ 93.767083, 19.295833 ] ], [ [ 93.641278, 19.34 ], [ 93.641278, 19.339139 ], [ 93.644583, 19.339167 ], [ 93.641278, 19.34 ] ], [ [ 94.027889, 18.850028 ], [ 94.027944, 18.849167 ], [ 94.032861, 18.845806 ], [ 94.027889, 18.850028 ] ], [ [ 98.362833, 9.072472 ], [ 98.362833, 9.07075 ], [ 98.365417, 9.073306 ], [ 98.362833, 9.072472 ] ], [ [ 98.048833, 10.163417 ], [ 98.048889, 10.162556 ], [ 98.05225, 10.164222 ], [ 98.048833, 10.163417 ] ], [ [ 98.46875, 9.488306 ], [ 98.46875, 9.487556 ], [ 98.472111, 9.489917 ], [ 98.46875, 9.488306 ] ], [ [ 98.699528, 11.589944 ], [ 98.699528, 11.588361 ], [ 98.702917, 11.589972 ], [ 98.699528, 11.589944 ] ], [ [ 98.030361, 12.006667 ], [ 98.030361, 12.004139 ], [ 98.03375, 12.005 ], [ 98.030361, 12.006667 ] ], [ [ 98.36625, 9.092528 ], [ 98.36625, 9.090806 ], [ 98.369556, 9.093278 ], [ 98.36625, 9.092528 ] ], [ [ 98.558694, 13.199194 ], [ 98.558694, 13.198333 ], [ 98.562917, 13.2 ], [ 98.558694, 13.199194 ] ], [ [ 98.289, 10.75925 ], [ 98.288944, 10.757528 ], [ 98.292333, 10.757528 ], [ 98.289, 10.75925 ] ], [ [ 98.532083, 9.913278 ], [ 98.529194, 9.914528 ], [ 98.528667, 9.914139 ], [ 98.530833, 9.91125 ], [ 98.532083, 9.913278 ] ], [ [ 98.069194, 13.951222 ], [ 98.067056, 13.949167 ], [ 98.070444, 13.948306 ], [ 98.069194, 13.951222 ] ], [ [ 97.866667, 11.70375 ], [ 97.865389, 11.7025 ], [ 97.869611, 11.7025 ], [ 97.866667, 11.70375 ] ], [ [ 98.321528, 10.170056 ], [ 98.321528, 10.168389 ], [ 98.324889, 10.168389 ], [ 98.321528, 10.170056 ] ], [ [ 98.725417, 11.241639 ], [ 98.725417, 11.240028 ], [ 98.72875, 11.240833 ], [ 98.725417, 11.241639 ] ], [ [ 98.752472, 8.05375 ], [ 98.750417, 8.0525 ], [ 98.749583, 8.051694 ], [ 98.752889, 8.051694 ], [ 98.752472, 8.05375 ] ], [ [ 98.449528, 10.465028 ], [ 98.449583, 10.464222 ], [ 98.452944, 10.465028 ], [ 98.449528, 10.465028 ] ], [ [ 98.38875, 12.109194 ], [ 98.38875, 12.106667 ], [ 98.391278, 12.106667 ], [ 98.38875, 12.109194 ] ], [ [ 98.28125, 11.807472 ], [ 98.281194, 11.805028 ], [ 98.284583, 11.805028 ], [ 98.28125, 11.807472 ] ], [ [ 98.310389, 9.140833 ], [ 98.307917, 9.139972 ], [ 98.307917, 9.138361 ], [ 98.310056, 9.137861 ], [ 98.310389, 9.140833 ] ], [ [ 98.044778, 10.143417 ], [ 98.044833, 10.14175 ], [ 98.047306, 10.144222 ], [ 98.044778, 10.143417 ] ], [ [ 98.232917, 12.984944 ], [ 98.232917, 12.983333 ], [ 98.236278, 12.984972 ], [ 98.232917, 12.984944 ] ], [ [ 98.461222, 12.095778 ], [ 98.46125, 12.094167 ], [ 98.46375, 12.093333 ], [ 98.461222, 12.095778 ] ], [ [ 98.128722, 10.511694 ], [ 98.128722, 10.510889 ], [ 98.132028, 10.510028 ], [ 98.128722, 10.511694 ] ], [ [ 98.5125, 8.197083 ], [ 98.51125, 8.195806 ], [ 98.514583, 8.194139 ], [ 98.5125, 8.197083 ] ], [ [ 97.935389, 12.0575 ], [ 97.935417, 12.055833 ], [ 97.938722, 12.0575 ], [ 97.935389, 12.0575 ] ], [ [ 98.294167, 9.166194 ], [ 98.293722, 9.165806 ], [ 98.296722, 9.162806 ], [ 98.294167, 9.166194 ] ], [ [ 98.422056, 11.922472 ], [ 98.422083, 11.920806 ], [ 98.424583, 11.923333 ], [ 98.422056, 11.922472 ] ], [ [ 98.287083, 11.210806 ], [ 98.287083, 11.209139 ], [ 98.290417, 11.208306 ], [ 98.287083, 11.210806 ] ], [ [ 98.567472, 13.144611 ], [ 98.565417, 13.142472 ], [ 98.568722, 13.142472 ], [ 98.567472, 13.144611 ] ], [ [ 98.032889, 12.274111 ], [ 98.032917, 12.273306 ], [ 98.036222, 12.272528 ], [ 98.032889, 12.274111 ] ], [ [ 98.480417, 8.246667 ], [ 98.480417, 8.245 ], [ 98.482889, 8.244139 ], [ 98.480417, 8.246667 ] ], [ [ 98.237056, 11.875806 ], [ 98.237056, 11.875 ], [ 98.240389, 11.874167 ], [ 98.237056, 11.875806 ] ], [ [ 98.487056, 13.304139 ], [ 98.487056, 13.302472 ], [ 98.489167, 13.299528 ], [ 98.487056, 13.304139 ] ], [ [ 98.710389, 12.0075 ], [ 98.710389, 12.005833 ], [ 98.713694, 12.005833 ], [ 98.710389, 12.0075 ] ], [ [ 98.107889, 12.4275 ], [ 98.107889, 12.425778 ], [ 98.111194, 12.425778 ], [ 98.107889, 12.4275 ] ], [ [ 98.311222, 12.698306 ], [ 98.311222, 12.695778 ], [ 98.313722, 12.696639 ], [ 98.311222, 12.698306 ] ], [ [ 98.530389, 12.778306 ], [ 98.530389, 12.776639 ], [ 98.532917, 12.775806 ], [ 98.530389, 12.778306 ] ], [ [ 98.602917, 12.794167 ], [ 98.602917, 12.7925 ], [ 98.605417, 12.791639 ], [ 98.602917, 12.794167 ] ], [ [ 98.232083, 11.867472 ], [ 98.232083, 11.866611 ], [ 98.235389, 11.865833 ], [ 98.232083, 11.867472 ] ], [ [ 98.46875, 8.292472 ], [ 98.46875, 8.291667 ], [ 98.472083, 8.290806 ], [ 98.46875, 8.292472 ] ], [ [ 98.177056, 12.385806 ], [ 98.177056, 12.383278 ], [ 98.179583, 12.384139 ], [ 98.177056, 12.385806 ] ], [ [ 98.468722, 11.864167 ], [ 98.468722, 11.863306 ], [ 98.472056, 11.863306 ], [ 98.468722, 11.864167 ] ], [ [ 98.662917, 11.304972 ], [ 98.662917, 11.303306 ], [ 98.666194, 11.303306 ], [ 98.662917, 11.304972 ] ], [ [ 98.43375, 12.285806 ], [ 98.433694, 12.284139 ], [ 98.436222, 12.286667 ], [ 98.43375, 12.285806 ] ], [ [ 98.497111, 12.302528 ], [ 98.497111, 12.300806 ], [ 98.499611, 12.3 ], [ 98.497111, 12.302528 ] ], [ [ 98.557917, 12.729139 ], [ 98.557917, 12.7275 ], [ 98.56125, 12.729167 ], [ 98.557917, 12.729139 ] ], [ [ 98.421222, 12.219167 ], [ 98.421222, 12.218306 ], [ 98.425389, 12.2175 ], [ 98.421222, 12.219167 ] ], [ [ 98.038722, 11.641694 ], [ 98.038722, 11.639167 ], [ 98.041222, 11.639972 ], [ 98.038722, 11.641694 ] ], [ [ 98.620389, 11.149972 ], [ 98.620389, 11.149167 ], [ 98.62375, 11.150833 ], [ 98.620389, 11.149972 ] ], [ [ 98.444556, 13.304972 ], [ 98.444556, 13.304167 ], [ 98.447917, 13.305833 ], [ 98.444556, 13.304972 ] ], [ [ 98.322917, 12.675833 ], [ 98.322917, 12.673306 ], [ 98.325389, 12.674111 ], [ 98.322917, 12.675833 ] ], [ [ 98.660444, 12.035806 ], [ 98.660444, 12.034139 ], [ 98.663722, 12.034139 ], [ 98.660444, 12.035806 ] ], [ [ 98.283778, 11.415806 ], [ 98.283722, 11.415 ], [ 98.287083, 11.414139 ], [ 98.283778, 11.415806 ] ], [ [ 97.965778, 12.087861 ], [ 97.964556, 12.086639 ], [ 97.968722, 12.086667 ], [ 97.965778, 12.087861 ] ], [ [ 98.087833, 14.166611 ], [ 98.087, 14.165806 ], [ 98.091167, 14.169083 ], [ 98.087833, 14.166611 ] ], [ [ 98.452917, 13.368306 ], [ 98.452917, 13.366639 ], [ 98.455417, 13.369167 ], [ 98.452917, 13.368306 ] ], [ [ 98.230417, 12.3475 ], [ 98.230417, 12.344972 ], [ 98.232889, 12.345833 ], [ 98.230417, 12.3475 ] ], [ [ 98.001639, 11.975389 ], [ 98.0, 11.975389 ], [ 98.001639, 11.972861 ], [ 98.001639, 11.975389 ] ], [ [ 94.138306, 18.814611 ], [ 94.137083, 18.813278 ], [ 94.141278, 18.813333 ], [ 94.138306, 18.814611 ] ], [ [ 98.027056, 12.398278 ], [ 98.027111, 12.397472 ], [ 98.030389, 12.399972 ], [ 98.027056, 12.398278 ] ], [ [ 98.69625, 11.607472 ], [ 98.69625, 11.605806 ], [ 98.699583, 11.605806 ], [ 98.69625, 11.607472 ] ], [ [ 97.810417, 12.697472 ], [ 97.810417, 12.695 ], [ 97.812861, 12.6975 ], [ 97.810417, 12.697472 ] ], [ [ 93.852861, 19.3 ], [ 93.852861, 19.298333 ], [ 93.85625, 19.298306 ], [ 93.852861, 19.3 ] ], [ [ 98.542917, 12.888306 ], [ 98.542917, 12.886639 ], [ 98.546222, 12.8875 ], [ 98.542917, 12.888306 ] ], [ [ 93.608722, 19.663278 ], [ 93.608722, 19.661667 ], [ 93.611278, 19.660806 ], [ 93.608722, 19.663278 ] ], [ [ 98.327917, 11.791639 ], [ 98.327917, 11.789167 ], [ 98.330389, 11.789167 ], [ 98.327917, 11.791639 ] ], [ [ 93.742917, 18.611611 ], [ 93.742889, 18.610806 ], [ 93.746194, 18.61 ], [ 93.742917, 18.611611 ] ], [ [ 92.983722, 20.054167 ], [ 92.983722, 20.051667 ], [ 92.98625, 20.051667 ], [ 92.983722, 20.054167 ] ], [ [ 98.001139, 10.862056 ], [ 98.001139, 10.859972 ], [ 98.004639, 10.860861 ], [ 98.001139, 10.862056 ] ], [ [ 93.586278, 19.781639 ], [ 93.58625, 19.780833 ], [ 93.589528, 19.783333 ], [ 93.586278, 19.781639 ] ], [ [ 93.228778, 19.860833 ], [ 93.228778, 19.858306 ], [ 93.231194, 19.858306 ], [ 93.228778, 19.860833 ] ], [ [ 97.927889, 11.289139 ], [ 97.927889, 11.288278 ], [ 97.932111, 11.289972 ], [ 97.927889, 11.289139 ] ], [ [ 98.28, 10.101694 ], [ 98.279194, 10.100889 ], [ 98.282611, 10.102556 ], [ 98.28, 10.101694 ] ], [ [ 98.658722, 8.38 ], [ 98.658722, 8.378333 ], [ 98.66125, 8.380806 ], [ 98.658722, 8.38 ] ], [ [ 98.093667, 10.846722 ], [ 98.093639, 10.845056 ], [ 98.096167, 10.845056 ], [ 98.093667, 10.846722 ] ], [ [ 98.025361, 9.703389 ], [ 98.025389, 9.701667 ], [ 98.027917, 9.700806 ], [ 98.025361, 9.703389 ] ], [ [ 98.78625, 8.037444 ], [ 98.786194, 8.035861 ], [ 98.788722, 8.035 ], [ 98.78625, 8.037444 ] ], [ [ 98.589528, 9.961583 ], [ 98.589528, 9.959222 ], [ 98.592028, 9.959972 ], [ 98.589528, 9.961583 ] ], [ [ 98.119556, 12.4075 ], [ 98.119556, 12.405833 ], [ 98.122111, 12.404972 ], [ 98.119556, 12.4075 ] ], [ [ 98.032889, 12.228306 ], [ 98.032889, 12.226694 ], [ 98.035444, 12.226639 ], [ 98.032889, 12.228306 ] ], [ [ 98.692889, 8.202472 ], [ 98.692889, 8.201611 ], [ 98.696222, 8.203333 ], [ 98.692889, 8.202472 ] ], [ [ 98.461222, 8.094139 ], [ 98.461222, 8.092472 ], [ 98.46375, 8.091611 ], [ 98.461222, 8.094139 ] ], [ [ 98.160361, 12.2325 ], [ 98.160389, 12.230778 ], [ 98.162917, 12.229972 ], [ 98.160361, 12.2325 ] ], [ [ 98.437889, 12.615806 ], [ 98.437917, 12.614139 ], [ 98.440417, 12.613333 ], [ 98.437889, 12.615806 ] ], [ [ 98.664111, 10.984139 ], [ 98.664194, 10.983333 ], [ 98.667528, 10.984139 ], [ 98.664111, 10.984139 ] ], [ [ 98.530361, 12.945806 ], [ 98.530361, 12.943278 ], [ 98.532889, 12.944139 ], [ 98.530361, 12.945806 ] ], [ [ 97.934167, 12.101222 ], [ 97.932889, 12.099972 ], [ 97.935861, 12.098722 ], [ 97.934167, 12.101222 ] ], [ [ 98.256722, 10.445861 ], [ 98.256722, 10.44425 ], [ 98.260028, 10.445056 ], [ 98.256722, 10.445861 ] ], [ [ 98.182056, 12.033333 ], [ 98.182056, 12.031667 ], [ 98.184611, 12.030806 ], [ 98.182056, 12.033333 ] ], [ [ 98.437861, 11.545806 ], [ 98.437083, 11.544944 ], [ 98.440389, 11.544944 ], [ 98.437861, 11.545806 ] ], [ [ 98.487056, 11.872472 ], [ 98.487056, 11.870806 ], [ 98.489583, 11.871667 ], [ 98.487056, 11.872472 ] ], [ [ 98.281222, 11.363306 ], [ 98.280417, 11.3625 ], [ 98.283722, 11.364194 ], [ 98.281222, 11.363306 ] ], [ [ 97.867861, 10.197472 ], [ 97.867861, 10.196611 ], [ 97.871222, 10.1975 ], [ 97.867861, 10.197472 ] ], [ [ 98.557889, 12.733333 ], [ 98.557917, 12.731611 ], [ 98.561222, 12.7325 ], [ 98.557889, 12.733333 ] ], [ [ 98.148722, 11.476667 ], [ 98.147917, 11.475806 ], [ 98.15125, 11.475 ], [ 98.148722, 11.476667 ] ], [ [ 98.121222, 12.368278 ], [ 98.121222, 12.366694 ], [ 98.123722, 12.365833 ], [ 98.121222, 12.368278 ] ], [ [ 97.965417, 10.344972 ], [ 97.965417, 10.343306 ], [ 97.967917, 10.345806 ], [ 97.965417, 10.344972 ] ], [ [ 98.696222, 8.208333 ], [ 98.69375, 8.207472 ], [ 98.69375, 8.206611 ], [ 98.695833, 8.205417 ], [ 98.696222, 8.208333 ] ], [ [ 98.642889, 12.045833 ], [ 98.642889, 12.044972 ], [ 98.647083, 12.045778 ], [ 98.642889, 12.045833 ] ], [ [ 98.535444, 9.799222 ], [ 98.535472, 9.798361 ], [ 98.538667, 9.799972 ], [ 98.535444, 9.799222 ] ], [ [ 98.650389, 12.634139 ], [ 98.649528, 12.633333 ], [ 98.652917, 12.634944 ], [ 98.650389, 12.634139 ] ], [ [ 98.365278, 10.282528 ], [ 98.365278, 10.280861 ], [ 98.367778, 10.283389 ], [ 98.365278, 10.282528 ] ], [ [ 98.621222, 12.714139 ], [ 98.621222, 12.712472 ], [ 98.624583, 12.713306 ], [ 98.621222, 12.714139 ] ], [ [ 97.583722, 15.871667 ], [ 97.58375, 15.870806 ], [ 97.587083, 15.869972 ], [ 97.583722, 15.871667 ] ], [ [ 98.31375, 9.051667 ], [ 98.31375, 9.05 ], [ 98.316306, 9.049139 ], [ 98.31375, 9.051667 ] ], [ [ 98.142889, 12.131667 ], [ 98.142889, 12.129944 ], [ 98.14625, 12.131639 ], [ 98.142889, 12.131667 ] ], [ [ 98.417472, 12.092889 ], [ 98.417083, 12.092472 ], [ 98.421222, 12.091694 ], [ 98.417472, 12.092889 ] ], [ [ 98.327889, 12.829944 ], [ 98.327889, 12.828278 ], [ 98.330417, 12.8275 ], [ 98.327889, 12.829944 ] ], [ [ 97.98625, 10.438306 ], [ 97.98625, 10.435778 ], [ 97.98875, 10.436639 ], [ 97.98625, 10.438306 ] ], [ [ 98.17625, 12.368278 ], [ 98.17625, 12.365833 ], [ 98.178722, 12.366694 ], [ 98.17625, 12.368278 ] ], [ [ 98.240389, 12.283333 ], [ 98.240389, 12.281667 ], [ 98.242889, 12.284139 ], [ 98.240389, 12.283333 ] ], [ [ 98.623333, 11.095417 ], [ 98.622111, 11.094167 ], [ 98.625, 11.092889 ], [ 98.623333, 11.095417 ] ], [ [ 94.587889, 17.308306 ], [ 94.587889, 17.307444 ], [ 94.591222, 17.306667 ], [ 94.587889, 17.308306 ] ], [ [ 93.512056, 18.808306 ], [ 93.512056, 18.806639 ], [ 93.514583, 18.805833 ], [ 93.512056, 18.808306 ] ], [ [ 98.327528, 12.957083 ], [ 98.326194, 12.955806 ], [ 98.329139, 12.954556 ], [ 98.327528, 12.957083 ] ], [ [ 98.348722, 12.275 ], [ 98.348722, 12.273333 ], [ 98.351222, 12.275861 ], [ 98.348722, 12.275 ] ], [ [ 98.082111, 11.839111 ], [ 98.082056, 11.838333 ], [ 98.085417, 11.84 ], [ 98.082111, 11.839111 ] ], [ [ 98.467472, 11.097889 ], [ 98.465444, 11.096667 ], [ 98.465389, 11.095806 ], [ 98.467889, 11.094972 ], [ 98.467472, 11.097889 ] ], [ [ 97.934611, 12.207444 ], [ 97.934611, 12.206639 ], [ 97.937917, 12.206667 ], [ 97.934611, 12.207444 ] ], [ [ 98.4425, 12.616222 ], [ 98.441222, 12.614944 ], [ 98.444194, 12.61375 ], [ 98.4425, 12.616222 ] ], [ [ 98.419583, 12.231611 ], [ 98.419583, 12.229139 ], [ 98.422028, 12.230028 ], [ 98.419583, 12.231611 ] ], [ [ 98.138722, 12.159972 ], [ 98.138722, 12.158306 ], [ 98.141222, 12.160778 ], [ 98.138722, 12.159972 ] ], [ [ 97.840444, 9.905 ], [ 97.840444, 9.904139 ], [ 97.843722, 9.903333 ], [ 97.840444, 9.905 ] ], [ [ 93.713722, 19.320833 ], [ 93.713694, 19.319111 ], [ 93.71625, 19.318306 ], [ 93.713722, 19.320833 ] ], [ [ 98.243722, 10.509222 ], [ 98.243722, 10.507556 ], [ 98.246194, 10.507556 ], [ 98.243722, 10.509222 ] ], [ [ 97.94375, 12.055861 ], [ 97.94375, 12.054139 ], [ 97.947083, 12.055 ], [ 97.94375, 12.055861 ] ], [ [ 98.575389, 11.102472 ], [ 98.575389, 11.100806 ], [ 98.578694, 11.101694 ], [ 98.575389, 11.102472 ] ], [ [ 94.287944, 16.629167 ], [ 94.287944, 16.628361 ], [ 94.291222, 16.630806 ], [ 94.287944, 16.629167 ] ], [ [ 98.037056, 12.270806 ], [ 98.034556, 12.269972 ], [ 98.034556, 12.269111 ], [ 98.036694, 12.267917 ], [ 98.037056, 12.270806 ] ], [ [ 97.975444, 12.4925 ], [ 97.975417, 12.489972 ], [ 97.977917, 12.49 ], [ 97.975444, 12.4925 ] ], [ [ 98.2275, 12.371194 ], [ 98.226222, 12.369972 ], [ 98.229167, 12.368722 ], [ 98.2275, 12.371194 ] ], [ [ 94.477917, 17.789944 ], [ 94.477861, 17.788361 ], [ 94.480417, 17.787472 ], [ 94.477917, 17.789944 ] ], [ [ 97.718722, 15.181639 ], [ 97.718722, 15.180028 ], [ 97.721222, 15.179167 ], [ 97.718722, 15.181639 ] ], [ [ 94.57125, 16.226639 ], [ 94.57125, 16.225778 ], [ 94.574583, 16.2275 ], [ 94.57125, 16.226639 ] ], [ [ 94.227917, 16.420778 ], [ 94.227917, 16.418306 ], [ 94.230417, 16.419167 ], [ 94.227917, 16.420778 ] ], [ [ 94.222944, 16.417472 ], [ 94.222889, 16.415806 ], [ 94.225444, 16.418333 ], [ 94.222944, 16.417472 ] ], [ [ 98.549583, 12.0975 ], [ 98.549583, 12.096639 ], [ 98.552889, 12.098306 ], [ 98.549583, 12.0975 ] ], [ [ 98.20875, 12.460833 ], [ 98.20875, 12.459167 ], [ 98.21125, 12.459167 ], [ 98.20875, 12.460833 ] ], [ [ 98.057917, 12.460806 ], [ 98.057917, 12.459139 ], [ 98.060389, 12.459139 ], [ 98.057917, 12.460806 ] ], [ [ 98.562917, 13.145806 ], [ 98.562917, 13.145 ], [ 98.56625, 13.145 ], [ 98.562917, 13.145806 ] ], [ [ 93.769556, 18.621667 ], [ 93.769556, 18.62 ], [ 93.772083, 18.622444 ], [ 93.769556, 18.621667 ] ], [ [ 97.789556, 14.986639 ], [ 97.789556, 14.984972 ], [ 97.792028, 14.984139 ], [ 97.789556, 14.986639 ] ], [ [ 94.155389, 18.758333 ], [ 94.155389, 18.757528 ], [ 94.15875, 18.756639 ], [ 94.155389, 18.758333 ] ], [ [ 93.302056, 19.441639 ], [ 93.302056, 19.440833 ], [ 93.305361, 19.4425 ], [ 93.302056, 19.441639 ] ], [ [ 92.92375, 20.076667 ], [ 92.92375, 20.075861 ], [ 92.927917, 20.077472 ], [ 92.92375, 20.076667 ] ], [ [ 98.100444, 12.351639 ], [ 98.099556, 12.350833 ], [ 98.102861, 12.3525 ], [ 98.100444, 12.351639 ] ], [ [ 94.416194, 16.941667 ], [ 94.416194, 16.940861 ], [ 94.419583, 16.939167 ], [ 94.416194, 16.941667 ] ], [ [ 92.536194, 20.196611 ], [ 92.536194, 20.195833 ], [ 92.539556, 20.194972 ], [ 92.536194, 20.196611 ] ], [ [ 93.64625, 19.645833 ], [ 93.646278, 19.645028 ], [ 93.649556, 19.646611 ], [ 93.64625, 19.645833 ] ], [ [ 93.230417, 19.849167 ], [ 93.230417, 19.848306 ], [ 93.233722, 19.846639 ], [ 93.230417, 19.849167 ] ], [ [ 93.535444, 19.764167 ], [ 93.535389, 19.763306 ], [ 93.53875, 19.765028 ], [ 93.535444, 19.764167 ] ], [ [ 93.583778, 19.695833 ], [ 93.58375, 19.694139 ], [ 93.58625, 19.693306 ], [ 93.583778, 19.695833 ] ], [ [ 93.67375, 19.604111 ], [ 93.671222, 19.603333 ], [ 93.671222, 19.602472 ], [ 93.673361, 19.60125 ], [ 93.67375, 19.604111 ] ], [ [ 93.754556, 19.265806 ], [ 93.754556, 19.265028 ], [ 93.757917, 19.264139 ], [ 93.754556, 19.265806 ] ], [ [ 93.942944, 18.884972 ], [ 93.942944, 18.884167 ], [ 93.946222, 18.883333 ], [ 93.942944, 18.884972 ] ], [ [ 93.70875, 19.320806 ], [ 93.70875, 19.32 ], [ 93.712083, 19.319139 ], [ 93.70875, 19.320806 ] ], [ [ 98.041194, 9.840722 ], [ 98.041194, 9.838389 ], [ 98.04375, 9.838389 ], [ 98.041194, 9.840722 ] ], [ [ 93.404611, 20.100806 ], [ 93.404611, 20.099944 ], [ 93.40875, 20.1 ], [ 93.404611, 20.100806 ] ], [ [ 92.727917, 20.258306 ], [ 92.727917, 20.2575 ], [ 92.731194, 20.256639 ], [ 92.727917, 20.258306 ] ], [ [ 98.639139, 8.230417 ], [ 98.637056, 8.228278 ], [ 98.640417, 8.228278 ], [ 98.639139, 8.230417 ] ], [ [ 98.135528, 10.971667 ], [ 98.135556, 10.970056 ], [ 98.138194, 10.970083 ], [ 98.135528, 10.971667 ] ], [ [ 98.246833, 10.232139 ], [ 98.245556, 10.230889 ], [ 98.248972, 10.230889 ], [ 98.246833, 10.232139 ] ], [ [ 98.472056, 12.078361 ], [ 98.472056, 12.0775 ], [ 98.475417, 12.078306 ], [ 98.472056, 12.078361 ] ], [ [ 98.387944, 9.704222 ], [ 98.387083, 9.703361 ], [ 98.390361, 9.704972 ], [ 98.387944, 9.704222 ] ], [ [ 98.486389, 10.840028 ], [ 98.486389, 10.839222 ], [ 98.48975, 10.840028 ], [ 98.486389, 10.840028 ] ], [ [ 98.346167, 9.183306 ], [ 98.346167, 9.181583 ], [ 98.34875, 9.181583 ], [ 98.346167, 9.183306 ] ], [ [ 98.685389, 11.4925 ], [ 98.685389, 11.491694 ], [ 98.68875, 11.491694 ], [ 98.685389, 11.4925 ] ], [ [ 98.042889, 11.361667 ], [ 98.042917, 11.36 ], [ 98.045444, 11.361667 ], [ 98.042889, 11.361667 ] ], [ [ 98.615389, 8.2325 ], [ 98.615389, 8.230833 ], [ 98.617917, 8.230833 ], [ 98.615389, 8.2325 ] ], [ [ 98.172028, 12.313333 ], [ 98.172028, 12.311667 ], [ 98.174611, 12.311611 ], [ 98.172028, 12.313333 ] ], [ [ 98.26375, 12.488306 ], [ 98.263694, 12.486639 ], [ 98.266278, 12.486667 ], [ 98.26375, 12.488306 ] ], [ [ 98.505389, 12.3 ], [ 98.505389, 12.298278 ], [ 98.507917, 12.298278 ], [ 98.505389, 12.3 ] ], [ [ 98.261194, 12.248306 ], [ 98.261194, 12.245833 ], [ 98.263722, 12.2475 ], [ 98.261194, 12.248306 ] ], [ [ 98.206194, 12.248306 ], [ 98.206194, 12.247444 ], [ 98.20875, 12.246667 ], [ 98.206194, 12.248306 ] ], [ [ 98.407056, 12.1725 ], [ 98.407056, 12.171639 ], [ 98.410444, 12.171667 ], [ 98.407056, 12.1725 ] ], [ [ 98.024556, 12.382472 ], [ 98.024556, 12.380833 ], [ 98.027111, 12.380833 ], [ 98.024556, 12.382472 ] ], [ [ 98.668694, 11.113333 ], [ 98.668694, 11.111667 ], [ 98.671278, 11.111667 ], [ 98.668694, 11.113333 ] ], [ [ 97.960417, 9.889194 ], [ 97.960417, 9.887472 ], [ 97.962917, 9.887472 ], [ 97.960417, 9.889194 ] ], [ [ 98.583722, 11.860806 ], [ 98.583722, 11.859139 ], [ 98.58625, 11.859139 ], [ 98.583722, 11.860806 ] ], [ [ 98.161194, 10.175083 ], [ 98.16125, 10.173361 ], [ 98.163722, 10.175083 ], [ 98.161194, 10.175083 ] ], [ [ 97.87625, 9.494139 ], [ 97.87625, 9.492528 ], [ 97.87875, 9.492472 ], [ 97.87625, 9.494139 ] ], [ [ 98.302083, 12.572472 ], [ 98.302028, 12.570806 ], [ 98.304639, 12.570833 ], [ 98.302083, 12.572472 ] ], [ [ 98.457861, 10.478417 ], [ 98.457861, 10.475889 ], [ 98.460361, 10.476694 ], [ 98.457861, 10.478417 ] ], [ [ 98.644556, 11.1125 ], [ 98.644556, 11.111639 ], [ 98.647889, 11.1125 ], [ 98.644556, 11.1125 ] ], [ [ 98.186306, 10.680833 ], [ 98.186306, 10.678361 ], [ 98.188806, 10.680056 ], [ 98.186306, 10.680833 ] ], [ [ 98.46375, 11.539139 ], [ 98.46375, 11.537472 ], [ 98.46625, 11.537472 ], [ 98.46375, 11.539139 ] ], [ [ 98.554556, 12.153306 ], [ 98.554556, 12.151667 ], [ 98.557111, 12.153333 ], [ 98.554556, 12.153306 ] ], [ [ 98.689583, 8.088333 ], [ 98.689583, 8.086667 ], [ 98.692056, 8.086611 ], [ 98.689583, 8.088333 ] ], [ [ 98.627056, 8.042444 ], [ 98.627056, 8.040778 ], [ 98.629556, 8.042472 ], [ 98.627056, 8.042444 ] ], [ [ 97.94375, 11.344167 ], [ 97.943694, 11.3425 ], [ 97.94625, 11.3425 ], [ 97.94375, 11.344167 ] ], [ [ 98.205417, 11.46 ], [ 98.205417, 11.458333 ], [ 98.207944, 11.458278 ], [ 98.205417, 11.46 ] ], [ [ 98.568722, 12.175861 ], [ 98.567889, 12.175 ], [ 98.571222, 12.176667 ], [ 98.568722, 12.175861 ] ], [ [ 98.497889, 12.374194 ], [ 98.497889, 12.372472 ], [ 98.500389, 12.372472 ], [ 98.497889, 12.374194 ] ], [ [ 98.561222, 12.191694 ], [ 98.561222, 12.189972 ], [ 98.563722, 12.189972 ], [ 98.561222, 12.191694 ] ], [ [ 98.132028, 12.274167 ], [ 98.132056, 12.2725 ], [ 98.134556, 12.274167 ], [ 98.132028, 12.274167 ] ], [ [ 98.153722, 12.354139 ], [ 98.153694, 12.351639 ], [ 98.15625, 12.353361 ], [ 98.153722, 12.354139 ] ], [ [ 98.317083, 11.286639 ], [ 98.317083, 11.285028 ], [ 98.319583, 11.284972 ], [ 98.317083, 11.286639 ] ], [ [ 98.662083, 11.156639 ], [ 98.662083, 11.155028 ], [ 98.664583, 11.154972 ], [ 98.662083, 11.156639 ] ], [ [ 97.99375, 9.724139 ], [ 97.99375, 9.723333 ], [ 97.997083, 9.722472 ], [ 97.99375, 9.724139 ] ], [ [ 98.178306, 12.692944 ], [ 98.177083, 12.691611 ], [ 98.180417, 12.691611 ], [ 98.178306, 12.692944 ] ], [ [ 98.45625, 12.096639 ], [ 98.45625, 12.094972 ], [ 98.45875, 12.094972 ], [ 98.45625, 12.096639 ] ], [ [ 98.654333, 10.946639 ], [ 98.654333, 10.945028 ], [ 98.656833, 10.945028 ], [ 98.654333, 10.946639 ] ], [ [ 98.356222, 13.579139 ], [ 98.356222, 13.577472 ], [ 98.358778, 13.579139 ], [ 98.356222, 13.579139 ] ], [ [ 97.776639, 14.467083 ], [ 97.775389, 14.465833 ], [ 97.779611, 14.466639 ], [ 97.776639, 14.467083 ] ], [ [ 98.199583, 12.221639 ], [ 98.199583, 12.22 ], [ 98.202083, 12.221667 ], [ 98.199583, 12.221639 ] ], [ [ 97.957056, 10.135833 ], [ 97.957056, 10.134167 ], [ 97.959556, 10.134167 ], [ 97.957056, 10.135833 ] ], [ [ 98.46125, 11.095 ], [ 98.46125, 11.093278 ], [ 98.46375, 11.094139 ], [ 98.46125, 11.095 ] ], [ [ 98.537861, 12.785 ], [ 98.537861, 12.783333 ], [ 98.540444, 12.785 ], [ 98.537861, 12.785 ] ], [ [ 97.984583, 12.053306 ], [ 97.984583, 12.051639 ], [ 97.987917, 12.053333 ], [ 97.984583, 12.053306 ] ], [ [ 98.23625, 11.881611 ], [ 98.23625, 11.88 ], [ 98.23875, 11.88 ], [ 98.23625, 11.881611 ] ], [ [ 98.470028, 12.105389 ], [ 98.46875, 12.104194 ], [ 98.471667, 12.102861 ], [ 98.470028, 12.105389 ] ], [ [ 98.642889, 11.203306 ], [ 98.642889, 11.201694 ], [ 98.645389, 11.200833 ], [ 98.642889, 11.203306 ] ], [ [ 98.454333, 10.508389 ], [ 98.454333, 10.506722 ], [ 98.456861, 10.506722 ], [ 98.454333, 10.508389 ] ], [ [ 97.929639, 11.284167 ], [ 97.928722, 11.283306 ], [ 97.93125, 11.2825 ], [ 97.929639, 11.284167 ] ], [ [ 97.68375, 11.935833 ], [ 97.68375, 11.934111 ], [ 97.68625, 11.934139 ], [ 97.68375, 11.935833 ] ], [ [ 98.027056, 11.2675 ], [ 98.027111, 11.265833 ], [ 98.029611, 11.2675 ], [ 98.027056, 11.2675 ] ], [ [ 98.71375, 12.546639 ], [ 98.71375, 12.545778 ], [ 98.717111, 12.547444 ], [ 98.71375, 12.546639 ] ], [ [ 98.239583, 11.871639 ], [ 98.239583, 11.870028 ], [ 98.242083, 11.869972 ], [ 98.239583, 11.871639 ] ], [ [ 98.052083, 12.169167 ], [ 98.052083, 12.1675 ], [ 98.054583, 12.1675 ], [ 98.052083, 12.169167 ] ], [ [ 97.980417, 12.069139 ], [ 97.980417, 12.067472 ], [ 97.982917, 12.067472 ], [ 97.980417, 12.069139 ] ], [ [ 98.105139, 10.880056 ], [ 98.105194, 10.878389 ], [ 98.107694, 10.880056 ], [ 98.105139, 10.880056 ] ], [ [ 98.03625, 11.308361 ], [ 98.03625, 11.3075 ], [ 98.039556, 11.306639 ], [ 98.03625, 11.308361 ] ], [ [ 98.588806, 10.8375 ], [ 98.588806, 10.836639 ], [ 98.592167, 10.835833 ], [ 98.588806, 10.8375 ] ], [ [ 98.404611, 12.580833 ], [ 98.404611, 12.579167 ], [ 98.407083, 12.579167 ], [ 98.404611, 12.580833 ] ], [ [ 97.948778, 12.261639 ], [ 97.948778, 12.260861 ], [ 97.952111, 12.26 ], [ 97.948778, 12.261639 ] ], [ [ 97.992917, 11.458306 ], [ 97.992861, 11.456639 ], [ 97.995417, 11.456639 ], [ 97.992917, 11.458306 ] ], [ [ 98.156222, 12.269972 ], [ 98.156222, 12.268306 ], [ 98.15875, 12.27 ], [ 98.156222, 12.269972 ] ], [ [ 98.15275, 10.921694 ], [ 98.15275, 10.920028 ], [ 98.155278, 10.920056 ], [ 98.15275, 10.921694 ] ], [ [ 98.139583, 12.268333 ], [ 98.139583, 12.266667 ], [ 98.142056, 12.266667 ], [ 98.139583, 12.268333 ] ], [ [ 98.520389, 12.363306 ], [ 98.520389, 12.361639 ], [ 98.522917, 12.361639 ], [ 98.520389, 12.363306 ] ], [ [ 98.58625, 10.845 ], [ 98.58625, 10.844139 ], [ 98.589556, 10.845028 ], [ 98.58625, 10.845 ] ], [ [ 98.480417, 11.546639 ], [ 98.479583, 11.545833 ], [ 98.482889, 11.545833 ], [ 98.480417, 11.546639 ] ], [ [ 98.177056, 12.606639 ], [ 98.177056, 12.604972 ], [ 98.179583, 12.604972 ], [ 98.177056, 12.606639 ] ], [ [ 98.500861, 10.934194 ], [ 98.500861, 10.932528 ], [ 98.503361, 10.933389 ], [ 98.500861, 10.934194 ] ], [ [ 98.234583, 12.229972 ], [ 98.234583, 12.228361 ], [ 98.237083, 12.229972 ], [ 98.234583, 12.229972 ] ], [ [ 97.950389, 12.264139 ], [ 97.950417, 12.262472 ], [ 97.952917, 12.264139 ], [ 97.950389, 12.264139 ] ], [ [ 98.492917, 11.510028 ], [ 98.492917, 11.508306 ], [ 98.495417, 11.5075 ], [ 98.492917, 11.510028 ] ], [ [ 98.607083, 11.145833 ], [ 98.607083, 11.144167 ], [ 98.609583, 11.144167 ], [ 98.607083, 11.145833 ] ], [ [ 98.473722, 11.808306 ], [ 98.473722, 11.8075 ], [ 98.477056, 11.806639 ], [ 98.473722, 11.808306 ] ], [ [ 98.357056, 13.512472 ], [ 98.357056, 13.510833 ], [ 98.359583, 13.5125 ], [ 98.357056, 13.512472 ] ], [ [ 98.202083, 11.857528 ], [ 98.202083, 11.855806 ], [ 98.204528, 11.855806 ], [ 98.202083, 11.857528 ] ], [ [ 97.999583, 12.351639 ], [ 97.999583, 12.349972 ], [ 98.002083, 12.349972 ], [ 97.999583, 12.351639 ] ], [ [ 98.195444, 12.454139 ], [ 98.195444, 12.452528 ], [ 98.197917, 12.452472 ], [ 98.195444, 12.454139 ] ], [ [ 97.991278, 10.525833 ], [ 97.991222, 10.524167 ], [ 97.993778, 10.525833 ], [ 97.991278, 10.525833 ] ], [ [ 98.720806, 11.577917 ], [ 98.718778, 11.576667 ], [ 98.718722, 11.575806 ], [ 98.721222, 11.575 ], [ 98.720806, 11.577917 ] ], [ [ 98.66325, 10.998333 ], [ 98.66325, 10.996667 ], [ 98.66575, 10.996667 ], [ 98.66325, 10.998333 ] ], [ [ 98.082917, 12.329167 ], [ 98.082917, 12.3275 ], [ 98.085389, 12.327472 ], [ 98.082917, 12.329167 ] ], [ [ 98.667083, 11.089972 ], [ 98.666222, 11.089167 ], [ 98.669583, 11.089167 ], [ 98.667083, 11.089972 ] ], [ [ 98.183722, 12.022472 ], [ 98.183722, 12.020806 ], [ 98.186222, 12.020806 ], [ 98.183722, 12.022472 ] ], [ [ 98.135417, 12.281639 ], [ 98.135417, 12.280833 ], [ 98.137917, 12.279111 ], [ 98.135417, 12.281639 ] ], [ [ 98.192944, 11.995806 ], [ 98.192056, 11.995 ], [ 98.195361, 11.994972 ], [ 98.192944, 11.995806 ] ], [ [ 98.011194, 12.409139 ], [ 98.011194, 12.407472 ], [ 98.013722, 12.407472 ], [ 98.011194, 12.409139 ] ], [ [ 98.497083, 12.038306 ], [ 98.497083, 12.036639 ], [ 98.499583, 12.038333 ], [ 98.497083, 12.038306 ] ], [ [ 98.570444, 12.839139 ], [ 98.570444, 12.837472 ], [ 98.572917, 12.837472 ], [ 98.570444, 12.839139 ] ], [ [ 98.592889, 12.940806 ], [ 98.592917, 12.939139 ], [ 98.595361, 12.940806 ], [ 98.592889, 12.940806 ] ], [ [ 98.635417, 8.273306 ], [ 98.635417, 8.271639 ], [ 98.637889, 8.271639 ], [ 98.635417, 8.273306 ] ], [ [ 98.49375, 12.304972 ], [ 98.49375, 12.303306 ], [ 98.496278, 12.303333 ], [ 98.49375, 12.304972 ] ], [ [ 98.622083, 11.154972 ], [ 98.622111, 11.153306 ], [ 98.624583, 11.154972 ], [ 98.622083, 11.154972 ] ], [ [ 98.038444, 10.583361 ], [ 98.038444, 10.581722 ], [ 98.040944, 10.583389 ], [ 98.038444, 10.583361 ] ], [ [ 98.622111, 12.031611 ], [ 98.622111, 12.030028 ], [ 98.624583, 12.030028 ], [ 98.622111, 12.031611 ] ], [ [ 98.127889, 11.419972 ], [ 98.127889, 11.418306 ], [ 98.130389, 11.42 ], [ 98.127889, 11.419972 ] ], [ [ 98.16625, 12.370833 ], [ 98.16625, 12.369111 ], [ 98.168694, 12.369139 ], [ 98.16625, 12.370833 ] ], [ [ 97.990833, 12.068722 ], [ 97.989611, 12.067444 ], [ 97.992944, 12.066667 ], [ 97.990833, 12.068722 ] ], [ [ 98.630389, 12.755806 ], [ 98.630389, 12.755 ], [ 98.633722, 12.755806 ], [ 98.630389, 12.755806 ] ], [ [ 98.102917, 11.8125 ], [ 98.102917, 11.810833 ], [ 98.106222, 11.811639 ], [ 98.102917, 11.8125 ] ], [ [ 98.269583, 12.487472 ], [ 98.269583, 12.485806 ], [ 98.272139, 12.487472 ], [ 98.269583, 12.487472 ] ], [ [ 97.885417, 11.914139 ], [ 97.885417, 11.912472 ], [ 97.887917, 11.9125 ], [ 97.885417, 11.914139 ] ], [ [ 98.206083, 10.970028 ], [ 98.206111, 10.968361 ], [ 98.208583, 10.970028 ], [ 98.206083, 10.970028 ] ], [ [ 98.01375, 11.878333 ], [ 98.01375, 11.877472 ], [ 98.017083, 11.8775 ], [ 98.01375, 11.878333 ] ], [ [ 98.667917, 11.107472 ], [ 98.667917, 11.106667 ], [ 98.670389, 11.105806 ], [ 98.667917, 11.107472 ] ], [ [ 98.030028, 10.708361 ], [ 98.030056, 10.706694 ], [ 98.032528, 10.708361 ], [ 98.030028, 10.708361 ] ], [ [ 98.32625, 12.833278 ], [ 98.32625, 12.831667 ], [ 98.328694, 12.831667 ], [ 98.32625, 12.833278 ] ], [ [ 98.489583, 11.869944 ], [ 98.489583, 11.868333 ], [ 98.492028, 11.868361 ], [ 98.489583, 11.869944 ] ], [ [ 98.317944, 12.859972 ], [ 98.317944, 12.858361 ], [ 98.320417, 12.858306 ], [ 98.317944, 12.859972 ] ], [ [ 98.310389, 12.704167 ], [ 98.310389, 12.7025 ], [ 98.312889, 12.703306 ], [ 98.310389, 12.704167 ] ], [ [ 98.525417, 12.298333 ], [ 98.525417, 12.297472 ], [ 98.52875, 12.298333 ], [ 98.525417, 12.298333 ] ], [ [ 98.617056, 11.115 ], [ 98.617056, 11.113333 ], [ 98.619556, 11.113333 ], [ 98.617056, 11.115 ] ], [ [ 94.202528, 18.798722 ], [ 94.202056, 18.798306 ], [ 94.207083, 18.8 ], [ 94.202528, 18.798722 ] ], [ [ 98.141278, 12.294972 ], [ 98.141278, 12.294111 ], [ 98.143694, 12.295833 ], [ 98.141278, 12.294972 ] ], [ [ 98.108778, 12.199139 ], [ 98.108806, 12.198361 ], [ 98.112083, 12.199167 ], [ 98.108778, 12.199139 ] ], [ [ 98.312083, 12.417472 ], [ 98.312083, 12.415806 ], [ 98.314556, 12.415806 ], [ 98.312083, 12.417472 ] ], [ [ 97.797917, 12.427472 ], [ 97.797944, 12.425806 ], [ 97.800389, 12.427472 ], [ 97.797917, 12.427472 ] ], [ [ 98.424611, 12.229972 ], [ 98.424611, 12.228306 ], [ 98.427056, 12.228306 ], [ 98.424611, 12.229972 ] ], [ [ 98.397917, 12.127472 ], [ 98.397917, 12.125806 ], [ 98.400361, 12.125806 ], [ 98.397917, 12.127472 ] ], [ [ 98.025361, 12.371639 ], [ 98.022917, 12.370833 ], [ 98.022917, 12.369972 ], [ 98.024972, 12.368778 ], [ 98.025361, 12.371639 ] ], [ [ 98.228333, 11.828694 ], [ 98.227861, 11.828306 ], [ 98.231194, 11.8275 ], [ 98.228333, 11.828694 ] ], [ [ 98.23225, 10.470889 ], [ 98.23225, 10.469222 ], [ 98.234667, 10.469222 ], [ 98.23225, 10.470889 ] ], [ [ 93.6025, 19.503722 ], [ 93.601222, 19.502472 ], [ 93.604167, 19.500389 ], [ 93.6025, 19.503722 ] ], [ [ 97.808306, 12.696194 ], [ 97.807111, 12.695 ], [ 97.809583, 12.693333 ], [ 97.808306, 12.696194 ] ], [ [ 97.649417, 8.516278 ], [ 97.650167, 8.515611 ], [ 97.649861, 8.518417 ], [ 97.649417, 8.516278 ] ], [ [ 93.427917, 19.713333 ], [ 93.427917, 19.712472 ], [ 93.43125, 19.711667 ], [ 93.427917, 19.713333 ] ], [ [ 98.505611, 10.003306 ], [ 98.505611, 10.002444 ], [ 98.508972, 10.002472 ], [ 98.505611, 10.003306 ] ], [ [ 98.469694, 10.950028 ], [ 98.469639, 10.949167 ], [ 98.47225, 10.950833 ], [ 98.469694, 10.950028 ] ], [ [ 98.269528, 13.193306 ], [ 98.269528, 13.1925 ], [ 98.272139, 13.194111 ], [ 98.269528, 13.193306 ] ], [ [ 98.012889, 11.466639 ], [ 98.012889, 11.465778 ], [ 98.016306, 11.466667 ], [ 98.012889, 11.466639 ] ], [ [ 98.676611, 10.154167 ], [ 98.676611, 10.1525 ], [ 98.679167, 10.153306 ], [ 98.676611, 10.154167 ] ], [ [ 98.597889, 8.142472 ], [ 98.597889, 8.141694 ], [ 98.600444, 8.144167 ], [ 98.597889, 8.142472 ] ], [ [ 98.515222, 10.074139 ], [ 98.514361, 10.073333 ], [ 98.516917, 10.075 ], [ 98.515222, 10.074139 ] ], [ [ 98.447028, 12.25 ], [ 98.447028, 12.248333 ], [ 98.449611, 12.248333 ], [ 98.447028, 12.25 ] ], [ [ 98.573694, 9.562417 ], [ 98.573722, 9.560806 ], [ 98.57625, 9.562417 ], [ 98.573694, 9.562417 ] ], [ [ 98.238111, 10.712556 ], [ 98.238111, 10.711694 ], [ 98.240611, 10.713361 ], [ 98.238111, 10.712556 ] ], [ [ 98.54125, 9.782556 ], [ 98.540417, 9.781694 ], [ 98.543722, 9.783306 ], [ 98.54125, 9.782556 ] ], [ [ 98.007861, 12.408333 ], [ 98.007861, 12.407444 ], [ 98.010417, 12.409139 ], [ 98.007861, 12.408333 ] ], [ [ 98.509556, 9.792472 ], [ 98.509556, 9.790861 ], [ 98.512056, 9.790861 ], [ 98.509556, 9.792472 ] ], [ [ 98.500417, 8.314972 ], [ 98.500417, 8.314111 ], [ 98.502917, 8.315833 ], [ 98.500417, 8.314972 ] ], [ [ 98.540833, 12.787917 ], [ 98.539556, 12.786667 ], [ 98.542917, 12.786667 ], [ 98.540833, 12.787917 ] ], [ [ 98.680306, 10.951639 ], [ 98.680306, 10.950778 ], [ 98.683694, 10.951667 ], [ 98.680306, 10.951639 ] ], [ [ 98.241222, 11.425806 ], [ 98.241222, 11.424139 ], [ 98.24375, 11.424944 ], [ 98.241222, 11.425806 ] ], [ [ 98.364306, 10.288389 ], [ 98.364306, 10.286722 ], [ 98.366917, 10.286722 ], [ 98.364306, 10.288389 ] ], [ [ 98.549417, 10.887917 ], [ 98.548167, 10.886639 ], [ 98.551556, 10.886667 ], [ 98.549417, 10.887917 ] ], [ [ 98.015806, 12.379583 ], [ 98.015417, 12.379111 ], [ 98.018778, 12.378333 ], [ 98.015806, 12.379583 ] ], [ [ 98.495222, 10.785889 ], [ 98.495222, 10.784167 ], [ 98.497722, 10.785028 ], [ 98.495222, 10.785889 ] ], [ [ 98.370417, 12.669167 ], [ 98.370417, 12.668306 ], [ 98.372944, 12.667444 ], [ 98.370417, 12.669167 ] ], [ [ 98.330417, 12.826694 ], [ 98.330417, 12.825833 ], [ 98.332917, 12.8275 ], [ 98.330417, 12.826694 ] ], [ [ 98.503611, 10.779194 ], [ 98.503611, 10.777583 ], [ 98.506167, 10.779194 ], [ 98.503611, 10.779194 ] ], [ [ 98.321222, 11.521611 ], [ 98.321222, 11.520806 ], [ 98.32375, 11.52 ], [ 98.321222, 11.521611 ] ], [ [ 98.697917, 8.214139 ], [ 98.697028, 8.213333 ], [ 98.699583, 8.215 ], [ 98.697917, 8.214139 ] ], [ [ 98.382056, 9.698361 ], [ 98.382056, 9.696639 ], [ 98.384556, 9.6975 ], [ 98.382056, 9.698361 ] ], [ [ 97.752056, 11.954194 ], [ 97.752056, 11.952472 ], [ 97.754556, 11.952472 ], [ 97.752056, 11.954194 ] ], [ [ 97.976222, 10.115833 ], [ 97.97625, 10.114972 ], [ 97.979611, 10.115806 ], [ 97.976222, 10.115833 ] ], [ [ 98.214444, 10.978361 ], [ 98.214444, 10.9775 ], [ 98.216944, 10.97925 ], [ 98.214444, 10.978361 ] ], [ [ 98.364444, 10.277528 ], [ 98.364444, 10.276722 ], [ 98.367, 10.275861 ], [ 98.364444, 10.277528 ] ], [ [ 98.733722, 8.184194 ], [ 98.733722, 8.182472 ], [ 98.736194, 8.182472 ], [ 98.733722, 8.184194 ] ], [ [ 98.203556, 10.849194 ], [ 98.203583, 10.847528 ], [ 98.206083, 10.848333 ], [ 98.203556, 10.849194 ] ], [ [ 98.336222, 11.269167 ], [ 98.336222, 11.268361 ], [ 98.338778, 11.2675 ], [ 98.336222, 11.269167 ] ], [ [ 98.061222, 11.789972 ], [ 98.061222, 11.788361 ], [ 98.06375, 11.788306 ], [ 98.061222, 11.789972 ] ], [ [ 98.509556, 11.355 ], [ 98.509556, 11.354139 ], [ 98.512111, 11.353333 ], [ 98.509556, 11.355 ] ], [ [ 97.977917, 12.072528 ], [ 97.977917, 12.071667 ], [ 97.98125, 12.072472 ], [ 97.977917, 12.072528 ] ], [ [ 98.286222, 11.912528 ], [ 98.286222, 11.910806 ], [ 98.28875, 11.910806 ], [ 98.286222, 11.912528 ] ], [ [ 98.245722, 10.212556 ], [ 98.245722, 10.211694 ], [ 98.249083, 10.211694 ], [ 98.245722, 10.212556 ] ], [ [ 98.282889, 11.924111 ], [ 98.282889, 11.923306 ], [ 98.285472, 11.924972 ], [ 98.282889, 11.924111 ] ], [ [ 97.63625, 12.029944 ], [ 97.635417, 12.029139 ], [ 97.637917, 12.030806 ], [ 97.63625, 12.029944 ] ], [ [ 98.025389, 12.304167 ], [ 98.025389, 12.3025 ], [ 98.027889, 12.302472 ], [ 98.025389, 12.304167 ] ], [ [ 97.889167, 12.685417 ], [ 97.887889, 12.684139 ], [ 97.890833, 12.682889 ], [ 97.889167, 12.685417 ] ], [ [ 98.654528, 12.155806 ], [ 98.654528, 12.154139 ], [ 98.657083, 12.154944 ], [ 98.654528, 12.155806 ] ], [ [ 98.458611, 10.615917 ], [ 98.458611, 10.615056 ], [ 98.461972, 10.615056 ], [ 98.458611, 10.615917 ] ], [ [ 98.304556, 11.854167 ], [ 98.304583, 11.853306 ], [ 98.307111, 11.8525 ], [ 98.304556, 11.854167 ] ], [ [ 98.379556, 12.341611 ], [ 98.37875, 12.340806 ], [ 98.38125, 12.34 ], [ 98.379556, 12.341611 ] ], [ [ 98.102917, 12.3625 ], [ 98.102917, 12.361639 ], [ 98.105417, 12.363306 ], [ 98.102917, 12.3625 ] ], [ [ 98.617889, 12.069167 ], [ 98.617889, 12.067444 ], [ 98.620389, 12.068306 ], [ 98.617889, 12.069167 ] ], [ [ 98.217889, 11.871694 ], [ 98.217889, 11.869972 ], [ 98.220389, 11.870833 ], [ 98.217889, 11.871694 ] ], [ [ 98.62, 8.279556 ], [ 98.61875, 8.278333 ], [ 98.621222, 8.276611 ], [ 98.62, 8.279556 ] ], [ [ 98.532861, 11.573306 ], [ 98.532889, 11.5725 ], [ 98.535361, 11.574167 ], [ 98.532861, 11.573306 ] ], [ [ 98.112889, 9.811639 ], [ 98.112889, 9.809917 ], [ 98.115389, 9.810778 ], [ 98.112889, 9.811639 ] ], [ [ 98.011556, 10.223417 ], [ 98.011556, 10.222556 ], [ 98.014028, 10.221694 ], [ 98.011556, 10.223417 ] ], [ [ 98.239972, 10.680861 ], [ 98.239972, 10.679194 ], [ 98.2425, 10.680056 ], [ 98.239972, 10.680861 ] ], [ [ 98.15875, 12.354111 ], [ 98.158694, 12.3525 ], [ 98.161222, 12.353306 ], [ 98.15875, 12.354111 ] ], [ [ 98.061222, 12.139167 ], [ 98.061222, 12.137444 ], [ 98.06375, 12.137444 ], [ 98.061222, 12.139167 ] ], [ [ 98.176222, 12.305 ], [ 98.176222, 12.304139 ], [ 98.178722, 12.305833 ], [ 98.176222, 12.305 ] ], [ [ 98.667944, 11.115806 ], [ 98.665833, 11.11625 ], [ 98.664556, 11.115 ], [ 98.666667, 11.11375 ], [ 98.667944, 11.115806 ] ], [ [ 97.781639, 14.932083 ], [ 97.780417, 14.930806 ], [ 97.783778, 14.930833 ], [ 97.781639, 14.932083 ] ], [ [ 98.305806, 12.687889 ], [ 98.303778, 12.685833 ], [ 98.306222, 12.684972 ], [ 98.305806, 12.687889 ] ], [ [ 97.940389, 12.106667 ], [ 97.940417, 12.105 ], [ 97.942944, 12.105806 ], [ 97.940389, 12.106667 ] ], [ [ 98.057028, 12.186639 ], [ 98.057028, 12.184972 ], [ 98.059611, 12.185833 ], [ 98.057028, 12.186639 ] ], [ [ 98.231778, 10.656722 ], [ 98.231778, 10.655861 ], [ 98.234278, 10.655056 ], [ 98.231778, 10.656722 ] ], [ [ 98.511222, 8.255833 ], [ 98.511222, 8.254972 ], [ 98.513694, 8.256639 ], [ 98.511222, 8.255833 ] ], [ [ 98.390389, 12.126639 ], [ 98.390389, 12.125778 ], [ 98.392917, 12.125 ], [ 98.390389, 12.126639 ] ], [ [ 98.138333, 12.165417 ], [ 98.137944, 12.164972 ], [ 98.141306, 12.164167 ], [ 98.138333, 12.165417 ] ], [ [ 98.280833, 12.484583 ], [ 98.280417, 12.484167 ], [ 98.28375, 12.483306 ], [ 98.280833, 12.484583 ] ], [ [ 97.867083, 12.250028 ], [ 97.867056, 12.248306 ], [ 97.869556, 12.248306 ], [ 97.867083, 12.250028 ] ], [ [ 93.505806, 18.812056 ], [ 93.504528, 18.810861 ], [ 93.506667, 18.809528 ], [ 93.505806, 18.812056 ] ], [ [ 98.663722, 8.114972 ], [ 98.663722, 8.114167 ], [ 98.666222, 8.114167 ], [ 98.663722, 8.114972 ] ], [ [ 98.449194, 10.522556 ], [ 98.449194, 10.521694 ], [ 98.452528, 10.522583 ], [ 98.449194, 10.522556 ] ], [ [ 98.228694, 12.638306 ], [ 98.228694, 12.6375 ], [ 98.231222, 12.639167 ], [ 98.228694, 12.638306 ] ], [ [ 98.146222, 12.005833 ], [ 98.14625, 12.005028 ], [ 98.148722, 12.004167 ], [ 98.146222, 12.005833 ] ], [ [ 98.257944, 12.015861 ], [ 98.257944, 12.014139 ], [ 98.260417, 12.015 ], [ 98.257944, 12.015861 ] ], [ [ 98.20875, 11.285833 ], [ 98.20875, 11.284111 ], [ 98.211222, 11.284111 ], [ 98.20875, 11.285833 ] ], [ [ 98.211222, 10.8275 ], [ 98.211222, 10.826694 ], [ 98.213722, 10.828389 ], [ 98.211222, 10.8275 ] ], [ [ 98.346222, 9.115806 ], [ 98.346222, 9.114083 ], [ 98.348722, 9.114972 ], [ 98.346222, 9.115806 ] ], [ [ 98.218333, 11.82875 ], [ 98.217111, 11.827472 ], [ 98.220417, 11.826611 ], [ 98.218333, 11.82875 ] ], [ [ 98.409556, 12.227472 ], [ 98.409556, 12.226667 ], [ 98.412056, 12.225806 ], [ 98.409556, 12.227472 ] ], [ [ 98.644556, 12.158333 ], [ 98.644556, 12.156667 ], [ 98.647056, 12.157472 ], [ 98.644556, 12.158333 ] ], [ [ 98.482111, 10.859222 ], [ 98.482056, 10.857556 ], [ 98.484611, 10.858361 ], [ 98.482111, 10.859222 ] ], [ [ 97.86375, 12.252472 ], [ 97.86375, 12.251611 ], [ 97.866222, 12.253333 ], [ 97.86375, 12.252472 ] ], [ [ 97.849583, 9.966694 ], [ 97.849611, 9.964972 ], [ 97.852083, 9.966639 ], [ 97.849583, 9.966694 ] ], [ [ 98.009583, 11.810806 ], [ 98.009528, 11.81 ], [ 98.012889, 11.809944 ], [ 98.009583, 11.810806 ] ], [ [ 98.461222, 8.270806 ], [ 98.461222, 8.269139 ], [ 98.463694, 8.269139 ], [ 98.461222, 8.270806 ] ], [ [ 98.319528, 11.53 ], [ 98.319528, 11.528333 ], [ 98.321001, 11.528695 ], [ 98.319528, 11.53 ] ], [ [ 98.437083, 12.126694 ], [ 98.437083, 12.124972 ], [ 98.439583, 12.125833 ], [ 98.437083, 12.126694 ] ], [ [ 98.187083, 12.6475 ], [ 98.187083, 12.646639 ], [ 98.189556, 12.648306 ], [ 98.187083, 12.6475 ] ], [ [ 97.979556, 12.008333 ], [ 97.979583, 12.007472 ], [ 97.982083, 12.009139 ], [ 97.979556, 12.008333 ] ], [ [ 98.657083, 11.013278 ], [ 98.657083, 11.011667 ], [ 98.659556, 11.011667 ], [ 98.657083, 11.013278 ] ], [ [ 98.154583, 9.749944 ], [ 98.154583, 9.748278 ], [ 98.157083, 9.747444 ], [ 98.154583, 9.749944 ] ], [ [ 98.487889, 13.181667 ], [ 98.487889, 13.18 ], [ 98.490417, 13.180806 ], [ 98.487889, 13.181667 ] ], [ [ 98.066111, 10.345028 ], [ 98.066111, 10.343361 ], [ 98.068639, 10.343361 ], [ 98.066111, 10.345028 ] ], [ [ 97.955389, 12.047444 ], [ 97.955389, 12.045806 ], [ 97.957889, 12.045806 ], [ 97.955389, 12.047444 ] ], [ [ 98.475028, 11.860389 ], [ 98.47375, 11.859194 ], [ 98.477056, 11.859139 ], [ 98.475028, 11.860389 ] ], [ [ 97.861278, 12.248333 ], [ 97.861278, 12.246667 ], [ 97.86375, 12.245806 ], [ 97.861278, 12.248333 ] ], [ [ 98.523083, 10.039194 ], [ 98.523, 10.038333 ], [ 98.525472, 10.037472 ], [ 98.523083, 10.039194 ] ], [ [ 98.004639, 10.860056 ], [ 98.004639, 10.859194 ], [ 98.007944, 10.859194 ], [ 98.004639, 10.860056 ] ], [ [ 98.424556, 12.349972 ], [ 98.424583, 12.348306 ], [ 98.427028, 12.347528 ], [ 98.424556, 12.349972 ] ], [ [ 98.202472, 11.879556 ], [ 98.200389, 11.8775 ], [ 98.202889, 11.876639 ], [ 98.202472, 11.879556 ] ], [ [ 97.857083, 10.184111 ], [ 97.857083, 10.183333 ], [ 97.859583, 10.182472 ], [ 97.857083, 10.184111 ] ], [ [ 98.15375, 12.423333 ], [ 98.15375, 12.422472 ], [ 98.15625, 12.424139 ], [ 98.15375, 12.423333 ] ], [ [ 94.417944, 18.228306 ], [ 94.417917, 18.2275 ], [ 94.421306, 18.226667 ], [ 94.417944, 18.228306 ] ], [ [ 98.061222, 11.600833 ], [ 98.061222, 11.599167 ], [ 98.063722, 11.599167 ], [ 98.061222, 11.600833 ] ], [ [ 98.21125, 11.8925 ], [ 98.21125, 11.890778 ], [ 98.213694, 11.892528 ], [ 98.21125, 11.8925 ] ], [ [ 98.614583, 11.150833 ], [ 98.614583, 11.149972 ], [ 98.617083, 11.149167 ], [ 98.614583, 11.150833 ] ], [ [ 98.216222, 11.9 ], [ 98.21625, 11.898333 ], [ 98.21875, 11.899139 ], [ 98.216222, 11.9 ] ], [ [ 98.347111, 12.265861 ], [ 98.347111, 12.264139 ], [ 98.349556, 12.264139 ], [ 98.347111, 12.265861 ] ], [ [ 97.87375, 12.238333 ], [ 97.87375, 12.237472 ], [ 97.87625, 12.236667 ], [ 97.87375, 12.238333 ] ], [ [ 98.162083, 12.224972 ], [ 98.162083, 12.224194 ], [ 98.164528, 12.225806 ], [ 98.162083, 12.224972 ] ], [ [ 98.684583, 11.3925 ], [ 98.684583, 11.391639 ], [ 98.687861, 11.391639 ], [ 98.684583, 11.3925 ] ], [ [ 98.147056, 12.306639 ], [ 98.147056, 12.305833 ], [ 98.149583, 12.305 ], [ 98.147056, 12.306639 ] ], [ [ 98.352917, 13.513333 ], [ 98.352917, 13.512472 ], [ 98.355417, 13.514139 ], [ 98.352917, 13.513333 ] ], [ [ 98.457111, 8.116639 ], [ 98.457111, 8.114972 ], [ 98.459583, 8.114972 ], [ 98.457111, 8.116639 ] ], [ [ 98.406222, 13.345806 ], [ 98.406222, 13.345 ], [ 98.40875, 13.344139 ], [ 98.406222, 13.345806 ] ], [ [ 97.946278, 12.290806 ], [ 97.945417, 12.29 ], [ 97.948722, 12.290806 ], [ 97.946278, 12.290806 ] ], [ [ 98.007944, 11.425 ], [ 98.007944, 11.424139 ], [ 98.010389, 11.423333 ], [ 98.007944, 11.425 ] ], [ [ 98.277833, 10.424194 ], [ 98.277833, 10.423389 ], [ 98.280306, 10.423389 ], [ 98.277833, 10.424194 ] ], [ [ 98.19875, 12.452472 ], [ 98.19875, 12.451667 ], [ 98.201222, 12.453278 ], [ 98.19875, 12.452472 ] ], [ [ 98.68875, 8.185806 ], [ 98.68875, 8.184139 ], [ 98.691222, 8.185 ], [ 98.68875, 8.185806 ] ], [ [ 98.268778, 11.842472 ], [ 98.268778, 11.841667 ], [ 98.271222, 11.843278 ], [ 98.268778, 11.842472 ] ], [ [ 97.90875, 12.396639 ], [ 97.90875, 12.394972 ], [ 97.911278, 12.395 ], [ 97.90875, 12.396639 ] ], [ [ 98.216222, 11.824139 ], [ 98.216222, 11.823333 ], [ 98.218722, 11.825 ], [ 98.216222, 11.824139 ] ], [ [ 98.205389, 11.286639 ], [ 98.205389, 11.285833 ], [ 98.207889, 11.284972 ], [ 98.205389, 11.286639 ] ], [ [ 98.26125, 12.229167 ], [ 98.26125, 12.228306 ], [ 98.264583, 12.228333 ], [ 98.26125, 12.229167 ] ], [ [ 98.242056, 11.432472 ], [ 98.242056, 11.430806 ], [ 98.244556, 11.430806 ], [ 98.242056, 11.432472 ] ], [ [ 98.252056, 12.885778 ], [ 98.252056, 12.885 ], [ 98.254583, 12.886667 ], [ 98.252056, 12.885778 ] ], [ [ 98.671222, 12.759167 ], [ 98.671222, 12.758306 ], [ 98.674556, 12.758333 ], [ 98.671222, 12.759167 ] ], [ [ 94.387889, 16.820028 ], [ 94.387889, 16.818306 ], [ 94.390389, 16.818333 ], [ 94.387889, 16.820028 ] ], [ [ 98.425417, 12.196667 ], [ 98.425417, 12.195806 ], [ 98.427889, 12.197472 ], [ 98.425417, 12.196667 ] ], [ [ 98.513, 10.398389 ], [ 98.513, 10.397528 ], [ 98.515444, 10.396722 ], [ 98.513, 10.398389 ] ], [ [ 93.635389, 19.614139 ], [ 93.635417, 19.612472 ], [ 93.637917, 19.614111 ], [ 93.635389, 19.614139 ] ], [ [ 98.030389, 11.424944 ], [ 98.030389, 11.424167 ], [ 98.032889, 11.425833 ], [ 98.030389, 11.424944 ] ], [ [ 98.407083, 12.225 ], [ 98.407083, 12.223333 ], [ 98.409556, 12.224139 ], [ 98.407083, 12.225 ] ], [ [ 94.912917, 15.75 ], [ 94.912861, 15.748278 ], [ 94.915417, 15.748306 ], [ 94.912917, 15.75 ] ], [ [ 98.137083, 12.284167 ], [ 98.137083, 12.283306 ], [ 98.139528, 12.2825 ], [ 98.137083, 12.284167 ] ], [ [ 98.1125, 12.365389 ], [ 98.112056, 12.365 ], [ 98.115389, 12.364139 ], [ 98.1125, 12.365389 ] ], [ [ 98.42875, 12.197472 ], [ 98.42875, 12.196667 ], [ 98.431222, 12.195806 ], [ 98.42875, 12.197472 ] ], [ [ 98.671, 10.9725 ], [ 98.671, 10.970833 ], [ 98.673472, 10.970028 ], [ 98.671, 10.9725 ] ], [ [ 93.444194, 18.86375 ], [ 93.442889, 18.8625 ], [ 93.445, 18.861222 ], [ 93.444194, 18.86375 ] ], [ [ 98.207111, 11.852472 ], [ 98.207111, 11.850806 ], [ 98.209556, 11.850833 ], [ 98.207111, 11.852472 ] ], [ [ 98.598722, 11.085 ], [ 98.598722, 11.084139 ], [ 98.602028, 11.084139 ], [ 98.598722, 11.085 ] ], [ [ 98.237917, 11.864167 ], [ 98.237917, 11.8625 ], [ 98.240361, 11.863306 ], [ 98.237917, 11.864167 ] ], [ [ 93.966639, 18.742056 ], [ 93.966222, 18.741667 ], [ 93.970389, 18.741639 ], [ 93.966639, 18.742056 ] ], [ [ 98.13125, 12.196639 ], [ 98.13125, 12.194972 ], [ 98.13375, 12.196639 ], [ 98.13125, 12.196639 ] ], [ [ 98.195444, 12.939139 ], [ 98.195444, 12.938333 ], [ 98.197917, 12.937472 ], [ 98.195444, 12.939139 ] ], [ [ 94.309167, 18.272917 ], [ 94.307944, 18.271639 ], [ 94.31125, 18.271639 ], [ 94.309167, 18.272917 ] ], [ [ 98.33625, 12.284139 ], [ 98.33625, 12.282472 ], [ 98.338694, 12.282472 ], [ 98.33625, 12.284139 ] ], [ [ 94.328694, 16.6525 ], [ 94.328778, 16.651694 ], [ 94.331278, 16.650806 ], [ 94.328694, 16.6525 ] ], [ [ 93.269528, 19.381667 ], [ 93.269583, 19.38 ], [ 93.272056, 19.381667 ], [ 93.269528, 19.381667 ] ], [ [ 93.460444, 19.403306 ], [ 93.460417, 19.4025 ], [ 93.463694, 19.404111 ], [ 93.460444, 19.403306 ] ], [ [ 98.270444, 11.973278 ], [ 98.270444, 11.9725 ], [ 98.273778, 11.973306 ], [ 98.270444, 11.973278 ] ], [ [ 93.535444, 19.859139 ], [ 93.535444, 19.858333 ], [ 93.53875, 19.857472 ], [ 93.535444, 19.859139 ] ], [ [ 93.232472, 19.85125 ], [ 93.232111, 19.850778 ], [ 93.235028, 19.848722 ], [ 93.232472, 19.85125 ] ], [ [ 93.556639, 18.750389 ], [ 93.555444, 18.749139 ], [ 93.55875, 18.749111 ], [ 93.556639, 18.750389 ] ], [ [ 93.186667, 19.905417 ], [ 93.185389, 19.904139 ], [ 93.187528, 19.902083 ], [ 93.186667, 19.905417 ] ], [ [ 93.682917, 18.66 ], [ 93.682889, 18.659139 ], [ 93.686278, 18.659167 ], [ 93.682917, 18.66 ] ], [ [ 93.435778, 18.862917 ], [ 93.434611, 18.861639 ], [ 93.437889, 18.861639 ], [ 93.435778, 18.862917 ] ], [ [ 93.530833, 18.780361 ], [ 93.530417, 18.779972 ], [ 93.534556, 18.779139 ], [ 93.530833, 18.780361 ] ], [ [ 93.497111, 19.486667 ], [ 93.497111, 19.485806 ], [ 93.499583, 19.484972 ], [ 93.497111, 19.486667 ] ], [ [ 98.122, 9.824139 ], [ 98.122, 9.822528 ], [ 98.124583, 9.823389 ], [ 98.122, 9.824139 ] ], [ [ 90.693722, 22.020806 ], [ 90.69375, 22.019944 ], [ 90.696222, 22.021639 ], [ 90.693722, 22.020806 ] ], [ [ 98.548917, 10.895833 ], [ 98.548917, 10.894972 ], [ 98.551556, 10.894972 ], [ 98.548917, 10.895833 ] ], [ [ 98.458028, 10.811667 ], [ 98.458028, 10.810861 ], [ 98.460639, 10.810889 ], [ 98.458028, 10.811667 ] ], [ [ 98.666194, 11.151639 ], [ 98.666222, 11.149972 ], [ 98.668806, 11.151639 ], [ 98.666194, 11.151639 ] ], [ [ 98.027861, 10.161667 ], [ 98.027861, 10.160083 ], [ 98.030444, 10.160889 ], [ 98.027861, 10.161667 ] ], [ [ 98.018167, 10.598361 ], [ 98.018167, 10.597556 ], [ 98.020694, 10.599222 ], [ 98.018167, 10.598361 ] ], [ [ 98.353417, 10.167528 ], [ 98.353417, 10.166722 ], [ 98.356, 10.16675 ], [ 98.353417, 10.167528 ] ], [ [ 98.525472, 10.889944 ], [ 98.525472, 10.888333 ], [ 98.528083, 10.888333 ], [ 98.525472, 10.889944 ] ], [ [ 98.492389, 10.821722 ], [ 98.492389, 10.820861 ], [ 98.494944, 10.820861 ], [ 98.492389, 10.821722 ] ], [ [ 98.137917, 12.175028 ], [ 98.137917, 12.174167 ], [ 98.141222, 12.174972 ], [ 98.137917, 12.175028 ] ], [ [ 98.348722, 12.268333 ], [ 98.348722, 12.266667 ], [ 98.35125, 12.266611 ], [ 98.348722, 12.268333 ] ], [ [ 98.192083, 12.303333 ], [ 98.192028, 12.302472 ], [ 98.194611, 12.302472 ], [ 98.192083, 12.303333 ] ], [ [ 97.940806, 10.552083 ], [ 97.939556, 10.550806 ], [ 97.942111, 10.549972 ], [ 97.940806, 10.552083 ] ], [ [ 97.994556, 10.853333 ], [ 97.994556, 10.852472 ], [ 97.997083, 10.854139 ], [ 97.994556, 10.853333 ] ], [ [ 98.772389, 10.985778 ], [ 98.772389, 10.984139 ], [ 98.774139, 10.983333 ], [ 98.772389, 10.985778 ] ], [ [ 98.671667, 11.009556 ], [ 98.670389, 11.008306 ], [ 98.672472, 11.007028 ], [ 98.671667, 11.009556 ] ], [ [ 98.239444, 10.268361 ], [ 98.239444, 10.267556 ], [ 98.242, 10.269222 ], [ 98.239444, 10.268361 ] ], [ [ 98.202056, 12.292528 ], [ 98.202056, 12.291667 ], [ 98.205389, 12.291667 ], [ 98.202056, 12.292528 ] ], [ [ 98.128694, 11.4925 ], [ 98.128722, 11.491639 ], [ 98.131222, 11.490778 ], [ 98.128694, 11.4925 ] ], [ [ 98.473722, 10.970028 ], [ 98.473778, 10.969167 ], [ 98.476278, 10.970028 ], [ 98.473722, 10.970028 ] ], [ [ 98.492861, 11.404139 ], [ 98.492861, 11.403333 ], [ 98.495417, 11.403333 ], [ 98.492861, 11.404139 ] ], [ [ 98.017028, 11.311611 ], [ 98.017028, 11.310806 ], [ 98.019583, 11.311639 ], [ 98.017028, 11.311611 ] ], [ [ 98.028694, 11.320778 ], [ 98.028694, 11.32 ], [ 98.03125, 11.320806 ], [ 98.028694, 11.320778 ] ], [ [ 98.072917, 13.910833 ], [ 98.072889, 13.909972 ], [ 98.075444, 13.909972 ], [ 98.072917, 13.910833 ] ], [ [ 98.196056, 10.786306 ], [ 98.194722, 10.785028 ], [ 98.197361, 10.784222 ], [ 98.196056, 10.786306 ] ], [ [ 98.598194, 10.938278 ], [ 98.598194, 10.937472 ], [ 98.600778, 10.936694 ], [ 98.598194, 10.938278 ] ], [ [ 97.947917, 11.344167 ], [ 97.947917, 11.343306 ], [ 97.950444, 11.342444 ], [ 97.947917, 11.344167 ] ], [ [ 98.504444, 10.782583 ], [ 98.504444, 10.781722 ], [ 98.506917, 10.781722 ], [ 98.504444, 10.782583 ] ], [ [ 98.2125, 11.277056 ], [ 98.212028, 11.276667 ], [ 98.215417, 11.275806 ], [ 98.2125, 11.277056 ] ], [ [ 98.029583, 12.168333 ], [ 98.029583, 12.166611 ], [ 98.032083, 12.1675 ], [ 98.029583, 12.168333 ] ], [ [ 97.954556, 10.118306 ], [ 97.954556, 10.1175 ], [ 97.957111, 10.119167 ], [ 97.954556, 10.118306 ] ], [ [ 98.055583, 10.169222 ], [ 98.055583, 10.168417 ], [ 98.058083, 10.168361 ], [ 98.055583, 10.169222 ] ], [ [ 98.092472, 12.350389 ], [ 98.09125, 12.349194 ], [ 98.094111, 12.347861 ], [ 98.092472, 12.350389 ] ], [ [ 98.594972, 11.024583 ], [ 98.594583, 11.024167 ], [ 98.597056, 11.022444 ], [ 98.594972, 11.024583 ] ], [ [ 98.422083, 11.918333 ], [ 98.422083, 11.917472 ], [ 98.424583, 11.916639 ], [ 98.422083, 11.918333 ] ], [ [ 98.008694, 10.518389 ], [ 98.008639, 10.517528 ], [ 98.011139, 10.517528 ], [ 98.008694, 10.518389 ] ], [ [ 98.035361, 11.669111 ], [ 98.035361, 11.668306 ], [ 98.037944, 11.669139 ], [ 98.035361, 11.669111 ] ], [ [ 98.562083, 12.930028 ], [ 98.562083, 12.928306 ], [ 98.564583, 12.929167 ], [ 98.562083, 12.930028 ] ], [ [ 98.060361, 12.184972 ], [ 98.059611, 12.184111 ], [ 98.062083, 12.184139 ], [ 98.060361, 12.184972 ] ], [ [ 98.656222, 10.130444 ], [ 98.654944, 10.129167 ], [ 98.657056, 10.127917 ], [ 98.656222, 10.130444 ] ], [ [ 98.563722, 12.184167 ], [ 98.563722, 12.182444 ], [ 98.56625, 12.184167 ], [ 98.563722, 12.184167 ] ], [ [ 98.068722, 11.620833 ], [ 98.068722, 11.619972 ], [ 98.07125, 11.619111 ], [ 98.068722, 11.620833 ] ], [ [ 98.572083, 10.949972 ], [ 98.572083, 10.949167 ], [ 98.574583, 10.949167 ], [ 98.572083, 10.949972 ] ], [ [ 98.446278, 11.365 ], [ 98.445417, 11.364194 ], [ 98.447917, 11.364139 ], [ 98.446278, 11.365 ] ], [ [ 98.265028, 12.227917 ], [ 98.263722, 12.226667 ], [ 98.265833, 12.225389 ], [ 98.265028, 12.227917 ] ], [ [ 98.099139, 12.195389 ], [ 98.098722, 12.194972 ], [ 98.102056, 12.194139 ], [ 98.099139, 12.195389 ] ], [ [ 98.477472, 12.065389 ], [ 98.476222, 12.064111 ], [ 98.47875, 12.063306 ], [ 98.477472, 12.065389 ] ], [ [ 98.198528, 10.667944 ], [ 98.197306, 10.666694 ], [ 98.199444, 10.665472 ], [ 98.198528, 10.667944 ] ], [ [ 98.177889, 12.416639 ], [ 98.177889, 12.415833 ], [ 98.180417, 12.4175 ], [ 98.177889, 12.416639 ] ], [ [ 98.040417, 11.365 ], [ 98.040417, 11.364194 ], [ 98.042889, 11.364194 ], [ 98.040417, 11.365 ] ], [ [ 98.030417, 11.399972 ], [ 98.030417, 11.399167 ], [ 98.032917, 11.400861 ], [ 98.030417, 11.399972 ] ], [ [ 98.171222, 12.293333 ], [ 98.171222, 12.292472 ], [ 98.17375, 12.294167 ], [ 98.171222, 12.293333 ] ], [ [ 98.622889, 12.570833 ], [ 98.622889, 12.569167 ], [ 98.625417, 12.569167 ], [ 98.622889, 12.570833 ] ], [ [ 98.467944, 11.538278 ], [ 98.467889, 11.536667 ], [ 98.470389, 11.5375 ], [ 98.467944, 11.538278 ] ], [ [ 98.564583, 12.695 ], [ 98.564556, 12.693333 ], [ 98.567083, 12.694944 ], [ 98.564583, 12.695 ] ], [ [ 98.195778, 12.220389 ], [ 98.194556, 12.219167 ], [ 98.197083, 12.218306 ], [ 98.195778, 12.220389 ] ], [ [ 98.185861, 11.851278 ], [ 98.18375, 11.849139 ], [ 98.184583, 11.849944 ], [ 98.185861, 11.851278 ] ], [ [ 98.665806, 10.922861 ], [ 98.664583, 10.921667 ], [ 98.666667, 10.920389 ], [ 98.665806, 10.922861 ] ], [ [ 93.657917, 18.6575 ], [ 93.657917, 18.656639 ], [ 93.660472, 18.658361 ], [ 93.657917, 18.6575 ] ], [ [ 98.61125, 11.179139 ], [ 98.61125, 11.177472 ], [ 98.61375, 11.177472 ], [ 98.61125, 11.179139 ] ], [ [ 98.23125, 11.928278 ], [ 98.231194, 11.926667 ], [ 98.233722, 11.926694 ], [ 98.23125, 11.928278 ] ], [ [ 98.704944, 12.782083 ], [ 98.703722, 12.780806 ], [ 98.706582, 12.780974 ], [ 98.704944, 12.782083 ] ], [ [ 97.782528, 14.934556 ], [ 97.782083, 14.934139 ], [ 97.785444, 14.933306 ], [ 97.782528, 14.934556 ] ], [ [ 98.192889, 12.307472 ], [ 98.192083, 12.306667 ], [ 98.194583, 12.308333 ], [ 98.192889, 12.307472 ] ], [ [ 98.43, 8.122056 ], [ 98.429639, 8.121667 ], [ 98.432889, 8.120806 ], [ 98.43, 8.122056 ] ], [ [ 98.459583, 11.858306 ], [ 98.459583, 11.856639 ], [ 98.462083, 11.8575 ], [ 98.459583, 11.858306 ] ], [ [ 98.033722, 11.638278 ], [ 98.033722, 11.636667 ], [ 98.036222, 11.6375 ], [ 98.033722, 11.638278 ] ], [ [ 98.451222, 13.364167 ], [ 98.451222, 13.363306 ], [ 98.453722, 13.363306 ], [ 98.451222, 13.364167 ] ], [ [ 98.145417, 12.184167 ], [ 98.145417, 12.183306 ], [ 98.147917, 12.183306 ], [ 98.145417, 12.184167 ] ], [ [ 97.972472, 12.127917 ], [ 97.97125, 12.126639 ], [ 97.973361, 12.125389 ], [ 97.972472, 12.127917 ] ], [ [ 98.005389, 11.430778 ], [ 98.005389, 11.429972 ], [ 98.007917, 11.430806 ], [ 98.005389, 11.430778 ] ], [ [ 98.010417, 11.794167 ], [ 98.010417, 11.793361 ], [ 98.012889, 11.794972 ], [ 98.010417, 11.794167 ] ], [ [ 97.647861, 15.7725 ], [ 97.647861, 15.771639 ], [ 97.650417, 15.773306 ], [ 97.647861, 15.7725 ] ], [ [ 98.072917, 13.94 ], [ 98.072917, 13.938333 ], [ 98.075389, 13.938333 ], [ 98.072917, 13.94 ] ], [ [ 98.559611, 12.030833 ], [ 98.558722, 12.029972 ], [ 98.56125, 12.029972 ], [ 98.559611, 12.030833 ] ], [ [ 98.035472, 11.375833 ], [ 98.035472, 11.374167 ], [ 98.037917, 11.374972 ], [ 98.035472, 11.375833 ] ], [ [ 98.267917, 11.464972 ], [ 98.267944, 11.463306 ], [ 98.270444, 11.464139 ], [ 98.267917, 11.464972 ] ], [ [ 97.64625, 15.775806 ], [ 97.64625, 15.775028 ], [ 97.648722, 15.776639 ], [ 97.64625, 15.775806 ] ], [ [ 97.8075, 14.397056 ], [ 97.806222, 14.395833 ], [ 97.808306, 14.393722 ], [ 97.8075, 14.397056 ] ], [ [ 98.351667, 12.272917 ], [ 98.350444, 12.271667 ], [ 98.352528, 12.270417 ], [ 98.351667, 12.272917 ] ], [ [ 94.34375, 16.675806 ], [ 94.343722, 16.675 ], [ 94.34625, 16.676639 ], [ 94.34375, 16.675806 ] ], [ [ 98.320417, 12.856639 ], [ 98.320417, 12.854972 ], [ 98.322917, 12.854972 ], [ 98.320417, 12.856639 ] ], [ [ 98.02875, 12.309167 ], [ 98.02875, 12.308306 ], [ 98.031194, 12.31 ], [ 98.02875, 12.309167 ] ], [ [ 98.495417, 12.042444 ], [ 98.495417, 12.041639 ], [ 98.497861, 12.043306 ], [ 98.495417, 12.042444 ] ], [ [ 97.967111, 12.053306 ], [ 97.967111, 12.051639 ], [ 97.969611, 12.0525 ], [ 97.967111, 12.053306 ] ], [ [ 97.947917, 12.257444 ], [ 97.947917, 12.256667 ], [ 97.950417, 12.258333 ], [ 97.947917, 12.257444 ] ], [ [ 98.48875, 11.516611 ], [ 98.48875, 11.515 ], [ 98.490389, 11.514139 ], [ 98.48875, 11.516611 ] ], [ [ 97.866667, 14.167889 ], [ 97.865444, 14.166667 ], [ 97.868722, 14.1675 ], [ 97.866667, 14.167889 ] ], [ [ 98.277917, 11.244167 ], [ 98.277917, 11.2425 ], [ 98.280417, 11.243306 ], [ 98.277917, 11.244167 ] ], [ [ 98.460444, 12.089972 ], [ 98.460444, 12.089194 ], [ 98.46375, 12.09 ], [ 98.460444, 12.089972 ] ], [ [ 94.309583, 16.595 ], [ 94.309583, 16.594139 ], [ 94.312056, 16.593306 ], [ 94.309583, 16.595 ] ], [ [ 98.060444, 12.297472 ], [ 98.060444, 12.296667 ], [ 98.062889, 12.295806 ], [ 98.060444, 12.297472 ] ], [ [ 94.192083, 16.108306 ], [ 94.192083, 16.1075 ], [ 94.194583, 16.109139 ], [ 94.192083, 16.108306 ] ], [ [ 98.5225, 11.442889 ], [ 98.52125, 11.441667 ], [ 98.523722, 11.440806 ], [ 98.5225, 11.442889 ] ], [ [ 94.26875, 18.493306 ], [ 94.26875, 18.4925 ], [ 94.27125, 18.491667 ], [ 94.26875, 18.493306 ] ], [ [ 98.582056, 11.857472 ], [ 98.582056, 11.856667 ], [ 98.584583, 11.855806 ], [ 98.582056, 11.857472 ] ], [ [ 98.478917, 10.955056 ], [ 98.478917, 10.954194 ], [ 98.481361, 10.953389 ], [ 98.478917, 10.955056 ] ], [ [ 94.417111, 16.925 ], [ 94.417083, 16.924139 ], [ 94.419583, 16.923333 ], [ 94.417111, 16.925 ] ], [ [ 93.307111, 19.447472 ], [ 93.307111, 19.446611 ], [ 93.309583, 19.448333 ], [ 93.307111, 19.447472 ] ], [ [ 98.431639, 12.187028 ], [ 98.430417, 12.185833 ], [ 98.433694, 12.185833 ], [ 98.431639, 12.187028 ] ], [ [ 97.980444, 10.539972 ], [ 97.980444, 10.538306 ], [ 97.982889, 10.538333 ], [ 97.980444, 10.539972 ] ], [ [ 98.129139, 12.196222 ], [ 98.127917, 12.194972 ], [ 98.130361, 12.194167 ], [ 98.129139, 12.196222 ] ], [ [ 98.017917, 12.301611 ], [ 98.017917, 12.300806 ], [ 98.020361, 12.3025 ], [ 98.017917, 12.301611 ] ], [ [ 98.675, 11.680389 ], [ 98.674556, 11.679972 ], [ 98.677889, 11.679167 ], [ 98.675, 11.680389 ] ], [ [ 93.681222, 19.575 ], [ 93.681222, 19.574139 ], [ 93.68375, 19.573333 ], [ 93.681222, 19.575 ] ], [ [ 94.357028, 16.745861 ], [ 94.357083, 16.745 ], [ 94.359583, 16.744167 ], [ 94.357028, 16.745861 ] ], [ [ 93.444528, 19.425806 ], [ 93.444583, 19.425 ], [ 93.447056, 19.426639 ], [ 93.444528, 19.425806 ] ], [ [ 98.350444, 9.116639 ], [ 98.350444, 9.114972 ], [ 98.352056, 9.1175 ], [ 98.350444, 9.116639 ] ], [ [ 94.160389, 18.7575 ], [ 94.160389, 18.756639 ], [ 94.163694, 18.756667 ], [ 94.160389, 18.7575 ] ], [ [ 97.998722, 10.858333 ], [ 97.999111, 10.857861 ], [ 98.0, 10.860361 ], [ 97.998722, 10.858333 ] ], [ [ 98.387083, 9.078278 ], [ 98.387083, 9.077417 ], [ 98.389639, 9.077417 ], [ 98.387083, 9.078278 ] ], [ [ 97.995389, 10.085806 ], [ 97.995389, 10.084139 ], [ 97.997111, 10.083278 ], [ 97.995389, 10.085806 ] ], [ [ 98.663028, 10.175806 ], [ 98.663028, 10.175 ], [ 98.665556, 10.174944 ], [ 98.663028, 10.175806 ] ], [ [ 98.49175, 10.798417 ], [ 98.49175, 10.797556 ], [ 98.49425, 10.797556 ], [ 98.49175, 10.798417 ] ], [ [ 98.177083, 10.006278 ], [ 98.175806, 10.005083 ], [ 98.178389, 10.004222 ], [ 98.177083, 10.006278 ] ], [ [ 98.60375, 12.133361 ], [ 98.60375, 12.1325 ], [ 98.60625, 12.1325 ], [ 98.60375, 12.133361 ] ], [ [ 98.213722, 12.370806 ], [ 98.213722, 12.369944 ], [ 98.21625, 12.369944 ], [ 98.213722, 12.370806 ] ], [ [ 98.130806, 11.494583 ], [ 98.130389, 11.494167 ], [ 98.132944, 11.492472 ], [ 98.130806, 11.494583 ] ], [ [ 98.611194, 12.091667 ], [ 98.611194, 12.09 ], [ 98.61375, 12.090806 ], [ 98.611194, 12.091667 ] ], [ [ 97.870417, 12.251639 ], [ 97.870417, 12.250778 ], [ 97.872917, 12.250778 ], [ 97.870417, 12.251639 ] ], [ [ 98.251222, 12.889167 ], [ 98.251222, 12.888306 ], [ 98.25375, 12.889194 ], [ 98.251222, 12.889167 ] ], [ [ 98.103694, 12.419167 ], [ 98.103694, 12.418306 ], [ 98.106306, 12.418306 ], [ 98.103694, 12.419167 ] ], [ [ 98.067861, 11.615833 ], [ 98.067889, 11.614167 ], [ 98.070417, 11.614972 ], [ 98.067861, 11.615833 ] ], [ [ 98.171222, 12.605806 ], [ 98.171222, 12.604944 ], [ 98.17375, 12.605833 ], [ 98.171222, 12.605806 ] ], [ [ 98.058889, 10.170028 ], [ 98.058889, 10.169167 ], [ 98.060583, 10.170917 ], [ 98.058889, 10.170028 ] ], [ [ 98.682889, 8.096667 ], [ 98.682889, 8.095806 ], [ 98.685417, 8.095806 ], [ 98.682889, 8.096667 ] ], [ [ 98.009639, 10.86 ], [ 98.009639, 10.859194 ], [ 98.012194, 10.859194 ], [ 98.009639, 10.86 ] ], [ [ 98.028694, 12.305806 ], [ 98.028694, 12.305 ], [ 98.031222, 12.305 ], [ 98.028694, 12.305806 ] ], [ [ 98.487056, 8.345806 ], [ 98.487056, 8.345 ], [ 98.489556, 8.345 ], [ 98.487056, 8.345806 ] ], [ [ 98.36375, 12.292472 ], [ 98.36375, 12.291611 ], [ 98.36625, 12.291611 ], [ 98.36375, 12.292472 ] ], [ [ 98.548528, 10.899583 ], [ 98.547306, 10.898306 ], [ 98.549417, 10.897056 ], [ 98.548528, 10.899583 ] ], [ [ 98.412917, 8.159944 ], [ 98.412917, 8.159139 ], [ 98.415417, 8.159139 ], [ 98.412917, 8.159944 ] ], [ [ 98.398722, 12.13 ], [ 98.398722, 12.129139 ], [ 98.40125, 12.129139 ], [ 98.398722, 12.13 ] ], [ [ 97.93125, 13.841639 ], [ 97.93125, 13.840833 ], [ 97.933778, 13.840778 ], [ 97.93125, 13.841639 ] ], [ [ 98.209111, 10.532556 ], [ 98.209111, 10.531694 ], [ 98.211639, 10.531722 ], [ 98.209111, 10.532556 ] ], [ [ 98.608694, 12.790778 ], [ 98.608694, 12.789972 ], [ 98.61125, 12.79 ], [ 98.608694, 12.790778 ] ], [ [ 98.091222, 11.899167 ], [ 98.091222, 11.898361 ], [ 98.09375, 11.898306 ], [ 98.091222, 11.899167 ] ], [ [ 98.497111, 12.040833 ], [ 98.497111, 12.039972 ], [ 98.499583, 12.040861 ], [ 98.497111, 12.040833 ] ], [ [ 98.144556, 12.376639 ], [ 98.144556, 12.375833 ], [ 98.147056, 12.375778 ], [ 98.144556, 12.376639 ] ], [ [ 98.54275, 10.938333 ], [ 98.542833, 10.937472 ], [ 98.545306, 10.938333 ], [ 98.54275, 10.938333 ] ], [ [ 98.448722, 12.246667 ], [ 98.448722, 12.245806 ], [ 98.45125, 12.245806 ], [ 98.448722, 12.246667 ] ], [ [ 93.687917, 18.661639 ], [ 93.687917, 18.660833 ], [ 93.690472, 18.661694 ], [ 93.687917, 18.661639 ] ], [ [ 97.626222, 12.048333 ], [ 97.626222, 12.047472 ], [ 97.62875, 12.047472 ], [ 97.626222, 12.048333 ] ], [ [ 98.277333, 10.430444 ], [ 98.276167, 10.429194 ], [ 98.278667, 10.429194 ], [ 98.277333, 10.430444 ] ], [ [ 98.431222, 12.189167 ], [ 98.431222, 12.188361 ], [ 98.43375, 12.188361 ], [ 98.431222, 12.189167 ] ], [ [ 97.957056, 12.053333 ], [ 97.957056, 12.052472 ], [ 97.958952, 12.052658 ], [ 97.957056, 12.053333 ] ], [ [ 98.771556, 10.988306 ], [ 98.771556, 10.9875 ], [ 98.774083, 10.988333 ], [ 98.771556, 10.988306 ] ], [ [ 98.590528, 10.834167 ], [ 98.590556, 10.833306 ], [ 98.593028, 10.834167 ], [ 98.590528, 10.834167 ] ], [ [ 98.237889, 11.42 ], [ 98.237889, 11.419139 ], [ 98.240389, 11.419139 ], [ 98.237889, 11.42 ] ], [ [ 98.008722, 12.4275 ], [ 98.008722, 12.426639 ], [ 98.01125, 12.426639 ], [ 98.008722, 12.4275 ] ], [ [ 98.385806, 12.342083 ], [ 98.384583, 12.340806 ], [ 98.387917, 12.341639 ], [ 98.385806, 12.342083 ] ], [ [ 97.878306, 12.250417 ], [ 97.877083, 12.249139 ], [ 97.879222, 12.247889 ], [ 97.878306, 12.250417 ] ], [ [ 98.566167, 10.958333 ], [ 98.566167, 10.957472 ], [ 98.568639, 10.958361 ], [ 98.566167, 10.958333 ] ], [ [ 98.09125, 12.439167 ], [ 98.09125, 12.438306 ], [ 98.09375, 12.438306 ], [ 98.09125, 12.439167 ] ], [ [ 98.153722, 12.426611 ], [ 98.15375, 12.425806 ], [ 98.15625, 12.426611 ], [ 98.153722, 12.426611 ] ], [ [ 98.497889, 13.278306 ], [ 98.497889, 13.2775 ], [ 98.500417, 13.277444 ], [ 98.497889, 13.278306 ] ], [ [ 97.860361, 12.264167 ], [ 97.860389, 12.263306 ], [ 97.862889, 12.264111 ], [ 97.860361, 12.264167 ] ], [ [ 98.233917, 10.4675 ], [ 98.233917, 10.466694 ], [ 98.236417, 10.466694 ], [ 98.233917, 10.4675 ] ], [ [ 98.090417, 12.444139 ], [ 98.090417, 12.443278 ], [ 98.092917, 12.444167 ], [ 98.090417, 12.444139 ] ], [ [ 98.534167, 11.570389 ], [ 98.532889, 11.569167 ], [ 98.534972, 11.567861 ], [ 98.534167, 11.570389 ] ], [ [ 98.45875, 12.0925 ], [ 98.45875, 12.091639 ], [ 98.46125, 12.091667 ], [ 98.45875, 12.0925 ] ], [ [ 98.42525, 10.825861 ], [ 98.42525, 10.824194 ], [ 98.427778, 10.825861 ], [ 98.42525, 10.825861 ] ], [ [ 98.684583, 11.389972 ], [ 98.684583, 11.389167 ], [ 98.687083, 11.389194 ], [ 98.684583, 11.389972 ] ], [ [ 98.172028, 12.31 ], [ 98.172056, 12.309139 ], [ 98.174556, 12.31 ], [ 98.172028, 12.31 ] ], [ [ 97.983778, 11.454944 ], [ 97.983778, 11.454139 ], [ 97.986278, 11.454139 ], [ 97.983778, 11.454944 ] ], [ [ 98.02875, 11.427472 ], [ 98.02875, 11.426667 ], [ 98.03125, 11.4275 ], [ 98.02875, 11.427472 ] ], [ [ 98.668722, 11.149972 ], [ 98.668722, 11.149167 ], [ 98.671222, 11.149167 ], [ 98.668722, 11.149972 ] ], [ [ 98.41625, 12.097472 ], [ 98.416194, 12.096667 ], [ 98.41875, 12.096667 ], [ 98.41625, 12.097472 ] ], [ [ 93.664556, 18.645833 ], [ 93.664556, 18.644972 ], [ 93.667083, 18.644944 ], [ 93.664556, 18.645833 ] ], [ [ 98.357056, 9.507472 ], [ 98.357056, 9.506667 ], [ 98.359667, 9.507472 ], [ 98.357056, 9.507472 ] ], [ [ 97.81375, 12.404972 ], [ 97.81375, 12.404167 ], [ 97.81625, 12.404139 ], [ 97.81375, 12.404972 ] ], [ [ 97.924556, 13.926667 ], [ 97.924556, 13.925806 ], [ 97.927111, 13.925833 ], [ 97.924556, 13.926667 ] ], [ [ 97.507083, 11.634944 ], [ 97.507083, 11.634139 ], [ 97.509583, 11.634167 ], [ 97.507083, 11.634944 ] ], [ [ 94.544194, 17.324611 ], [ 94.542917, 17.323306 ], [ 94.545417, 17.322472 ], [ 94.544194, 17.324611 ] ], [ [ 98.010417, 12.429972 ], [ 98.010389, 12.429167 ], [ 98.012889, 12.429167 ], [ 98.010417, 12.429972 ] ], [ [ 98.238944, 10.59 ], [ 98.238972, 10.589194 ], [ 98.241444, 10.590028 ], [ 98.238944, 10.59 ] ], [ [ 98.233917, 10.465028 ], [ 98.233917, 10.464222 ], [ 98.236417, 10.465056 ], [ 98.233917, 10.465028 ] ], [ [ 98.247111, 12.319167 ], [ 98.247083, 12.318306 ], [ 98.249583, 12.319167 ], [ 98.247111, 12.319167 ] ], [ [ 98.173778, 11.9925 ], [ 98.173778, 11.991639 ], [ 98.17625, 11.991639 ], [ 98.173778, 11.9925 ] ], [ [ 93.57375, 19.485861 ], [ 93.57375, 19.485 ], [ 93.576222, 19.485 ], [ 93.57375, 19.485861 ] ], [ [ 98.227861, 11.823306 ], [ 98.227917, 11.8225 ], [ 98.230417, 11.823306 ], [ 98.227861, 11.823306 ] ], [ [ 98.260417, 12.226639 ], [ 98.260417, 12.225833 ], [ 98.262889, 12.225861 ], [ 98.260417, 12.226639 ] ], [ [ 93.441222, 18.8675 ], [ 93.441222, 18.866639 ], [ 93.44375, 18.866667 ], [ 93.441222, 18.8675 ] ], [ [ 98.067472, 11.612889 ], [ 98.067083, 11.6125 ], [ 98.070417, 11.6125 ], [ 98.067472, 11.612889 ] ], [ [ 93.512444, 18.798722 ], [ 93.512083, 18.798333 ], [ 93.515417, 18.797444 ], [ 93.512444, 18.798722 ] ], [ [ 98.221194, 10.977528 ], [ 98.221139, 10.976722 ], [ 98.223639, 10.976722 ], [ 98.221194, 10.977528 ] ], [ [ 98.118278, 11.422889 ], [ 98.117056, 11.421667 ], [ 98.120361, 11.421611 ], [ 98.118278, 11.422889 ] ], [ [ 97.972111, 12.433361 ], [ 97.972111, 12.431639 ], [ 97.974556, 12.4325 ], [ 97.972111, 12.433361 ] ], [ [ 97.835444, 12.775778 ], [ 97.835444, 12.774972 ], [ 97.837889, 12.775806 ], [ 97.835444, 12.775778 ] ], [ [ 93.665417, 18.663333 ], [ 93.665417, 18.662472 ], [ 93.667944, 18.663306 ], [ 93.665417, 18.663333 ] ], [ [ 94.112917, 18.735806 ], [ 94.112889, 18.735 ], [ 94.115417, 18.734972 ], [ 94.112917, 18.735806 ] ], [ [ 94.517889, 17.752472 ], [ 94.517861, 17.751667 ], [ 94.520389, 17.751639 ], [ 94.517889, 17.752472 ] ], [ [ 93.64875, 18.670833 ], [ 93.64875, 18.669972 ], [ 93.651278, 18.669972 ], [ 93.64875, 18.670833 ] ], [ [ 94.445361, 17.076639 ], [ 94.445444, 17.075833 ], [ 94.447889, 17.076611 ], [ 94.445361, 17.076639 ] ], [ [ 93.665417, 18.66 ], [ 93.665417, 18.659139 ], [ 93.667917, 18.659194 ], [ 93.665417, 18.66 ] ], [ [ 94.462056, 17.912472 ], [ 94.462056, 17.911667 ], [ 94.464556, 17.911639 ], [ 94.462056, 17.912472 ] ], [ [ 93.6675, 19.591222 ], [ 93.666222, 19.589972 ], [ 93.669611, 19.590833 ], [ 93.6675, 19.591222 ] ], [ [ 97.961278, 10.354167 ], [ 97.961278, 10.353306 ], [ 97.963694, 10.353306 ], [ 97.961278, 10.354167 ] ], [ [ 93.489194, 18.840389 ], [ 93.487917, 18.839139 ], [ 93.49125, 18.84 ], [ 93.489194, 18.840389 ] ], [ [ 93.93375, 18.7975 ], [ 93.93375, 18.796639 ], [ 93.936222, 18.796667 ], [ 93.93375, 18.7975 ] ], [ [ 92.900389, 20.085833 ], [ 92.900389, 20.084972 ], [ 92.902889, 20.084972 ], [ 92.900389, 20.085833 ] ], [ [ 93.184611, 19.7725 ], [ 93.184611, 19.771639 ], [ 93.187083, 19.771639 ], [ 93.184611, 19.7725 ] ], [ [ 98.057917, 12.284139 ], [ 98.057917, 12.283333 ], [ 98.060361, 12.283333 ], [ 98.057917, 12.284139 ] ], [ [ 93.652861, 18.645806 ], [ 93.652861, 18.645 ], [ 93.655389, 18.645 ], [ 93.652861, 18.645806 ] ], [ [ 94.492056, 17.764139 ], [ 94.492083, 17.763333 ], [ 94.494556, 17.764111 ], [ 94.492056, 17.764139 ] ], [ [ 98.156639, 9.751167 ], [ 98.156306, 9.750806 ], [ 98.158333, 9.748806 ], [ 98.156639, 9.751167 ] ], [ [ 98.451333, 10.627139 ], [ 98.450111, 10.625889 ], [ 98.45225, 10.625417 ], [ 98.451333, 10.627139 ] ], [ [ 98.485111, 10.900917 ], [ 98.485111, 10.900056 ], [ 98.487611, 10.900056 ], [ 98.485111, 10.900917 ] ], [ [ 98.275861, 11.91875 ], [ 98.275361, 11.918361 ], [ 98.277944, 11.9175 ], [ 98.275861, 11.91875 ] ], [ [ 98.506944, 10.776722 ], [ 98.506944, 10.775861 ], [ 98.509556, 10.776722 ], [ 98.506944, 10.776722 ] ], [ [ 98.13125, 12.352472 ], [ 98.131194, 12.351611 ], [ 98.132917, 12.350806 ], [ 98.13125, 12.352472 ] ], [ [ 98.460389, 10.957556 ], [ 98.460389, 10.956694 ], [ 98.462944, 10.957556 ], [ 98.460389, 10.957556 ] ], [ [ 98.212889, 11.822472 ], [ 98.212917, 11.821667 ], [ 98.214611, 11.820806 ], [ 98.212889, 11.822472 ] ], [ [ 98.52, 11.444611 ], [ 98.519583, 11.444139 ], [ 98.522083, 11.443278 ], [ 98.52, 11.444611 ] ], [ [ 97.973778, 10.502528 ], [ 97.973722, 10.501667 ], [ 97.976278, 10.502472 ], [ 97.973778, 10.502528 ] ], [ [ 97.942083, 10.369139 ], [ 97.942083, 10.368278 ], [ 97.943576, 10.369041 ], [ 97.942083, 10.369139 ] ], [ [ 98.127917, 11.489972 ], [ 98.127917, 11.489167 ], [ 98.130444, 11.489194 ], [ 98.127917, 11.489972 ] ], [ [ 98.644556, 8.284111 ], [ 98.644556, 8.283306 ], [ 98.64625, 8.284972 ], [ 98.644556, 8.284111 ] ], [ [ 97.981222, 10.331667 ], [ 97.981222, 10.330806 ], [ 97.982917, 10.33 ], [ 97.981222, 10.331667 ] ], [ [ 98.530889, 10.954167 ], [ 98.530889, 10.953306 ], [ 98.532556, 10.955028 ], [ 98.530889, 10.954167 ] ], [ [ 97.987083, 12.471639 ], [ 97.987083, 12.470778 ], [ 97.98875, 12.472528 ], [ 97.987083, 12.471639 ] ], [ [ 98.472111, 10.967556 ], [ 98.472111, 10.966694 ], [ 98.473806, 10.965889 ], [ 98.472111, 10.967556 ] ], [ [ 98.486194, 13.290806 ], [ 98.486194, 13.29 ], [ 98.487889, 13.291611 ], [ 98.486194, 13.290806 ] ], [ [ 98.090417, 12.441694 ], [ 98.090417, 12.440833 ], [ 98.092861, 12.441639 ], [ 98.090417, 12.441694 ] ], [ [ 98.002083, 12.410833 ], [ 98.002083, 12.410028 ], [ 98.003778, 12.411639 ], [ 98.002083, 12.410833 ] ], [ [ 98.209972, 11.822917 ], [ 98.209583, 11.822444 ], [ 98.212083, 11.821667 ], [ 98.209972, 11.822917 ] ], [ [ 98.496583, 10.826722 ], [ 98.496583, 10.825861 ], [ 98.499056, 10.826722 ], [ 98.496583, 10.826722 ] ], [ [ 98.025417, 12.3075 ], [ 98.025361, 12.306639 ], [ 98.027861, 12.307444 ], [ 98.025417, 12.3075 ] ], [ [ 98.449194, 10.519222 ], [ 98.449194, 10.518361 ], [ 98.451694, 10.51925 ], [ 98.449194, 10.519222 ] ], [ [ 98.469583, 12.101667 ], [ 98.469583, 12.100806 ], [ 98.472083, 12.100806 ], [ 98.469583, 12.101667 ] ], [ [ 98.425, 12.21625 ], [ 98.424556, 12.215778 ], [ 98.427083, 12.214972 ], [ 98.425, 12.21625 ] ], [ [ 98.452278, 10.685889 ], [ 98.452278, 10.685028 ], [ 98.454778, 10.685028 ], [ 98.452278, 10.685889 ] ], [ [ 98.19125, 11.991667 ], [ 98.19125, 11.990806 ], [ 98.192889, 11.989972 ], [ 98.19125, 11.991667 ] ], [ [ 98.017083, 11.349972 ], [ 98.017083, 11.349167 ], [ 98.019583, 11.35 ], [ 98.017083, 11.349972 ] ], [ [ 94.570417, 17.306667 ], [ 94.570417, 17.305806 ], [ 94.572917, 17.305833 ], [ 94.570417, 17.306667 ] ], [ [ 98.215417, 11.821667 ], [ 98.215417, 11.820806 ], [ 98.217917, 11.820806 ], [ 98.215417, 11.821667 ] ], [ [ 98.47, 11.803694 ], [ 98.469556, 11.803306 ], [ 98.472056, 11.8025 ], [ 98.47, 11.803694 ] ], [ [ 98.054583, 12.462472 ], [ 98.054583, 12.461667 ], [ 98.056222, 12.460806 ], [ 98.054583, 12.462472 ] ], [ [ 97.956278, 12.037472 ], [ 97.956278, 12.036667 ], [ 97.957944, 12.038333 ], [ 97.956278, 12.037472 ] ], [ [ 98.176611, 10.014222 ], [ 98.176611, 10.013417 ], [ 98.178278, 10.012556 ], [ 98.176611, 10.014222 ] ], [ [ 93.982083, 18.714167 ], [ 93.982083, 18.713306 ], [ 93.984556, 18.714139 ], [ 93.982083, 18.714167 ] ], [ [ 94.52625, 17.559944 ], [ 94.52625, 17.559139 ], [ 94.528778, 17.56 ], [ 94.52625, 17.559944 ] ], [ [ 97.770028, 14.489556 ], [ 97.769611, 14.489167 ], [ 97.772083, 14.488306 ], [ 97.770028, 14.489556 ] ], [ [ 98.129194, 12.328694 ], [ 98.128694, 12.328306 ], [ 98.131222, 12.3275 ], [ 98.129194, 12.328694 ] ], [ [ 98.129556, 12.354139 ], [ 98.129556, 12.353333 ], [ 98.132056, 12.354139 ], [ 98.129556, 12.354139 ] ], [ [ 93.699583, 18.66 ], [ 93.699583, 18.659111 ], [ 93.702056, 18.659972 ], [ 93.699583, 18.66 ] ], [ [ 93.500417, 18.82 ], [ 93.500389, 18.819139 ], [ 93.502889, 18.819972 ], [ 93.500417, 18.82 ] ], [ [ 94.29125, 16.555 ], [ 94.29125, 16.554111 ], [ 94.29375, 16.553306 ], [ 94.29125, 16.555 ] ], [ [ 98.15625, 12.351639 ], [ 98.15625, 12.350833 ], [ 98.157889, 12.349972 ], [ 98.15625, 12.351639 ] ], [ [ 97.907917, 14.614111 ], [ 97.907917, 14.613306 ], [ 97.910389, 14.614139 ], [ 97.907917, 14.614111 ] ], [ [ 98.531361, 10.952083 ], [ 98.530889, 10.951639 ], [ 98.5335, 10.951639 ], [ 98.531361, 10.952083 ] ], [ [ 98.070861, 13.909556 ], [ 98.070417, 13.909167 ], [ 98.071667, 13.907028 ], [ 98.070861, 13.909556 ] ], [ [ 98.032528, 11.307083 ], [ 98.032083, 11.306667 ], [ 98.034556, 11.306639 ], [ 98.032528, 11.307083 ] ], [ [ 94.187889, 16.0425 ], [ 94.187889, 16.041639 ], [ 94.189556, 16.043333 ], [ 94.187889, 16.0425 ] ], [ [ 92.871639, 20.125389 ], [ 92.871222, 20.125 ], [ 92.874583, 20.124944 ], [ 92.871639, 20.125389 ] ], [ [ 94.150806, 18.827889 ], [ 94.150389, 18.8275 ], [ 94.153694, 18.827472 ], [ 94.150806, 18.827889 ] ], [ [ 93.905, 19.45875 ], [ 93.904611, 19.458333 ], [ 93.907083, 19.457472 ], [ 93.905, 19.45875 ] ], [ [ 97.975806, 10.084611 ], [ 97.975444, 10.084139 ], [ 97.977917, 10.084139 ], [ 97.975806, 10.084611 ] ], [ [ 98.364056, 10.272139 ], [ 98.363583, 10.271722 ], [ 98.366139, 10.27175 ], [ 98.364056, 10.272139 ] ] ] } }
]
}
