{
"type": "FeatureCollection",
"name": "Hydrophis_stricticollis",
"crs": { "type": "name", "properties": { "name": "urn:ogc:def:crs:OGC:1.3:CRS84" } },
"features": [
{ "type": "Feature", "properties": { "species": "Hydrophis stricticollis", "EOO_km2": 171327.89826939092, "AOO_km2": 171272.0 }, "geometry": { "type": "MultiPolygon", "coordinates": [ [ [ [ 79.710274378561465, 7.984985208844122 ], [ 79.70529131565921, 7.986592816183046 ], [ 79.700325360498468, 7.988252516934791 ], [ 79.695377057652152, 7.989964129094465 ], [ 79.690446949757458, 7.991727464964505 ], [ 79.685535577456264, 7.993542331175265 ], [ 79.680643479335885, 7.995408528706212 ], [ 79.675771191869998, 7.997325852907755 ], [ 79.670919249359869, 7.999294093523691 ], [ 79.66608818387563, 8.001313034714256 ], [ 79.661278525198071, 8.003382455079796 ], [ 79.656490800760466, 8.00550212768505 ], [ 79.651725535590742, 8.007671820084029 ], [ 79.646983252253932, 8.009891294345509 ], [ 79.642264470794842, 8.012160307079132 ], [ 79.637569708681056, 8.014478609462074 ], [ 79.632899480746104, 8.016845947266361 ], [ 79.628254299133133, 8.019262060886721 ], [ 79.623634673238655, 8.021726685369071 ], [ 79.619041109656706, 8.024239550439562 ], [ 79.61447411212329, 8.026800380534221 ], [ 79.609934181461156, 8.029408894829169 ], [ 79.605421815524863, 8.032064807271421 ], [ 79.600937509146178, 8.034767826610247 ], [ 79.596481754079846, 8.037517656429117 ], [ 79.59205503894961, 8.040313995178201 ], [ 79.591350590612777, 8.040769382234938 ], [ 79.591320051297032, 8.041011835540244 ], [ 79.590105557266625, 8.050426792213639 ], [ 79.588866776945451, 8.059820117305485 ], [ 79.587598525129621, 8.069193970197015 ], [ 79.586303605885504, 8.078539875532128 ], [ 79.584981209954236, 8.08785956317602 ], [ 79.583633155951929, 8.097151369258693 ], [ 79.582253833045897, 8.106420576354427 ], [ 79.580845220229051, 8.115665152986562 ], [ 79.579411050104795, 8.124870055313222 ], [ 79.57794605680057, 8.134037534305865 ], [ 79.576449822626543, 8.14316601084338 ], [ 79.574926045797667, 8.152257521973633 ], [ 79.573371783400674, 8.161313943793042 ], [ 79.571787635462073, 8.170326994805178 ], [ 79.570170164584056, 8.179301903467888 ], [ 79.568523189383555, 8.188240976426128 ], [ 79.56684466310395, 8.197138686635903 ], [ 79.565133342820758, 8.205983181288328 ], [ 79.563388832641763, 8.214773466851939 ], [ 79.561614076467009, 8.223519230127309 ], [ 79.559805188628971, 8.232211529704269 ], [ 79.557966022753106, 8.240853300640028 ], [ 79.556091278190607, 8.249446021464847 ], [ 79.554183933435652, 8.257981854465658 ], [ 79.55224470681037, 8.266470539259441 ], [ 79.550267821032662, 8.274898867620701 ], [ 79.548259519833167, 8.283270614291682 ], [ 79.546217288404904, 8.291584214063791 ], [ 79.544145257797211, 8.299843288668864 ], [ 79.542038807760534, 8.308045685209899 ], [ 79.539898645023513, 8.316183259217025 ], [ 79.537724162173305, 8.324258611907938 ], [ 79.535514771184353, 8.33227434232335 ], [ 79.533270740030076, 8.340225993058176 ], [ 79.530992353943375, 8.348109119232305 ], [ 79.528679065735105, 8.355926557178714 ], [ 79.526330747330746, 8.363677503618147 ], [ 79.523946097424954, 8.371371925292516 ], [ 79.521523426928866, 8.379000225668403 ], [ 79.519065959715292, 8.386552109933481 ], [ 79.516573201951942, 8.394030680338023 ], [ 79.514044692628559, 8.401438981853589 ], [ 79.511477953801815, 8.408775475137288 ], [ 79.508876053555724, 8.41603329633095 ], [ 79.506238376410536, 8.423215913871918 ], [ 79.503564417459685, 8.430326435064719 ], [ 79.500856603458018, 8.437365413783315 ], [ 79.498115018702208, 8.444332484897949 ], [ 79.495337209564269, 8.451226185689755 ], [ 79.492520678876119, 8.458044961338452 ], [ 79.489670250199566, 8.464790655599671 ], [ 79.486783473166767, 8.471461809300378 ], [ 79.483857440042698, 8.478060509052321 ], [ 79.480896628331536, 8.48459212452379 ], [ 79.477896504853149, 8.491049936825487 ], [ 79.474860732003222, 8.49742417349003 ], [ 79.471787984575826, 8.503725690365378 ], [ 79.468679135294039, 8.509947033425643 ], [ 79.465533765507288, 8.516091665020166 ], [ 79.462354390693861, 8.522160814734246 ], [ 79.459136113119712, 8.528151636430167 ], [ 79.455881414377643, 8.534065396785561 ], [ 79.452593162071011, 8.539899921715808 ], [ 79.449265538314933, 8.545659549728057 ], [ 79.445904479374519, 8.551339867765442 ], [ 79.442498538644841, 8.556945694468494 ], [ 79.439058586511734, 8.562475295113412 ], [ 79.435582220755762, 8.567927146526632 ], [ 79.432073923961937, 8.57330802617402 ], [ 79.428527045528512, 8.578609760426817 ], [ 79.424947216081478, 8.583832062538585 ], [ 79.421331486187853, 8.588977131349463 ], [ 79.417680529467759, 8.594041425978888 ], [ 79.413993269646113, 8.599032378712742 ], [ 79.410268496885948, 8.603941114875415 ], [ 79.406510627758649, 8.608774771716632 ], [ 79.402714800253008, 8.613530094974745 ], [ 79.398883386220078, 8.618208805861466 ], [ 79.395013980560535, 8.622809224611396 ], [ 79.391109744012496, 8.627329692784389 ], [ 79.387163246546095, 8.63176489465349 ], [ 79.383183073613409, 8.636129125997311 ], [ 79.37917769441249, 8.640424756807198 ], [ 79.375135028494867, 8.644642944227909 ], [ 79.371058386329551, 8.648782153593983 ], [ 79.366949064100069, 8.652851674700335 ], [ 79.362803580716459, 8.656840727211831 ], [ 79.358623921444135, 8.660754946248808 ], [ 79.354410176125882, 8.664594421178123 ], [ 79.350159981807963, 8.668357328085143 ], [ 79.345878495415974, 8.672047693661233 ], [ 79.341560907916119, 8.675661763348078 ], [ 79.337211828017658, 8.679207234312798 ], [ 79.332831511026455, 8.682684129705738 ], [ 79.328415833195976, 8.686084865155294 ], [ 79.32396749297213, 8.689411617561065 ], [ 79.319486089297854, 8.692668111576529 ], [ 79.3149705176304, 8.695845217202892 ], [ 79.310422709923401, 8.698948649310857 ], [ 79.305839184894396, 8.701983409006557 ], [ 79.301228859480076, 8.704948721027391 ], [ 79.296585299755904, 8.707834995377661 ], [ 79.291912479134098, 8.71065386344033 ], [ 79.287207578843507, 8.713390558284965 ], [ 79.282469496107552, 8.716052350036222 ], [ 79.277695736936153, 8.718636953968545 ], [ 79.272898100165449, 8.72115898448571 ], [ 79.268068031051513, 8.723606242777469 ], [ 79.263210048399458, 8.725986679786262 ], [ 79.258318891856646, 8.728283289736286 ], [ 79.253395800100733, 8.730505228161947 ], [ 79.248447750354742, 8.732662854919921 ], [ 79.243469065745089, 8.734742632683243 ], [ 79.238461158710138, 8.736753748092539 ], [ 79.233425695393805, 8.738689301371453 ], [ 79.228367854952126, 8.740554242249294 ], [ 79.223280083206362, 8.742345374265051 ], [ 79.218167534980864, 8.744067357117258 ], [ 79.213028169782305, 8.745717988718699 ], [ 79.20786553180416, 8.747296366658505 ], [ 79.202674664546095, 8.748813521906516 ], [ 79.197456368758495, 8.750253588344334 ], [ 79.192205286801581, 8.751615142675597 ], [ 79.186926951891579, 8.752898997657933 ], [ 79.181628501259468, 8.754115917162492 ], [ 79.176310248228759, 8.755265992363881 ], [ 79.170970386247333, 8.75634714771472 ], [ 79.165606978244952, 8.757357086020511 ], [ 79.160217981414718, 8.758317261231891 ], [ 79.154805564816044, 8.759196228499658 ], [ 79.149370761597396, 8.760003459667605 ], [ 79.143914614916824, 8.760747645843793 ], [ 79.138438723881123, 8.761413104254521 ], [ 79.132942611872494, 8.762003568239699 ], [ 79.127427503231644, 8.762515975182971 ], [ 79.121891949518258, 8.762957072459358 ], [ 79.116337261505862, 8.763323599924869 ], [ 79.110760630791873, 8.763616281119175 ], [ 79.105167130556779, 8.763839914286288 ], [ 79.099553930753956, 8.763995095024271 ], [ 79.093923312592864, 8.764075467991473 ], [ 79.08827140882768, 8.764084644272137 ], [ 79.082602830309128, 8.764018683596296 ], [ 79.07691473129951, 8.763878170710365 ], [ 79.07121211798362, 8.763667959417029 ], [ 79.065493141869922, 8.763385515000772 ], [ 79.059760517308732, 8.763033297321437 ], [ 79.054009188552925, 8.762609199124459 ], [ 79.048241906431372, 8.762115398130179 ], [ 79.042462250916984, 8.761551212899107 ], [ 79.036668395022062, 8.760905742904134 ], [ 79.030857604178692, 8.760187910668831 ], [ 79.025032238851068, 8.759391441714639 ], [ 79.019193769003607, 8.758521652857741 ], [ 79.013348917704334, 8.75758613524407 ], [ 79.007491996893776, 8.756577548513391 ], [ 79.001624567682725, 8.755492934699735 ], [ 78.99574273162338, 8.754335454618815 ], [ 78.989853321316531, 8.753104253789139 ], [ 78.983952435650238, 8.751802426065519 ], [ 78.978042790765073, 8.750424277657054 ], [ 78.972121579265789, 8.748970104983542 ], [ 78.966193324464285, 8.747444737956927 ], [ 78.96025425840223, 8.745843169212492 ], [ 78.954306896216139, 8.744167766713732 ], [ 78.948351663723784, 8.742418454131021 ], [ 78.942388985673389, 8.740595161430671 ], [ 78.936420535724693, 8.738695158562896 ], [ 78.930446365495953, 8.736726127897116 ], [ 78.924463934242212, 8.734680540972409 ], [ 78.918475762055039, 8.732560776593685 ], [ 78.912484367208847, 8.730369206367955 ], [ 78.906485954228742, 8.728100979093009 ], [ 78.90047881859789, 8.725753527732733 ], [ 78.894465353018717, 8.723328973876828 ], [ 78.888452982104809, 8.720839517253584 ], [ 78.882438681413035, 8.718273224215288 ], [ 78.8764236413557, 8.715635108204809 ], [ 78.870402829123577, 8.712922803948812 ], [ 78.864383407462483, 8.71013629410103 ], [ 78.858360339358711, 8.707273319294506 ], [ 78.852338131716081, 8.70433877050497 ], [ 78.846315144855168, 8.701330368374279 ], [ 78.840289719583879, 8.698245828182618 ], [ 78.834266383449432, 8.695090061946324 ], [ 78.828243480479003, 8.691860828205908 ], [ 78.822221407800896, 8.688558283130433 ], [ 78.816198495175556, 8.685180198321365 ], [ 78.810179250363802, 8.681731542038568 ], [ 78.804162018474685, 8.678210142976777 ], [ 78.79814117168533, 8.674620237097578 ], [ 78.792121015222804, 8.67095509546264 ], [ 78.786105347866297, 8.667215246728304 ], [ 78.780091804979747, 8.663405314597341 ], [ 78.774082095237574, 8.659523451409848 ], [ 78.768076618680794, 8.655569942940382 ], [ 78.762075021753176, 8.651551495261982 ], [ 78.756084255632416, 8.647453728874408 ], [ 78.750098854456596, 8.643285822993288 ], [ 78.744120649703234, 8.639046226401321 ], [ 78.738149163001452, 8.634741700473308 ], [ 78.732183567549413, 8.630364048954288 ], [ 78.726223389728148, 8.625920041850488 ], [ 78.720271893898868, 8.621406192989397 ], [ 78.71432584342574, 8.616822615204301 ], [ 78.708387575618247, 8.612172151130084 ], [ 78.706874507682954, 8.610967884806724 ], [ 78.6804217, 8.6048122 ], [ 78.678921699999989, 8.5999122 ], [ 78.672320222422044, 8.582346529227351 ], [ 78.667051356846699, 8.577769633559495 ], [ 78.66118533058642, 8.572602509488377 ], [ 78.655329647580572, 8.567370250761451 ], [ 78.649483528422749, 8.562079001486179 ], [ 78.643650982463186, 8.556730098214592 ], [ 78.637831931784831, 8.551320654833534 ], [ 78.632026181937619, 8.545860528788127 ], [ 78.626235383993063, 8.540345445102902 ], [ 78.620457887989431, 8.534774164592942 ], [ 78.614694037004355, 8.529147603352961 ], [ 78.60894417228765, 8.523466700311669 ], [ 78.603210209782432, 8.517730998409116 ], [ 78.597492781599001, 8.511945096806469 ], [ 78.591789893636246, 8.506104447209633 ], [ 78.586100635305428, 8.500214968546699 ], [ 78.580428568648756, 8.494274948698457 ], [ 78.574770816068053, 8.488288132368439 ], [ 78.56912927920645, 8.482254267535987 ], [ 78.563503908995159, 8.47617111733541 ], [ 78.557893726882313, 8.470044387150239 ], [ 78.552304280036708, 8.463874620287722 ], [ 78.546728691565377, 8.457661550948904 ], [ 78.541170847444405, 8.451407091574652 ], [ 78.535634693917785, 8.445113112369336 ], [ 78.530115303313309, 8.4387813189648 ], [ 78.524616291354477, 8.43241068339929 ], [ 78.519134661362457, 8.426004629908547 ], [ 78.513673975893425, 8.419562289390676 ], [ 78.508229635089251, 8.413087980269291 ], [ 78.502806886138245, 8.406579890423821 ], [ 78.497404349023924, 8.40004034229457 ], [ 78.492020635625011, 8.39347156250747 ], [ 78.486659345873377, 8.38687297890611 ], [ 78.481319064208961, 8.380246869366113 ], [ 78.47599834458579, 8.373595387797055 ], [ 78.470698889775377, 8.366916511690805 ], [ 78.465421429667884, 8.360216478038133 ], [ 78.460164301465639, 8.353494942742104 ], [ 78.454929235578234, 8.346750103338701 ], [ 78.449718532437075, 8.3399872322428 ], [ 78.444530501908289, 8.333206136419411 ], [ 78.439363236490337, 8.326404429616233 ], [ 78.434218869710278, 8.319587142300353 ], [ 78.429095881473998, 8.312756262131915 ], [ 78.423996021683564, 8.305910305453718 ], [ 78.418917563773519, 8.299051190926427 ], [ 78.41386079552278, 8.292182306656953 ], [ 78.408829309939136, 8.285303849060956 ], [ 78.403823384052075, 8.278419210349622 ], [ 78.398845190123495, 8.271531219984743 ], [ 78.393889369809813, 8.264636940624339 ], [ 78.388959689014854, 8.25774043254131 ], [ 78.384054449945523, 8.250841593330351 ], [ 78.379175646563823, 8.243943091467468 ], [ 78.374321602090561, 8.237044858584873 ], [ 78.369492413526757, 8.230148144986734 ], [ 78.364688168956761, 8.223254187193778 ], [ 78.359908947479539, 8.216364207117426 ], [ 78.355154792852204, 8.209479412685432 ], [ 78.350427520722008, 8.202600703279908 ], [ 78.345725445660435, 8.195730995939178 ], [ 78.341046844101541, 8.188868822676969 ], [ 78.336393501848548, 8.182016489383727 ], [ 78.331763663034565, 8.175172688205482 ], [ 78.327157226984255, 8.168341092121887 ], [ 78.322574181980499, 8.161521498380923 ], [ 78.318019701956516, 8.154718125119405 ], [ 78.313488647916444, 8.147928877505503 ], [ 78.308986183314971, 8.141156722316582 ], [ 78.304507074047663, 8.134401846311443 ], [ 78.30005128355026, 8.127664102432266 ], [ 78.295623917388141, 8.120946393449744 ], [ 78.291219758892765, 8.114248755337304 ], [ 78.286838725797097, 8.107571090657331 ], [ 78.282485917654924, 8.100916152977808 ], [ 78.278152564021468, 8.094282001334893 ], [ 78.273845375845099, 8.087671307213432 ], [ 78.269559090674903, 8.081083916515849 ], [ 78.265298649237792, 8.074521550528468 ], [ 78.261063908158164, 8.067986503840437 ], [ 78.256854862162896, 8.061478744384026 ], [ 78.252669799681058, 8.054997438321585 ], [ 78.248508434177282, 8.04854466133026 ], [ 78.244372373206488, 8.042120519687799 ], [ 78.240259756282924, 8.035726166165832 ], [ 78.236170480386832, 8.02936093577196 ], [ 78.232104328470569, 8.023026612462742 ], [ 78.228059464761699, 8.016722363919408 ], [ 78.224039049230257, 8.010450251286674 ], [ 78.220037945493743, 8.004209037797597 ], [ 78.216062558695953, 7.998001144892695 ], [ 78.212109333376588, 7.991826471372777 ], [ 78.2081782142468, 7.985684630065877 ], [ 78.204267202292755, 7.979576142934049 ], [ 78.200381031117033, 7.973502600827242 ], [ 78.196516219673725, 7.967463125784333 ], [ 78.192673929659719, 7.961458945496977 ], [ 78.188849102343326, 7.955488818084412 ], [ 78.185046441403273, 7.949554355893236 ], [ 78.181263823499137, 7.943655589631602 ], [ 78.177501309852147, 7.937792479661283 ], [ 78.173758444144127, 7.931965397618887 ], [ 78.170034812361507, 7.92617458484619 ], [ 78.166330444648239, 7.92042011583756 ], [ 78.16264471078307, 7.914702188039233 ], [ 78.158977694065953, 7.909020971170219 ], [ 78.155328891154994, 7.903376577889047 ], [ 78.151693217226438, 7.8977677575582 ], [ 78.148075187083833, 7.892196055295955 ], [ 78.144475750200556, 7.886661807332085 ], [ 78.140891505378505, 7.881164151571271 ], [ 78.137325374362121, 7.875704165619877 ], [ 78.133772262995336, 7.870280449895739 ], [ 78.130238132454934, 7.86489480899967 ], [ 78.126719468674082, 7.859546309968144 ], [ 78.123212919051127, 7.854234071477479 ], [ 78.119725752665772, 7.848960080010574 ], [ 78.116252904803403, 7.843722728415012 ], [ 78.115694475278005, 7.842883070665856 ], [ 78.0797049, 7.8387042 ], [ 78.0162641, 7.8387042 ], [ 77.9503832, 7.8535786 ], [ 77.8820623, 7.8957257 ], [ 77.8342361, 7.9422124 ], [ 77.8337554, 7.9428972 ], [ 77.827132, 7.952691 ], [ 77.8206777, 7.9626009 ], [ 77.8143946, 7.9726241 ], [ 77.8082846, 7.9827574 ], [ 77.8023495, 7.9929978 ], [ 77.7965912, 8.0033422 ], [ 77.7910113, 8.0137874 ], [ 77.7856117, 8.0243303 ], [ 77.7803939, 8.0349676 ], [ 77.7753596, 8.0456961 ], [ 77.7705102, 8.0565126 ], [ 77.7658473, 8.0674137 ], [ 77.7613723, 8.0783962 ], [ 77.7570865, 8.0894567 ], [ 77.7529912, 8.1005918 ], [ 77.7490877, 8.1117982 ], [ 77.7453772, 8.1230725 ], [ 77.7418608, 8.1344112 ], [ 77.7385396, 8.1458109 ], [ 77.7354145, 8.1572681 ], [ 77.7324866, 8.1687793 ], [ 77.7324428, 8.168965 ], [ 77.7382507, 8.1690836 ], [ 77.7525253, 8.1763334 ], [ 77.7603073, 8.1836386 ], [ 77.776863100000014, 8.1914997 ], [ 77.7838058, 8.1981668 ], [ 77.7861404, 8.2035837 ], [ 77.7855301, 8.2138338 ], [ 77.8040543, 8.2336111 ], [ 77.8216934, 8.2421112 ], [ 77.8508911, 8.2491112 ], [ 77.8550262, 8.2501116 ], [ 77.8646698, 8.2544718 ], [ 77.8751907, 8.259222 ], [ 77.8913574, 8.2691946 ], [ 77.9104996, 8.2839441 ], [ 77.9310532, 8.2919998 ], [ 77.950386, 8.3036108 ], [ 77.9657745, 8.3231945 ], [ 77.9678574, 8.3242779 ], [ 77.9949722, 8.3385277 ], [ 77.9973907, 8.3393335 ], [ 78.0058899, 8.3422222 ], [ 78.0189438, 8.3513613 ], [ 78.0317535, 8.3542223 ], [ 78.0594482, 8.3649721 ], [ 78.0697479, 8.3665829 ], [ 78.0689163, 8.3682776 ], [ 78.0628357, 8.3691387 ], [ 78.0603638, 8.3760281 ], [ 78.0593338, 8.3829441 ], [ 78.0619202, 8.3971386 ], [ 78.064666699999989, 8.405694 ], [ 78.0733337, 8.4206944 ], [ 78.089386, 8.4444447 ], [ 78.11483, 8.4687223 ], [ 78.1271133, 8.4804163 ], [ 78.1330032, 8.4883337 ], [ 78.1329193, 8.4884996 ], [ 78.129913300000013, 8.4945555 ], [ 78.1286392, 8.497139 ], [ 78.1268311, 8.5155277 ], [ 78.1281662, 8.5293055 ], [ 78.1408081, 8.5790005 ], [ 78.1391373, 8.5848608 ], [ 78.1383362, 8.5882225 ], [ 78.1385574, 8.5904999 ], [ 78.1341629, 8.5974169 ], [ 78.129913300000013, 8.6317225 ], [ 78.1297531, 8.6396666 ], [ 78.1322784, 8.6417503 ], [ 78.1344147, 8.6511393 ], [ 78.1338043, 8.653861 ], [ 78.1315002, 8.6549168 ], [ 78.131752, 8.660778 ], [ 78.132225, 8.6693611 ], [ 78.13517, 8.6726666 ], [ 78.1425858, 8.6878891 ], [ 78.158226, 8.7074718 ], [ 78.157196, 8.7133331 ], [ 78.1595535, 8.7231388 ], [ 78.162941, 8.7296114 ], [ 78.1814728, 8.7433052 ], [ 78.1875305, 8.7438335 ], [ 78.1875534, 8.7438335 ], [ 78.1880035, 8.7438889 ], [ 78.1882477, 8.743722 ], [ 78.1928024, 8.7405281 ], [ 78.1959457, 8.7407227 ], [ 78.2001114, 8.7493334 ], [ 78.2054977, 8.7605276 ], [ 78.2055817, 8.776 ], [ 78.2030869, 8.7785282 ], [ 78.2011642, 8.7785282 ], [ 78.2011108, 8.765583 ], [ 78.1989746, 8.757 ], [ 78.1951675, 8.749917 ], [ 78.1924133, 8.7499447 ], [ 78.1882477, 8.7556114 ], [ 78.1786118, 8.7594166 ], [ 78.1748352, 8.7588053 ], [ 78.169136, 8.7550831 ], [ 78.1621094, 8.7481384 ], [ 78.1590271, 8.7450838 ], [ 78.1546097, 8.7455282 ], [ 78.1539459, 8.7473888 ], [ 78.157196, 8.7489719 ], [ 78.158638, 8.7496948 ], [ 78.1609726, 8.7545004 ], [ 78.161888100000013, 8.7718334 ], [ 78.1604156, 8.7731113 ], [ 78.162941, 8.7838888 ], [ 78.1635284, 8.7863894 ], [ 78.1636353, 8.7868891 ], [ 78.1623917, 8.7900276 ], [ 78.1664429, 8.8004723 ], [ 78.1659698, 8.8039722 ], [ 78.1656418, 8.8065281 ], [ 78.1681671, 8.8092222 ], [ 78.1696091, 8.8134718 ], [ 78.1700821, 8.8148613 ], [ 78.1680298, 8.8249168 ], [ 78.1693039, 8.8302221 ], [ 78.170166, 8.833889 ], [ 78.169136, 8.8397503 ], [ 78.1689758, 8.8472776 ], [ 78.1717529, 8.8543615 ], [ 78.170333900000017, 8.8671389 ], [ 78.173973100000012, 8.8792496 ], [ 78.1781921, 8.8852777 ], [ 78.1834412, 8.8863058 ], [ 78.1843643, 8.900528 ], [ 78.1920013, 8.9151115 ], [ 78.1937256, 8.9249163 ], [ 78.1981964, 8.9315834 ], [ 78.206192, 8.9384441 ], [ 78.2127762, 8.9499168 ], [ 78.2176361, 8.957222 ], [ 78.2486649, 8.9842224 ], [ 78.2608871, 8.9916945 ], [ 78.2657242, 8.99125 ], [ 78.2680588, 8.9924726 ], [ 78.268890399999989, 8.9958334 ], [ 78.2651978, 9.0079718 ], [ 78.265831, 9.0125551 ], [ 78.2679443, 9.0131941 ], [ 78.2704468, 9.0094166 ], [ 78.2733307, 9.0001945 ], [ 78.2748032, 8.9989166 ], [ 78.276695300000014, 8.9995556 ], [ 78.2933579, 9.0121946 ], [ 78.2953644, 9.0155554 ], [ 78.2963333, 9.0171947 ], [ 78.301193200000014, 9.0209446 ], [ 78.3131943, 9.0273609 ], [ 78.3174438, 9.0338058 ], [ 78.3199158, 9.0343056 ], [ 78.3225021, 9.034833 ], [ 78.3284149, 9.0404444 ], [ 78.3402252, 9.0478888 ], [ 78.3573303, 9.0638886 ], [ 78.3653641, 9.0692778 ], [ 78.3681107, 9.0728331 ], [ 78.3664474, 9.0766115 ], [ 78.3670807, 9.0797501 ], [ 78.3712769, 9.0771942 ], [ 78.3742218, 9.077611 ], [ 78.4004135, 9.098361 ], [ 78.4198074, 9.1097498 ], [ 78.4459152, 9.117528 ], [ 78.4815292, 9.1227503 ], [ 78.4827499, 9.1229448 ], [ 78.4846649, 9.1268892 ], [ 78.4815292, 9.1311111 ], [ 78.4826126, 9.132556 ], [ 78.48703, 9.1323338 ], [ 78.4887238, 9.1338329 ], [ 78.4912491, 9.1360559 ], [ 78.489502, 9.1285553 ], [ 78.49199680000001, 9.1251945 ], [ 78.5105286, 9.1290274 ], [ 78.5581131, 9.1334724 ], [ 78.5586929, 9.1335278 ], [ 78.5784149, 9.1262779 ], [ 78.5828629, 9.1270838 ], [ 78.5895844, 9.1295557 ], [ 78.6050034, 9.1396942 ], [ 78.6328049, 9.1472502 ], [ 78.6477509, 9.1498613 ], [ 78.659111, 9.1501942 ], [ 78.6618576, 9.1518612 ], [ 78.6618576, 9.153944 ], [ 78.6536636, 9.154417 ], [ 78.650528, 9.1567497 ], [ 78.6488037, 9.1586666 ], [ 78.646553, 9.1611662 ], [ 78.645752, 9.16325 ], [ 78.6449204, 9.1653614 ], [ 78.651191700000012, 9.1916666 ], [ 78.6535034, 9.1918612 ], [ 78.6545258, 9.1899719 ], [ 78.6553345, 9.1826391 ], [ 78.6764145, 9.1906662 ], [ 78.6865006, 9.1907778 ], [ 78.6969986, 9.189889 ], [ 78.7215805, 9.1829996 ], [ 78.7240829, 9.1940556 ], [ 78.7246094, 9.1963615 ], [ 78.7298889, 9.2009449 ], [ 78.7415009, 9.2066946 ], [ 78.7752533, 9.2181664 ], [ 78.7840805, 9.2197781 ], [ 78.8104477, 9.2313051 ], [ 78.8401642, 9.2413054 ], [ 78.8504715, 9.2425556 ], [ 78.8515549, 9.2426949 ], [ 78.8656921, 9.2509441 ], [ 78.8732758, 9.2525558 ], [ 78.8911362, 9.2509718 ], [ 78.8991089, 9.2467222 ], [ 78.9056091, 9.2449999 ], [ 78.911499, 9.2451391 ], [ 78.9155273, 9.2484722 ], [ 78.9178925, 9.2526388 ], [ 78.9170532, 9.2561941 ], [ 78.9191971, 9.2586946 ], [ 78.9449158, 9.2668333 ], [ 78.952858, 9.2677221 ], [ 78.9625855, 9.2688055 ], [ 78.9918365, 9.2698059 ], [ 79.0061417, 9.2688608 ], [ 79.0199966, 9.2658052 ], [ 79.0437469, 9.2631111 ], [ 79.0592804, 9.2585831 ], [ 79.0720825, 9.2568054 ], [ 79.0786972, 9.2567501 ], [ 79.088913, 9.2566671 ], [ 79.1118622, 9.2591667 ], [ 79.1135864, 9.2597218 ], [ 79.143692, 9.2693615 ], [ 79.1805801, 9.2767782 ], [ 79.2034149, 9.276556 ], [ 79.203918500000015, 9.276556 ], [ 79.2085571, 9.2756948 ], [ 79.2091675, 9.2735834 ], [ 79.209137, 9.2735004 ], [ 79.2074432, 9.2683887 ], [ 79.2088852, 9.2654448 ], [ 79.2191925, 9.2682781 ], [ 79.222084, 9.2609167 ], [ 79.221611, 9.2542219 ], [ 79.2236938, 9.2512779 ], [ 79.2495804, 9.254611 ], [ 79.2796402, 9.2526665 ], [ 79.3033066, 9.2426662 ], [ 79.3150558, 9.2376947 ], [ 79.3186111, 9.2347221 ], [ 79.3364182, 9.2263889 ], [ 79.3564453, 9.2111664 ], [ 79.3719177, 9.2015829 ], [ 79.3838348, 9.1912222 ], [ 79.3946915, 9.1858892 ], [ 79.3949432, 9.1858053 ], [ 79.4064407, 9.1822224 ], [ 79.4081955, 9.1805 ], [ 79.4109421, 9.1777782 ], [ 79.4220581, 9.1668053 ], [ 79.4321136, 9.1614723 ], [ 79.4389725, 9.1534719 ], [ 79.442337, 9.153861 ], [ 79.4415588, 9.1595001 ], [ 79.4270859, 9.1737499 ], [ 79.4140549, 9.1865559 ], [ 79.3988037, 9.1977777 ], [ 79.3916931, 9.200139 ], [ 79.3708038, 9.217083 ], [ 79.3466415, 9.2421942 ], [ 79.3378906, 9.2485552 ], [ 79.3222809, 9.2664719 ], [ 79.3191681, 9.2715282 ], [ 79.319191, 9.2759171 ], [ 79.3229141, 9.2817774 ], [ 79.3256378, 9.2860832 ], [ 79.3360519, 9.3025274 ], [ 79.3365021, 9.3061943 ], [ 79.3367462, 9.3083887 ], [ 79.3346939, 9.3136387 ], [ 79.3255005, 9.3206387 ], [ 79.3177185, 9.322361 ], [ 79.3088913, 9.3216114 ], [ 79.2922211, 9.3161392 ], [ 79.2850037, 9.3099165 ], [ 79.2686386, 9.29 ], [ 79.238945, 9.2883892 ], [ 79.2096405, 9.2811108 ], [ 79.161499, 9.283 ], [ 79.1501694, 9.2875004 ], [ 79.1209412, 9.2875557 ], [ 79.1055832, 9.2902775 ], [ 79.0986633, 9.2915001 ], [ 79.0917206, 9.2921944 ], [ 79.083725, 9.2903891 ], [ 79.0751114, 9.2923336 ], [ 79.0560532, 9.3019171 ], [ 79.0161362, 9.3323889 ], [ 78.9908066, 9.3522224 ], [ 78.965332, 9.3762779 ], [ 78.947197, 9.3975554 ], [ 78.9313583, 9.4194441 ], [ 78.9290543, 9.4234171 ], [ 78.9114151, 9.4534721 ], [ 78.9045868, 9.4673338 ], [ 78.901947, 9.4805555 ], [ 78.9032745, 9.4878607 ], [ 78.9053879, 9.4893055 ], [ 78.9150543, 9.4877777 ], [ 78.9182205, 9.4896107 ], [ 78.9195251, 9.4929447 ], [ 78.9189453, 9.4998608 ], [ 78.921524, 9.5094719 ], [ 78.9218369, 9.519083 ], [ 78.9199982, 9.5278893 ], [ 78.9238052, 9.5284996 ], [ 78.9232483, 9.5414724 ], [ 78.9313889, 9.5842781 ], [ 78.9382477, 9.6015835 ], [ 78.9493027, 9.6155281 ], [ 78.9601364, 9.6256943 ], [ 78.9636078, 9.638833 ], [ 78.9682236, 9.6360836 ], [ 78.9674149, 9.6402779 ], [ 78.9686966, 9.6423607 ], [ 78.9746094, 9.6458607 ], [ 78.9767532, 9.6500282 ], [ 78.9766922, 9.6638613 ], [ 78.9766693, 9.6659164 ], [ 78.9816132, 9.6767778 ], [ 79.0095291, 9.7177496 ], [ 79.029335, 9.7439442 ], [ 79.0490799, 9.7632504 ], [ 79.0516357, 9.7642775 ], [ 79.0598907, 9.7671385 ], [ 79.0699158, 9.7840004 ], [ 79.0790558, 9.7922773 ], [ 79.0835571, 9.8031387 ], [ 79.0970306, 9.8260279 ], [ 79.1080856, 9.8370276 ], [ 79.115303, 9.8415556 ], [ 79.1203918, 9.8444443 ], [ 79.1223068, 9.8488331 ], [ 79.121086100000014, 9.8526115 ], [ 79.122169500000012, 9.8551111 ], [ 79.1183853, 9.8601666 ], [ 79.1178055, 9.8639441 ], [ 79.1222763, 9.868083 ], [ 79.1235809, 9.8728886 ], [ 79.1246643, 9.8787222 ], [ 79.1295853, 9.8868332 ], [ 79.1495819, 9.9067497 ], [ 79.1540527, 9.9121666 ], [ 79.1549759, 9.9211388 ], [ 79.1555862, 9.9219446 ], [ 79.1650009, 9.9340277 ], [ 79.2194977, 9.9927778 ], [ 79.2269135, 10.0 ], [ 79.2420578, 10.0147495 ], [ 79.2526932, 10.0263615 ], [ 79.2668915, 10.0337782 ], [ 79.2679749, 10.0364723 ], [ 79.2641907, 10.0390282 ], [ 79.2559738, 10.0382776 ], [ 79.254135100000013, 10.0458059 ], [ 79.2476654, 10.0530005 ], [ 79.2487793, 10.0605001 ], [ 79.2486115, 10.0646944 ], [ 79.2465286, 10.0674448 ], [ 79.2429428, 10.0678892 ], [ 79.2385254, 10.0710831 ], [ 79.2319183, 10.0843058 ], [ 79.2298584, 10.0933332 ], [ 79.2301407, 10.1004448 ], [ 79.2343063, 10.1171389 ], [ 79.2339172, 10.1217499 ], [ 79.2289734, 10.1341391 ], [ 79.2296371, 10.1381111 ], [ 79.230751, 10.1448059 ], [ 79.2385254, 10.1541386 ], [ 79.2425308, 10.1622782 ], [ 79.2404709, 10.1698332 ], [ 79.2469482, 10.1844168 ], [ 79.2543869, 10.1908331 ], [ 79.264053300000015, 10.1888609 ], [ 79.2771378, 10.2104998 ], [ 79.2797241, 10.2169724 ], [ 79.2785034, 10.2205553 ], [ 79.272583, 10.2201948 ], [ 79.2702789, 10.2227221 ], [ 79.269249, 10.225667 ], [ 79.2710037, 10.2302504 ], [ 79.3001633, 10.2603331 ], [ 79.3054962, 10.2650833 ], [ 79.3099442, 10.2652502 ], [ 79.3114166, 10.2652502 ], [ 79.3261108, 10.2780838 ], [ 79.3362808, 10.2840557 ], [ 79.3449707, 10.2860556 ], [ 79.348587, 10.2893887 ], [ 79.3568039, 10.2880554 ], [ 79.365303, 10.2931948 ], [ 79.364502, 10.2967501 ], [ 79.3701935, 10.296917 ], [ 79.3906631, 10.3186941 ], [ 79.3982773, 10.3200836 ], [ 79.4138641, 10.3197498 ], [ 79.4349976, 10.3193054 ], [ 79.4458923, 10.3173609 ], [ 79.4535522, 10.316 ], [ 79.4632797, 10.3167219 ], [ 79.4700241, 10.3143616 ], [ 79.472137500000017, 10.3142776 ], [ 79.48172, 10.3139162 ], [ 79.493248, 10.3135004 ], [ 79.5145264, 10.3095274 ], [ 79.5257187, 10.3104448 ], [ 79.5303879, 10.313139 ], [ 79.5318298, 10.310194 ], [ 79.5415573, 10.3098888 ], [ 79.5459747, 10.3079443 ], [ 79.5474167, 10.3048058 ], [ 79.5746384, 10.302639 ], [ 79.5872498, 10.2985277 ], [ 79.603302, 10.2989998 ], [ 79.6079407, 10.296833 ], [ 79.6233368, 10.2952223 ], [ 79.6294479, 10.2930555 ], [ 79.6399689, 10.2927504 ], [ 79.6475525, 10.2884722 ], [ 79.6523895, 10.2873888 ], [ 79.6599426, 10.2866392 ], [ 79.6833878, 10.2843332 ], [ 79.7111969, 10.27775 ], [ 79.7261658, 10.276556 ], [ 79.7326965, 10.2743893 ], [ 79.7445297, 10.2744722 ], [ 79.7577744, 10.2711668 ], [ 79.7672806, 10.2706671 ], [ 79.7738342, 10.2720556 ], [ 79.7788925, 10.2703056 ], [ 79.7854156, 10.2711115 ], [ 79.7892227, 10.2704163 ], [ 79.8090591, 10.2689447 ], [ 79.8348618, 10.2732496 ], [ 79.8725815, 10.28475 ], [ 79.8748627, 10.2918329 ], [ 79.8760834, 10.2956114 ], [ 79.870636, 10.3254995 ], [ 79.8691101, 10.333972 ], [ 79.8685303, 10.3550835 ], [ 79.8683624, 10.3607779 ], [ 79.87124630000001, 10.3923607 ], [ 79.869751, 10.4099445 ], [ 79.8697205, 10.4254446 ], [ 79.864418, 10.4805555 ], [ 79.8651352, 10.4889164 ], [ 79.8637238, 10.4933329 ], [ 79.8614426, 10.5555277 ], [ 79.8568344, 10.6139727 ], [ 79.8551941, 10.6562777 ], [ 79.8574982, 10.6744719 ], [ 79.85289, 10.6780558 ], [ 79.8559418, 10.6851387 ], [ 79.8564758, 10.694972 ], [ 79.8548355, 10.7387504 ], [ 79.8543625, 10.7538338 ], [ 79.8546677, 10.7638054 ], [ 79.8546677, 10.763833 ], [ 79.8553925, 10.7887774 ], [ 79.8532486, 10.8055553 ], [ 79.853500400000016, 10.808033 ], [ 79.8549194, 10.8220558 ], [ 79.8545532, 10.8270836 ], [ 79.8556137, 10.8442497 ], [ 79.8548355, 10.8712502 ], [ 79.8496704, 10.8824167 ], [ 79.8546143, 10.8888607 ], [ 79.8556671, 10.9070559 ], [ 79.85672, 10.9250278 ], [ 79.856025699999989, 10.9585552 ], [ 79.8585815, 10.9838533 ], [ 79.8598328, 10.9961948 ], [ 79.8574448, 11.0093889 ], [ 79.8570862, 11.0146389 ], [ 79.8606644, 11.0709171 ], [ 79.8603592, 11.0803337 ], [ 79.8584747, 11.0814171 ], [ 79.8597794, 11.0843334 ], [ 79.8588333, 11.0948057 ], [ 79.8602524, 11.1083889 ], [ 79.8616409, 11.1200838 ], [ 79.8607483, 11.1341391 ], [ 79.8611145, 11.1485834 ], [ 79.8583603, 11.1668329 ], [ 79.8597488, 11.1776943 ], [ 79.8564758, 11.1983614 ], [ 79.8497238, 11.2282496 ], [ 79.8478317, 11.2299442 ], [ 79.844223, 11.228528 ], [ 79.8429184, 11.2262497 ], [ 79.8372498, 11.230917 ], [ 79.8251648, 11.2306385 ], [ 79.8284149, 11.2349997 ], [ 79.8320313, 11.2366114 ], [ 79.8424149, 11.2363052 ], [ 79.8464432, 11.2373056 ], [ 79.8471146, 11.2391663 ], [ 79.8461075, 11.244833 ], [ 79.8482742, 11.2504721 ], [ 79.8386688, 11.2999725 ], [ 79.8365555, 11.3167496 ], [ 79.8367767, 11.3400002 ], [ 79.8387756, 11.3485556 ], [ 79.8360519, 11.351944 ], [ 79.8277206, 11.3549995 ], [ 79.8312759, 11.3591108 ], [ 79.8295822, 11.3603888 ], [ 79.8300858, 11.3653889 ], [ 79.8247528, 11.3832502 ], [ 79.8186111, 11.4262505 ], [ 79.8104172, 11.4523888 ], [ 79.8064194, 11.4585829 ], [ 79.7824478, 11.4833336 ], [ 79.7807236, 11.4865274 ], [ 79.7770309, 11.4960003 ], [ 79.7754745, 11.4916115 ], [ 79.7718887, 11.4914446 ], [ 79.77108, 11.4958611 ], [ 79.773918200000011, 11.5018892 ], [ 79.7624969, 11.5326109 ], [ 79.7600861, 11.5391111 ], [ 79.7574158, 11.5667782 ], [ 79.7589417, 11.607583 ], [ 79.7606659, 11.6144447 ], [ 79.7638092, 11.6269999 ], [ 79.7657242, 11.6479168 ], [ 79.768890399999989, 11.6639996 ], [ 79.773299789340626, 11.67766468384186 ], [ 79.77326649309353, 11.677676448278453 ], [ 79.779111, 11.701222 ], [ 79.765389, 11.684167 ], [ 79.764330741273668, 11.680970426322636 ], [ 79.762742297810831, 11.681569371035824 ], [ 79.761920666301037, 11.681889045363885 ], [ 79.762889, 11.685028 ], [ 79.77625, 11.702472 ], [ 79.774528, 11.710778 ], [ 79.778361, 11.70375 ], [ 79.78250523267576, 11.709480092379682 ], [ 79.783579740527728, 11.712749081750561 ], [ 79.788801491766606, 11.732924972091894 ], [ 79.7872772, 11.734972 ], [ 79.7873077, 11.7376947 ], [ 79.79015051880485, 11.741545520403688 ], [ 79.789583, 11.746611 ], [ 79.792196353454941, 11.753375291374581 ], [ 79.7919464, 11.7541943 ], [ 79.7857742, 11.7548885 ], [ 79.7845535, 11.7571945 ], [ 79.7848511, 11.761364 ], [ 79.7850571, 11.7643051 ], [ 79.7888641, 11.764472 ], [ 79.7908325, 11.7630558 ], [ 79.793281600000014, 11.7598333 ], [ 79.7939987, 11.7677498 ], [ 79.7940292, 11.7694445 ], [ 79.785553, 11.7709999 ], [ 79.7799759, 11.7674999 ], [ 79.7761917, 11.7694445 ], [ 79.789444, 11.7772503 ], [ 79.7895584, 11.7870836 ], [ 79.7906113, 11.7883329 ], [ 79.798234497153274, 11.78825014983056 ], [ 79.798778, 11.793333 ], [ 79.806222, 11.824139 ], [ 79.808812179821032, 11.831309993455857 ], [ 79.8077469, 11.8400555 ], [ 79.8073578, 11.8427782 ], [ 79.8103714, 11.8487234 ], [ 79.811058, 11.8500834 ], [ 79.811554, 11.8505802 ], [ 79.8129272, 11.8519487 ], [ 79.817276, 11.8562775 ], [ 79.8225555, 11.872139 ], [ 79.822918578702229, 11.876637231235135 ], [ 79.822528, 11.877028 ], [ 79.819111, 11.872083 ], [ 79.814167, 11.872056 ], [ 79.813333, 11.874583 ], [ 79.819556, 11.874944 ], [ 79.812083, 11.881639 ], [ 79.823116430511718, 11.878950035016805 ], [ 79.8232803, 11.880722 ], [ 79.826802603452165, 11.884653245489007 ], [ 79.829611, 11.899972 ], [ 79.828474974260885, 11.901287903436977 ], [ 79.8243637, 11.9024725 ], [ 79.8220291, 11.9029169 ], [ 79.820931600760588, 11.904306681655319 ], [ 79.819972, 11.903722 ], [ 79.819556, 11.905778 ], [ 79.819674400076522, 11.905898695922891 ], [ 79.8186951, 11.9071388 ], [ 79.821354604933006, 11.907611480928946 ], [ 79.822444, 11.908722 ], [ 79.824695155222784, 11.90820520587172 ], [ 79.827416423963953, 11.908688864247582 ], [ 79.824167, 11.917056 ], [ 79.826075203203885, 11.915442755650982 ], [ 79.8259964, 11.9156389 ], [ 79.8291931, 11.9162502 ], [ 79.83299174272949, 11.911297337433245 ], [ 79.834670789374499, 11.919001017247293 ], [ 79.834747299999989, 11.9205837 ], [ 79.8349152, 11.9213057 ], [ 79.836897503234212, 11.92921746398137 ], [ 79.845417, 11.968306 ], [ 79.855389, 12.000778 ], [ 79.872889, 12.039972 ], [ 79.884556, 12.0625 ], [ 79.99125, 12.223333 ], [ 80.012, 12.258694 ], [ 79.9975, 12.249556 ], [ 79.975806, 12.227889 ], [ 79.971639, 12.234583 ], [ 79.977472, 12.237083 ], [ 79.986639, 12.249556 ], [ 80.002083, 12.255806 ], [ 80.004194, 12.261194 ], [ 80.005806, 12.257083 ], [ 80.014556, 12.264167 ], [ 80.018348506654391, 12.270686502538878 ], [ 80.0192795, 12.2729168 ], [ 80.025337898641268, 12.282701605729484 ], [ 80.03844331563684, 12.305230451994438 ], [ 80.0390854, 12.306694 ], [ 80.0449753, 12.3201113 ], [ 80.059639, 12.3421946 ], [ 80.0599442, 12.3486385 ], [ 80.0576401, 12.3509722 ], [ 80.0661697, 12.3533888 ], [ 80.0670013, 12.3502226 ], [ 80.056422535074361, 12.330284884154127 ], [ 80.115444, 12.4025 ], [ 80.13125, 12.425806 ], [ 80.1225, 12.43875 ], [ 80.112889, 12.443306 ], [ 80.114556, 12.453306 ], [ 80.115417, 12.444167 ], [ 80.123333, 12.441222 ], [ 80.134167, 12.431194 ], [ 80.135849421185824, 12.432771889168569 ], [ 80.1340256, 12.4392223 ], [ 80.1399689, 12.4370556 ], [ 80.1453857, 12.4453611 ], [ 80.1353302, 12.4586945 ], [ 80.137085, 12.4620275 ], [ 80.143669100000011, 12.4610834 ], [ 80.14475250000001, 12.4623337 ], [ 80.1443863, 12.4665279 ], [ 80.1416397, 12.4684448 ], [ 80.1412506, 12.4726391 ], [ 80.1460266, 12.4780836 ], [ 80.1534424, 12.4764719 ], [ 80.156860400000014, 12.4774723 ], [ 80.1573029, 12.4793615 ], [ 80.1526642, 12.4829721 ], [ 80.1590805, 12.4851942 ], [ 80.1625519, 12.507556 ], [ 80.16253075380655, 12.507575846512678 ], [ 80.156694, 12.508722 ], [ 80.155389, 12.511667 ], [ 80.159111, 12.513722 ], [ 80.160545109243657, 12.5113586696562 ], [ 80.1628342, 12.5129995 ], [ 80.168964530749207, 12.529961773633143 ], [ 80.171278, 12.54 ], [ 80.175455659161869, 12.547922353710808 ], [ 80.1818085, 12.5655003 ], [ 80.1868057, 12.5752773 ], [ 80.1810532, 12.5747223 ], [ 80.1781082, 12.5768614 ], [ 80.1758041, 12.5812778 ], [ 80.1843033, 12.579917 ], [ 80.1860275, 12.5809441 ], [ 80.192901605972324, 12.598772693475011 ], [ 80.196222, 12.608306 ], [ 80.197012891137859, 12.609435670183721 ], [ 80.1994476, 12.6157503 ], [ 80.200448005324986, 12.623900538040491 ], [ 80.200389, 12.624167 ], [ 80.200521211435387, 12.624496943528166 ], [ 80.2008591, 12.6272497 ], [ 80.2228851, 12.6835003 ], [ 80.2249756, 12.6901665 ], [ 80.2320023, 12.7126942 ], [ 80.237538281536231, 12.724234050746052 ], [ 80.23815258044911, 12.726059546553273 ], [ 80.2405853, 12.7362223 ], [ 80.245909160314213, 12.749109569474264 ], [ 80.248200398596012, 12.755918381583639 ], [ 80.2541962, 12.7840004 ], [ 80.25383, 12.788806 ], [ 80.252710797903759, 12.791290418317967 ], [ 80.247472, 12.800389 ], [ 80.245417, 12.799139 ], [ 80.246667, 12.792083 ], [ 80.242472, 12.800389 ], [ 80.23875, 12.7975 ], [ 80.239139, 12.783722 ], [ 80.234167, 12.782917 ], [ 80.229611, 12.786611 ], [ 80.23875, 12.803306 ], [ 80.232944, 12.844972 ], [ 80.237889, 12.834194 ], [ 80.242056, 12.804972 ], [ 80.244010104492588, 12.804972 ], [ 80.245163, 12.8102779 ], [ 80.2428894, 12.8157501 ], [ 80.244751, 12.8213329 ], [ 80.24573259411423, 12.821817999197828 ], [ 80.245806, 12.825417 ], [ 80.245889789430819, 12.821895684384474 ], [ 80.2468872, 12.8223886 ], [ 80.249269839041986, 12.816773441358393 ], [ 80.249325805915745, 12.824344844534535 ], [ 80.247963760530496, 12.845329378413947 ], [ 80.249475862773409, 12.844645084523794 ], [ 80.249583, 12.859139 ], [ 80.257056, 12.919167 ], [ 80.266306, 12.970806 ], [ 80.277056, 13.006667 ], [ 80.275806, 13.009583 ], [ 80.26375, 13.010806 ], [ 80.274972, 13.014583 ], [ 80.277444, 13.011194 ], [ 80.279528, 13.015806 ], [ 80.284556, 13.063361 ], [ 80.276222, 13.068333 ], [ 80.286694, 13.065417 ], [ 80.292917, 13.078306 ], [ 80.304556, 13.090806 ], [ 80.305417, 13.099111 ], [ 80.303306, 13.099583 ], [ 80.30125, 13.090833 ], [ 80.295389, 13.086639 ], [ 80.298778, 13.118333 ], [ 80.295, 13.118722 ], [ 80.294583, 13.121667 ], [ 80.314556, 13.168333 ], [ 80.32224001150162, 13.195138353841385 ], [ 80.324278638015159, 13.194760566867265 ], [ 80.329416674868781, 13.193752650930929 ], [ 80.334543875322495, 13.192690985846552 ], [ 80.339659677120991, 13.191575688037672 ], [ 80.344763519258933, 13.190406879809263 ], [ 80.349854842042546, 13.189184689334319 ], [ 80.354933087150897, 13.187909250639798 ], [ 80.359997697697182, 13.186580703591927 ], [ 80.365048118289778, 13.185199193880859 ], [ 80.370083795093166, 13.183764873004703 ], [ 80.375104175888623, 13.182277898252906 ], [ 80.380108710134834, 13.180738432689008 ], [ 80.38509684902823, 13.179146645132754 ], [ 80.39006804556314, 13.177502710141589 ], [ 80.395021754591866, 13.175806807991508 ], [ 80.399957432884392, 13.174059124657296 ], [ 80.404874539187958, 13.172259851792123 ], [ 80.409772534286446, 13.170409186706536 ], [ 80.414650881059529, 13.168507332346815 ], [ 80.419509044541471, 13.166554497272724 ], [ 80.424346491979918, 13.164550895634635 ], [ 80.429162692894252, 13.162496747150044 ], [ 80.433957119133751, 13.160392277079485 ], [ 80.438729244935573, 13.158237716201812 ], [ 80.44347854698232, 13.156033300788907 ], [ 80.448204504459525, 13.153779272579763 ], [ 80.45290659911268, 13.151475878753971 ], [ 80.457584315304132, 13.149123371904622 ], [ 80.462237140069561, 13.146722010010603 ], [ 80.466864563174326, 13.144272056408305 ], [ 80.471466077169339, 13.141773779762749 ], [ 80.476041177446703, 13.139227454038124 ], [ 80.480589362295163, 13.136633358467739 ], [ 80.485110132954958, 13.133991777523407 ], [ 80.489602993672648, 13.131303000884245 ], [ 80.494067451755441, 13.128567323404912 ], [ 80.498503017625197, 13.125785045083273 ], [ 80.502909204872111, 13.122956471027498 ], [ 80.507285530308124, 13.120081911422607 ], [ 80.511631514019811, 13.117161681496455 ], [ 80.51594667942112, 13.114196101485161 ], [ 80.520230553305495, 13.111185496597992 ], [ 80.524482665897921, 13.108130196981701 ], [ 80.528702550906317, 13.105030537684321 ], [ 80.532889745572746, 13.101886858618423 ], [ 80.537043790724127, 13.098699504523845 ], [ 80.541164230822588, 13.095468824929878 ], [ 80.545250614015458, 13.092195174116949 ], [ 80.549302492184751, 13.088878911077758 ], [ 80.553319420996388, 13.08552039947792 ], [ 80.557300959948833, 13.082120007616078 ], [ 80.56124667242149, 13.078678108383519 ], [ 80.563977987905787, 13.07624471150034 ], [ 80.563984997468651, 13.075879621530621 ], [ 80.56408853362818, 13.069230503356412 ], [ 80.564166466639008, 13.06258592131317 ], [ 80.564219485321928, 13.055945614808092 ], [ 80.564246245658993, 13.049307696231541 ], [ 80.564247093873448, 13.042677849526155 ], [ 80.564221471141906, 13.036050108537863 ], [ 80.564168749448513, 13.029428360171309 ], [ 80.564088666636238, 13.022810489979355 ], [ 80.56398083888844, 13.016196374679438 ], [ 80.563844882768237, 13.009585881041708 ], [ 80.563680415380489, 13.002978866025334 ], [ 80.563487183239147, 12.996373176158311 ], [ 80.563264547538267, 12.989772663089694 ], [ 80.563012522387893, 12.983171230690621 ], [ 80.562730104665562, 12.976570837525436 ], [ 80.562417642226904, 12.969975079506717 ], [ 80.562074380591952, 12.963381882810349 ], [ 80.561699715615006, 12.956787141944545 ], [ 80.561293826761883, 12.950196478330176 ], [ 80.560855866743125, 12.943609760432555 ], [ 80.560385475026123, 12.937026718807067 ], [ 80.559882242764488, 12.930441086687624 ], [ 80.559345652268036, 12.923854556705672 ], [ 80.558775997532976, 12.917270675038022 ], [ 80.55817225574279, 12.910685286765464 ], [ 80.557534739375214, 12.9041020182253 ], [ 80.556863313227666, 12.897524731672908 ], [ 80.556156650652525, 12.890947254210875 ], [ 80.555415054000747, 12.884367212027996 ], [ 80.554638360688742, 12.877788308840863 ], [ 80.553825591063813, 12.871206322413251 ], [ 80.55297707254644, 12.864618914753382 ], [ 80.552092492777447, 12.858031962460306 ], [ 80.551170724897531, 12.851443289876109 ], [ 80.550211951078921, 12.844858414416816 ], [ 80.549215392354228, 12.838270898036372 ], [ 80.548181441091671, 12.831678351796809 ], [ 80.547109963990863, 12.825084537134069 ], [ 80.546000042682437, 12.818485122840867 ], [ 80.544851743818143, 12.81188186442219 ], [ 80.543664954936091, 12.805278548323425 ], [ 80.542438813804296, 12.798664647615418 ], [ 80.541173200061337, 12.792043774530729 ], [ 80.539868532086203, 12.785419703041065 ], [ 80.538523946366738, 12.778788062510937 ], [ 80.537139903418961, 12.772152688590843 ], [ 80.535716397284247, 12.765511371519688 ], [ 80.534252430754677, 12.758861868610694 ], [ 80.5327484796628, 12.752208021361207 ], [ 80.531203578412473, 12.745547542021994 ], [ 80.529618574744362, 12.738880116958423 ], [ 80.527992550984678, 12.732203395977699 ], [ 80.52632521048865, 12.725519130249046 ], [ 80.524617239373057, 12.718829106255127 ], [ 80.522867958554485, 12.712128941988606 ], [ 80.521077900713905, 12.705422587941282 ], [ 80.519246731126714, 12.698707801142273 ], [ 80.517374423339248, 12.691984400918649 ], [ 80.515460965106271, 12.685252207983321 ], [ 80.513506361976084, 12.678511054964002 ], [ 80.511510820075145, 12.671758665804575 ], [ 80.509473744575132, 12.664997012255336 ], [ 80.507395844172777, 12.658223767853004 ], [ 80.505276825895479, 12.65144309997814 ], [ 80.503116982523437, 12.644652753099829 ], [ 80.500916627169801, 12.637850557177611 ], [ 80.498675734229735, 12.631042769111115 ], [ 80.496394380931136, 12.624212475084001 ], [ 80.494071731437145, 12.617365618319813 ], [ 80.491709712360503, 12.610512588827032 ], [ 80.489307697803397, 12.603659949421573 ], [ 80.486866281515645, 12.596795034385234 ], [ 80.484385769063536, 12.589922135984905 ], [ 80.481866444459712, 12.583041314717727 ], [ 80.479308448539513, 12.576150638114038 ], [ 80.47671202292598, 12.569252415767865 ], [ 80.474077829218174, 12.56234659244446 ], [ 80.471405924321033, 12.555429044157597 ], [ 80.468696894038956, 12.548502032651642 ], [ 80.465951170224997, 12.541565679117165 ], [ 80.463168925379009, 12.534615748514925 ], [ 80.460351142387623, 12.527656601213746 ], [ 80.457497894003282, 12.520688539987884 ], [ 80.454609719217913, 12.513707270567542 ], [ 80.451687649811831, 12.506721595542189 ], [ 80.448732201584519, 12.499727665776145 ], [ 80.445743797704182, 12.492725851228531 ], [ 80.442723143251285, 12.485718585890114 ], [ 80.43967080771084, 12.478704178993986 ], [ 80.43658752632885, 12.471685107675867 ], [ 80.433473799343631, 12.464659602968984 ], [ 80.43033061932843, 12.457627839660892 ], [ 80.42715850115556, 12.450592539259951 ], [ 80.423958258805371, 12.443549662451336 ], [ 80.42073084274891, 12.436501729682218 ], [ 80.417476819929448, 12.42944930292561 ], [ 80.414197143484031, 12.422394906442046 ], [ 80.410893160110618, 12.415323601055183 ], [ 80.407565063874884, 12.40825399470509 ], [ 80.404213582025548, 12.40118635179431 ], [ 80.40083983810554, 12.394118733003506 ], [ 80.397445042281902, 12.387042565555291 ], [ 80.394029927616245, 12.379964853821171 ], [ 80.390595369853642, 12.37289034669239 ], [ 80.387142271535168, 12.365820002866657 ], [ 80.383671819092427, 12.358747677842905 ], [ 80.380184977850305, 12.351676232004401 ], [ 80.376682637076584, 12.344608269269617 ], [ 80.373165905720171, 12.337542190509522 ], [ 80.369635995678152, 12.330474112056443 ], [ 80.366093594500001, 12.323413462737363 ], [ 80.36254007686415, 12.316354176847591 ], [ 80.358976217267838, 12.309301137345047 ], [ 80.35540343001334, 12.302248328077685 ], [ 80.351822554170113, 12.295203041457212 ], [ 80.34823455017316, 12.288163462056959 ], [ 80.344640836732694, 12.281128084094092 ], [ 80.341042750278277, 12.274097428164186 ], [ 80.337441040799376, 12.267071757285503 ], [ 80.333836539884302, 12.260058294963866 ], [ 80.330230039400348, 12.253055329142647 ], [ 80.326623341543552, 12.246059247041824 ], [ 80.323017339612619, 12.239075008095671 ], [ 80.319412783874583, 12.232100685053004 ], [ 80.315811394144433, 12.225137079517799 ], [ 80.31221447651825, 12.218177920717897 ], [ 80.308622893832322, 12.211225662928062 ], [ 80.305036863388281, 12.204289523537399 ], [ 80.301457778426624, 12.19737031368617 ], [ 80.297886833648008, 12.190461797249355 ], [ 80.294325156132913, 12.183566682483102 ], [ 80.290773788662136, 12.176685377466084 ], [ 80.287233276199245, 12.169818178441943 ], [ 80.283704997721031, 12.162963661115372 ], [ 80.280189840611982, 12.156120022978445 ], [ 80.27668899973321, 12.149292278168522 ], [ 80.273203931278488, 12.142496137531399 ], [ 80.269735415309412, 12.135711462525498 ], [ 80.26628431521091, 12.128945257376021 ], [ 80.262851261752175, 12.122193223977703 ], [ 80.2594370588142, 12.115462290787562 ], [ 80.256043328376251, 12.10874618249065 ], [ 80.252670357868766, 12.102045006956658 ], [ 80.249319006320704, 12.095359034579376 ], [ 80.245990009841407, 12.088695087603805 ], [ 80.242685288268959, 12.082042461460308 ], [ 80.239404612697001, 12.075412057845867 ], [ 80.236149795013333, 12.068799655700962 ], [ 80.232920714073884, 12.062202946113871 ], [ 80.229718036409892, 12.055628570315209 ], [ 80.226543118093389, 12.049067881653263 ], [ 80.223396602484655, 12.042527477758329 ], [ 80.220278776651213, 12.036002875905908 ], [ 80.217189989418884, 12.029498370630328 ], [ 80.214132235445419, 12.023011973235977 ], [ 80.211105155450227, 12.016541245309035 ], [ 80.208109607206822, 12.010088322232331 ], [ 80.205146184407411, 12.0036531107421 ], [ 80.202215170862303, 11.997239803498546 ], [ 80.199317760407908, 11.990839604130104 ], [ 80.196453343195643, 11.984456586269721 ], [ 80.19362417903352, 11.97809078266712 ], [ 80.190829910285188, 11.971741856309857 ], [ 80.188071049045803, 11.965409523170893 ], [ 80.185347768892726, 11.959091274203182 ], [ 80.182661092988326, 11.952791258343368 ], [ 80.18001117691685, 11.946506950890713 ], [ 80.177398439478324, 11.940238030294541 ], [ 80.174823285773869, 11.933984157697516 ], [ 80.172286101436683, 11.927744982048621 ], [ 80.169786896999753, 11.921517907678071 ], [ 80.167326723731563, 11.915306994839645 ], [ 80.164905566154715, 11.909109604226678 ], [ 80.16252408304328, 11.902927522867348 ], [ 80.16018150207006, 11.896760118902028 ], [ 80.157878781917788, 11.890604898121044 ], [ 80.155616538744653, 11.88445707046356 ], [ 80.15339433895204, 11.878324812715904 ], [ 80.151213458342284, 11.872201234719856 ], [ 80.149072711750009, 11.8660899852557 ], [ 80.146972997801484, 11.85998851867253 ], [ 80.144913838873961, 11.853891921910524 ], [ 80.142896097094024, 11.847804325716986 ], [ 80.140919585371691, 11.841722973087281 ], [ 80.138986614616854, 11.835654000393815 ], [ 80.137094764146042, 11.829594154760537 ], [ 80.135244898952337, 11.823540804803637 ], [ 80.133437138792956, 11.817493383929371 ], [ 80.131671592524981, 11.811451319327404 ], [ 80.129949150137406, 11.805411886324112 ], [ 80.128269135881936, 11.799376582944348 ], [ 80.126631629365264, 11.793344818554209 ], [ 80.125035533384406, 11.787315875079065 ], [ 80.123483243950403, 11.781289392715708 ], [ 80.121972476855944, 11.775264643847207 ], [ 80.120504444968745, 11.76924124839881 ], [ 80.119079181774822, 11.763218601355302 ], [ 80.117696315909882, 11.757193934794516 ], [ 80.116356265226145, 11.751168851416027 ], [ 80.115058644722708, 11.745140703093401 ], [ 80.113804680015477, 11.739108995047355 ], [ 80.112593566430732, 11.733081514270239 ], [ 80.111424865584013, 11.727049059838384 ], [ 80.110298976310403, 11.721013197820081 ], [ 80.109218477024442, 11.714966966013552 ], [ 80.108180061095922, 11.708911690150837 ], [ 80.107184098521543, 11.702855330125612 ], [ 80.106230937637832, 11.696793100052618 ], [ 80.105320954483602, 11.690726546540779 ], [ 80.10445407998256, 11.684648758464274 ], [ 80.1036303086765, 11.678565446010674 ], [ 80.102848765645149, 11.67247176242847 ], [ 80.102107357395965, 11.666375533814684 ], [ 80.101408782888498, 11.660272436557582 ], [ 80.100751743441833, 11.654161846389162 ], [ 80.100137355911158, 11.648037045689 ], [ 80.099565552751258, 11.641903874007536 ], [ 80.099035029978538, 11.635761739164725 ], [ 80.098547760541877, 11.629608191199274 ], [ 80.098101989024045, 11.623446727800301 ], [ 80.097698403787476, 11.617268520919957 ], [ 80.097336952608103, 11.611079506283552 ], [ 80.097016272867691, 11.604879211519656 ], [ 80.096737923441367, 11.598663111123384 ], [ 80.096500955722817, 11.592432945579811 ], [ 80.096304441295899, 11.586190402693559 ], [ 80.09614948809832, 11.57992895128335 ], [ 80.096036018245002, 11.573654568963443 ], [ 80.095963074755133, 11.567362724558038 ], [ 80.095931822575281, 11.561053125269622 ], [ 80.095940447757172, 11.554729638664321 ], [ 80.095990975998149, 11.54838996358923 ], [ 80.096080648631386, 11.542033858081217 ], [ 80.096211957719092, 11.535661077104351 ], [ 80.096382977781261, 11.529269385172505 ], [ 80.096594468557029, 11.522862704421783 ], [ 80.096844510578663, 11.516438808355586 ], [ 80.097135572487673, 11.509997588379738 ], [ 80.097465708787354, 11.503536864853231 ], [ 80.097835218240832, 11.497058636906491 ], [ 80.098242662429513, 11.490562993717738 ], [ 80.098688689784908, 11.484047909213094 ], [ 80.09917537564678, 11.477517395157411 ], [ 80.099699871852266, 11.470971352149668 ], [ 80.100263678231059, 11.464405641692004 ], [ 80.100864899262973, 11.457824423986706 ], [ 80.101505489787471, 11.451225692562209 ], [ 80.10218262388176, 11.444609547719685 ], [ 80.102897796567248, 11.437972009236312 ], [ 80.10365040535477, 11.431317397310728 ], [ 80.104439754557959, 11.424643826120843 ], [ 80.105266656533033, 11.417961578318122 ], [ 80.106130626535105, 11.411258463838799 ], [ 80.107031547914488, 11.404540821205245 ], [ 80.107968707984909, 11.39780685155109 ], [ 80.108941853938504, 11.391056813054004 ], [ 80.10994941310669, 11.384290995883941 ], [ 80.110993752378675, 11.377509680507272 ], [ 80.112073278913869, 11.370713202164325 ], [ 80.113186380965459, 11.363901943553378 ], [ 80.114334531596825, 11.357072332247428 ], [ 80.115516625079493, 11.350232812418897 ], [ 80.116733189572869, 11.343375715423175 ], [ 80.117983548363298, 11.336511469638008 ], [ 80.119269091168192, 11.329630259994051 ], [ 80.120590096664927, 11.322734355113353 ], [ 80.121942655388651, 11.315826122180214 ], [ 80.123326410185769, 11.308912250498192 ], [ 80.124741856217213, 11.301985367810838 ], [ 80.126189116220246, 11.295047935918296 ], [ 80.127668329984076, 11.288102504049146 ], [ 80.12917821132109, 11.281145644495588 ], [ 80.130720785653452, 11.274175804236382 ], [ 80.132294387943105, 11.267199424562101 ], [ 80.133896746448499, 11.260215087944498 ], [ 80.13552740554735, 11.253229479331754 ], [ 80.137187865078872, 11.246233395450812 ], [ 80.138877268383467, 11.239231357787016 ], [ 80.140595715485006, 11.232225994910694 ], [ 80.142341881749886, 11.225213994092195 ], [ 80.144115410317667, 11.21819604339594 ], [ 80.145916848394876, 11.211176707259156 ], [ 80.147745329629487, 11.204154659437568 ], [ 80.149599994378946, 11.197128606109827 ], [ 80.151482273263625, 11.190101170094781 ], [ 80.153389528861297, 11.18307493103284 ], [ 80.15532316256369, 11.17604664162941 ], [ 80.15727831171445, 11.169009477571892 ], [ 80.159258744346403, 11.161976017304152 ], [ 80.161262946128133, 11.154948801758604 ], [ 80.163291403742605, 11.147926543945381 ], [ 80.165342801251555, 11.140906018440161 ], [ 80.167417634708627, 11.133891795552234 ], [ 80.169515888066911, 11.126886278846849 ], [ 80.171636667459836, 11.119888105956154 ], [ 80.173778638058693, 11.112894038633534 ], [ 80.175941840270085, 11.105906681063525 ], [ 80.178125443349813, 11.098930570967818 ], [ 80.180329874006404, 11.091958594914578 ], [ 80.182556514056415, 11.084993233604473 ], [ 80.184801476528378, 11.078036990635416 ], [ 80.187067008102886, 11.071090457261777 ], [ 80.189350049578707, 11.06415425159623 ], [ 80.191651956206726, 11.05723095457093 ], [ 80.19397096224553, 11.050321202396931 ], [ 80.196307097173829, 11.043421747347097 ], [ 80.198660003574886, 11.036533269570375 ], [ 80.201029315671903, 11.029656381057217 ], [ 80.20341552434067, 11.022795441024384 ], [ 80.205819085731449, 11.015948961105117 ], [ 80.20823700149316, 11.009117483114661 ], [ 80.210670633884263, 11.002303373028109 ], [ 80.213118721068867, 10.995503344259971 ], [ 80.215580907024687, 10.988723523513618 ], [ 80.21805855209972, 10.981960473983857 ], [ 80.220549559001014, 10.9752127614183 ], [ 80.223054017275302, 10.968482693397922 ], [ 80.225570727775064, 10.961772578729933 ], [ 80.228101517507938, 10.955080815833218 ], [ 80.230643897232582, 10.948404078233642 ], [ 80.233198838434006, 10.94174835314724 ], [ 80.235764734369923, 10.935113989217122 ], [ 80.238343012084769, 10.928497406125361 ], [ 80.240932923843943, 10.921902671685666 ], [ 80.243533719579986, 10.915328066028351 ], [ 80.246146015148724, 10.908771838848329 ], [ 80.24876823944274, 10.902239884185708 ], [ 80.251401010527104, 10.895724872687317 ], [ 80.254042752294907, 10.889232639094068 ], [ 80.256694959784312, 10.88275951269023 ], [ 80.259355634675543, 10.876309448411812 ], [ 80.262026712326985, 10.869880582888811 ], [ 80.264705378989731, 10.863473150026376 ], [ 80.267393596453161, 10.857085222993501 ], [ 80.270089374969686, 10.850720673018081 ], [ 80.272794294912728, 10.844375703171274 ], [ 80.27550651069356, 10.838048737706607 ], [ 80.278225763194797, 10.831745358263099 ], [ 80.280954186798738, 10.825457950108611 ], [ 80.283689894761935, 10.819190328641064 ], [ 80.28643315833915, 10.812944310623459 ], [ 80.2891836221647, 10.806725100056463 ], [ 80.291942138782133, 10.80052509851018 ], [ 80.294708054027268, 10.794347860288839 ], [ 80.297479196459633, 10.788189659082004 ], [ 80.300259354681927, 10.782050160070099 ], [ 80.303045878000646, 10.775929236108336 ], [ 80.30583849616437, 10.769832079889085 ], [ 80.30863610362313, 10.763760409249414 ], [ 80.311440925295528, 10.75770657741484 ], [ 80.314250742258992, 10.75167228924643 ], [ 80.317067950053342, 10.7456571160434 ], [ 80.319890029539977, 10.739660983151856 ], [ 80.322718707820158, 10.733679816612879 ], [ 80.325553695887976, 10.727718757048404 ], [ 80.328395257616151, 10.72177195918883 ], [ 80.331241636856689, 10.715842838467529 ], [ 80.334095718236057, 10.709934283596144 ], [ 80.336954774969513, 10.704044272053824 ], [ 80.339818757258485, 10.698172477868868 ], [ 80.342688513277167, 10.692316620203417 ], [ 80.345564033393103, 10.68647627592458 ], [ 80.348445317813415, 10.680651017628684 ], [ 80.351333014523078, 10.674836743611124 ], [ 80.354225858129368, 10.669040304976447 ], [ 80.357083194100426, 10.66333995354424 ], [ 80.3564217, 10.6413122 ], [ 80.3599217, 10.5950122 ], [ 80.3604217, 10.5882122 ], [ 80.3611217, 10.5732122 ], [ 80.3623217, 10.5418122 ], [ 80.3640217, 10.5217122 ], [ 80.3650217, 10.4986122 ], [ 80.3674217, 10.4724122 ], [ 80.3686217, 10.4582122 ], [ 80.3697217, 10.4322122 ], [ 80.3702217, 10.4250122 ], [ 80.3712217, 10.3923122 ], [ 80.3707217, 10.3689122 ], [ 80.3718217, 10.3610122 ], [ 80.3750217, 10.3285122 ], [ 80.3756217, 10.3075122 ], [ 80.3787217, 10.3068122 ], [ 80.4100217, 10.2973122 ], [ 80.4406217, 10.2857122 ], [ 80.4704217, 10.2722122 ], [ 80.4993217, 10.2568122 ], [ 80.5271217, 10.2395122 ], [ 80.5537217, 10.2205122 ], [ 80.5790217, 10.1997122 ], [ 80.6028217, 10.1773122 ], [ 80.6188217, 10.1606122 ], [ 80.623221700000016, 10.1558122 ], [ 80.6296217, 10.1486122 ], [ 80.6503217, 10.1234122 ], [ 80.650587216240993, 10.123042423454963 ], [ 80.653619899989692, 10.117278764917055 ], [ 80.657130732761615, 10.110589380014186 ], [ 80.6606448507153, 10.103876363050295 ], [ 80.664161630848511, 10.097139733806372 ], [ 80.667681334813253, 10.090377925351568 ], [ 80.671202649865748, 10.083595064065443 ], [ 80.674724283942922, 10.076795114269176 ], [ 80.678246588707808, 10.069976141640295 ], [ 80.681770450445413, 10.063134426175765 ], [ 80.685295502083136, 10.056272183025238 ], [ 80.688822111135309, 10.049387623042948 ], [ 80.692348730551274, 10.042482691931614 ], [ 80.695874906638778, 10.03555972262915 ], [ 80.699400994612134, 10.028616988747002 ], [ 80.702927371306828, 10.021652780035971 ], [ 80.706452584042708, 10.014671305962851 ], [ 80.709977016566768, 10.007670865561627 ], [ 80.713500442806108, 10.00065174552512 ], [ 80.717022621133012, 9.993614278011536 ], [ 80.720543005449812, 9.986558700146972 ], [ 80.724061015124065, 9.979487430844873 ], [ 80.727577756467738, 9.972396854053637 ], [ 80.73109297016255, 9.965287445354555 ], [ 80.734605761941467, 9.958161530044478 ], [ 80.738115919609641, 9.951019445958375 ], [ 80.741624916415972, 9.943857711205231 ], [ 80.745129191466106, 9.936684361993784 ], [ 80.748630215411183, 9.92949590637866 ], [ 80.75212709299619, 9.922294590506063 ], [ 80.755621345121369, 9.915076885575258 ], [ 80.75911083121008, 9.907846894373405 ], [ 80.762596327810797, 9.900603148629513 ], [ 80.766078625125402, 9.893344159832465 ], [ 80.769556387869329, 9.886072049202856 ], [ 80.77302975240255, 9.878787590498646 ], [ 80.776498268748185, 9.871490758805404 ], [ 80.779962879928576, 9.86418026466905 ], [ 80.783424034189807, 9.85685445400067 ], [ 80.786879873987203, 9.849517874649415 ], [ 80.790329564942738, 9.842173034170749 ], [ 80.793775704514687, 9.834814078482854 ], [ 80.797215390656888, 9.827446961836081 ], [ 80.800646758862129, 9.820076224080456 ], [ 80.804071396331494, 9.812698147885609 ], [ 80.807490097780004, 9.805311283952324 ], [ 80.810903691599819, 9.797914172953877 ], [ 80.814310168016277, 9.790510963611174 ], [ 80.817711208963701, 9.783098152932512 ], [ 80.821104989886763, 9.775680280073091 ], [ 80.824493230837845, 9.768253822000597 ], [ 80.827874904399579, 9.760821022383682 ], [ 80.831251817375346, 9.753378261388539 ], [ 80.83462120585061, 9.745931943158098 ], [ 80.837981743295728, 9.738484020383895 ], [ 80.841335407996993, 9.731031725321847 ], [ 80.844681090916183, 9.723577075765416 ], [ 80.848021538245916, 9.716114717048127 ], [ 80.851352992297706, 9.708652887475521 ], [ 80.854679128752409, 9.701184116020318 ], [ 80.857998061913506, 9.693712944802382 ], [ 80.861309785757001, 9.686239385668562 ], [ 80.864616129950122, 9.678759902767775 ], [ 80.867914262445723, 9.671280871935826 ], [ 80.8712060806767, 9.663798663609185 ], [ 80.874488812274762, 9.656319196890115 ], [ 80.877765134133156, 9.648837273615356 ], [ 80.881033150969387, 9.641357226547939 ], [ 80.884294645171408, 9.633875753413896 ], [ 80.887551399797161, 9.626389463280248 ], [ 80.890800015654321, 9.61890584511565 ], [ 80.894040536914005, 9.611425242407286 ], [ 80.897273628059637, 9.603946616205373 ], [ 80.900500301337345, 9.596468248805282 ], [ 80.903716684158752, 9.58899859221763 ], [ 80.906924778354011, 9.581533849131374 ], [ 80.910126459347907, 9.57407050166446 ], [ 80.913320686241264, 9.566611280479428 ], [ 80.916506682803174, 9.559158024553737 ], [ 80.91968446338295, 9.551711277116107 ], [ 80.922854056017073, 9.544271386366356 ], [ 80.926018370448816, 9.53683279966145 ], [ 80.929179376528623, 9.529392468716173 ], [ 80.93233257472005, 9.521959362779555 ], [ 80.935476022505682, 9.514537500452374 ], [ 80.938613447277461, 9.507120308924414 ], [ 80.941742953213932, 9.499711970982197 ], [ 80.944864697694257, 9.49231217126469 ], [ 80.947979510102329, 9.484920006342188 ], [ 80.951086504752865, 9.477537556097909 ], [ 80.954187593225413, 9.470161692126506 ], [ 80.957284806363887, 9.462788546172083 ], [ 80.960374119566779, 9.455426785498188 ], [ 80.96345669835803, 9.448074346304741 ], [ 80.96653436516587, 9.440728202124561 ], [ 80.969604175201027, 9.433394570025346 ], [ 80.972664273593907, 9.426077672461798 ], [ 80.975717928595486, 9.41877123185794 ], [ 80.978764963441094, 9.411476277810433 ], [ 80.981806537737498, 9.404190791574617 ], [ 80.984839749753135, 9.396920925206761 ], [ 80.987870367187952, 9.389655983871256 ], [ 80.990895671029165, 9.382401717421903 ], [ 80.993913836192661, 9.375161947945214 ], [ 80.996925813897448, 9.367935304586412 ], [ 80.999932646144444, 9.360720100582828 ], [ 81.002932350810823, 9.353520732359152 ], [ 81.005925017474809, 9.346337450524192 ], [ 81.008914611873593, 9.339163060477981 ], [ 81.011897411475474, 9.332004912701704 ], [ 81.014871422648895, 9.324867207565481 ], [ 81.017841424802214, 9.317741245111195 ], [ 81.020803618283026, 9.310634744653957 ], [ 81.023760962161631, 9.303542333119196 ], [ 81.026711473438041, 9.296468368518589 ], [ 81.029656197234416, 9.289411185224395 ], [ 81.03259526484922, 9.282370787179492 ], [ 81.035528486043304, 9.275348171361632 ], [ 81.038456988294243, 9.268341336056922 ], [ 81.041378808487721, 9.261354606560673 ], [ 81.044296790435538, 9.254382890731986 ], [ 81.047209321305459, 9.247429381083743 ], [ 81.050116206282922, 9.240495085034329 ], [ 81.053016655513858, 9.233581677021824 ], [ 81.055910715645027, 9.226689455884513 ], [ 81.058801090849158, 9.219813492336129 ], [ 81.061684982293087, 9.212959671874712 ], [ 81.064562582632561, 9.206127922968854 ], [ 81.067436558962427, 9.199313312770164 ], [ 81.070304112764191, 9.192521726489231 ], [ 81.073167248296642, 9.185749466306122 ], [ 81.076024871846656, 9.178999101815949 ], [ 81.078877298850941, 9.17227020950488 ], [ 81.081724297530499, 9.165563713868817 ], [ 81.084567013189343, 9.158877560566234 ], [ 81.08740354727675, 9.152215906718284 ], [ 81.090234969263591, 9.145576708833811 ], [ 81.093061074142454, 9.138960897302793 ], [ 81.09588039930216, 9.132371219067377 ], [ 81.098693515639653, 9.125807126216404 ], [ 81.101502326112055, 9.11926499777176 ], [ 81.104304980193845, 9.112748867508543 ], [ 81.107102461035325, 9.106256973363381 ], [ 81.109894792784218, 9.099789510798713 ], [ 81.112682000895489, 9.093346666561715 ], [ 81.115464112245419, 9.086928618433223 ], [ 81.118241155250118, 9.080535534981818 ], [ 81.121013159977394, 9.07416757532231 ], [ 81.123780158260658, 9.067824888880402 ], [ 81.126543019234276, 9.061505993524738 ], [ 81.128923743822554, 9.056073387282549 ], [ 81.126568916651934, 9.052985591539866 ], [ 81.123350377742597, 9.048855661209583 ], [ 81.120088767568959, 9.044759661170628 ], [ 81.116784443803311, 9.040698040595563 ], [ 81.113437768802029, 9.036671244886856 ], [ 81.110049109565708, 9.032679715628033 ], [ 81.106618837699031, 9.028723890535259 ], [ 81.103147329369961, 9.024804203409333 ], [ 81.099634965268521, 9.020921084088117 ], [ 81.096082130564994, 9.017074958399407 ], [ 81.092489214867754, 9.013266248114224 ], [ 81.088856612180493, 9.009495370900572 ], [ 81.085184720859033, 9.005762740277632 ], [ 81.08147394356763, 9.002068765570412 ], [ 81.077724687234834, 8.99841385186487 ], [ 81.073937363008866, 8.994798399963479 ], [ 81.070112386212486, 8.99122280634128 ], [ 81.066250176297515, 8.987687463102411 ], [ 81.062351156798783, 8.984192757937096 ], [ 81.058415755287726, 8.980739074079139 ], [ 81.054444403325476, 8.977326790263891 ], [ 81.050437536415501, 8.973956280686732 ], [ 81.046395593955936, 8.970627914962012 ], [ 81.042319019191311, 8.967342058082545 ], [ 81.03820825916398, 8.964099070379564 ], [ 81.03406376466512, 8.960899307483217 ], [ 81.02988599018525, 8.957743120283563 ], [ 81.025675393864418, 8.954630854892095 ], [ 81.021432437441959, 8.951562852603784 ], [ 81.017157586205869, 8.948539449859657 ], [ 81.012851308941748, 8.945560978209894 ], [ 81.008514077881429, 8.942627764277477 ], [ 81.004146368651163, 8.939740129722365 ], [ 80.99974866021951, 8.936898391206231 ], [ 80.999647944873303, 8.936834795424808 ], [ 80.96875, 8.981611 ], [ 80.9625, 8.982361 ], [ 80.962139, 8.993333 ], [ 80.925389, 9.049139 ], [ 80.90125, 9.099167 ], [ 80.89625, 9.103306 ], [ 80.886194, 9.121667 ], [ 80.882056, 9.120806 ], [ 80.882944, 9.113278 ], [ 80.877083, 9.106667 ], [ 80.879972, 9.095361 ], [ 80.869167, 9.107083 ], [ 80.865389, 9.106667 ], [ 80.865389, 9.113333 ], [ 80.872444, 9.112889 ], [ 80.873722, 9.115806 ], [ 80.864583, 9.125 ], [ 80.862917, 9.139361 ], [ 80.870417, 9.137528 ], [ 80.871222, 9.128333 ], [ 80.876667, 9.123722 ], [ 80.880833, 9.122861 ], [ 80.883722, 9.125806 ], [ 80.875389, 9.137528 ], [ 80.857917, 9.178361 ], [ 80.845417, 9.225778 ], [ 80.820444, 9.266667 ], [ 80.820224612180382, 9.267347941250078 ], [ 80.8201981, 9.2673893 ], [ 80.820047139192596, 9.267898786225784 ], [ 80.814451762626291, 9.285265852093449 ], [ 80.8116379, 9.2865553 ], [ 80.810997, 9.2861109 ], [ 80.810681008298204, 9.286864420917112 ], [ 80.79375, 9.283667 ], [ 80.796639, 9.287056 ], [ 80.81, 9.289583 ], [ 80.810360800884581, 9.292236602392776 ], [ 80.803646216934965, 9.298759429594062 ], [ 80.786722, 9.314611 ], [ 80.765806, 9.327056 ], [ 80.740806, 9.347889 ], [ 80.719834470422171, 9.369177704769214 ], [ 80.7129745, 9.375 ], [ 80.6915817, 9.3953886 ], [ 80.6803894, 9.4074726 ], [ 80.678865968563187, 9.410765817723822 ], [ 80.678389, 9.41125 ], [ 80.672528, 9.413778 ], [ 80.672056, 9.407444 ], [ 80.691194, 9.390806 ], [ 80.689472, 9.38525 ], [ 80.685361, 9.385806 ], [ 80.665806, 9.402056 ], [ 80.6525, 9.405361 ], [ 80.644917, 9.424417 ], [ 80.65, 9.422889 ], [ 80.660361, 9.4125 ], [ 80.654611, 9.409167 ], [ 80.661639, 9.405361 ], [ 80.666194, 9.408306 ], [ 80.664528, 9.4125 ], [ 80.669139, 9.412028 ], [ 80.672634625372652, 9.416294365429673 ], [ 80.6723022, 9.4168053 ], [ 80.671808054741547, 9.41748144977635 ], [ 80.635, 9.445444 ], [ 80.620840298396018, 9.459521899748864 ], [ 80.620301914308754, 9.459931769770368 ], [ 80.600568710358914, 9.47464185110284 ], [ 80.5623322, 9.5003614 ], [ 80.5404739, 9.5173893 ], [ 80.523287900239353, 9.532618726177731 ], [ 80.448233709211948, 9.59328864919606 ], [ 80.4260864, 9.6086941 ], [ 80.4092255, 9.6231108 ], [ 80.372246471216229, 9.654712799086525 ], [ 80.364194, 9.661222 ], [ 80.329556, 9.698306 ], [ 80.324133270965561, 9.706567296351228 ], [ 80.3224716, 9.7084169 ], [ 80.3199692, 9.7126942 ], [ 80.318791817849331, 9.714704772308293 ], [ 80.307111, 9.7325 ], [ 80.293627202273896, 9.748541437484626 ], [ 80.2886963, 9.7538338 ], [ 80.286576762543874, 9.756929221880794 ], [ 80.281194, 9.763333 ], [ 80.259583, 9.799139 ], [ 80.257131129617946, 9.808958671523261 ], [ 80.2539139, 9.8184996 ], [ 80.2533646, 9.8191385 ], [ 80.2493362, 9.8235836 ], [ 80.2385864, 9.8235273 ], [ 80.2146683, 9.8313608 ], [ 80.2051392, 9.8298054 ], [ 80.1772232, 9.8215837 ], [ 80.143692, 9.8209448 ], [ 80.1362534, 9.8149719 ], [ 80.1357803, 9.8114166 ], [ 80.1328583, 9.8133335 ], [ 80.1305542, 9.8150282 ], [ 80.1250534, 9.8144722 ], [ 80.1146698, 9.8087502 ], [ 80.1055832, 9.8059168 ], [ 80.096527100000017, 9.8070831 ], [ 80.0866089, 9.8051109 ], [ 80.0569153, 9.8090277 ], [ 80.0504456, 9.8124447 ], [ 80.0418091, 9.8129721 ], [ 80.036308300000016, 9.8105278 ], [ 80.029525800000016, 9.8097782 ], [ 80.0224152, 9.812583 ], [ 80.0111389, 9.8085833 ], [ 80.005249, 9.8065004 ], [ 80.0, 9.8062782 ], [ 79.9892197, 9.8058615 ], [ 79.9771957, 9.803278 ], [ 79.9528351, 9.7920551 ], [ 79.9475021, 9.7883616 ], [ 79.9421387, 9.7791948 ], [ 79.9152527, 9.7675829 ], [ 79.9098587, 9.758667 ], [ 79.913139300000012, 9.7503338 ], [ 79.915802, 9.7435274 ], [ 79.9204178, 9.7390003 ], [ 79.9281082, 9.7314444 ], [ 79.940834, 9.7028608 ], [ 79.9436646, 9.6911116 ], [ 79.9480286, 9.6870832 ], [ 79.9545593, 9.6870003 ], [ 79.9575577, 9.6894722 ], [ 79.9618301, 9.6961107 ], [ 79.9656372, 9.6981668 ], [ 79.968277, 9.7077503 ], [ 79.9710312, 9.7077227 ], [ 79.9722519, 9.7049999 ], [ 79.969223, 9.697278 ], [ 79.9716949, 9.692028 ], [ 79.985054, 9.6828613 ], [ 79.9897537, 9.6868057 ], [ 79.9977188, 9.6852226 ], [ 80.0, 9.6821671 ], [ 80.0008316, 9.6810274 ], [ 80.0040588, 9.6671667 ], [ 80.0092239, 9.6585274 ], [ 80.0175552, 9.6508884 ], [ 80.0230026, 9.6474724 ], [ 80.0351944, 9.6454449 ], [ 80.0520248, 9.6456671 ], [ 80.0623093, 9.641778 ], [ 80.0702515, 9.6365004 ], [ 80.0876083, 9.6249447 ], [ 80.0788345, 9.6141663 ], [ 80.0729141, 9.6119442 ], [ 80.0657501, 9.6120281 ], [ 80.0634155, 9.6103888 ], [ 80.0602188, 9.6081114 ], [ 80.0580521, 9.6022778 ], [ 80.0540009, 9.5979443 ], [ 80.0560837, 9.5956116 ], [ 80.0694733, 9.5881386 ], [ 80.0791092, 9.5844727 ], [ 80.0960541, 9.5742226 ], [ 80.1056366, 9.5657225 ], [ 80.110596613760379, 9.562098981476352 ], [ 80.110674660251036, 9.56254148673694 ], [ 80.110863466728802, 9.563550110020911 ], [ 80.1425, 9.540417 ], [ 80.149464984537033, 9.532898394465104 ], [ 80.1706696, 9.5124168 ], [ 80.1766663, 9.5037775 ], [ 80.178383050260663, 9.499938088863207 ], [ 80.185389, 9.488333 ], [ 80.186222, 9.481667 ], [ 80.185217915534764, 9.479658529814063 ], [ 80.1845551, 9.4773054 ], [ 80.1809158, 9.471694 ], [ 80.1705017, 9.4636669 ], [ 80.1600037, 9.4476948 ], [ 80.150336363681291, 9.438351033072523 ], [ 80.15, 9.437889 ], [ 80.149717243037102, 9.437752634629705 ], [ 80.146553, 9.4346943 ], [ 80.12546723596013, 9.42605756915412 ], [ 80.125084386487373, 9.425872932108989 ], [ 80.12360894319184, 9.424882472159869 ], [ 80.1175, 9.418722 ], [ 80.111537947027742, 9.416779254447141 ], [ 80.1065292, 9.4134169 ], [ 80.0769424, 9.4022779 ], [ 80.0678024, 9.3967505 ], [ 80.059166, 9.3953886 ], [ 80.0549164, 9.3914442 ], [ 80.0542755, 9.3855276 ], [ 80.0541916, 9.3849726 ], [ 80.0567474, 9.368639 ], [ 80.0589981, 9.3629446 ], [ 80.0639725, 9.3574448 ], [ 80.0643616, 9.3532782 ], [ 80.0617523, 9.3457775 ], [ 80.0676422, 9.3287497 ], [ 80.07267, 9.3261948 ], [ 80.085083, 9.3266668 ], [ 80.091362, 9.3238611 ], [ 80.1157761, 9.3083057 ], [ 80.1224136, 9.301528 ], [ 80.123558, 9.2992497 ], [ 80.1277771, 9.2905836 ], [ 80.1252213, 9.2881107 ], [ 80.1193085, 9.2867222 ], [ 80.1156921, 9.2842503 ], [ 80.111610399999989, 9.2767782 ], [ 80.1117477, 9.2713337 ], [ 80.1224976, 9.2559166 ], [ 80.1231079, 9.2527781 ], [ 80.1181641, 9.2440557 ], [ 80.1165543, 9.2338333 ], [ 80.1186981, 9.2185278 ], [ 80.1173019, 9.2072496 ], [ 80.1078339, 9.1906385 ], [ 80.1077194, 9.1814442 ], [ 80.1073074, 9.1804447 ], [ 80.1040573, 9.1726942 ], [ 80.1022186, 9.161417 ], [ 80.098114, 9.1497498 ], [ 80.0925522, 9.1443892 ], [ 80.092308, 9.1410551 ], [ 80.0950012, 9.1372499 ], [ 80.0893326, 9.1371107 ], [ 80.0871658, 9.1333609 ], [ 80.0892792, 9.1318893 ], [ 80.082946800000016, 9.1306944 ], [ 80.076786303155117, 9.121398971519568 ], [ 80.076583391297248, 9.118347376922241 ], [ 80.0778885, 9.1131945 ], [ 80.075827961710203, 9.106986459573323 ], [ 80.075545546595961, 9.102739214262799 ], [ 80.0758591, 9.1014996 ], [ 80.077095877395436, 9.10024637420152 ], [ 80.078695175303537, 9.099713274898821 ], [ 80.079559535074139, 9.100085255421575 ], [ 80.081639, 9.102889 ], [ 80.083299841091787, 9.100594033886898 ], [ 80.0857239, 9.0999165 ], [ 80.0789185, 9.0939446 ], [ 80.077999430815382, 9.093772911575337 ], [ 80.078333, 9.088694 ], [ 80.077033523684037, 9.09027108887506 ], [ 80.077163700000014, 9.0881109 ], [ 80.075058, 9.0864725 ], [ 80.0750275, 9.0843611 ], [ 80.074100075755425, 9.080771462779792 ], [ 80.079583, 9.0775 ], [ 80.079583, 9.073306 ], [ 80.077889, 9.061667 ], [ 80.066194, 9.041639 ], [ 80.067111, 9.0325 ], [ 80.055806, 9.020417 ], [ 80.045735591989256, 9.02193655429291 ], [ 80.0403366, 9.013278 ], [ 80.038139850221597, 9.012215844418453 ], [ 80.037472, 9.01125 ], [ 80.036717746971419, 9.011528239976847 ], [ 80.0318909, 9.0091944 ], [ 80.0171356, 9.0066385 ], [ 80.0097504, 9.0025558 ], [ 80.0, 8.9933891 ], [ 79.992917, 8.986743519768266 ], [ 79.992917, 8.974972 ], [ 79.984139, 8.968694 ], [ 79.983812972557558, 8.96875409967536 ], [ 79.9824448, 8.9675274 ], [ 79.9775848, 8.9654999 ], [ 79.9670563, 8.9641666 ], [ 79.961409345274092, 8.959948650346549 ], [ 79.955389, 8.949139 ], [ 79.957083, 8.939972 ], [ 79.941222, 8.929972 ], [ 79.94125, 8.920806 ], [ 79.949583, 8.914972 ], [ 79.948306, 8.912889 ], [ 79.934972, 8.91625 ], [ 79.929556, 8.914167 ], [ 79.938694, 8.923306 ], [ 79.93875, 8.926639 ], [ 79.925417, 8.938333 ], [ 79.927551240583554, 8.939851864188235 ], [ 79.9240036, 8.9388886 ], [ 79.9226379, 8.9385281 ], [ 79.914802600000016, 8.9320278 ], [ 79.9147491, 8.9319725 ], [ 79.9145279, 8.931778 ], [ 79.9122467, 8.9298887 ], [ 79.912158318574825, 8.928878946212921 ], [ 79.918722, 8.920778 ], [ 79.922444, 8.910417 ], [ 79.929167, 8.906222 ], [ 79.93875, 8.908333 ], [ 79.9375, 8.901194 ], [ 79.929972, 8.902028 ], [ 79.928340435522927, 8.899756512910519 ], [ 79.929337746974113, 8.898899479668955 ], [ 79.941194, 8.896667 ], [ 79.94, 8.892889 ], [ 79.935861, 8.896194 ], [ 79.933525803526564, 8.895300499953311 ], [ 79.9349747, 8.8940554 ], [ 79.9357758, 8.8913336 ], [ 79.9344711, 8.8884163 ], [ 79.9308853, 8.8882504 ], [ 79.930557338766462, 8.887958101125289 ], [ 79.930708109343442, 8.881347838425482 ], [ 79.932305651451955, 8.879955103475055 ], [ 79.936194, 8.887472 ], [ 79.935417, 8.863306 ], [ 79.928475485153825, 8.849505868207372 ], [ 79.9270248, 8.8433332 ], [ 79.924112536360596, 8.837361739168589 ], [ 79.925417, 8.829139 ], [ 79.923306, 8.831222 ], [ 79.922574189074297, 8.830470342131044 ], [ 79.921930158652188, 8.826766373146809 ], [ 79.922889, 8.823278 ], [ 79.920417, 8.819139 ], [ 79.921880127660572, 8.816700258815363 ], [ 79.9306946, 8.8146667 ], [ 79.9270859, 8.8111391 ], [ 79.9201355, 8.8110275 ], [ 79.919658495193332, 8.810260946488285 ], [ 79.922917, 8.808306 ], [ 79.921876797730647, 8.805287421156844 ], [ 79.9253311, 8.8057222 ], [ 79.925117397231247, 8.801182300248536 ], [ 79.929397718229666, 8.800877399667753 ], [ 79.9328613, 8.8016663 ], [ 79.9354477, 8.8083334 ], [ 79.9388351, 8.8093338 ], [ 79.9400558, 8.8068056 ], [ 79.9379196, 8.8047504 ], [ 79.937581579697905, 8.801896871849834 ], [ 79.941222, 8.805028 ], [ 79.939972, 8.800417 ], [ 79.937343874826709, 8.799890194921966 ], [ 79.9372253, 8.7988892 ], [ 79.92643263439011, 8.791798780353284 ], [ 79.934583, 8.780028 ], [ 79.942056, 8.757472 ], [ 79.961222, 8.719972 ], [ 79.949528, 8.705 ], [ 79.952917, 8.675833 ], [ 79.94375, 8.649972 ], [ 79.943728686454349, 8.643015410940226 ], [ 79.944028516058182, 8.640163267892879 ], [ 79.947917, 8.631667 ], [ 79.945417, 8.619139 ], [ 79.94, 8.610389 ], [ 79.93017203934545, 8.60398715196072 ], [ 79.926450528796863, 8.600186080695284 ], [ 79.923263299407111, 8.595059115624663 ], [ 79.919710448015678, 8.585808476942269 ], [ 79.919931659402963, 8.580027691560248 ], [ 79.9208069, 8.5741386 ], [ 79.92030114621619, 8.570372112817363 ], [ 79.920358502362916, 8.568873258809022 ], [ 79.921750898300289, 8.567217129466171 ], [ 79.923333, 8.567917 ], [ 79.923333, 8.565335362234638 ], [ 79.924535023541409, 8.56390566368102 ], [ 79.940389, 8.554972 ], [ 79.936639, 8.553694 ], [ 79.929972, 8.559556 ], [ 79.925800753422081, 8.560811643160116 ], [ 79.9260483, 8.559948 ], [ 79.9263077, 8.5590277 ], [ 79.920850515503687, 8.559593247648365 ], [ 79.916694, 8.547056 ], [ 79.915293186367677, 8.547060126332978 ], [ 79.9141922, 8.5459995 ], [ 79.905372797964702, 8.545286066990711 ], [ 79.8975, 8.538722 ], [ 79.89522054504863, 8.537837247489266 ], [ 79.8948059, 8.5374441 ], [ 79.8931961, 8.5368052 ], [ 79.8842773, 8.5333891 ], [ 79.883585669259972, 8.533321261963899 ], [ 79.882472, 8.532889 ], [ 79.881255880320523, 8.533092746519106 ], [ 79.878608700000015, 8.5328331 ], [ 79.877539134410142, 8.533715443490818 ], [ 79.8775, 8.533722 ], [ 79.877431630275467, 8.533804129565208 ], [ 79.8752747, 8.5355835 ], [ 79.871714167703857, 8.535291700741116 ], [ 79.869556, 8.530833 ], [ 79.865417, 8.482472 ], [ 79.863273879622369, 8.471042310402009 ], [ 79.863210084306147, 8.453188522145055 ], [ 79.86375, 8.450806 ], [ 79.863199795409841, 8.450309066615736 ], [ 79.8631973, 8.4496107 ], [ 79.8566132, 8.4415274 ], [ 79.8528366, 8.4405279 ], [ 79.8515015, 8.4394999 ], [ 79.849268274075925, 8.437726405241486 ], [ 79.848307516758865, 8.436858669141914 ], [ 79.846373033570373, 8.432826134281481 ], [ 79.843408095763479, 8.420966383053901 ], [ 79.843625021190846, 8.418007692609816 ], [ 79.842676218957592, 8.418038875830383 ], [ 79.842111, 8.415778 ], [ 79.84625, 8.394944 ], [ 79.84625, 8.349972 ], [ 79.838722, 8.344167 ], [ 79.840361, 8.331639 ], [ 79.834583, 8.320833 ], [ 79.842472, 8.321194 ], [ 79.844583, 8.318278 ], [ 79.834583, 8.3175 ], [ 79.837889, 8.312528 ], [ 79.83625, 8.302528 ], [ 79.843333, 8.291222 ], [ 79.847056, 8.2925 ], [ 79.847889, 8.289167 ], [ 79.845389, 8.2875 ], [ 79.847889, 8.282444 ], [ 79.844972, 8.279583 ], [ 79.843722, 8.289167 ], [ 79.834139, 8.293722 ], [ 79.834556, 8.290806 ], [ 79.822917, 8.280833 ], [ 79.809611, 8.236639 ], [ 79.787944, 8.231611 ], [ 79.795833, 8.227056 ], [ 79.797917, 8.227472 ], [ 79.796694, 8.230389 ], [ 79.8, 8.229583 ], [ 79.808694, 8.221639 ], [ 79.797472, 8.220389 ], [ 79.792083, 8.223306 ], [ 79.809944, 8.21125 ], [ 79.818722, 8.199972 ], [ 79.822083, 8.178306 ], [ 79.820833, 8.17625 ], [ 79.82, 8.179583 ], [ 79.814556, 8.178306 ], [ 79.818694, 8.173306 ], [ 79.818722, 8.169972 ], [ 79.816222, 8.170833 ], [ 79.818722, 8.164972 ], [ 79.817083, 8.159111 ], [ 79.821611, 8.159528 ], [ 79.83125, 8.149972 ], [ 79.827889, 8.1425 ], [ 79.832917, 8.137472 ], [ 79.832889, 8.129139 ], [ 79.829167, 8.122861 ], [ 79.81875, 8.118306 ], [ 79.819583, 8.109972 ], [ 79.810417, 8.0925 ], [ 79.805417, 8.09 ], [ 79.798361, 8.079528 ], [ 79.793722, 8.082444 ], [ 79.800389, 8.071611 ], [ 79.793306, 8.069583 ], [ 79.788722, 8.074972 ], [ 79.796222, 8.058333 ], [ 79.817083, 8.039972 ], [ 79.832917, 8.0175 ], [ 79.833722, 8.008306 ], [ 79.824167, 8.005417 ], [ 79.819417, 7.995833 ], [ 79.82025, 7.984972 ], [ 79.826056, 7.978333 ], [ 79.824778, 7.970417 ], [ 79.822361, 7.979583 ], [ 79.817694, 7.978278 ], [ 79.815583, 7.969583 ], [ 79.815194, 7.974972 ], [ 79.811444, 7.977083 ], [ 79.791417, 7.976222 ], [ 79.753833, 7.987083 ], [ 79.746806, 7.992444 ], [ 79.737889, 8.0125 ], [ 79.737917, 8.0175 ], [ 79.745417, 8.03 ], [ 79.740389, 8.0375 ], [ 79.746222, 8.033333 ], [ 79.742139, 8.043306 ], [ 79.742944, 8.051639 ], [ 79.756222, 8.06 ], [ 79.739139, 8.067917 ], [ 79.734583, 8.074167 ], [ 79.73875, 8.073333 ], [ 79.732083, 8.081694 ], [ 79.733722, 8.104139 ], [ 79.737056, 8.107472 ], [ 79.729583, 8.119111 ], [ 79.729556, 8.134972 ], [ 79.736667, 8.142056 ], [ 79.740417, 8.140806 ], [ 79.740389, 8.152528 ], [ 79.747889, 8.163278 ], [ 79.743722, 8.170778 ], [ 79.744611, 8.175833 ], [ 79.747444, 8.179583 ], [ 79.750389, 8.179139 ], [ 79.74875, 8.185806 ], [ 79.74125, 8.191639 ], [ 79.739556, 8.198333 ], [ 79.756694, 8.22125 ], [ 79.762889, 8.217472 ], [ 79.763306, 8.212889 ], [ 79.770444, 8.215833 ], [ 79.767083, 8.240806 ], [ 79.772889, 8.245833 ], [ 79.778722, 8.2575 ], [ 79.774972, 8.260417 ], [ 79.7675, 8.260389 ], [ 79.764556, 8.254111 ], [ 79.752889, 8.243333 ], [ 79.754583, 8.241639 ], [ 79.750833, 8.239556 ], [ 79.750028, 8.242083 ], [ 79.739167, 8.227917 ], [ 79.73, 8.224556 ], [ 79.728722, 8.227472 ], [ 79.736278, 8.241639 ], [ 79.742056, 8.244972 ], [ 79.739556, 8.2475 ], [ 79.751667, 8.251278 ], [ 79.747917, 8.247472 ], [ 79.751667, 8.245417 ], [ 79.761194, 8.259167 ], [ 79.760417, 8.2625 ], [ 79.763722, 8.265833 ], [ 79.761667, 8.270417 ], [ 79.758722, 8.273333 ], [ 79.754583, 8.277472 ], [ 79.754556, 8.285778 ], [ 79.761667, 8.29625 ], [ 79.763333, 8.294556 ], [ 79.769556, 8.300833 ], [ 79.760833, 8.300389 ], [ 79.757917, 8.303306 ], [ 79.766222, 8.315 ], [ 79.767056, 8.322472 ], [ 79.779583, 8.344167 ], [ 79.786222, 8.349972 ], [ 79.782083, 8.350833 ], [ 79.783333, 8.354556 ], [ 79.77125, 8.333333 ], [ 79.762889, 8.324167 ], [ 79.752083, 8.298306 ], [ 79.737917, 8.276667 ], [ 79.733778, 8.248333 ], [ 79.725417, 8.226667 ], [ 79.719111, 8.222056 ], [ 79.700389, 8.2175 ], [ 79.696222, 8.209972 ], [ 79.700389, 8.205806 ], [ 79.700389, 8.200806 ], [ 79.695417, 8.1975 ], [ 79.697917, 8.194139 ], [ 79.697056, 8.185 ], [ 79.706278, 8.166639 ], [ 79.703806, 8.139139 ], [ 79.709194, 8.140417 ], [ 79.710417, 8.138306 ], [ 79.709139, 8.133694 ], [ 79.700389, 8.129139 ], [ 79.699556, 8.109139 ], [ 79.705417, 8.096639 ], [ 79.703778, 8.053333 ], [ 79.726778, 7.994972 ], [ 79.730618640884458, 7.979012222904603 ], [ 79.730366751724361, 7.97907915337081 ], [ 79.725320740206641, 7.980476681548359 ], [ 79.720289639978319, 7.981926973841812 ], [ 79.715274002756203, 7.983429871210277 ], [ 79.710274378561465, 7.984985208844122 ] ], [ [ 79.6984482, 9.0754995 ], [ 79.689003, 9.0749722 ], [ 79.6856079, 9.072917 ], [ 79.6883087, 9.0710278 ], [ 79.694676547709207, 9.072414365740221 ], [ 79.698752127090188, 9.074738293478289 ], [ 79.6984482, 9.0754995 ] ], [ [ 79.749139, 9.067917 ], [ 79.7875, 9.050417 ], [ 79.806536073956394, 9.037815900798678 ], [ 79.81633, 9.0325832 ], [ 79.825782806232183, 9.025075354441062 ], [ 79.836639, 9.017889 ], [ 79.854556, 9.0 ], [ 79.865, 8.989528 ], [ 79.876222, 8.976639 ], [ 79.880098916875667, 8.967482056588306 ], [ 79.8801651, 8.9681387 ], [ 79.878891, 8.9714441 ], [ 79.8818359, 8.9695282 ], [ 79.883193230273619, 8.967342899391427 ], [ 79.879111, 8.977056 ], [ 79.890833, 8.96125 ], [ 79.898306, 8.967861 ], [ 79.924013408920089, 8.973935580973423 ], [ 79.92453, 8.975111 ], [ 79.9222794, 8.9793053 ], [ 79.9189453, 8.9818611 ], [ 79.9110031, 8.9846668 ], [ 79.9011917, 8.9910555 ], [ 79.888305699999989, 9.0037498 ], [ 79.8802185, 9.0157776 ], [ 79.87818341058049, 9.021094186085204 ], [ 79.876311029598668, 9.024846687486251 ], [ 79.8651352, 9.0391665 ], [ 79.863512007729071, 9.043724059681441 ], [ 79.862889, 9.044167 ], [ 79.859405821975031, 9.051324652993552 ], [ 79.85672, 9.054944 ], [ 79.857223035307868, 9.055810105477054 ], [ 79.855806, 9.058722 ], [ 79.86375, 9.053361 ], [ 79.864218049378579, 9.0491311371885 ], [ 79.8649979, 9.0478334 ], [ 79.865613612003287, 9.045143108324996 ], [ 79.874583, 9.039139 ], [ 79.872772405223884, 9.037796128626896 ], [ 79.8808365, 9.0303888 ], [ 79.887475499527099, 9.027149205962045 ], [ 79.9, 9.022056 ], [ 79.908618229210575, 9.014394968780403 ], [ 79.91607748343128, 9.008819953039206 ], [ 79.926704626756134, 9.009786056977829 ], [ 79.9253616, 9.0108614 ], [ 79.919693, 9.0115557 ], [ 79.9169998, 9.0141392 ], [ 79.905777, 9.024889 ], [ 79.8831635, 9.0510836 ], [ 79.8585815, 9.0731115 ], [ 79.85073850667483, 9.077824724139807 ], [ 79.840861, 9.082056 ], [ 79.818278, 9.086222 ], [ 79.784507009256487, 9.098001204493395 ], [ 79.7531967, 9.1033611 ], [ 79.740997299999989, 9.103056 ], [ 79.7305298, 9.1063051 ], [ 79.7252197, 9.1032496 ], [ 79.710945099999989, 9.1038055 ], [ 79.6983032, 9.1014442 ], [ 79.6958618, 9.099556 ], [ 79.6953354, 9.0991669 ], [ 79.6965027, 9.0966663 ], [ 79.6986084, 9.0922222 ], [ 79.6979141, 9.0859718 ], [ 79.700386, 9.0804996 ], [ 79.70462849824888, 9.077426787825566 ], [ 79.713361, 9.07875 ], [ 79.749139, 9.067917 ] ], [ [ 79.933194670904129, 8.941384182414554 ], [ 79.928717475889869, 8.940168523297062 ], [ 79.93375, 8.937472 ], [ 79.933194670904129, 8.941384182414554 ] ], [ [ 79.790417, 8.376639 ], [ 79.796667, 8.369583 ], [ 79.792083, 8.379972 ], [ 79.794556, 8.3825 ], [ 79.79375, 8.393361 ], [ 79.797889, 8.399167 ], [ 79.794611, 8.400833 ], [ 79.799556, 8.404111 ], [ 79.792917, 8.409944 ], [ 79.794122809510284, 8.419634626370405 ], [ 79.792969006254211, 8.419672547130036 ], [ 79.791348252559629, 8.435821501376617 ], [ 79.790417, 8.440778 ], [ 79.790797131304117, 8.441312793464583 ], [ 79.790159603851365, 8.447665024343252 ], [ 79.789194, 8.447889 ], [ 79.787056, 8.452472 ], [ 79.789154841723175, 8.457676328152647 ], [ 79.788905735223594, 8.4601583891085 ], [ 79.7875, 8.459556 ], [ 79.787028, 8.461611 ], [ 79.788601978358926, 8.463184978358928 ], [ 79.78849790000001, 8.464222 ], [ 79.7812805, 8.4753885 ], [ 79.781230174654041, 8.47583088890908 ], [ 79.781222, 8.475833 ], [ 79.781227915943489, 8.475850744281624 ], [ 79.780478281214471, 8.482440467286187 ], [ 79.780389, 8.4825 ], [ 79.780460747942243, 8.482594594893786 ], [ 79.780304, 8.4839725 ], [ 79.777819605141147, 8.490690567967658 ], [ 79.777117817018635, 8.472674999352499 ], [ 79.77732130972025, 8.471917585931141 ], [ 79.787944, 8.4425 ], [ 79.79125, 8.424194 ], [ 79.790417, 8.376639 ] ], [ [ 79.778044056163182, 8.496622750573572 ], [ 79.7781677, 8.4984169 ], [ 79.779709255412953, 8.500625808267227 ], [ 79.77625, 8.501667 ], [ 79.776222, 8.505 ], [ 79.778722, 8.504139 ], [ 79.77625, 8.513306 ], [ 79.779611, 8.521667 ], [ 79.780864759914451, 8.521912506380717 ], [ 79.7822189, 8.5234442 ], [ 79.7801361, 8.526 ], [ 79.7756958, 8.5218611 ], [ 79.7736969, 8.5131111 ], [ 79.774463670832347, 8.499338587354842 ], [ 79.777773907243358, 8.492702720736231 ], [ 79.778030201754632, 8.496421714438057 ], [ 79.777917, 8.496667 ], [ 79.778044056163182, 8.496622750573572 ] ], [ [ 80.077528, 9.077111 ], [ 80.074972, 9.074556 ], [ 80.074972, 9.077889 ], [ 80.073154013063728, 9.077109684612363 ], [ 80.0726089, 9.0749998 ], [ 80.071416534806943, 9.07358171420405 ], [ 80.06875, 9.060833 ], [ 80.066726465617009, 9.058539768954448 ], [ 80.0660858, 9.0562496 ], [ 80.0592804, 9.0489998 ], [ 80.0549698, 9.0419445 ], [ 80.047220314887582, 9.024334317402721 ], [ 80.049167, 9.022917 ], [ 80.052917, 9.025 ], [ 80.063722, 9.0475 ], [ 80.072056, 9.058306 ], [ 80.077528, 9.077111 ] ], [ [ 79.904027273387456, 8.948235551285277 ], [ 79.904335, 8.9527502 ], [ 79.9026642, 8.9552774 ], [ 79.8958588, 8.9544725 ], [ 79.8949203, 8.9540834 ], [ 79.8931656, 8.9533892 ], [ 79.8908615, 8.9525003 ], [ 79.890928000557537, 8.950644789247001 ], [ 79.9, 8.94375 ], [ 79.904027273387456, 8.948235551285277 ] ], [ [ 79.954583, 8.942472 ], [ 79.948278, 8.942056 ], [ 79.95, 8.945389 ], [ 79.948705948269108, 8.945219703161962 ], [ 79.9460297, 8.9432774 ], [ 79.9411926, 8.9435558 ], [ 79.936984155145026, 8.942413112593686 ], [ 79.934583, 8.935833 ], [ 79.934611, 8.934167 ], [ 79.939139, 8.932917 ], [ 79.937444, 8.936222 ], [ 79.943333, 8.934583 ], [ 79.949972, 8.937083 ], [ 79.954583, 8.942472 ] ], [ [ 79.914285860465384, 8.944489593885974 ], [ 79.9130859, 8.9480553 ], [ 79.9105835, 8.9483051 ], [ 79.9056396, 8.9408894 ], [ 79.9050522, 8.9399996 ], [ 79.9039459, 8.9383335 ], [ 79.905137838854898, 8.93673868798788 ], [ 79.910028, 8.937083 ], [ 79.914285860465384, 8.944489593885974 ] ], [ [ 79.925923565487466, 8.904129627786173 ], [ 79.926748192157902, 8.901748040598569 ], [ 79.927083, 8.903361 ], [ 79.925923565487466, 8.904129627786173 ] ], [ [ 79.9086075, 8.9236393 ], [ 79.907716331948123, 8.924546455552067 ], [ 79.909585047084605, 8.922137868612651 ], [ 79.9086075, 8.9236393 ] ], [ [ 79.920472689140823, 8.905415351840873 ], [ 79.91172214117735, 8.918855469023795 ], [ 79.916222, 8.908306 ], [ 79.920472689140823, 8.905415351840873 ] ], [ [ 79.808722, 8.326611 ], [ 79.804556, 8.331667 ], [ 79.808722, 8.332472 ], [ 79.805806, 8.337917 ], [ 79.80125, 8.334167 ], [ 79.80125, 8.332444 ], [ 79.803722, 8.321667 ], [ 79.809167, 8.317083 ], [ 79.810417, 8.319139 ], [ 79.805389, 8.325 ], [ 79.808722, 8.326611 ] ], [ [ 79.774556, 8.265806 ], [ 79.78, 8.259556 ], [ 79.784556, 8.264167 ], [ 79.778278, 8.272889 ], [ 79.774639, 8.268278 ], [ 79.774556, 8.265806 ] ], [ [ 79.796278, 8.299972 ], [ 79.797528, 8.302917 ], [ 79.800806, 8.301194 ], [ 79.802917, 8.303333 ], [ 79.795833, 8.305389 ], [ 79.792917, 8.300833 ], [ 79.792917, 8.298306 ], [ 79.796667, 8.292917 ], [ 79.800028, 8.292944 ], [ 79.80125, 8.297472 ], [ 79.798333, 8.294528 ], [ 79.796278, 8.299972 ] ], [ [ 79.80625, 8.170806 ], [ 79.802056, 8.172528 ], [ 79.802056, 8.17 ], [ 79.804556, 8.161667 ], [ 79.808306, 8.160361 ], [ 79.809583, 8.163306 ], [ 79.805417, 8.167472 ], [ 79.80625, 8.170806 ] ], [ [ 79.776667, 8.182889 ], [ 79.780833, 8.183722 ], [ 79.775028, 8.189556 ], [ 79.774556, 8.189139 ], [ 79.776667, 8.182889 ] ], [ [ 79.759583, 8.275806 ], [ 79.761639, 8.272889 ], [ 79.769556, 8.274111 ], [ 79.768361, 8.27625 ], [ 79.76, 8.276278 ], [ 79.759583, 8.275806 ] ], [ [ 79.764583, 8.2075 ], [ 79.769167, 8.203778 ], [ 79.767056, 8.208306 ], [ 79.770389, 8.210833 ], [ 79.764583, 8.209167 ], [ 79.764583, 8.2075 ] ], [ [ 79.796278, 8.280806 ], [ 79.793306, 8.283722 ], [ 79.789611, 8.282444 ], [ 79.789556, 8.280833 ], [ 79.796278, 8.280806 ] ], [ [ 79.75, 8.169611 ], [ 79.752056, 8.174139 ], [ 79.747917, 8.173333 ], [ 79.747944, 8.170806 ], [ 79.75, 8.169611 ] ], [ [ 79.782056, 8.231667 ], [ 79.779944, 8.23625 ], [ 79.777889, 8.232444 ], [ 79.777889, 8.231639 ], [ 79.782056, 8.231667 ] ], [ [ 79.781694, 8.216222 ], [ 79.780417, 8.215 ], [ 79.784972, 8.211222 ], [ 79.781694, 8.216222 ] ], [ [ 79.734556, 8.099944 ], [ 79.734556, 8.095833 ], [ 79.737944, 8.1025 ], [ 79.734556, 8.099944 ] ], [ [ 79.788722, 8.081694 ], [ 79.79, 8.07875 ], [ 79.792889, 8.080833 ], [ 79.790778, 8.08375 ], [ 79.788722, 8.0825 ], [ 79.788722, 8.081694 ] ], [ [ 79.781278, 8.068278 ], [ 79.78, 8.071194 ], [ 79.777056, 8.07 ], [ 79.777056, 8.069139 ], [ 79.781278, 8.068278 ] ], [ [ 79.832111, 8.299972 ], [ 79.832111, 8.299111 ], [ 79.837889, 8.296667 ], [ 79.832111, 8.299972 ] ], [ [ 79.77125, 8.179139 ], [ 79.769167, 8.180389 ], [ 79.766222, 8.177472 ], [ 79.766278, 8.176667 ], [ 79.77125, 8.179139 ] ], [ [ 79.702056, 8.135806 ], [ 79.702056, 8.134139 ], [ 79.706278, 8.136611 ], [ 79.702056, 8.135806 ] ], [ [ 79.756222, 8.171694 ], [ 79.756222, 8.170833 ], [ 79.760389, 8.173306 ], [ 79.756222, 8.171694 ] ], [ [ 79.754528, 8.178278 ], [ 79.754528, 8.177472 ], [ 79.757944, 8.176639 ], [ 79.754528, 8.178278 ] ], [ [ 79.752083, 8.168278 ], [ 79.750417, 8.166667 ], [ 79.753694, 8.169167 ], [ 79.752083, 8.168278 ] ], [ [ 79.78375, 8.0625 ], [ 79.78375, 8.061694 ], [ 79.78625, 8.060833 ], [ 79.78375, 8.0625 ] ], [ [ 79.789611, 8.2275 ], [ 79.789611, 8.226639 ], [ 79.792083, 8.225778 ], [ 79.789611, 8.2275 ] ], [ [ 79.773306, 8.242083 ], [ 79.772889, 8.241694 ], [ 79.775389, 8.240833 ], [ 79.773306, 8.242083 ] ], [ [ 78.5824966, 9.1049166 ], [ 78.5753021, 9.096611 ], [ 78.5828629, 9.0951109 ], [ 78.5891647, 9.0977774 ], [ 78.5902481, 9.1000557 ], [ 78.5883636, 9.1038332 ], [ 78.5824966, 9.1049166 ] ], [ [ 78.8333359, 9.1666946 ], [ 78.8239975, 9.1592503 ], [ 78.8233643, 9.1559162 ], [ 78.8249969, 9.1519165 ], [ 78.8271103, 9.1531668 ], [ 78.8282242, 9.1600552 ], [ 78.8326645, 9.1623058 ], [ 78.8333359, 9.1666946 ] ], [ [ 78.9414749, 9.1754723 ], [ 78.9463348, 9.1779442 ], [ 78.9476089, 9.1802502 ], [ 78.9465561, 9.182333 ], [ 78.9414978, 9.1790276 ], [ 78.9324417, 9.1786947 ], [ 78.9278336, 9.1801949 ], [ 78.9158325, 9.1775551 ], [ 78.9116364, 9.1796942 ], [ 78.9076386, 9.1788893 ], [ 78.901084900000015, 9.1741114 ], [ 78.9002228, 9.1720276 ], [ 78.9061127, 9.1721945 ], [ 78.9231644, 9.1768885 ], [ 78.9313889, 9.1766109 ], [ 78.936195400000017, 9.1744719 ], [ 78.9414749, 9.1754723 ] ], [ [ 79.0866928, 9.191 ], [ 79.0887527, 9.188056 ], [ 79.0938339, 9.1926107 ], [ 79.0921631, 9.1945 ], [ 79.0877533, 9.1922503 ], [ 79.0863037, 9.1958056 ], [ 79.07769780000001, 9.1965275 ], [ 79.0712204, 9.2024164 ], [ 79.0665588, 9.1993332 ], [ 79.0642242, 9.1945276 ], [ 79.0673599, 9.1938887 ], [ 79.0698853, 9.1957502 ], [ 79.074943500000018, 9.1948614 ], [ 79.082695, 9.1912498 ], [ 79.0866928, 9.191 ] ], [ [ 79.2048035, 9.2328329 ], [ 79.2035828, 9.2357779 ], [ 79.1993332, 9.2312222 ], [ 79.1945038, 9.2325277 ], [ 79.189476, 9.2363329 ], [ 79.1872253, 9.2409449 ], [ 79.1846924, 9.2426386 ], [ 79.1838303, 9.240139 ], [ 79.1880035, 9.2334166 ], [ 79.1906967, 9.2306671 ], [ 79.1986694, 9.2283058 ], [ 79.2031097, 9.2299442 ], [ 79.2048035, 9.2328329 ] ], [ [ 79.2245026, 9.2462502 ], [ 79.2166977, 9.2456942 ], [ 79.2105865, 9.2421942 ], [ 79.2096939, 9.2386665 ], [ 79.2162476, 9.2427778 ], [ 79.2282257, 9.2422504 ], [ 79.2286682, 9.2445555 ], [ 79.2245026, 9.2462502 ] ], [ [ 80.0, 9.2703333 ], [ 80.0006409, 9.2666111 ], [ 80.0033646, 9.2659445 ], [ 80.0041122, 9.2694445 ], [ 80.006691, 9.2813892 ], [ 80.0048599, 9.2862225 ], [ 80.0025558, 9.2875004 ], [ 80.0, 9.2871113 ], [ 79.9987793, 9.2869167 ], [ 79.998085, 9.2816944 ], [ 80.0, 9.2703333 ] ], [ [ 79.9909439, 9.2826109 ], [ 79.991806, 9.2844725 ], [ 79.9899445, 9.2874441 ], [ 79.9871979, 9.3044167 ], [ 79.9842758, 9.3061113 ], [ 79.9772186, 9.2961664 ], [ 79.9708633, 9.2916393 ], [ 79.9710007, 9.2861948 ], [ 79.9757538, 9.2788057 ], [ 79.9829178, 9.28125 ], [ 79.986557, 9.2849722 ], [ 79.9909439, 9.2826109 ] ], [ [ 80.0761414, 9.3175554 ], [ 80.0806961, 9.311861 ], [ 80.0863647, 9.31075 ], [ 80.0916367, 9.3117218 ], [ 80.0828857, 9.3193607 ], [ 80.0761414, 9.3175554 ] ], [ [ 80.0545807, 9.3446112 ], [ 80.054306, 9.3391666 ], [ 80.0552521, 9.3316107 ], [ 80.0589981, 9.3282223 ], [ 80.0606918, 9.3298893 ], [ 80.0579453, 9.3456116 ], [ 80.0545807, 9.3446112 ] ], [ [ 80.0128632, 9.4664164 ], [ 80.0153885, 9.4668055 ], [ 80.018890399999989, 9.4770279 ], [ 80.0174408, 9.4801941 ], [ 80.0097198, 9.4863329 ], [ 80.0059433, 9.4857502 ], [ 80.0054474, 9.4811668 ], [ 80.0106354, 9.4731388 ], [ 80.0128632, 9.4664164 ] ], [ [ 79.7127762, 9.4754725 ], [ 79.7176132, 9.4750004 ], [ 79.7271423, 9.4799166 ], [ 79.7296143, 9.4939165 ], [ 79.7294159, 9.4951391 ], [ 79.7250824, 9.5226393 ], [ 79.7192535, 9.5281391 ], [ 79.7163086, 9.5290003 ], [ 79.7010803, 9.5273886 ], [ 79.6965027, 9.5269165 ], [ 79.6915817, 9.5206947 ], [ 79.6884155, 9.5211391 ], [ 79.6872253, 9.5274162 ], [ 79.6874161, 9.5282774 ], [ 79.6881104, 9.5311947 ], [ 79.674614, 9.5497503 ], [ 79.6658325, 9.5546389 ], [ 79.6607742, 9.5555277 ], [ 79.6546631, 9.5551949 ], [ 79.6529694, 9.5535278 ], [ 79.6529465, 9.5367775 ], [ 79.652916, 9.5292501 ], [ 79.6573868, 9.5133057 ], [ 79.6583328, 9.5030556 ], [ 79.6604156, 9.5007219 ], [ 79.691391, 9.4832497 ], [ 79.7127762, 9.4754725 ] ], [ [ 79.8576126, 9.6063051 ], [ 79.8541641, 9.6021671 ], [ 79.846611, 9.6030836 ], [ 79.8449173, 9.601861 ], [ 79.849472, 9.5951109 ], [ 79.8473587, 9.5942774 ], [ 79.8425293, 9.5962219 ], [ 79.837059, 9.5956669 ], [ 79.8325272, 9.5865002 ], [ 79.8275833, 9.5959721 ], [ 79.8225861, 9.6008329 ], [ 79.8218308, 9.6088057 ], [ 79.8218613, 9.6131945 ], [ 79.819191, 9.6176109 ], [ 79.8166656, 9.6188889 ], [ 79.8148346, 9.6247778 ], [ 79.8101654, 9.6223335 ], [ 79.8092804, 9.616889 ], [ 79.8117218, 9.5913334 ], [ 79.807251, 9.5861664 ], [ 79.8054962, 9.5805273 ], [ 79.808197, 9.5771666 ], [ 79.8367462, 9.5682497 ], [ 79.8505249, 9.5681114 ], [ 79.858223, 9.5680275 ], [ 79.8625565, 9.5788336 ], [ 79.8597488, 9.5914164 ], [ 79.8644714, 9.5997496 ], [ 79.8642502, 9.6020279 ], [ 79.8639145, 9.6053886 ], [ 79.8607788, 9.6075277 ], [ 79.8576126, 9.6063051 ] ], [ [ 79.7939758, 9.5846386 ], [ 79.7958298, 9.5808611 ], [ 79.8002243, 9.5789166 ], [ 79.79949950000001, 9.5898056 ], [ 79.7955017, 9.589222 ], [ 79.7939758, 9.5846386 ] ], [ [ 79.7757492, 9.6141109 ], [ 79.7753906, 9.6197777 ], [ 79.772247299999989, 9.6206388 ], [ 79.767807, 9.6177778 ], [ 79.7630844, 9.6109171 ], [ 79.7618866, 9.5985832 ], [ 79.7637253, 9.5927219 ], [ 79.7697525, 9.5855274 ], [ 79.7733307, 9.5848608 ], [ 79.7748642, 9.5902777 ], [ 79.7757492, 9.6141109 ] ], [ [ 79.977417, 9.6049166 ], [ 79.9708862, 9.6054163 ], [ 79.9662781, 9.6073608 ], [ 79.9660568, 9.6050558 ], [ 79.9681091, 9.6025276 ], [ 79.9864426, 9.5961943 ], [ 79.9988632, 9.6005001 ], [ 80.0, 9.6016388 ], [ 80.0058899, 9.6075277 ], [ 80.0022202, 9.618639 ], [ 80.0061111, 9.6271944 ], [ 80.0033646, 9.6283054 ], [ 80.0, 9.6298609 ], [ 79.9993057, 9.6301947 ], [ 79.9958038, 9.6301947 ], [ 79.9930573, 9.6293335 ], [ 79.9919968, 9.6281948 ], [ 79.9883575, 9.6219444 ], [ 79.9863892, 9.6148615 ], [ 79.9880295, 9.6121111 ], [ 79.9863052, 9.6088057 ], [ 79.9827194, 9.6086388 ], [ 79.9810028, 9.6055002 ], [ 79.977417, 9.6049166 ] ], [ [ 79.8273315, 9.6120834 ], [ 79.8256073, 9.6075001 ], [ 79.8287201, 9.6047497 ], [ 79.83358, 9.6055279 ], [ 79.8367462, 9.607583 ], [ 79.8371964, 9.609889 ], [ 79.8273315, 9.6120834 ] ], [ [ 79.8465576, 9.617528 ], [ 79.8414459, 9.6129723 ], [ 79.8407745, 9.6102505 ], [ 79.8430862, 9.6077223 ], [ 79.8529739, 9.6065559 ], [ 79.8544693, 9.6092777 ], [ 79.8526077, 9.6126385 ], [ 79.8465576, 9.617528 ] ], [ [ 79.895668, 9.6205282 ], [ 79.9067535, 9.6134996 ], [ 79.9105835, 9.6169996 ], [ 79.9140549, 9.6268053 ], [ 79.9195862, 9.6311111 ], [ 79.9248581, 9.6329441 ], [ 79.9435577, 9.6268616 ], [ 79.970108, 9.6114998 ], [ 79.9749756, 9.612278 ], [ 79.9830856, 9.6203337 ], [ 79.9842224, 9.6280556 ], [ 79.9814987, 9.6301947 ], [ 79.9581909, 9.6369448 ], [ 79.9465027, 9.6440001 ], [ 79.9358368, 9.6524725 ], [ 79.9271088, 9.6624165 ], [ 79.9315567, 9.6648893 ], [ 79.9299469, 9.6699171 ], [ 79.9316406, 9.6715832 ], [ 79.9354477, 9.6719446 ], [ 79.9371643, 9.6750555 ], [ 79.9333878, 9.6776114 ], [ 79.9239197, 9.6794167 ], [ 79.9209747, 9.6786108 ], [ 79.9194412, 9.6752777 ], [ 79.9160538, 9.6725836 ], [ 79.9084473, 9.6712227 ], [ 79.9073868, 9.6689167 ], [ 79.9102783, 9.6651115 ], [ 79.9096146, 9.6619997 ], [ 79.9150314, 9.6569166 ], [ 79.9137497, 9.6554718 ], [ 79.9108047, 9.6559162 ], [ 79.9051971, 9.661417 ], [ 79.9008636, 9.6708889 ], [ 79.9015808, 9.678194 ], [ 79.8997498, 9.684083 ], [ 79.8868332, 9.6967773 ], [ 79.8777466, 9.6933336 ], [ 79.8726959, 9.6933889 ], [ 79.8681107, 9.6995001 ], [ 79.8643341, 9.7012224 ], [ 79.8551636, 9.7011108 ], [ 79.8512497, 9.6992779 ], [ 79.8434982, 9.7012501 ], [ 79.8436661, 9.6978893 ], [ 79.8526077, 9.6894169 ], [ 79.850914, 9.6873608 ], [ 79.8456421, 9.687417 ], [ 79.845192, 9.6836386 ], [ 79.8522186, 9.6716385 ], [ 79.8582535, 9.6653051 ], [ 79.8576126, 9.6628056 ], [ 79.8611145, 9.6581392 ], [ 79.862999, 9.6570835 ], [ 79.8672256, 9.6576662 ], [ 79.8697815, 9.6605558 ], [ 79.8713608, 9.6682777 ], [ 79.8743057, 9.6690836 ], [ 79.8765869, 9.6665554 ], [ 79.876503, 9.6579723 ], [ 79.8733063, 9.6544447 ], [ 79.868248, 9.6536665 ], [ 79.8663025, 9.6509724 ], [ 79.8705521, 9.6424446 ], [ 79.8743362, 9.634778 ], [ 79.885025, 9.6302776 ], [ 79.8951111, 9.6210279 ], [ 79.895668, 9.6205282 ] ], [ [ 79.8647766, 9.6258888 ], [ 79.8622742, 9.6286392 ], [ 79.8576965, 9.6349726 ], [ 79.854332, 9.6348057 ], [ 79.8526077, 9.6321115 ], [ 79.8559189, 9.6243057 ], [ 79.8608856, 9.6192503 ], [ 79.8632202, 9.6188059 ], [ 79.8651352, 9.6223335 ], [ 79.8647766, 9.6258888 ] ], [ [ 80.0063858, 9.6328335 ], [ 80.0, 9.6436663 ], [ 79.9972534, 9.6450834 ], [ 79.9936371, 9.6407223 ], [ 79.995498700000013, 9.6386108 ], [ 80.0, 9.6335001 ], [ 80.0063858, 9.6328335 ] ], [ [ 80.0150528, 9.6393337 ], [ 80.0144424, 9.641222 ], [ 80.0128632, 9.6427774 ], [ 80.0090256, 9.6453056 ], [ 80.0065002, 9.6450005 ], [ 80.0071411, 9.6431112 ], [ 80.0100021, 9.6409168 ], [ 80.0134735, 9.6386948 ], [ 80.0150528, 9.6393337 ] ], [ [ 79.7781143, 9.6559448 ], [ 79.7831955, 9.6598616 ], [ 79.7849426, 9.6646671 ], [ 79.7856369, 9.6696663 ], [ 79.7832489, 9.6837225 ], [ 79.779029799999989, 9.6829166 ], [ 79.7751923, 9.6794167 ], [ 79.7642517, 9.6596394 ], [ 79.7671127, 9.6527224 ], [ 79.7725525, 9.6503611 ], [ 79.775886500000013, 9.6457224 ], [ 79.7780304, 9.6490278 ], [ 79.7781143, 9.6559448 ] ], [ [ 79.7943344, 9.6869726 ], [ 79.7917786, 9.6850834 ], [ 79.7921143, 9.6825552 ], [ 79.7936935, 9.680028 ], [ 79.7955856, 9.6828613 ], [ 79.7952805, 9.6863337 ], [ 79.7943344, 9.6869726 ] ], [ [ 79.8157806, 9.7103329 ], [ 79.8149719, 9.7136946 ], [ 79.8124466, 9.7131109 ], [ 79.8105011, 9.7091389 ], [ 79.8090591, 9.6936665 ], [ 79.8098297, 9.6869726 ], [ 79.8127518, 9.6842222 ], [ 79.8136673, 9.6915274 ], [ 79.8122482, 9.6974163 ], [ 79.8157806, 9.7103329 ] ], [ [ 79.873863200000017, 9.7031946 ], [ 79.8784714, 9.7012777 ], [ 79.8826981, 9.7016392 ], [ 79.8884201, 9.7068052 ], [ 79.8922195, 9.7075834 ], [ 79.8945847, 9.7119722 ], [ 79.8896942, 9.7266665 ], [ 79.8909149, 9.7328329 ], [ 79.8910522, 9.7335558 ], [ 79.89814, 9.7468615 ], [ 79.8963623, 9.7558889 ], [ 79.8983078, 9.7604723 ], [ 79.8976974, 9.7621393 ], [ 79.8915863, 9.7615833 ], [ 79.8837204, 9.7583332 ], [ 79.8692245, 9.7605829 ], [ 79.8643646, 9.7593889 ], [ 79.8570862, 9.7492218 ], [ 79.8578644, 9.7443886 ], [ 79.858223, 9.7436943 ], [ 79.8624191, 9.7351389 ], [ 79.862114, 9.7265558 ], [ 79.8577805, 9.7180281 ], [ 79.8537521, 9.7134724 ], [ 79.8562241, 9.7098885 ], [ 79.8641968, 9.7070837 ], [ 79.8678894, 9.7033329 ], [ 79.8683624, 9.7028332 ], [ 79.873863200000017, 9.7031946 ] ], [ [ 80.234167, 12.786222 ], [ 80.236278, 12.790833 ], [ 80.232028, 12.790833 ], [ 80.232056, 12.7875 ], [ 80.234167, 12.786222 ] ], [ [ 79.987528, 12.242917 ], [ 79.992083, 12.247472 ], [ 79.985444, 12.244972 ], [ 79.985389, 12.244167 ], [ 79.987528, 12.242917 ] ] ], [ [ [ 80.118544996354601, 9.598330021177288 ], [ 80.11988273269958, 9.603392212275544 ], [ 80.120961357277167, 9.607307434467849 ], [ 80.1275, 9.604583 ], [ 80.137083, 9.6075 ], [ 80.129194, 9.607056 ], [ 80.121856331497071, 9.610472669623817 ], [ 80.122716863356757, 9.613473182764308 ], [ 80.124212946874593, 9.618490856662799 ], [ 80.125761492359047, 9.623492588775427 ], [ 80.127362329994668, 9.628477830605902 ], [ 80.127827632470954, 9.629876367826501 ], [ 80.133333, 9.627917 ], [ 80.163306, 9.612083 ], [ 80.166667, 9.607917 ], [ 80.1775, 9.605417 ], [ 80.183694, 9.619944 ], [ 80.178306, 9.622056 ], [ 80.171667, 9.618722 ], [ 80.164167, 9.622083 ], [ 80.163333, 9.624556 ], [ 80.173778, 9.6225 ], [ 80.170389, 9.624972 ], [ 80.174528, 9.6275 ], [ 80.174528, 9.634167 ], [ 80.170806, 9.637083 ], [ 80.165833, 9.636222 ], [ 80.160389, 9.643333 ], [ 80.166278, 9.65 ], [ 80.165806, 9.652917 ], [ 80.172528, 9.65375 ], [ 80.252472, 9.615389 ], [ 80.320833, 9.574583 ], [ 80.351694, 9.549611 ], [ 80.37125, 9.53 ], [ 80.3825, 9.512917 ], [ 80.394833, 9.514583 ], [ 80.393778, 9.507472 ], [ 80.397917, 9.502472 ], [ 80.393694, 9.497472 ], [ 80.39375, 9.486611 ], [ 80.39875, 9.486639 ], [ 80.394583, 9.4825 ], [ 80.394139, 9.475417 ], [ 80.389972, 9.477889 ], [ 80.378306, 9.469528 ], [ 80.3775, 9.473722 ], [ 80.3625, 9.463722 ], [ 80.357472, 9.465417 ], [ 80.351694, 9.459556 ], [ 80.346222, 9.461611 ], [ 80.350833, 9.462083 ], [ 80.349972, 9.464556 ], [ 80.341639, 9.467056 ], [ 80.337889, 9.462472 ], [ 80.34125, 9.459139 ], [ 80.334139, 9.452917 ], [ 80.328306, 9.452917 ], [ 80.313361, 9.461194 ], [ 80.304167, 9.454583 ], [ 80.291667, 9.455417 ], [ 80.294583, 9.450833 ], [ 80.287472, 9.449556 ], [ 80.289167, 9.454556 ], [ 80.271667, 9.457917 ], [ 80.254972, 9.467056 ], [ 80.243306, 9.467083 ], [ 80.234556, 9.473333 ], [ 80.244944, 9.475361 ], [ 80.249139, 9.469583 ], [ 80.253306, 9.472917 ], [ 80.26, 9.471194 ], [ 80.269139, 9.475417 ], [ 80.279583, 9.473306 ], [ 80.256611, 9.487056 ], [ 80.262111, 9.492472 ], [ 80.256694, 9.494583 ], [ 80.253306, 9.492889 ], [ 80.247917, 9.5 ], [ 80.249111, 9.502083 ], [ 80.26, 9.497056 ], [ 80.279972, 9.492889 ], [ 80.282917, 9.494972 ], [ 80.269139, 9.50125 ], [ 80.235833, 9.524556 ], [ 80.234111, 9.534556 ], [ 80.229167, 9.529556 ], [ 80.221639, 9.53625 ], [ 80.221639, 9.53125 ], [ 80.214111, 9.529556 ], [ 80.207528, 9.531222 ], [ 80.202472, 9.537056 ], [ 80.195806, 9.537917 ], [ 80.196611, 9.544583 ], [ 80.181639, 9.540417 ], [ 80.173306, 9.542056 ], [ 80.143306, 9.557889 ], [ 80.13, 9.575361 ], [ 80.123278, 9.576222 ], [ 80.119139, 9.572861 ], [ 80.113532325713052, 9.577021394537665 ], [ 80.113726265755901, 9.577949521036519 ], [ 80.114850846117264, 9.583063290317073 ], [ 80.116028915105119, 9.588165002843647 ], [ 80.117260343530901, 9.593254099155972 ], [ 80.118544996354601, 9.598330021177288 ] ], [ [ 80.174139, 9.602056 ], [ 80.166639, 9.605389 ], [ 80.164528, 9.603306 ], [ 80.164528, 9.6025 ], [ 80.178333, 9.590417 ], [ 80.18625, 9.593306 ], [ 80.187083, 9.599167 ], [ 80.181667, 9.60375 ], [ 80.174139, 9.602056 ] ], [ [ 80.201667, 9.587083 ], [ 80.199972, 9.589611 ], [ 80.186667, 9.59125 ], [ 80.183722, 9.589167 ], [ 80.183722, 9.588306 ], [ 80.2, 9.577889 ], [ 80.210417, 9.580833 ], [ 80.209139, 9.583778 ], [ 80.195444, 9.586667 ], [ 80.201667, 9.587083 ] ], [ [ 80.193333, 9.610444 ], [ 80.191639, 9.612056 ], [ 80.182056, 9.605806 ], [ 80.182056, 9.604944 ], [ 80.19, 9.602917 ], [ 80.195028, 9.60625 ], [ 80.199556, 9.618333 ], [ 80.197083, 9.618306 ], [ 80.193333, 9.610444 ] ], [ [ 80.187472, 9.620417 ], [ 80.18125, 9.610806 ], [ 80.18125, 9.609139 ], [ 80.189972, 9.612028 ], [ 80.192444, 9.617889 ], [ 80.195444, 9.616639 ], [ 80.195417, 9.621639 ], [ 80.187472, 9.620417 ] ], [ [ 80.187083, 9.594111 ], [ 80.194194, 9.593722 ], [ 80.194583, 9.6 ], [ 80.19, 9.599583 ], [ 80.187083, 9.595833 ], [ 80.187083, 9.594111 ] ], [ [ 80.156222, 9.611611 ], [ 80.161639, 9.604556 ], [ 80.165417, 9.605778 ], [ 80.1625, 9.610417 ], [ 80.156222, 9.612472 ], [ 80.156222, 9.611611 ] ], [ [ 80.202556, 9.589556 ], [ 80.20625, 9.594167 ], [ 80.195417, 9.592472 ], [ 80.195444, 9.591667 ], [ 80.202556, 9.589556 ] ], [ [ 80.198333, 9.596194 ], [ 80.201222, 9.600806 ], [ 80.195417, 9.599139 ], [ 80.195417, 9.597528 ], [ 80.198333, 9.596194 ] ], [ [ 80.369972, 9.47625 ], [ 80.36875, 9.474972 ], [ 80.376222, 9.475806 ], [ 80.369972, 9.47625 ] ], [ [ 80.381306, 9.473917 ], [ 80.385528, 9.474889 ], [ 80.384944, 9.477083 ], [ 80.384889, 9.477083 ], [ 80.381306, 9.473917 ] ] ], [ [ [ 94.036785317936747, 17.529341254844159 ], [ 94.036570880415951, 17.534561738926854 ], [ 94.036411006730731, 17.539784178769761 ], [ 94.036305714338965, 17.545008004094196 ], [ 94.036261979293172, 17.549514940702213 ], [ 94.030182768265277, 17.550064656593033 ], [ 94.028717276492813, 17.554880725105839 ], [ 94.026681685454179, 17.561444964395289 ], [ 94.024607096397276, 17.568015291526493 ], [ 94.022494072236285, 17.574593169257511 ], [ 94.020342014803489, 17.581174968068783 ], [ 94.018151941848899, 17.587763848303965 ], [ 94.015922887999835, 17.594354460261542 ], [ 94.013657114407692, 17.600948224042462 ], [ 94.01135251786539, 17.607548505649902 ], [ 94.009010560921936, 17.614153188453489 ], [ 94.006631541106898, 17.620761969626816 ], [ 94.004215772384242, 17.627374535354534 ], [ 94.001763585110183, 17.633990560799827 ], [ 93.99927532596773, 17.640609710092701 ], [ 93.996751382216644, 17.647231620169922 ], [ 93.994192133911994, 17.653855932582985 ], [ 93.991597977170613, 17.660482277930424 ], [ 93.988970855004993, 17.667110090079387 ], [ 93.986308434233862, 17.673740949365545 ], [ 93.983612374334015, 17.680372610573684 ], [ 93.98088279459418, 17.68700295408679 ], [ 93.978120849753168, 17.69363496962179 ], [ 93.975327009948714, 17.700268198067246 ], [ 93.972502575466294, 17.706898593650237 ], [ 93.969645723121744, 17.713529381548781 ], [ 93.966756685631623, 17.720158447814974 ], [ 93.963836225112715, 17.726787351465298 ], [ 93.960885775957394, 17.733412050456511 ], [ 93.957906207754021, 17.740033793852646 ], [ 93.954898339450651, 17.746653863186474 ], [ 93.951862213880375, 17.753268248769771 ], [ 93.948798704021115, 17.759878218272316 ], [ 93.945707441314994, 17.766486934179873 ], [ 93.942590592849044, 17.773095486052181 ], [ 93.939449261052658, 17.779695987157144 ], [ 93.936284855037073, 17.786280625191697 ], [ 93.933095115212723, 17.792859864025957 ], [ 93.929882931412777, 17.799427719257721 ], [ 93.926646945885949, 17.805990861895815 ], [ 93.923390043418408, 17.812543389600037 ], [ 93.920111558586541, 17.819084752924471 ], [ 93.91681113778904, 17.825618015012935 ], [ 93.91348818814113, 17.832144420331399 ], [ 93.910146986325159, 17.838658291087707 ], [ 93.906787028654762, 17.845160803522095 ], [ 93.903406509567986, 17.85165493897258 ], [ 93.900008518267569, 17.858136839644079 ], [ 93.896598798664954, 17.864598945924563 ], [ 93.893172044625658, 17.871049131138339 ], [ 93.889731400797743, 17.877483439983376 ], [ 93.886275212022724, 17.883906577177296 ], [ 93.88280649979842, 17.890310882947421 ], [ 93.879323628916083, 17.89670111201805 ], [ 93.87582732905463, 17.903078578369843 ], [ 93.872316885601052, 17.909441078860716 ], [ 93.868797820145502, 17.915784894661343 ], [ 93.865270959361723, 17.922105647393398 ], [ 93.861734672688726, 17.92840986677691 ], [ 93.858189640411354, 17.934693433681623 ], [ 93.854636536974937, 17.940959514310578 ], [ 93.851076080085377, 17.947204010251429 ], [ 93.847508884336179, 17.95343010875332 ], [ 93.843935698974391, 17.959633733829204 ], [ 93.840357006312288, 17.965819918868746 ], [ 93.836773498425259, 17.971986232294292 ], [ 93.833185796465798, 17.978132210586907 ], [ 93.82959371175312, 17.984250267481727 ], [ 93.82599872026411, 17.99034581500727 ], [ 93.822401425863987, 17.996418495675645 ], [ 93.818801184874118, 18.002469637274615 ], [ 93.815201047080009, 18.008495562503803 ], [ 93.811601601768174, 18.014495961713866 ], [ 93.80800080179219, 18.020475638047149 ], [ 93.804400683082108, 18.026429038486 ], [ 93.800801647196877, 18.032357715849464 ], [ 93.797205177124866, 18.0382633264894 ], [ 93.79360971419419, 18.044143426060316 ], [ 93.790018134238707, 18.049996369240191 ], [ 93.78642949943918, 18.055825359345192 ], [ 93.782844270842077, 18.061630132927537 ], [ 93.779263050557176, 18.067408688870351 ], [ 93.775686415426918, 18.073159159152574 ], [ 93.772114768836914, 18.078881587726187 ], [ 93.768548342373478, 18.084577671014419 ], [ 93.764987506567678, 18.09024733027713 ], [ 93.761432614782279, 18.095890506057895 ], [ 93.757882432449023, 18.101512254381198 ], [ 93.754340122255627, 18.107105706313888 ], [ 93.750804697680096, 18.112672399770023 ], [ 93.747275250033113, 18.118212232937896 ], [ 93.743754489404623, 18.123724031959405 ], [ 93.740241382952888, 18.129209362595951 ], [ 93.736735030202141, 18.134668110626585 ], [ 93.733238069588097, 18.140099163244045 ], [ 93.729750713247171, 18.145502626535972 ], [ 93.726270546365242, 18.150881643123039 ], [ 93.722799251825137, 18.156233029575919 ], [ 93.719335382598317, 18.161569513546802 ], [ 93.715880903186076, 18.166876500327064 ], [ 93.712435945035267, 18.172154441585878 ], [ 93.709000111819805, 18.177407262869135 ], [ 93.705573473710501, 18.182635213275415 ], [ 93.702156587703982, 18.187835113108967 ], [ 93.698747644225023, 18.193012388973656 ], [ 93.695349263220663, 18.198164406020464 ], [ 93.691958798002801, 18.20329443783876 ], [ 93.688578893693247, 18.208399844961288 ], [ 93.685206837570888, 18.213483944070461 ], [ 93.681843924657144, 18.218545599641761 ], [ 93.678491427041052, 18.223583730233173 ], [ 93.675147977350093, 18.228600136750337 ], [ 93.671813480424674, 18.233595225083874 ], [ 93.668488358978166, 18.238573133118141 ], [ 93.665170589790051, 18.243531772391442 ], [ 93.661861395370835, 18.248470151633139 ], [ 93.658560926421501, 18.253387020225109 ], [ 93.655268394493845, 18.258286420936809 ], [ 93.651983596892535, 18.263168814729969 ], [ 93.648706675781199, 18.26803283299796 ], [ 93.645439846070417, 18.272872363659282 ], [ 93.642179405620013, 18.277694564270739 ], [ 93.638924752383474, 18.282501766639054 ], [ 93.63567698938833, 18.28729316533402 ], [ 93.632437240248734, 18.292067910435897 ], [ 93.629202446670476, 18.29682940687924 ], [ 93.625973720074668, 18.301576817605735 ], [ 93.622752157417963, 18.30630930744983 ], [ 93.619532828149374, 18.311033550640932 ], [ 93.616320808475109, 18.315740596877081 ], [ 93.613113145079041, 18.320437811587823 ], [ 93.609909904913124, 18.325124060816922 ], [ 93.606710737204139, 18.329799980903818 ], [ 93.60351531107753, 18.334466194673681 ], [ 93.600323696035986, 18.339121585489135 ], [ 93.597134670094235, 18.343770310207738 ], [ 93.593948268900633, 18.34841128893196 ], [ 93.590765500732289, 18.353043736971337 ], [ 93.58758459051613, 18.357669748357115 ], [ 93.584405622279519, 18.362288204905937 ], [ 93.581227317251248, 18.366903246457159 ], [ 93.578048392838838, 18.371518940832125 ], [ 93.57487080259547, 18.376130770178762 ], [ 93.571692569695088, 18.380737247363783 ], [ 93.568513777956611, 18.385341251150727 ], [ 93.565334409029717, 18.389941732126996 ], [ 93.562153173007061, 18.394542891629705 ], [ 93.558971884042791, 18.399140420870125 ], [ 93.555786411168143, 18.40374143522067 ], [ 93.552597744871775, 18.408345148096959 ], [ 93.549406249463388, 18.412948715134185 ], [ 93.546210233258734, 18.417558031916744 ], [ 93.543010049625565, 18.422170234330292 ], [ 93.539804792399337, 18.426787767607443 ], [ 93.536595259767111, 18.431406078981794 ], [ 93.53338097475158, 18.436026084279231 ], [ 93.530160604866992, 18.440652034508101 ], [ 93.5269351320825, 18.445283102607391 ], [ 93.523701195597113, 18.44992297427817 ], [ 93.520458333765902, 18.454576095000949 ], [ 93.517207086421578, 18.459239310560257 ], [ 93.513947010014462, 18.463905826002751 ], [ 93.510677392157419, 18.468584293696285 ], [ 93.507400256896588, 18.473270255183852 ], [ 93.504111173591156, 18.477970980588854 ], [ 93.50081470254014, 18.48268062722936 ], [ 93.497508046763386, 18.487401029312188 ], [ 93.494189670210289, 18.492136390022267 ], [ 93.490859680013031, 18.496885512130504 ], [ 93.487519693239747, 18.501645679034016 ], [ 93.484165166060308, 18.506424093839499 ], [ 93.480797716112065, 18.511218025084251 ], [ 93.477416917462108, 18.516028036048816 ], [ 93.474022354394677, 18.520854640523527 ], [ 93.470613614768979, 18.525698367040128 ], [ 93.467189706270347, 18.530561520962099 ], [ 93.463751409920533, 18.535441041918286 ], [ 93.460297161927201, 18.540340993397638 ], [ 93.456827198772245, 18.545260054474173 ], [ 93.453343301177057, 18.550195390352837 ], [ 93.449840181038311, 18.555155866408576 ], [ 93.446319683994716, 18.560138438473093 ], [ 93.442782669226446, 18.565139907071234 ], [ 93.4392299086348, 18.570157413069325 ], [ 93.435659251596121, 18.575196771973658 ], [ 93.432071975284131, 18.580256827821188 ], [ 93.428464580427132, 18.58534097833358 ], [ 93.424838376842487, 18.590448015793719 ], [ 93.421192407615322, 18.595580041664988 ], [ 93.417527747289824, 18.600733730988235 ], [ 93.413843471893102, 18.605911157744085 ], [ 93.410140966100698, 18.611111068876632 ], [ 93.406416038845165, 18.61633847497459 ], [ 93.402671545323543, 18.621588420813737 ], [ 93.398905844001646, 18.6268647062806 ], [ 93.395119457905537, 18.632165688489678 ], [ 93.391313887012586, 18.637490013390909 ], [ 93.387486369342923, 18.642838965534285 ], [ 93.383636937565882, 18.648214769661831 ], [ 93.379765254610518, 18.653615362800586 ], [ 93.375867751700454, 18.659046070829966 ], [ 93.371950160243202, 18.664500681173816 ], [ 93.368013249325159, 18.669977328061339 ], [ 93.364055555596266, 18.675479469278791 ], [ 93.360074519845583, 18.681010245456353 ], [ 93.356072546724405, 18.686564072800394 ], [ 93.352048809409411, 18.692142669273323 ], [ 93.34800330036866, 18.697745913683704 ], [ 93.343935162503072, 18.703375491696221 ], [ 93.339846159294638, 18.70902753569646 ], [ 93.335735473115534, 18.714701546439592 ], [ 93.33160400960908, 18.720399868970873 ], [ 93.327449120946298, 18.726123471574503 ], [ 93.323271735179986, 18.731870266892937 ], [ 93.319071897637571, 18.737642135465002 ], [ 93.314850656626888, 18.743436875410584 ], [ 93.310610936636664, 18.749250724308066 ], [ 93.306350177885818, 18.755086666744241 ], [ 93.302068564889495, 18.760944274675595 ], [ 93.297766298812704, 18.766823094795146 ], [ 93.293445467962343, 18.772721132427268 ], [ 93.289104581519368, 18.778639297293083 ], [ 93.28474389681449, 18.784577057825867 ], [ 93.280363687317887, 18.790533858408526 ], [ 93.275966092108163, 18.79650765890479 ], [ 93.271547700831007, 18.802500801647984 ], [ 93.267108614921071, 18.808514848893175 ], [ 93.262652392232724, 18.814543455209201 ], [ 93.25817721198554, 18.820589737309135 ], [ 93.253686399239058, 18.826649678291698 ], [ 93.249176592077831, 18.832725419781006 ], [ 93.244648952423034, 18.838816656653275 ], [ 93.240107277032195, 18.844916978246015 ], [ 93.235548728339836, 18.851029252133543 ], [ 93.230975645365874, 18.857151275737628 ], [ 93.226386160615164, 18.863286031404968 ], [ 93.221781858830894, 18.869430827860405 ], [ 93.217165120435396, 18.875583390152222 ], [ 93.212530604776575, 18.881747249294705 ], [ 93.207885754165048, 18.887915310668145 ], [ 93.203224813232282, 18.894093423988281 ], [ 93.198553283379724, 18.900275910194392 ], [ 93.193865859283648, 18.906466321363176 ], [ 93.189166737222976, 18.912660922609611 ], [ 93.184459587462868, 18.918855412128131 ], [ 93.17974215334155, 18.925054792497807 ], [ 93.175016196235532, 18.931253330277404 ], [ 93.170279738166528, 18.937453932286143 ], [ 93.165535803797141, 18.943651859905039 ], [ 93.160783655845194, 18.949848120723349 ], [ 93.156023809132222, 18.956041816918503 ], [ 93.151256788159628, 18.962232023971737 ], [ 93.146483817844782, 18.968418260185249 ], [ 93.141704023020225, 18.974598721924007 ], [ 93.136919863707817, 18.980771043700482 ], [ 93.132129330184668, 18.986938192566356 ], [ 93.127335454464287, 18.993095369721491 ], [ 93.122536242488906, 18.99924556465999 ], [ 93.117734703553182, 19.005383963862958 ], [ 93.112928847143081, 19.011513606051114 ], [ 93.108119207701364, 19.017633577771225 ], [ 93.103303997566798, 19.023746629344881 ], [ 93.09849229348869, 19.029838142357747 ], [ 93.093680639204635, 19.035913551100116 ], [ 93.088868265085864, 19.041974001235904 ], [ 93.084055630801714, 19.048018667385801 ], [ 93.079241079847961, 19.054048186783408 ], [ 93.074427043824556, 19.06006037026993 ], [ 93.06961394533198, 19.066054441274996 ], [ 93.064802195082351, 19.072029640422304 ], [ 93.059992191378498, 19.077985226254544 ], [ 93.055184294755406, 19.083920495382792 ], [ 93.050376826610332, 19.089836062411905 ], [ 93.045574234899448, 19.095728582483488 ], [ 93.040773526287495, 19.10160066201534 ], [ 93.040240724254446, 19.102250248508895 ], [ 93.0426217, 19.1070122 ], [ 93.0301217, 19.1306122 ], [ 93.0242217, 19.1421122 ], [ 93.0107217, 19.1719122 ], [ 92.9992217, 19.2026122 ], [ 92.9897217, 19.2339122 ], [ 92.982321700000014, 19.2657122 ], [ 92.9769217, 19.2980122 ], [ 92.9761217, 19.3044122 ], [ 92.9757217, 19.3080122 ], [ 92.9744217, 19.3222122 ], [ 92.9638217, 19.3232122 ], [ 92.9315217, 19.3285122 ], [ 92.8996217, 19.3359122 ], [ 92.8683217, 19.3454122 ], [ 92.837721699999989, 19.3570122 ], [ 92.8079217, 19.3705122 ], [ 92.7791217, 19.3859122 ], [ 92.778299886405037, 19.386388478333444 ], [ 92.775371212968651, 19.3890983163997 ], [ 92.770777176968906, 19.39332299099939 ], [ 92.766174667819968, 19.397528049172273 ], [ 92.761568229864835, 19.401709160532139 ], [ 92.756951568869269, 19.405870674560624 ], [ 92.752330327803563, 19.410010276390938 ], [ 92.747702500143106, 19.414130395355738 ], [ 92.74307078027114, 19.418227610522379 ], [ 92.738431071980301, 19.422305279808391 ], [ 92.733784317873699, 19.426362056370408 ], [ 92.729124872835982, 19.430403166391446 ], [ 92.724457879352315, 19.434425429677294 ], [ 92.719782240675684, 19.438428332443735 ], [ 92.715094403048923, 19.442416216168386 ], [ 92.71039531308088, 19.446387717260212 ], [ 92.70568381451038, 19.45034231794401 ], [ 92.700958396791407, 19.454283530771082 ], [ 92.69622000184161, 19.458209990235666 ], [ 92.69146961362901, 19.462120269647798 ], [ 92.686703654407211, 19.466018752927937 ], [ 92.681916665934168, 19.469906879134161 ], [ 92.677113613356696, 19.473781486525066 ], [ 92.67229932287708, 19.477643228623815 ], [ 92.667466557377793, 19.481494349286987 ], [ 92.662618911560699, 19.485333465437279 ], [ 92.657745469618533, 19.489165775912959 ], [ 92.652859803876353, 19.492985443608262 ], [ 92.647956043529504, 19.496796582233809 ], [ 92.643034670181962, 19.50059681460559 ], [ 92.641641162647787, 19.501666190097144 ], [ 92.6298217, 19.5161122 ], [ 92.6107217, 19.5427122 ], [ 92.5934217, 19.5705122 ], [ 92.5780217, 19.5993122 ], [ 92.5645217, 19.6291122 ], [ 92.5622217, 19.6348122 ], [ 92.5594217, 19.6418122 ], [ 92.5502217, 19.6668122 ], [ 92.5407217, 19.6981122 ], [ 92.538421700000015, 19.7070122 ], [ 92.5300217, 19.7203122 ], [ 92.5210217, 19.7353122 ], [ 92.5117217, 19.7523122 ], [ 92.5060217, 19.7632122 ], [ 92.5037217, 19.7662122 ], [ 92.4994217, 19.7692122 ], [ 92.4934217, 19.7749122 ], [ 92.4797217, 19.7850122 ], [ 92.4707217, 19.7921122 ], [ 92.4616217, 19.7999122 ], [ 92.4562217, 19.8040122 ], [ 92.4394217, 19.8171122 ], [ 92.4359217, 19.8199122 ], [ 92.4100217, 19.8400122 ], [ 92.3851217, 19.8633122 ], [ 92.3787217, 19.8698122 ], [ 92.3583217, 19.8916122 ], [ 92.3376217, 19.9169122 ], [ 92.3185217, 19.9435122 ], [ 92.3012217, 19.9713122 ], [ 92.2858217, 20.0002122 ], [ 92.2723217, 20.0300122 ], [ 92.2610217, 20.0607122 ], [ 92.2528217, 20.0763122 ], [ 92.2472217, 20.0880122 ], [ 92.2444217, 20.0929122 ], [ 92.2301217, 20.0953122 ], [ 92.1982217, 20.1027122 ], [ 92.166921699999989, 20.1122122 ], [ 92.1363217, 20.1237122 ], [ 92.1065217, 20.1373122 ], [ 92.0776217, 20.1527122 ], [ 92.0499217, 20.1700122 ], [ 92.0233217, 20.1890122 ], [ 92.0090217, 20.2004122 ], [ 92.0058217, 20.2030122 ], [ 91.9948217, 20.2124122 ], [ 91.9709217, 20.2348122 ], [ 91.9485217, 20.2586122 ], [ 91.9278217, 20.2839122 ], [ 91.9087217, 20.3105122 ], [ 91.8915217, 20.3383122 ], [ 91.8760217, 20.3672122 ], [ 91.8686216, 20.3835465 ], [ 91.8625217, 20.3970122 ], [ 91.8510217, 20.4276122 ], [ 91.8415217, 20.4589122 ], [ 91.8397217, 20.4654122 ], [ 91.8299217, 20.4977122 ], [ 91.8225217, 20.5295122 ], [ 91.8172217, 20.5618122 ], [ 91.8139217, 20.5944122 ], [ 91.8131217, 20.6215122 ], [ 91.8101217, 20.6257122 ], [ 91.8066217, 20.6310122 ], [ 91.7924217, 20.6528122 ], [ 91.7787217, 20.6753122 ], [ 91.7632217, 20.7041122 ], [ 91.7493217, 20.7350122 ], [ 91.7474217, 20.7389122 ], [ 91.7339217, 20.7689122 ], [ 91.7244125, 20.7798656 ], [ 91.718121700000012, 20.7871122 ], [ 91.6809968, 20.8292907 ], [ 91.6777217, 20.8330122 ], [ 91.6566217, 20.8587122 ], [ 91.6375217, 20.8853122 ], [ 91.6202217, 20.9131122 ], [ 91.6048217, 20.9419122 ], [ 91.5932217, 20.9671122 ], [ 91.5874217, 20.9807122 ], [ 91.5855217, 20.9853122 ], [ 91.574021699999989, 21.0160122 ], [ 91.5645217, 21.0473122 ], [ 91.5570217, 21.0791122 ], [ 91.5536217, 21.0999122 ], [ 91.5464217, 21.1058122 ], [ 91.540921700000013, 21.1106122 ], [ 91.5333217, 21.1175122 ], [ 91.5149217, 21.1350122 ], [ 91.4926217, 21.1588122 ], [ 91.4718217, 21.1841122 ], [ 91.4532217, 21.2101122 ], [ 91.449421700000016, 21.2158122 ], [ 91.4319217, 21.2439122 ], [ 91.4164217, 21.2727122 ], [ 91.4029217, 21.3025122 ], [ 91.3914217, 21.3332122 ], [ 91.3819217, 21.3645122 ], [ 91.3745217, 21.3963122 ], [ 91.3739217, 21.3995122 ], [ 91.36832170000001, 21.4245122 ], [ 91.3629217, 21.4568122 ], [ 91.3597217, 21.4894122 ], [ 91.3586217, 21.5221122 ], [ 91.3596217, 21.5510122 ], [ 91.3587217, 21.5555122 ], [ 91.3481217, 21.5875122 ], [ 91.340721699999989, 21.6194122 ], [ 91.3353217, 21.6516122 ], [ 91.3344217, 21.6591122 ], [ 91.3319217, 21.6712122 ], [ 91.3192217, 21.6624122 ], [ 91.2914217, 21.6451122 ], [ 91.2626217, 21.6297122 ], [ 91.2328217, 21.6162122 ], [ 91.2022217, 21.6047122 ], [ 91.1709217, 21.5952122 ], [ 91.1390217, 21.5877122 ], [ 91.1067217, 21.5824122 ], [ 91.0742217, 21.5792122 ], [ 91.0414217, 21.5781122 ], [ 91.0216217, 21.5618122 ], [ 90.9956217, 21.5441122 ], [ 90.9723217, 21.5232122 ], [ 90.9470217, 21.5024122 ], [ 90.9204217, 21.4834122 ], [ 90.8926217, 21.4661122 ], [ 90.8638217, 21.4507122 ], [ 90.8340217, 21.4372122 ], [ 90.8227217, 21.4329122 ], [ 90.8032217, 21.4121122 ], [ 90.7793217, 21.3898122 ], [ 90.7540217, 21.3690122 ], [ 90.7300435, 21.3517946 ], [ 90.7274217, 21.3499122 ], [ 90.6997217, 21.3327122 ], [ 90.6708217, 21.3172122 ], [ 90.6410217, 21.3037122 ], [ 90.610421699999989, 21.2922122 ], [ 90.579121700000016, 21.2827122 ], [ 90.5463217, 21.2749122 ], [ 90.5148217, 21.2626122 ], [ 90.4835217, 21.2531122 ], [ 90.4516217, 21.2457122 ], [ 90.4193217, 21.2404122 ], [ 90.3868217, 21.2371122 ], [ 90.3541217, 21.2361122 ], [ 90.3214217, 21.2371122 ], [ 90.2888217, 21.2404122 ], [ 90.2565217, 21.2457122 ], [ 90.224721699999989, 21.2531122 ], [ 90.1934217, 21.2626122 ], [ 90.1627217, 21.2741122 ], [ 90.13202170000001, 21.2883122 ], [ 90.1135217, 21.2892122 ], [ 90.0810217, 21.2924122 ], [ 90.0555217, 21.2964122 ], [ 90.0413217, 21.2990122 ], [ 90.0345217, 21.3003122 ], [ 90.0026217, 21.3077122 ], [ 89.9713217, 21.3172122 ], [ 89.9513217, 21.3248122 ], [ 89.9280217, 21.3134122 ], [ 89.9198217, 21.3086122 ], [ 89.9010217, 21.2951122 ], [ 89.8732217, 21.2779122 ], [ 89.8444217, 21.2624122 ], [ 89.814621699999989, 21.2489122 ], [ 89.7840217, 21.2374122 ], [ 89.7526217, 21.2279122 ], [ 89.7208217, 21.2205122 ], [ 89.6885217, 21.2151122 ], [ 89.6764217, 21.2137122 ], [ 89.6559217, 21.2106122 ], [ 89.6233217, 21.2074122 ], [ 89.5906217, 21.2063122 ], [ 89.5811217, 21.2063122 ], [ 89.5484217, 21.2074122 ], [ 89.515821699999989, 21.2106122 ], [ 89.5044217, 21.2125122 ], [ 89.4842217, 21.2016122 ], [ 89.4544217, 21.1881122 ], [ 89.4378217, 21.1816122 ], [ 89.4124217, 21.1722122 ], [ 89.3811217, 21.1627122 ], [ 89.3492217, 21.1553122 ], [ 89.3169217, 21.1500122 ], [ 89.2984217, 21.1479122 ], [ 89.2698217, 21.1452122 ], [ 89.2422217, 21.1443122 ], [ 89.227721699999989, 21.1388122 ], [ 89.1964217, 21.1293122 ], [ 89.1838217, 21.1258122 ], [ 89.1561217, 21.1081122 ], [ 89.1272217, 21.0926122 ], [ 89.1205217, 21.0894122 ], [ 89.1108217, 21.0848122 ], [ 89.0878217, 21.0746122 ], [ 89.0571217, 21.0630122 ], [ 89.0258217, 21.0535122 ], [ 88.9940217, 21.0461122 ], [ 88.9757217, 21.0428122 ], [ 88.9559217, 21.0396122 ], [ 88.9419217, 21.0376122 ], [ 88.9094217, 21.0344122 ], [ 88.8767217, 21.0333122 ], [ 88.8440217, 21.0344122 ], [ 88.8190217, 21.0367122 ], [ 88.8122217, 21.0374122 ], [ 88.8046217, 21.0384122 ], [ 88.7984945, 21.0394176 ], [ 88.7723217, 21.0437122 ], [ 88.7404217, 21.0511122 ], [ 88.7181217, 21.0579122 ], [ 88.7009217, 21.0514122 ], [ 88.6696217, 21.0419122 ], [ 88.637821699999989, 21.0345122 ], [ 88.6055217, 21.0292122 ], [ 88.5729217, 21.0260122 ], [ 88.540221699999989, 21.0249122 ], [ 88.5309217, 21.0250122 ], [ 88.5211217, 21.0252122 ], [ 88.4978217, 21.0261122 ], [ 88.4652217, 21.0294122 ], [ 88.4400696, 21.0335393 ], [ 88.4329217, 21.0347122 ], [ 88.4011217, 21.0421122 ], [ 88.3945217, 21.0439122 ], [ 88.3889217, 21.0455122 ], [ 88.3643217, 21.0526122 ], [ 88.3435217, 21.0455122 ], [ 88.311621699999989, 21.0381122 ], [ 88.2793217, 21.0328122 ], [ 88.2468217, 21.0296122 ], [ 88.2141217, 21.0285122 ], [ 88.2089217, 21.0285122 ], [ 88.1762217, 21.0296122 ], [ 88.1436217, 21.0328122 ], [ 88.1113217, 21.0381122 ], [ 88.0795217, 21.0455122 ], [ 88.0481217, 21.0550122 ], [ 88.017521699999989, 21.0666122 ], [ 87.9971217, 21.0756122 ], [ 87.9877217, 21.0800122 ], [ 87.9783217, 21.0845122 ], [ 87.9495217, 21.0999122 ], [ 87.9217217, 21.1172122 ], [ 87.8951217, 21.1362122 ], [ 87.8698217, 21.1570122 ], [ 87.8459217, 21.1793122 ], [ 87.8436217, 21.1818122 ], [ 87.8394217, 21.1802122 ], [ 87.8081217, 21.1707122 ], [ 87.7898217, 21.1662122 ], [ 87.7732217, 21.1624122 ], [ 87.7596217, 21.1595122 ], [ 87.7269217, 21.1542122 ], [ 87.7008217, 21.1463122 ], [ 87.6690217, 21.1389122 ], [ 87.6420217, 21.1343122 ], [ 87.6214217, 21.1294122 ], [ 87.5938217, 21.1147122 ], [ 87.564021700000012, 21.1012122 ], [ 87.5320217, 21.0892122 ], [ 87.5241217, 21.0866122 ], [ 87.4954217, 21.0779122 ], [ 87.4636217, 21.0705122 ], [ 87.4313217, 21.0652122 ], [ 87.4214217, 21.0642122 ], [ 87.4322217, 21.0405122 ], [ 87.4398217, 21.0203122 ], [ 87.4489217, 21.0091122 ], [ 87.4680217, 20.9825122 ], [ 87.4853217, 20.9547122 ], [ 87.5007217, 20.9259122 ], [ 87.5142217, 20.8960122 ], [ 87.5257217, 20.8654122 ], [ 87.5352217, 20.8341122 ], [ 87.542621700000012, 20.8023122 ], [ 87.5480217, 20.7700122 ], [ 87.5512217, 20.7374122 ], [ 87.5523217, 20.7047122 ], [ 87.5512217, 20.6720122 ], [ 87.5480217, 20.6394122 ], [ 87.542621700000012, 20.6072122 ], [ 87.5352217, 20.5753122 ], [ 87.5257217, 20.5440122 ], [ 87.5142217, 20.5134122 ], [ 87.5007217, 20.4836122 ], [ 87.4853217, 20.4547122 ], [ 87.4680217, 20.4269122 ], [ 87.4489217, 20.4003122 ], [ 87.4282217, 20.3750122 ], [ 87.4058217, 20.3512122 ], [ 87.3990217, 20.3444122 ], [ 87.3844217, 20.3304122 ], [ 87.3673217, 20.3147122 ], [ 87.342021699999989, 20.2940122 ], [ 87.317421700000011, 20.2762122 ], [ 87.3122217, 20.2722122 ], [ 87.2995217, 20.2631122 ], [ 87.2964217, 20.2499122 ], [ 87.2869217, 20.2185122 ], [ 87.2794217, 20.1980122 ], [ 87.2694217, 20.1725122 ], [ 87.2559217, 20.1427122 ], [ 87.2405217, 20.1139122 ], [ 87.2232217, 20.0861122 ], [ 87.2041217, 20.0595122 ], [ 87.1834217, 20.0342122 ], [ 87.166821700000014, 20.0165122 ], [ 87.16538066940447, 20.014498705195276 ], [ 87.162756507287014, 20.013663833660715 ], [ 87.153224490123321, 20.010614202869267 ], [ 87.143695002810858, 20.007546999739414 ], [ 87.134168651386545, 20.004463753050114 ], [ 87.12464649470526, 20.001364169095879 ], [ 87.115129401111176, 19.998248550141906 ], [ 87.10561825290452, 19.99511721675351 ], [ 87.096113963234856, 19.99197051710609 ], [ 87.08661737933781, 19.988808773564035 ], [ 87.077126274616376, 19.985631290726811 ], [ 87.067644551344259, 19.98243943907633 ], [ 87.05816708650525, 19.979231612685023 ], [ 87.048698394625745, 19.976007900682628 ], [ 87.039247454147372, 19.972772725726074 ], [ 87.029808688918365, 19.969524363562318 ], [ 87.020385700854419, 19.966264843021566 ], [ 87.010976613800921, 19.962992984272127 ], [ 87.001585470822633, 19.959710170937708 ], [ 86.992202964018617, 19.956414483338722 ], [ 86.982834085380674, 19.953106078790352 ], [ 86.973485626074378, 19.949787914077394 ], [ 86.964155703550333, 19.946458018933196 ], [ 86.954832117009332, 19.943111245149606 ], [ 86.945540661783298, 19.939762221167104 ], [ 86.936262354467971, 19.93640108812443 ], [ 86.927007161115739, 19.933031695380997 ], [ 86.917772396179913, 19.9296534304837 ], [ 86.908561361028006, 19.926268236655638 ], [ 86.899377486965022, 19.922878178821989 ], [ 86.890212845137768, 19.919479662464141 ], [ 86.881074570134516, 19.916074972174904 ], [ 86.871956601359386, 19.912662591732484 ], [ 86.862866079031093, 19.909244772235514 ], [ 86.853800164300353, 19.905820932290361 ], [ 86.844756062050294, 19.902390533160066 ], [ 86.835740822212159, 19.898955761007727 ], [ 86.826748309859482, 19.895515161117789 ], [ 86.817782350177637, 19.892070000868166 ], [ 86.808834697819677, 19.888616456375811 ], [ 86.799917476863499, 19.885159792251191 ], [ 86.791027721597956, 19.881699425587389 ], [ 86.782157357570938, 19.87823155469847 ], [ 86.77330628243331, 19.874756287893728 ], [ 86.764499726390412, 19.871287179115825 ], [ 86.755721986854013, 19.867815774618663 ], [ 86.746973301997372, 19.864342377998092 ], [ 86.73825136291984, 19.860865760636976 ], [ 86.729562147197583, 19.857388625223866 ], [ 86.720902276584241, 19.853910219414566 ], [ 86.712269412103325, 19.850429334612123 ], [ 86.703666216986207, 19.846947716763594 ], [ 86.695095287568037, 19.843467040383235 ], [ 86.686548502294642, 19.839983793765391 ], [ 86.678025453005262, 19.836498880978745 ], [ 86.669536222051278, 19.833015047954827 ], [ 86.661071090095987, 19.829529979331639 ], [ 86.652645867980269, 19.826048757341777 ], [ 86.644255270695623, 19.822568572478168 ], [ 86.635899869069547, 19.819092354360802 ], [ 86.627571694786852, 19.815616533159758 ], [ 86.619279701550639, 19.812144576477387 ], [ 86.611012670156285, 19.808671910770272 ], [ 86.602772997899606, 19.805200178037971 ], [ 86.594567254461126, 19.801731414779645 ], [ 86.58639842082988, 19.79826669737643 ], [ 86.578257453333805, 19.794802765675282 ], [ 86.570145433460681, 19.791341727694132 ], [ 86.562064505694138, 19.787882742282413 ], [ 86.554017721062138, 19.784429262276227 ], [ 86.545995353940754, 19.780976164853957 ], [ 86.53800805759272, 19.777528356055214 ], [ 86.53004180293739, 19.774080166985925 ], [ 86.522101114230495, 19.770634730398413 ], [ 86.514194674135638, 19.767193091787082 ], [ 86.506318634098307, 19.76375419830325 ], [ 86.498469297386777, 19.76031699136071 ], [ 86.490651759887939, 19.756883899244389 ], [ 86.482863496372119, 19.753456117323907 ], [ 86.475106842047211, 19.750032702122287 ], [ 86.467375176489298, 19.746611856498866 ], [ 86.459676643651875, 19.743196791383571 ], [ 86.45200386332958, 19.739783825647226 ], [ 86.444350591786701, 19.736368753039443 ], [ 86.436726207916479, 19.732958240259219 ], [ 86.429134721216244, 19.729555291384745 ], [ 86.42156498696616, 19.726153594197097 ], [ 86.414027060109717, 19.722757639056358 ], [ 86.406515582899232, 19.719365157482194 ], [ 86.399018979000346, 19.715972138358175 ], [ 86.391537893950698, 19.712578676883574 ], [ 86.384095495413263, 19.709192120634469 ], [ 86.376683811533653, 19.705811062559818 ], [ 86.36929444403259, 19.702432326461722 ], [ 86.361930298245923, 19.699056774150495 ], [ 86.354594331210222, 19.695685335160274 ], [ 86.347278194463286, 19.692314708067361 ], [ 86.339988519500039, 19.688948434416073 ], [ 86.332730033632117, 19.685588822925695 ], [ 86.325489694956701, 19.682230390611448 ], [ 86.318276621712783, 19.678875985270462 ], [ 86.311090584739276, 19.675525514165432 ], [ 86.303931140052001, 19.672178827257461 ], [ 86.296791899768422, 19.668833964533487 ], [ 86.289678849031546, 19.665492720668958 ], [ 86.282588708430993, 19.662154080988497 ], [ 86.275518270814089, 19.65881707859937 ], [ 86.268475238095874, 19.655484778194705 ], [ 86.261449799722769, 19.652152633611678 ], [ 86.254443255185222, 19.648820100365736 ], [ 86.247454160678984, 19.64548746080149 ], [ 86.240488849884429, 19.642158192741341 ], [ 86.233546788208727, 19.638830390429924 ], [ 86.226628003918336, 19.635505718998239 ], [ 86.219727368935892, 19.632180038865702 ], [ 86.212846268298264, 19.628854537029618 ], [ 86.205989443299032, 19.625533123517549 ], [ 86.199153684081324, 19.622213210061197 ], [ 86.192343466400217, 19.618896923163703 ], [ 86.185550754295988, 19.615579363308953 ], [ 86.178776900324522, 19.61226159892389 ], [ 86.172025408147974, 19.608947746211747 ], [ 86.165297374819261, 19.605635816392855 ], [ 86.158588178209754, 19.602323575075363 ], [ 86.151899661683956, 19.599013787261477 ], [ 86.145234466864565, 19.59570571709266 ], [ 86.138579566305438, 19.592394443518938 ], [ 86.131949725561014, 19.589086032597958 ], [ 86.125338861643783, 19.585776992957545 ], [ 86.118750918141487, 19.582467730426671 ], [ 86.112184584320957, 19.579159993397546 ], [ 86.105643006609057, 19.575856386292273 ], [ 86.099120374498497, 19.572553445378723 ], [ 86.092619343701543, 19.569250510454541 ], [ 86.086138591349624, 19.56594782460262 ], [ 86.079675336945172, 19.562644357912742 ], [ 86.073235253198689, 19.559342013107926 ], [ 86.066807379548337, 19.556036893955874 ], [ 86.06040302154932, 19.552732900029174 ], [ 86.054019406298281, 19.549428997774765 ], [ 86.04765915416354, 19.546126069871317 ], [ 86.041323725216884, 19.542825296419281 ], [ 86.035003201709884, 19.539520914515649 ], [ 86.028706075086461, 19.536217294606789 ], [ 86.022426951861462, 19.53291246576843 ], [ 86.016168627371044, 19.529607359531681 ], [ 86.009933844685293, 19.526302894149556 ], [ 86.003721190504692, 19.522997745406734 ], [ 85.997525212140062, 19.519689924977911 ], [ 85.991350113229359, 19.516381594057133 ], [ 85.985198921881135, 19.513075264680012 ], [ 85.979068961365002, 19.509768515777171 ], [ 85.972960337365791, 19.506461335554814 ], [ 85.966874543652622, 19.503154867580186 ], [ 85.960808910508064, 19.499846780603644 ], [ 85.95629265080089, 19.497374526774863 ], [ 85.95216843028642, 19.500271248824617 ], [ 85.947915483474475, 19.50332538710877 ], [ 85.94369475213108, 19.506423893873453 ], [ 85.939506699106971, 19.509566429332484 ], [ 85.93535178366939, 19.512752648871437 ], [ 85.931230461451605, 19.515982203085436 ], [ 85.92714318440305, 19.519254737817469 ], [ 85.923090400739724, 19.522569894197218 ], [ 85.919072554895024, 19.525927308680433 ], [ 85.915090087471015, 19.529326613088781 ], [ 85.911143435190127, 19.532767434650225 ], [ 85.907233030847252, 19.536249396039906 ], [ 85.90335930326232, 19.53977211542152 ], [ 85.899522677233179, 19.543335206489193 ], [ 85.895723573489136, 19.546938278509831 ], [ 85.891962408644716, 19.550580936365986 ], [ 85.888239595154033, 19.554262780599178 ], [ 85.884555541265527, 19.557983407453694 ], [ 85.880910650977228, 19.561742408920871 ], [ 85.877305323992445, 19.565539372783839 ], [ 85.873739955675887, 19.569373882662724 ], [ 85.870214937010388, 19.573245518060304 ], [ 85.866730654553962, 19.577153854408131 ], [ 85.863287490397425, 19.581098463113076 ], [ 85.859885822122564, 19.585078911604352 ], [ 85.856526022760605, 19.589094763380917 ], [ 85.853208460751432, 19.593145578059374 ], [ 85.849933499903102, 19.597230911422248 ], [ 85.846701499351951, 19.601350315466689 ], [ 85.843512813523304, 19.605503338453634 ], [ 85.840367792092465, 19.6096895249573 ], [ 85.837266779946475, 19.613908415915173 ], [ 85.834210117146284, 19.61815954867831 ], [ 85.831198138889391, 19.6224424570621 ], [ 85.828231175473164, 19.626756671397377 ], [ 85.825309552258574, 19.631101718581917 ], [ 85.822433589634528, 19.635477122132336 ], [ 85.819603602982738, 19.639882402236331 ], [ 85.816819902643132, 19.64431707580529 ], [ 85.81408279387982, 19.648780656527283 ], [ 85.811392576847638, 19.653272654920386 ], [ 85.80874954655917, 19.657792578386353 ], [ 85.806153992852501, 19.662339931264643 ], [ 85.803606200359312, 19.666914214886766 ], [ 85.801106448473789, 19.67151492763098 ], [ 85.798655011321898, 19.676141564977282 ], [ 85.796252157731317, 19.680793619562756 ], [ 85.793898151202043, 19.685470581237187 ], [ 85.791593249877423, 19.690171937119022 ], [ 85.789337706515852, 19.694897171651615 ], [ 85.787131768463084, 19.699645766659746 ], [ 85.78497567762507, 19.704417201406461 ], [ 85.782869670441471, 19.709210952650174 ], [ 85.780813977859722, 19.71402649470204 ], [ 85.778808825309667, 19.718863299483601 ], [ 85.776854432678888, 19.723720836584715 ], [ 85.774951014288561, 19.728598573321694 ], [ 85.773098778869951, 19.733495974795741 ], [ 85.771297929541547, 19.738412503951594 ], [ 85.769548663786793, 19.743347621636424 ], [ 85.767851173432362, 19.748300786658966 ], [ 85.766205644627206, 19.753271455848861 ], [ 85.764612257822108, 19.758259084116212 ], [ 85.763071187749901, 19.763263124511379 ], [ 85.761582603406268, 19.768283028284941 ], [ 85.760559778204851, 19.771869642687694 ], [ 85.765833, 19.77375 ], [ 85.829139, 19.792889 ], [ 85.850833, 19.802056 ], [ 85.919583, 19.820833 ], [ 85.913278, 19.819528 ], [ 85.911611, 19.823778 ], [ 85.913333, 19.82125 ], [ 85.924194, 19.82125 ], [ 85.979167, 19.834556 ], [ 86.008333, 19.837917 ], [ 86.057056, 19.849194 ], [ 86.045806, 19.847917 ], [ 86.040806, 19.851222 ], [ 86.073333, 19.856222 ], [ 86.057917, 19.851667 ], [ 86.059972, 19.849556 ], [ 86.069972, 19.851194 ], [ 86.216639, 19.894556 ], [ 86.235389, 19.903306 ], [ 86.226694, 19.902917 ], [ 86.219583, 19.910806 ], [ 86.2225, 19.912861 ], [ 86.224139, 19.909556 ], [ 86.228333, 19.910444 ], [ 86.236278, 19.915 ], [ 86.235806, 19.917917 ], [ 86.240889, 19.917083 ], [ 86.243333, 19.921222 ], [ 86.245389, 19.918306 ], [ 86.242083, 19.916694 ], [ 86.245417, 19.912472 ], [ 86.237528, 19.906222 ], [ 86.25747289447682, 19.914368268386607 ], [ 86.257637, 19.9144726 ], [ 86.257641168798088, 19.914436998145256 ], [ 86.259972, 19.915389 ], [ 86.288278, 19.93375 ], [ 86.311667, 19.942917 ], [ 86.336639, 19.94875 ], [ 86.33990500688185, 19.948740867965579 ], [ 86.3538895, 19.9543343 ], [ 86.369342861220048, 19.959382347385386 ], [ 86.352472, 19.962056 ], [ 86.339222, 19.970028 ], [ 86.341278, 19.9725 ], [ 86.338389, 19.975417 ], [ 86.323306, 19.984556 ], [ 86.315806, 19.980389 ], [ 86.315, 19.987917 ], [ 86.318333, 19.987056 ], [ 86.320667, 19.992056 ], [ 86.326806, 19.993583 ], [ 86.333333, 19.987056 ], [ 86.337917, 19.990806 ], [ 86.342528, 19.980444 ], [ 86.346722, 19.984583 ], [ 86.351694, 19.980417 ], [ 86.366611, 19.977889 ], [ 86.37625, 19.983306 ], [ 86.378333, 19.99125 ], [ 86.3825, 19.984528 ], [ 86.374583, 19.977444 ], [ 86.382444, 19.965444 ], [ 86.389139, 19.979583 ], [ 86.411639, 19.997083 ], [ 86.415641844881023, 19.998906408225093 ], [ 86.4121094, 19.998806 ], [ 86.4110031, 20.0 ], [ 86.4080582, 20.0032501 ], [ 86.4011688, 20.004694 ], [ 86.4103317, 20.0140553 ], [ 86.418525699999989, 20.0380287 ], [ 86.427002, 20.0519161 ], [ 86.4298859, 20.0505009 ], [ 86.4223633, 20.0349731 ], [ 86.422775300000012, 20.0294724 ], [ 86.4253922, 20.0257492 ], [ 86.4323349, 20.035305 ], [ 86.436457420688583, 20.042754758316871 ], [ 86.436222, 20.044167 ], [ 86.442083, 20.055028 ], [ 86.439556, 20.057472 ], [ 86.477917, 20.091639 ], [ 86.503722, 20.128306 ], [ 86.52125, 20.163306 ], [ 86.528831880826061, 20.170128918756944 ], [ 86.5309753, 20.1736107 ], [ 86.541832, 20.1847229 ], [ 86.55083267167285, 20.189927384596732 ], [ 86.552999212957573, 20.191877050584413 ], [ 86.552770309944606, 20.192682579507927 ], [ 86.548306, 20.191194 ], [ 86.539111, 20.192889 ], [ 86.537944, 20.189972 ], [ 86.5425, 20.187056 ], [ 86.531667, 20.182889 ], [ 86.524167, 20.17375 ], [ 86.514944, 20.169528 ], [ 86.512361, 20.175111 ], [ 86.520861, 20.184583 ], [ 86.526694, 20.186278 ], [ 86.535, 20.194556 ], [ 86.550028, 20.193722 ], [ 86.554972, 20.197083 ], [ 86.557025827510387, 20.196661463531242 ], [ 86.5603027, 20.1987782 ], [ 86.5617752, 20.198 ], [ 86.561821884576446, 20.198023573519958 ], [ 86.569440837263627, 20.203193705409234 ], [ 86.5789719, 20.2103615 ], [ 86.586699442842942, 20.214905192635051 ], [ 86.605833, 20.227889 ], [ 86.638932018299926, 20.242212071215317 ], [ 86.6405869, 20.2434731 ], [ 86.6633911, 20.254612 ], [ 86.671443597446782, 20.256280937524995 ], [ 86.671822198685661, 20.256444771160705 ], [ 86.678126171916716, 20.261881393836006 ], [ 86.672472, 20.274556 ], [ 86.6775, 20.27625 ], [ 86.677111, 20.269972 ], [ 86.681667, 20.267917 ], [ 86.689139, 20.274583 ], [ 86.732556, 20.294583 ], [ 86.76372173828122, 20.31493655576973 ], [ 86.7610245, 20.3156109 ], [ 86.7531357, 20.3090553 ], [ 86.744250894334101, 20.306286218244747 ], [ 86.741002131406773, 20.304261187663045 ], [ 86.7285538, 20.2949715 ], [ 86.724860527851149, 20.294199745332861 ], [ 86.724139, 20.29375 ], [ 86.723279348538171, 20.293869338456467 ], [ 86.7163315, 20.2924175 ], [ 86.7006073, 20.2823048 ], [ 86.694252, 20.2819443 ], [ 86.688446, 20.2838612 ], [ 86.6848602, 20.2869167 ], [ 86.684487090494542, 20.287741504853994 ], [ 86.673778, 20.294139 ], [ 86.675833, 20.297861 ], [ 86.682942300039997, 20.292215904560987 ], [ 86.682663, 20.3016663 ], [ 86.6797256, 20.3091393 ], [ 86.6865005, 20.3181381 ], [ 86.68853, 20.3176384 ], [ 86.6920853, 20.3125286 ], [ 86.6910248, 20.3061104 ], [ 86.69221536093977, 20.304474341435732 ], [ 86.6975, 20.301222 ], [ 86.703961646035168, 20.301452476707251 ], [ 86.7085037, 20.3028603 ], [ 86.710113508946023, 20.301671903939788 ], [ 86.721639, 20.302083 ], [ 86.732083, 20.309139 ], [ 86.727944, 20.313278 ], [ 86.729167, 20.315417 ], [ 86.734972, 20.317083 ], [ 86.732083, 20.312472 ], [ 86.734924270732677, 20.310435353984147 ], [ 86.7356415, 20.3109436 ], [ 86.739014013293556, 20.312566974121868 ], [ 86.768306, 20.328778 ], [ 86.777056, 20.337444 ], [ 86.776006888656923, 20.342405325174838 ], [ 86.7672195, 20.3350563 ], [ 86.7635574, 20.3353329 ], [ 86.7626648, 20.3390274 ], [ 86.7649155, 20.343111 ], [ 86.774937008212987, 20.349869105434045 ], [ 86.785754616303677, 20.372179306611006 ], [ 86.7856369, 20.3726673 ], [ 86.7812805, 20.3714447 ], [ 86.7812195, 20.3714161 ], [ 86.7708893, 20.3650837 ], [ 86.769996600000013, 20.3706112 ], [ 86.770034323738273, 20.370662369376458 ], [ 86.76875, 20.369972 ], [ 86.772056, 20.376639 ], [ 86.783968673221239, 20.385382124259291 ], [ 86.7835681755206, 20.387619568297303 ], [ 86.779139, 20.395417 ], [ 86.774818561300762, 20.395405805082028 ], [ 86.7713852, 20.3935833 ], [ 86.7669144, 20.3885841 ], [ 86.7531128, 20.3791389 ], [ 86.7494965, 20.3675003 ], [ 86.7413864, 20.3623333 ], [ 86.7372742, 20.3649158 ], [ 86.728447, 20.3611393 ], [ 86.7280273, 20.3641396 ], [ 86.7314987, 20.3684731 ], [ 86.7383575, 20.3715553 ], [ 86.7413635, 20.3756676 ], [ 86.7412186, 20.3809452 ], [ 86.739418, 20.3825283 ], [ 86.738586400000017, 20.3832779 ], [ 86.7365799, 20.3810272 ], [ 86.7253876, 20.380722 ], [ 86.7241974, 20.3825836 ], [ 86.7310867, 20.3870831 ], [ 86.7308579, 20.388916 ], [ 86.7245865, 20.3910828 ], [ 86.7226105, 20.3934994 ], [ 86.723265695416757, 20.393759712105663 ], [ 86.72, 20.393778 ], [ 86.713722, 20.398306 ], [ 86.707917, 20.408333 ], [ 86.720861, 20.39625 ], [ 86.725833, 20.39625 ], [ 86.729611, 20.399167 ], [ 86.729611, 20.404972 ], [ 86.735417, 20.415833 ], [ 86.73125, 20.444167 ], [ 86.737889, 20.476667 ], [ 86.735056, 20.478722 ], [ 86.715417, 20.478333 ], [ 86.730028, 20.481222 ], [ 86.738306, 20.479583 ], [ 86.745806, 20.46875 ], [ 86.757083, 20.4975 ], [ 86.762083, 20.5025 ], [ 86.758333, 20.512083 ], [ 86.739139, 20.52125 ], [ 86.731639, 20.534611 ], [ 86.754972, 20.521194 ], [ 86.765391284994024, 20.50420891952194 ], [ 86.7655029, 20.5046387 ], [ 86.771133741624354, 20.506401111603417 ], [ 86.782083, 20.525833 ], [ 86.796667, 20.540417 ], [ 86.867139, 20.588278 ], [ 86.859972, 20.587083 ], [ 86.860833, 20.592944 ], [ 86.860833, 20.58875 ], [ 86.873361, 20.592889 ], [ 86.910310816776132, 20.617207742958005 ], [ 86.913669808729665, 20.614542453826964 ], [ 86.917715068066926, 20.611263011789003 ], [ 86.939308200000013, 20.6256943 ], [ 86.9966125, 20.6617775 ], [ 87.0079193, 20.6688614 ], [ 87.0252533, 20.682806 ], [ 87.0376129, 20.6906395 ], [ 87.052002, 20.7035007 ], [ 87.0522766, 20.705555 ], [ 87.0454407, 20.7052231 ], [ 87.0422211, 20.7029724 ], [ 87.0376968, 20.695694 ], [ 87.029808, 20.6907768 ], [ 87.024635300000014, 20.6897221 ], [ 87.0217209, 20.6902218 ], [ 87.0195847, 20.6934719 ], [ 87.001976, 20.6934719 ], [ 87.0007477, 20.6966114 ], [ 87.0050583, 20.7008896 ], [ 86.9960251, 20.6991673 ], [ 87.0022507, 20.7113342 ], [ 87.0082245, 20.7120552 ], [ 87.0101929, 20.7140827 ], [ 87.0121918, 20.7161388 ], [ 87.0139999, 20.7206936 ], [ 87.0138626, 20.7253056 ], [ 87.0058594, 20.7428894 ], [ 87.001274099999989, 20.7583618 ], [ 86.993248, 20.7670002 ], [ 86.9917221, 20.7686386 ], [ 86.9873352, 20.7693882 ], [ 86.9831924, 20.7701664 ], [ 86.9758301, 20.7679729 ], [ 86.9727249, 20.7778893 ], [ 86.9712753, 20.7824726 ], [ 86.9757538, 20.7919445 ], [ 86.9758072, 20.8031673 ], [ 86.9701385, 20.8490829 ], [ 86.9666977, 20.85425 ], [ 86.9543076, 20.8655548 ], [ 86.9329758, 20.8959999 ], [ 86.9296112, 20.9008064 ], [ 86.9267502, 20.9195271 ], [ 86.9233093, 20.9284439 ], [ 86.8838882, 21.001667 ], [ 86.8835831, 21.0020275 ], [ 86.877304099999989, 21.0096397 ], [ 86.8730011, 21.0148335 ], [ 86.84133150000001, 21.0867786 ], [ 86.8344421, 21.1121674 ], [ 86.8278351, 21.1265564 ], [ 86.8257217, 21.1311398 ], [ 86.8193893, 21.1361103 ], [ 86.8167801, 21.1381664 ], [ 86.8244476, 21.1421947 ], [ 86.8267517, 21.1483612 ], [ 86.8286667, 21.159111 ], [ 86.8278046, 21.1667213 ], [ 86.8242493, 21.1720562 ], [ 86.824775699999989, 21.1757221 ], [ 86.8284454, 21.1864452 ], [ 86.8312531, 21.1946945 ], [ 86.8368301, 21.2056389 ], [ 86.8468857, 21.2208614 ], [ 86.8649979, 21.2621384 ], [ 86.8901138, 21.2959728 ], [ 86.8939743, 21.3062229 ], [ 86.8945847, 21.3135834 ], [ 86.8989716, 21.3147774 ], [ 86.9024734, 21.3157501 ], [ 86.907196, 21.319334 ], [ 86.9140015, 21.3298054 ], [ 86.9194717, 21.3343048 ], [ 86.9375, 21.3553619 ], [ 86.944809, 21.3619728 ], [ 86.956192, 21.3722782 ], [ 86.9727783, 21.3940563 ], [ 86.9958878, 21.414362 ], [ 87.0076675, 21.4246941 ], [ 87.0213089, 21.432972 ], [ 87.0404129, 21.4500275 ], [ 87.0459137, 21.4516106 ], [ 87.0536423, 21.4570007 ], [ 87.0593643, 21.4640007 ], [ 87.0643311, 21.4701118 ], [ 87.0644455, 21.4707775 ], [ 87.0717239, 21.474472 ], [ 87.073082, 21.4738884 ], [ 87.0957489, 21.4923325 ], [ 87.1208649, 21.5093327 ], [ 87.1228867, 21.5129719 ], [ 87.1228027, 21.5136948 ], [ 87.1278915, 21.5153065 ], [ 87.132225, 21.5135002 ], [ 87.1361923, 21.5136108 ], [ 87.1373901, 21.5136395 ], [ 87.140441900000013, 21.5188618 ], [ 87.1449203, 21.5222492 ], [ 87.197113, 21.5445004 ], [ 87.1930008, 21.5475559 ], [ 87.1955032, 21.5493603 ], [ 87.2040863, 21.5487499 ], [ 87.2505569, 21.5580006 ], [ 87.2622223, 21.5603046 ], [ 87.2853088, 21.561945 ], [ 87.3660278, 21.5609169 ], [ 87.3726959, 21.5630836 ], [ 87.3737488, 21.5660286 ], [ 87.3662186, 21.5703335 ], [ 87.372612, 21.578083 ], [ 87.376358, 21.5742493 ], [ 87.3830032, 21.5739174 ], [ 87.4122772, 21.5891953 ], [ 87.4587784, 21.6055279 ], [ 87.492836, 21.614027 ], [ 87.4971695, 21.6147213 ], [ 87.512275699999989, 21.6171112 ], [ 87.548111, 21.6271954 ], [ 87.5626678, 21.6298885 ], [ 87.5651703, 21.6321392 ], [ 87.5714722, 21.6292496 ], [ 87.5730286, 21.6326675 ], [ 87.5706635, 21.6368332 ], [ 87.5724411, 21.6397781 ], [ 87.5760574, 21.636055 ], [ 87.6135254, 21.6458893 ], [ 87.6158066, 21.6464996 ], [ 87.6369476, 21.6472225 ], [ 87.640663100000012, 21.6487503 ], [ 87.6492767, 21.6636105 ], [ 87.6498642, 21.6646385 ], [ 87.6581955, 21.6637783 ], [ 87.6579971, 21.6628609 ], [ 87.6565552, 21.6564446 ], [ 87.658165, 21.6518326 ], [ 87.662056, 21.6499176 ], [ 87.6785812, 21.6536942 ], [ 87.7190018, 21.6698608 ], [ 87.7228088, 21.6748333 ], [ 87.7308884, 21.6741943 ], [ 87.7331924, 21.6783047 ], [ 87.7498093, 21.6855278 ], [ 87.7566147, 21.692028 ], [ 87.7545013, 21.6964436 ], [ 87.7550812, 21.7008057 ], [ 87.7631912, 21.700861 ], [ 87.7684479, 21.7046661 ], [ 87.773941, 21.698555 ], [ 87.7825546, 21.6986103 ], [ 87.8038864, 21.7078056 ], [ 87.8132782, 21.714222 ], [ 87.8198624, 21.7187214 ], [ 87.8285522, 21.7221947 ], [ 87.8439407, 21.7386398 ], [ 87.87397, 21.7609444 ], [ 87.8781662, 21.7718887 ], [ 87.8835831, 21.7729168 ], [ 87.8923874, 21.7812214 ], [ 87.8939972, 21.7859993 ], [ 87.8926697, 21.7929173 ], [ 87.8865814, 21.8030281 ], [ 87.8978043, 21.8010826 ], [ 87.8984985, 21.8011951 ], [ 87.915802, 21.8039169 ], [ 87.9519424, 21.823555 ], [ 87.953941300000011, 21.8257504 ], [ 87.9804993, 21.8550549 ], [ 87.9895859, 21.8712215 ], [ 87.9928589, 21.8770561 ], [ 88.0026932, 21.8902779 ], [ 88.0111923, 21.9016953 ], [ 88.0118332, 21.9078617 ], [ 88.0143051, 21.9080563 ], [ 88.0185547, 21.9113884 ], [ 88.023193400000011, 21.9287491 ], [ 88.031555200000014, 21.9381943 ], [ 88.05508420000001, 21.9833603 ], [ 88.0550308, 21.9902496 ], [ 88.0581665, 21.9977779 ], [ 88.0573044, 22.0030556 ], [ 88.0669708, 22.0154724 ], [ 88.0706406, 22.0135555 ], [ 88.0755539, 22.0136662 ], [ 88.1421661, 22.0573883 ], [ 88.1545563, 22.0603046 ], [ 88.1618042, 22.0645008 ], [ 88.1776962, 22.0806942 ], [ 88.1873627, 22.0905285 ], [ 88.1927185, 22.0979996 ], [ 88.1961136, 22.104805 ], [ 88.1969986, 22.1199436 ], [ 88.1901932, 22.1329441 ], [ 88.1809998, 22.1461391 ], [ 88.1761932, 22.1530285 ], [ 88.1753616, 22.153944 ], [ 88.1498642, 22.182333 ], [ 88.1461105, 22.1853046 ], [ 88.143837, 22.1870842 ], [ 88.131691, 22.1889725 ], [ 88.1077805, 22.1927223 ], [ 88.098587, 22.1899452 ], [ 88.0857468, 22.189333 ], [ 88.0707779, 22.1917496 ], [ 88.061142, 22.1997776 ], [ 88.054557800000012, 22.2031384 ], [ 88.0489731, 22.2062492 ], [ 88.0416412, 22.2080269 ], [ 88.0368881, 22.2062778 ], [ 88.0321121, 22.2018051 ], [ 88.0308914, 22.2119446 ], [ 88.0342484, 22.218277 ], [ 88.0362244, 22.2189159 ], [ 88.0421677, 22.219944 ], [ 88.044693, 22.2221661 ], [ 88.055725099999989, 22.2194176 ], [ 88.066169699999989, 22.2230835 ], [ 88.0826111, 22.2206383 ], [ 88.0760574, 22.2148056 ], [ 88.0767517, 22.212944 ], [ 88.0806427, 22.2110271 ], [ 88.0968018, 22.2074451 ], [ 88.1027222, 22.2073059 ], [ 88.1104202, 22.2096672 ], [ 88.1214981, 22.2096386 ], [ 88.1368637, 22.2028618 ], [ 88.1463852, 22.202055 ], [ 88.1479187, 22.2019157 ], [ 88.1787796, 22.1949997 ], [ 88.191391, 22.1873341 ], [ 88.2013092, 22.1795273 ], [ 88.2121658, 22.1618328 ], [ 88.2142487, 22.1574173 ], [ 88.2160263, 22.1406116 ], [ 88.2193069, 22.1298618 ], [ 88.223053, 22.1177216 ], [ 88.2305832, 22.1046658 ], [ 88.2352219, 22.0848064 ], [ 88.235054, 22.0788612 ], [ 88.2198029, 22.0424728 ], [ 88.2010803, 22.0139713 ], [ 88.1862793, 21.9934158 ], [ 88.1500244, 21.963028 ], [ 88.1487198, 21.9596386 ], [ 88.1539688, 21.9533062 ], [ 88.1693878, 21.941 ], [ 88.1748352, 21.9238892 ], [ 88.175308199999989, 21.9162769 ], [ 88.1753311, 21.9153614 ], [ 88.1739197, 21.907362 ], [ 88.163475, 21.8936119 ], [ 88.1660309, 21.8880272 ], [ 88.1821136, 21.8734169 ], [ 88.1873093, 21.8657227 ], [ 88.1914139, 21.8628616 ], [ 88.2034988, 21.845583 ], [ 88.206695599999989, 21.8172493 ], [ 88.2060547, 21.8122215 ], [ 88.2103577, 21.8088341 ], [ 88.2120819, 21.8074722 ], [ 88.2108078, 21.806139 ], [ 88.2114716, 21.8028889 ], [ 88.2206116, 21.795805 ], [ 88.2368317, 21.7864437 ], [ 88.2396393, 21.7811108 ], [ 88.2409134, 21.7739449 ], [ 88.238113399999989, 21.7646389 ], [ 88.2311401, 21.78475 ], [ 88.2270813, 21.7889729 ], [ 88.2185593, 21.7919445 ], [ 88.2202759, 21.765028 ], [ 88.2193604, 21.7581673 ], [ 88.2216949, 21.7535 ], [ 88.2214737, 21.7450275 ], [ 88.223114, 21.7413063 ], [ 88.2193298, 21.7292213 ], [ 88.219696, 21.7243881 ], [ 88.2274704, 21.7113342 ], [ 88.230835, 21.6995564 ], [ 88.2166977, 21.6941395 ], [ 88.2110291, 21.6935825 ], [ 88.2115555, 21.6855278 ], [ 88.2177811, 21.6794167 ], [ 88.2276382, 21.6812496 ], [ 88.2362213, 21.6808052 ], [ 88.2396927, 21.6792507 ], [ 88.2410812, 21.6786385 ], [ 88.2440262, 21.669611 ], [ 88.2393875, 21.6609726 ], [ 88.2424164, 21.6553898 ], [ 88.24897, 21.6497498 ], [ 88.2493362, 21.6474171 ], [ 88.2465591, 21.645195 ], [ 88.2444153, 21.6381111 ], [ 88.2282791, 21.6224175 ], [ 88.2264709, 21.6188049 ], [ 88.2280807, 21.6148605 ], [ 88.2319412, 21.6124725 ], [ 88.2405014, 21.6104164 ], [ 88.2457199, 21.6045551 ], [ 88.2453308, 21.5992775 ], [ 88.2551651, 21.5811386 ], [ 88.2570801, 21.5799446 ], [ 88.2517471, 21.5724716 ], [ 88.2559204, 21.562973 ], [ 88.2626419, 21.5575275 ], [ 88.2691422, 21.5621948 ], [ 88.2712784, 21.5596104 ], [ 88.2788925, 21.560112 ], [ 88.2864456, 21.5576382 ], [ 88.2889709, 21.5603333 ], [ 88.3064194, 21.5615273 ], [ 88.3117218, 21.5674438 ], [ 88.3173065, 21.5736675 ], [ 88.3229752, 21.5744438 ], [ 88.3253632, 21.5805836 ], [ 88.3234711, 21.5833893 ], [ 88.3176117, 21.5846672 ], [ 88.3068085, 21.5936661 ], [ 88.302948, 21.5925274 ], [ 88.3003616, 21.5917492 ], [ 88.3027191, 21.5969715 ], [ 88.2984161, 21.6014442 ], [ 88.2954407, 21.6098061 ], [ 88.2997513, 21.6140556 ], [ 88.2970276, 21.622612 ], [ 88.3032227, 21.6521111 ], [ 88.30439, 21.667223 ], [ 88.3066101, 21.6681118 ], [ 88.3067245, 21.6717777 ], [ 88.3014755, 21.6868324 ], [ 88.2976685, 21.690834 ], [ 88.2937469, 21.7010269 ], [ 88.2884979, 21.7068882 ], [ 88.2832489, 21.730917 ], [ 88.2824707, 21.7378063 ], [ 88.2836914, 21.7471943 ], [ 88.2891693, 21.758112 ], [ 88.288002, 21.7611103 ], [ 88.2792511, 21.7645283 ], [ 88.2752228, 21.7699165 ], [ 88.274780299999989, 21.7719994 ], [ 88.2609482, 21.7875004 ], [ 88.2586975, 21.7955837 ], [ 88.2588577, 21.8013058 ], [ 88.2664413, 21.7997494 ], [ 88.2707748, 21.814806 ], [ 88.2750854, 21.8199997 ], [ 88.2850266, 21.8238888 ], [ 88.2955551, 21.8309727 ], [ 88.309166, 21.8345547 ], [ 88.3162537, 21.8412781 ], [ 88.3168335, 21.844944 ], [ 88.3174744, 21.8501949 ], [ 88.310585, 21.8588619 ], [ 88.3074188, 21.8605556 ], [ 88.2906418, 21.8581944 ], [ 88.2773895, 21.8592224 ], [ 88.2686081, 21.8650284 ], [ 88.2804184, 21.8636951 ], [ 88.2974472, 21.8642502 ], [ 88.301918, 21.8666668 ], [ 88.3109741, 21.8646107 ], [ 88.32061, 21.8577213 ], [ 88.3238297, 21.8495827 ], [ 88.32164, 21.8409176 ], [ 88.3154449, 21.8302784 ], [ 88.2987518, 21.821722 ], [ 88.2899475, 21.8145828 ], [ 88.2808075, 21.8125 ], [ 88.276474, 21.807333 ], [ 88.2775574, 21.8013325 ], [ 88.2816086, 21.7968616 ], [ 88.2884445, 21.7957783 ], [ 88.3014755, 21.7984447 ], [ 88.3122787, 21.7954445 ], [ 88.3145828, 21.7988338 ], [ 88.3164978, 21.7971668 ], [ 88.319725, 21.7923603 ], [ 88.329559300000014, 21.7885838 ], [ 88.3418579, 21.7983894 ], [ 88.3444748, 21.8040829 ], [ 88.3574753, 21.8030548 ], [ 88.3613358, 21.8006668 ], [ 88.364196800000016, 21.801445 ], [ 88.3674698, 21.809473 ], [ 88.3597794, 21.8243618 ], [ 88.3592224, 21.8308048 ], [ 88.361969, 21.8415546 ], [ 88.3607254, 21.8496113 ], [ 88.3642502, 21.8527508 ], [ 88.3702774, 21.8392773 ], [ 88.3670578, 21.8388882 ], [ 88.3647766, 21.8359718 ], [ 88.3642502, 21.8256397 ], [ 88.3658066, 21.8200836 ], [ 88.3755569, 21.8083611 ], [ 88.371666, 21.8006668 ], [ 88.3814468, 21.7990284 ], [ 88.3896637, 21.7937775 ], [ 88.3953323, 21.7943325 ], [ 88.4004135, 21.8004169 ], [ 88.3993073, 21.8135281 ], [ 88.3949432, 21.8248882 ], [ 88.3949203, 21.832695 ], [ 88.3964157, 21.842083 ], [ 88.3993073, 21.8486671 ], [ 88.4020309, 21.8516674 ], [ 88.4043579, 21.8542786 ], [ 88.3992462, 21.8642769 ], [ 88.397552499999989, 21.8748894 ], [ 88.3991699, 21.8794441 ], [ 88.4061127, 21.8818054 ], [ 88.407692, 21.8854446 ], [ 88.3978577, 21.8948612 ], [ 88.3960037, 21.9070835 ], [ 88.3984756, 21.9136105 ], [ 88.4016647, 21.9161396 ], [ 88.409111, 21.9184723 ], [ 88.4114151, 21.9216385 ], [ 88.4025803, 21.9317226 ], [ 88.4003296, 21.9393616 ], [ 88.4026642, 21.9488049 ], [ 88.3973083, 21.9541397 ], [ 88.3881683, 21.9612503 ], [ 88.3873367, 21.9674721 ], [ 88.3912201, 21.9721947 ], [ 88.3982239, 21.9731388 ], [ 88.402389500000012, 21.9753895 ], [ 88.4073868, 21.9815826 ], [ 88.4124146, 21.9947224 ], [ 88.4150009, 21.9907227 ], [ 88.4145813, 21.9865551 ], [ 88.4057236, 21.9737778 ], [ 88.4012222, 21.9706116 ], [ 88.391471900000013, 21.9686661 ], [ 88.390274, 21.9666939 ], [ 88.3947754, 21.9606113 ], [ 88.4015808, 21.9570007 ], [ 88.4056091, 21.9516392 ], [ 88.4068604, 21.9350548 ], [ 88.4163589, 21.923111 ], [ 88.4157791, 21.9199162 ], [ 88.4034424, 21.9091949 ], [ 88.3996353, 21.8992786 ], [ 88.401474, 21.8961105 ], [ 88.4089203, 21.8934441 ], [ 88.4129715, 21.8892231 ], [ 88.4213333, 21.8892231 ], [ 88.4104462, 21.8777771 ], [ 88.4072189, 21.868 ], [ 88.409919699999989, 21.8591938 ], [ 88.405777, 21.8430004 ], [ 88.401001, 21.8389721 ], [ 88.400444, 21.836195 ], [ 88.4001389, 21.8346386 ], [ 88.4065018, 21.8161106 ], [ 88.408226, 21.7983608 ], [ 88.4015579, 21.7881947 ], [ 88.39355470000001, 21.7831116 ], [ 88.391471900000013, 21.7794991 ], [ 88.3943024, 21.7746105 ], [ 88.3993912, 21.7716942 ], [ 88.4056702, 21.7681103 ], [ 88.407524099999989, 21.7646389 ], [ 88.4059143, 21.759306 ], [ 88.3991394, 21.736805 ], [ 88.39608, 21.733223 ], [ 88.3921127, 21.7312508 ], [ 88.3818893, 21.7319164 ], [ 88.3794708, 21.730278 ], [ 88.3811646, 21.7266941 ], [ 88.3867798, 21.7251663 ], [ 88.3961105, 21.7247219 ], [ 88.4069748, 21.7264996 ], [ 88.4074707, 21.7258606 ], [ 88.4107742, 21.7218342 ], [ 88.4121094, 21.7169724 ], [ 88.4082489, 21.7021389 ], [ 88.3998871, 21.6929169 ], [ 88.392135599999989, 21.688055 ], [ 88.3891144, 21.667223 ], [ 88.3923874, 21.6616383 ], [ 88.3910828, 21.6586952 ], [ 88.393219, 21.6558609 ], [ 88.3951645, 21.6470833 ], [ 88.392440800000017, 21.6375275 ], [ 88.3929749, 21.629694 ], [ 88.3967514, 21.6236382 ], [ 88.4045029, 21.6197491 ], [ 88.4041367, 21.6165562 ], [ 88.3962784, 21.6158333 ], [ 88.3928909, 21.6083336 ], [ 88.3951416, 21.6016102 ], [ 88.397247299999989, 21.5976658 ], [ 88.4035034, 21.5926666 ], [ 88.4041138, 21.5890007 ], [ 88.4123917, 21.5865002 ], [ 88.417663600000012, 21.5817509 ], [ 88.4214478, 21.5940838 ], [ 88.4177246, 21.6017494 ], [ 88.4216385, 21.6096935 ], [ 88.4276352, 21.6134453 ], [ 88.4375305, 21.6159439 ], [ 88.4408035, 21.6188602 ], [ 88.4411926, 21.624361 ], [ 88.4351425, 21.6359997 ], [ 88.4323349, 21.6388893 ], [ 88.4260864, 21.6454163 ], [ 88.4231644, 21.6470833 ], [ 88.4206924, 21.6466942 ], [ 88.4183044, 21.6660557 ], [ 88.4241943, 21.6750832 ], [ 88.4187469, 21.682806 ], [ 88.4196396, 21.688055 ], [ 88.4285278, 21.6984158 ], [ 88.4352188, 21.7005558 ], [ 88.4363022, 21.704195 ], [ 88.4304428, 21.7139721 ], [ 88.429863, 21.7190552 ], [ 88.4323044, 21.7279453 ], [ 88.4281082, 21.744833 ], [ 88.4335861, 21.7559452 ], [ 88.4324188, 21.7586117 ], [ 88.4291916, 21.7659168 ], [ 88.4315262, 21.770916 ], [ 88.4378052, 21.7749176 ], [ 88.4477234, 21.7917213 ], [ 88.4494705, 21.7954731 ], [ 88.4462204, 21.794445 ], [ 88.4458084, 21.7976666 ], [ 88.4478912, 21.801527 ], [ 88.4540253, 21.8018341 ], [ 88.464859, 21.7930565 ], [ 88.4690247, 21.7931938 ], [ 88.4706116, 21.796833 ], [ 88.4691925, 21.7989159 ], [ 88.4568863, 21.8065834 ], [ 88.4548035, 21.8116951 ], [ 88.458252, 21.8201103 ], [ 88.462280299999989, 21.8234444 ], [ 88.4733353, 21.8238602 ], [ 88.4788361, 21.8356667 ], [ 88.4826126, 21.8383331 ], [ 88.4916916, 21.8383331 ], [ 88.4971695, 21.8400269 ], [ 88.5001144, 21.848917 ], [ 88.4885864, 21.8850269 ], [ 88.484108, 21.8913326 ], [ 88.4633331, 21.8964443 ], [ 88.459198, 21.906889 ], [ 88.4534149, 21.9068336 ], [ 88.4520569, 21.9118614 ], [ 88.4631424, 21.9152775 ], [ 88.4640808, 21.9223881 ], [ 88.4597244, 21.9381676 ], [ 88.4652786, 21.9473896 ], [ 88.46875, 21.9486942 ], [ 88.4666977, 21.9443607 ], [ 88.4645309, 21.9397774 ], [ 88.4655838, 21.9322224 ], [ 88.4699173, 21.920639 ], [ 88.4650803, 21.9062786 ], [ 88.4663925, 21.9000549 ], [ 88.469696, 21.8974171 ], [ 88.4735565, 21.8972225 ], [ 88.4850006, 21.8966103 ], [ 88.4897537, 21.9084167 ], [ 88.5103073, 21.9216938 ], [ 88.5120544, 21.9315281 ], [ 88.5024719, 21.9577217 ], [ 88.5024719, 21.9666672 ], [ 88.5048904, 21.9730282 ], [ 88.5139999, 21.9824448 ], [ 88.5200272, 21.9864445 ], [ 88.5271683, 21.9866943 ], [ 88.5448914, 21.9864998 ], [ 88.5596085, 22.007555 ], [ 88.5652466, 22.0227776 ], [ 88.5666122, 22.0146389 ], [ 88.5638046, 22.0064163 ], [ 88.552475, 21.9851379 ], [ 88.5471954, 21.9811382 ], [ 88.5301971, 21.9845009 ], [ 88.5248032, 21.9839725 ], [ 88.5094757, 21.9703884 ], [ 88.5083618, 21.9660549 ], [ 88.5098877, 21.958889 ], [ 88.5227814, 21.9454727 ], [ 88.5306396, 21.9365559 ], [ 88.5314407, 21.9303341 ], [ 88.5287476, 21.9214439 ], [ 88.5228348, 21.9124165 ], [ 88.5063019, 21.8937778 ], [ 88.5031128, 21.8848896 ], [ 88.5042801, 21.8740559 ], [ 88.5073318, 21.8693886 ], [ 88.5167504, 21.8628834 ], [ 88.527359, 21.8555565 ], [ 88.5341644, 21.8533325 ], [ 88.5383301, 21.8535557 ], [ 88.5400848, 21.8536396 ], [ 88.5356979, 21.8461666 ], [ 88.5365295, 21.8408604 ], [ 88.5400314, 21.8350277 ], [ 88.5498886, 21.826973 ], [ 88.55233, 21.8179436 ], [ 88.5558624, 21.8128052 ], [ 88.5590286, 21.8118057 ], [ 88.5618057, 21.8140278 ], [ 88.5639191, 21.8185825 ], [ 88.560585, 21.8308334 ], [ 88.5659714, 21.8309174 ], [ 88.5710831, 21.8461952 ], [ 88.5807495, 21.8571949 ], [ 88.5828018, 21.8688602 ], [ 88.5816116, 21.8783054 ], [ 88.5824966, 21.8833332 ], [ 88.5833054, 21.8856106 ], [ 88.589386, 21.8918896 ], [ 88.5948639, 21.8942509 ], [ 88.6049194, 21.9018059 ], [ 88.609581, 21.9095001 ], [ 88.6078873, 21.918972 ], [ 88.6109695, 21.9321938 ], [ 88.602836599999989, 21.9400005 ], [ 88.5988922, 21.9476662 ], [ 88.58736420000001, 21.9578342 ], [ 88.5817795, 21.9600563 ], [ 88.5791702, 21.9633331 ], [ 88.5821075, 21.9802494 ], [ 88.585197400000013, 21.9852219 ], [ 88.5896912, 21.9869442 ], [ 88.5893021, 21.9821396 ], [ 88.5853348, 21.973278 ], [ 88.5883636, 21.9672222 ], [ 88.6013031, 21.9554157 ], [ 88.6111374, 21.9381676 ], [ 88.6147537, 21.9353333 ], [ 88.6194153, 21.9349728 ], [ 88.620224, 21.9376946 ], [ 88.611610399999989, 21.9544716 ], [ 88.6084976, 21.9653339 ], [ 88.6084442, 21.9720001 ], [ 88.6141968, 21.9920559 ], [ 88.621887199999989, 22.0113888 ], [ 88.6193619, 22.0169716 ], [ 88.625053400000013, 22.0188885 ], [ 88.6286087, 22.0224724 ], [ 88.6302795, 22.028389 ], [ 88.635582, 22.033083 ], [ 88.6363068, 22.0415554 ], [ 88.6425247, 22.0439167 ], [ 88.643837, 22.0459442 ], [ 88.6383591, 22.0527496 ], [ 88.6342468, 22.0638885 ], [ 88.626503, 22.1015282 ], [ 88.62397, 22.1044159 ], [ 88.6214142, 22.1049728 ], [ 88.6218338, 22.1116943 ], [ 88.627304099999989, 22.1120548 ], [ 88.6309738, 22.1197777 ], [ 88.6444702, 22.1180553 ], [ 88.640831, 22.1034451 ], [ 88.644058199999989, 22.096777 ], [ 88.647583, 22.0895004 ], [ 88.654274, 22.0808048 ], [ 88.6558914, 22.078722 ], [ 88.6684723, 22.0386391 ], [ 88.6687469, 22.033556 ], [ 88.6663589, 22.0256119 ], [ 88.6685028, 22.022583 ], [ 88.6709747, 22.0221119 ], [ 88.6741409, 22.0214996 ], [ 88.6847229, 22.0214729 ], [ 88.6855545, 22.0226936 ], [ 88.6862488, 22.0237217 ], [ 88.6901398, 22.0219994 ], [ 88.6903076, 22.0214996 ], [ 88.6926422, 22.0148335 ], [ 88.6960526, 22.0138054 ], [ 88.698555, 22.0153618 ], [ 88.702003499999989, 22.0152779 ], [ 88.7070313, 22.0105286 ], [ 88.7151108, 22.0094166 ], [ 88.72088620000001, 22.0048885 ], [ 88.7331924, 22.0067787 ], [ 88.7349701, 22.0070553 ], [ 88.7415848, 22.0137501 ], [ 88.7431641, 22.0173893 ], [ 88.742691, 22.0205841 ], [ 88.7415314, 22.028223 ], [ 88.738281300000011, 22.0345268 ], [ 88.7334747, 22.0383053 ], [ 88.715667700000012, 22.0484447 ], [ 88.7257538, 22.0612507 ], [ 88.7319717, 22.0603333 ], [ 88.7446365, 22.0584717 ], [ 88.7485809, 22.0659447 ], [ 88.7553024, 22.0604725 ], [ 88.7564697, 22.0588341 ], [ 88.7724152, 22.0561104 ], [ 88.7747498, 22.0519161 ], [ 88.771225, 22.0494728 ], [ 88.7594147, 22.0502491 ], [ 88.7636642, 22.0437222 ], [ 88.7667465, 22.0236664 ], [ 88.7839203, 22.0215836 ], [ 88.7862778, 22.0238056 ], [ 88.7902756, 22.0183334 ], [ 88.7859421, 22.0157776 ], [ 88.7689438, 22.0148621 ], [ 88.7662506, 22.0073605 ], [ 88.7582474, 22.0027504 ], [ 88.7558365, 21.9961395 ], [ 88.7482529, 21.9894714 ], [ 88.7473907, 21.9855843 ], [ 88.7494965, 21.9823055 ], [ 88.7496414, 21.9784164 ], [ 88.7331924, 21.9797497 ], [ 88.7309418, 21.9793606 ], [ 88.7291412, 21.9759731 ], [ 88.7299423, 21.9701939 ], [ 88.7281113, 21.9665833 ], [ 88.7291641, 21.9610271 ], [ 88.7269974, 21.9535007 ], [ 88.7273331, 21.9401951 ], [ 88.7311096, 21.9352493 ], [ 88.7249146, 21.9333611 ], [ 88.7210846, 21.9121113 ], [ 88.7236633, 21.9081116 ], [ 88.7202759, 21.9017773 ], [ 88.7217484, 21.8939438 ], [ 88.7185287, 21.8841381 ], [ 88.7137527, 21.8725548 ], [ 88.7055588, 21.8612785 ], [ 88.7028046, 21.8521671 ], [ 88.703476, 21.8491669 ], [ 88.705864, 21.8470268 ], [ 88.6997528, 21.8403053 ], [ 88.7122498, 21.8140278 ], [ 88.720253, 21.8103619 ], [ 88.7228622, 21.8073063 ], [ 88.7113876, 21.7683334 ], [ 88.7074432, 21.7594719 ], [ 88.6992798, 21.7410831 ], [ 88.7065811, 21.7229729 ], [ 88.7143326, 21.7108326 ], [ 88.716835, 21.6951389 ], [ 88.7242508, 21.6804714 ], [ 88.7330246, 21.6784172 ], [ 88.755249, 21.6578331 ], [ 88.7593918, 21.6565838 ], [ 88.777359, 21.6664162 ], [ 88.7889481, 21.6590004 ], [ 88.7910004, 21.6543331 ], [ 88.800613399999989, 21.6552506 ], [ 88.8063889, 21.6572227 ], [ 88.8154984, 21.6603603 ], [ 88.8228607, 21.6603889 ], [ 88.822197, 21.6541939 ], [ 88.8180008, 21.6458054 ], [ 88.8121414, 21.6386108 ], [ 88.8115311, 21.6347218 ], [ 88.813858, 21.6310005 ], [ 88.8402481, 21.6183338 ], [ 88.8497467, 21.615778 ], [ 88.8529434, 21.6161385 ], [ 88.8550034, 21.6190834 ], [ 88.8546371, 21.6232224 ], [ 88.8491669, 21.6288891 ], [ 88.86689, 21.6385002 ], [ 88.8692474, 21.6432781 ], [ 88.865997299999989, 21.6500282 ], [ 88.8572464, 21.6603603 ], [ 88.8471909, 21.6935005 ], [ 88.8496399, 21.725111 ], [ 88.8519135, 21.7346935 ], [ 88.855751, 21.7385826 ], [ 88.8711929, 21.7541676 ], [ 88.8733063, 21.7591667 ], [ 88.8722763, 21.7658615 ], [ 88.8799438, 21.7674713 ], [ 88.8852768, 21.757 ], [ 88.8864746, 21.7479992 ], [ 88.8879166, 21.7472782 ], [ 88.8772507, 21.7039165 ], [ 88.8754425, 21.7009716 ], [ 88.8776398, 21.7002506 ], [ 88.8803329, 21.6923618 ], [ 88.8857498, 21.6848602 ], [ 88.8912811, 21.6651669 ], [ 88.8989182, 21.6495838 ], [ 88.9036636, 21.6448612 ], [ 88.9154434, 21.6438332 ], [ 88.9247742, 21.6362228 ], [ 88.9280243, 21.630167 ], [ 88.930725099999989, 21.6298618 ], [ 88.9379196, 21.6406937 ], [ 88.944114700000014, 21.6416664 ], [ 88.9499741, 21.6408062 ], [ 88.9519196, 21.6407509 ], [ 88.9550858, 21.6314716 ], [ 88.9598312, 21.6269722 ], [ 88.9673615, 21.6242504 ], [ 88.9740524, 21.6178608 ], [ 88.9852753, 21.6159439 ], [ 88.9900284, 21.6109715 ], [ 88.9946365, 21.6094723 ], [ 88.9979477, 21.612833 ], [ 88.9988632, 21.6187782 ], [ 88.993225099999989, 21.6399174 ], [ 88.9943314, 21.6465282 ], [ 89.0011978, 21.6301937 ], [ 89.0026398, 21.6168613 ], [ 89.0032806, 21.6108341 ], [ 89.008918799999989, 21.602417 ], [ 89.0167236, 21.6008053 ], [ 89.0362473, 21.6053047 ], [ 89.0423355, 21.6108894 ], [ 89.0430298, 21.617527 ], [ 89.040336599999989, 21.6249447 ], [ 89.0290833, 21.6349163 ], [ 89.0277252, 21.6415272 ], [ 89.0292206, 21.6540833 ], [ 89.0280304, 21.6551666 ], [ 89.0118866, 21.6501102 ], [ 89.0062485, 21.6507225 ], [ 89.0053635, 21.6514454 ], [ 89.0038605, 21.6526394 ], [ 89.0053024, 21.6540546 ], [ 89.0061417, 21.6548615 ], [ 89.0137253, 21.6537228 ], [ 89.0246124, 21.6637497 ], [ 89.0280304, 21.6634445 ], [ 89.0339737, 21.6568336 ], [ 89.0309143, 21.6431942 ], [ 89.0333633, 21.6373329 ], [ 89.0444183, 21.6305828 ], [ 89.0513306, 21.6235008 ], [ 89.0544968, 21.6158333 ], [ 89.0595245, 21.6115551 ], [ 89.0671692, 21.6122494 ], [ 89.0793915, 21.6178608 ], [ 89.0886917, 21.6251945 ], [ 89.0927811, 21.6250553 ], [ 89.0968018, 21.6249447 ], [ 89.0999146, 21.6303883 ], [ 89.1033325, 21.6449718 ], [ 89.1014175, 21.6618061 ], [ 89.096527100000017, 21.6697502 ], [ 89.0883636, 21.675972 ], [ 89.0789413, 21.6888618 ], [ 89.0788345, 21.6925564 ], [ 89.0833893, 21.6965561 ], [ 89.0837479, 21.7006664 ], [ 89.082946800000016, 21.7023048 ], [ 89.0800552, 21.7081394 ], [ 89.0720825, 21.7118053 ], [ 89.0697784, 21.716917 ], [ 89.0696945, 21.7219715 ], [ 89.0653076, 21.722805 ], [ 89.0619202, 21.7325554 ], [ 89.0477524, 21.7425842 ], [ 89.035614, 21.7544174 ], [ 89.0277252, 21.7769165 ], [ 89.0262222, 21.7918892 ], [ 89.024559, 21.8013611 ], [ 89.0301666, 21.8154449 ], [ 89.0377808, 21.8310833 ], [ 89.0382233, 21.8365841 ], [ 89.034751899999989, 21.8513889 ], [ 89.0371704, 21.8577499 ], [ 89.0344467, 21.8644714 ], [ 89.0232239, 21.8755836 ], [ 89.0124969, 21.8791103 ], [ 89.0043869, 21.8869171 ], [ 88.9971924, 21.8894997 ], [ 89.0009995, 21.9031105 ], [ 89.0070038, 21.8994713 ], [ 89.0132217, 21.9013882 ], [ 89.0213089, 21.9002228 ], [ 89.0238647, 21.9038334 ], [ 89.0271683, 21.906723 ], [ 89.0313034, 21.9070549 ], [ 89.0397491, 21.9077492 ], [ 89.040863, 21.8962231 ], [ 89.0476379, 21.8856945 ], [ 89.064804099999989, 21.8682213 ], [ 89.0676651, 21.8584995 ], [ 89.0677795, 21.8460827 ], [ 89.0643921, 21.8328609 ], [ 89.063858, 21.8239174 ], [ 89.0511093, 21.7937222 ], [ 89.0512238, 21.7925549 ], [ 89.0518341, 21.7858887 ], [ 89.076416, 21.7702503 ], [ 89.0875854, 21.7586937 ], [ 89.0966644, 21.7434998 ], [ 89.1021423, 21.7373619 ], [ 89.1077499, 21.7360554 ], [ 89.1088867, 21.7261391 ], [ 89.1153641, 21.7204437 ], [ 89.1288071, 21.7182217 ], [ 89.137443499999989, 21.7198048 ], [ 89.1416931, 21.724556 ], [ 89.147888200000011, 21.731472 ], [ 89.1521683, 21.7414436 ], [ 89.1486969, 21.748888 ], [ 89.152114900000015, 21.7549992 ], [ 89.1433868, 21.7596111 ], [ 89.1371918, 21.7724171 ], [ 89.1327744, 21.7740841 ], [ 89.1107483, 21.782362 ], [ 89.1080551, 21.7833614 ], [ 89.0994186, 21.7898331 ], [ 89.095665, 21.7961388 ], [ 89.0934982, 21.7971115 ], [ 89.0866394, 21.8133888 ], [ 89.090416, 21.854166 ], [ 89.0885849, 21.8585835 ], [ 89.0802231, 21.8659439 ], [ 89.064804099999989, 21.8990002 ], [ 89.0657196, 21.9152775 ], [ 89.065918, 21.9185009 ], [ 89.0646362, 21.9242783 ], [ 89.063583400000013, 21.9267216 ], [ 89.0633926, 21.9272213 ], [ 89.0634995, 21.9277496 ], [ 89.0653915, 21.9278049 ], [ 89.0703354, 21.9279442 ], [ 89.076553300000015, 21.9307785 ], [ 89.0835571, 21.9385548 ], [ 89.0948334, 21.9381104 ], [ 89.0872192, 21.9155827 ], [ 89.0886917, 21.9079723 ], [ 89.0941925, 21.8949451 ], [ 89.1034698, 21.8852501 ], [ 89.1069183, 21.8773613 ], [ 89.1120529, 21.8546944 ], [ 89.1123886, 21.8491669 ], [ 89.106308, 21.8284435 ], [ 89.1038589, 21.821167 ], [ 89.1079407, 21.8104725 ], [ 89.1103363, 21.8085842 ], [ 89.1184464, 21.8081112 ], [ 89.1423645, 21.795723 ], [ 89.151947, 21.7951946 ], [ 89.164306599999989, 21.7900276 ], [ 89.169693, 21.7972221 ], [ 89.1746979, 21.7998333 ], [ 89.1763611, 21.8050556 ], [ 89.188446, 21.8060837 ], [ 89.1950302, 21.8049717 ], [ 89.1969986, 21.8046951 ], [ 89.1999741, 21.797945 ], [ 89.199028, 21.7917786 ], [ 89.2016907, 21.783193600000011 ], [ 89.2079468, 21.7715282 ], [ 89.2192764, 21.7571659 ], [ 89.2234726, 21.7577496 ], [ 89.2258911, 21.7636948 ], [ 89.2274704, 21.7674999 ], [ 89.231193499999989, 21.7683048 ], [ 89.2333603, 21.7671108 ], [ 89.2358627, 21.7608337 ], [ 89.2387466, 21.7593613 ], [ 89.2459717, 21.7621384 ], [ 89.2633591, 21.7606945 ], [ 89.2664719, 21.759861 ], [ 89.2704468, 21.7588062 ], [ 89.2761917, 21.761694 ], [ 89.2803574, 21.7618065 ], [ 89.2839203, 21.7575836 ], [ 89.2894974, 21.7555828 ], [ 89.2927246, 21.7563896 ], [ 89.2943039, 21.7673607 ], [ 89.2936096, 21.7827778 ], [ 89.2930298, 21.7871666 ], [ 89.287803700000012, 21.7935276 ], [ 89.2901917, 21.7985001 ], [ 89.286720300000013, 21.8052769 ], [ 89.3021088, 21.8167496 ], [ 89.307167100000015, 21.8207493 ], [ 89.3088074, 21.8257504 ], [ 89.3078613, 21.8338337 ], [ 89.3128586, 21.850666 ], [ 89.3181076, 21.861084 ], [ 89.3345261, 21.8812504 ], [ 89.3435822, 21.8869724 ], [ 89.3479462, 21.8923607 ], [ 89.3533859, 21.8931103 ], [ 89.3611679, 21.8974724 ], [ 89.3646698, 21.8991947 ], [ 89.3671112, 21.9046116 ], [ 89.3798599, 21.9049454 ], [ 89.3898621, 21.9021111 ], [ 89.3900528, 21.8864727 ], [ 89.3874969, 21.8764439 ], [ 89.3825531, 21.8688049 ], [ 89.372612, 21.858305 ], [ 89.3713913, 21.8514442 ], [ 89.3721695, 21.8447495 ], [ 89.3701401, 21.8360825 ], [ 89.3576355, 21.8153324 ], [ 89.3556976, 21.8089447 ], [ 89.3559189, 21.8004436 ], [ 89.359581, 21.7934437 ], [ 89.3589478, 21.7888603 ], [ 89.363639800000016, 21.7747231 ], [ 89.3615036, 21.7695007 ], [ 89.3625259, 21.7635002 ], [ 89.3647232, 21.7560825 ], [ 89.3693314, 21.7545547 ], [ 89.3652191, 21.7487221 ], [ 89.3653641, 21.745945 ], [ 89.3686142, 21.7401104 ], [ 89.3713074, 21.7400284 ], [ 89.3728638, 21.7427502 ], [ 89.377830500000016, 21.7444172 ], [ 89.3803329, 21.723917 ], [ 89.3867493, 21.7099171 ], [ 89.3906403, 21.7084446 ], [ 89.4092789, 21.709528 ], [ 89.4114685, 21.7096672 ], [ 89.4162216, 21.7099438 ], [ 89.4257202, 21.7147217 ], [ 89.4419708, 21.7300835 ], [ 89.4391937, 21.7330284 ], [ 89.4377213, 21.7345829 ], [ 89.4392471, 21.7368336 ], [ 89.4459686, 21.7389164 ], [ 89.4502792, 21.7422218 ], [ 89.4530258, 21.751112 ], [ 89.4580307, 21.7534714 ], [ 89.4607239, 21.7605286 ], [ 89.4689407, 21.7634716 ], [ 89.4783325, 21.7723885 ], [ 89.4842529, 21.7864437 ], [ 89.4795532, 21.8006115 ], [ 89.4724426, 21.8079453 ], [ 89.470665, 21.8137493 ], [ 89.4675293, 21.8149719 ], [ 89.4643021, 21.8143883 ], [ 89.4590302, 21.8111115 ], [ 89.4581375, 21.8138886 ], [ 89.4617462, 21.8190556 ], [ 89.4678879, 21.8186398 ], [ 89.4711685, 21.8203888 ], [ 89.4702759, 21.8231659 ], [ 89.4652252, 21.8269997 ], [ 89.4690247, 21.8303337 ], [ 89.4636688, 21.8383064 ], [ 89.4626923, 21.846138 ], [ 89.4475021, 21.8473053 ], [ 89.4395523, 21.8456936 ], [ 89.4337463, 21.847723 ], [ 89.4451981, 21.8517227 ], [ 89.460693400000011, 21.8521938 ], [ 89.4716415, 21.8758602 ], [ 89.476387, 21.8861675 ], [ 89.4793091, 21.8898888 ], [ 89.4851379, 21.8973618 ], [ 89.492691, 21.9024162 ], [ 89.4922256, 21.9048882 ], [ 89.4971085, 21.9081116 ], [ 89.5057526, 21.8960552 ], [ 89.5099411, 21.896389 ], [ 89.5122528, 21.8993053 ], [ 89.5196915, 21.9215832 ], [ 89.5187531, 21.9301109 ], [ 89.5197754, 21.9383335 ], [ 89.5250855, 21.9563332 ], [ 89.5192795, 21.972805 ], [ 89.5151978, 21.9903889 ], [ 89.5311356, 21.9954166 ], [ 89.5384445, 21.9864731 ], [ 89.5416107, 21.985445 ], [ 89.5444183, 21.9883327 ], [ 89.546608, 21.9949436 ], [ 89.560279799999989, 21.9910564 ], [ 89.5565262, 21.9829159 ], [ 89.5566101, 21.9778614 ], [ 89.560722399999989, 21.969223 ], [ 89.578804, 21.9447784 ], [ 89.5836105, 21.9411945 ], [ 89.5876083, 21.9428883 ], [ 89.5901108, 21.9385834 ], [ 89.5895538, 21.9377232 ], [ 89.5894165, 21.9375 ], [ 89.5867767, 21.9335003 ], [ 89.5796967, 21.9139729 ], [ 89.571891799999989, 21.902277 ], [ 89.5681076, 21.8927498 ], [ 89.5626678, 21.8637218 ], [ 89.563446, 21.8575001 ], [ 89.569252, 21.8479176 ], [ 89.5706635, 21.8469715 ], [ 89.577308699999989, 21.8425274 ], [ 89.5796661, 21.8409443 ], [ 89.5829468, 21.8387508 ], [ 89.5931931, 21.8288326 ], [ 89.604332, 21.8180828 ], [ 89.6136703, 21.8111382 ], [ 89.6132507, 21.8058605 ], [ 89.6195526, 21.7900562 ], [ 89.6190033, 21.7806396 ], [ 89.6178589, 21.7770004 ], [ 89.6060562, 21.7624435 ], [ 89.6066971, 21.7601109 ], [ 89.647552499999989, 21.7618332 ], [ 89.654808, 21.765028 ], [ 89.6551666, 21.7613602 ], [ 89.649559, 21.7557774 ], [ 89.6540833, 21.7517223 ], [ 89.6592255, 21.751112 ], [ 89.6618347, 21.7515564 ], [ 89.680748, 21.7548046 ], [ 89.6893616, 21.7549725 ], [ 89.7072525, 21.7608337 ], [ 89.7123642, 21.7661953 ], [ 89.7138901, 21.7741947 ], [ 89.7120819, 21.7852783 ], [ 89.7075272, 21.7888603 ], [ 89.7019196, 21.7899723 ], [ 89.69664, 21.7935829 ], [ 89.6931686, 21.7994175 ], [ 89.6810837, 21.8055553 ], [ 89.6767197, 21.8137226 ], [ 89.669693, 21.821722 ], [ 89.6646118, 21.8327217 ], [ 89.6600266, 21.8349438 ], [ 89.6463318, 21.851223 ], [ 89.637275699999989, 21.8595562 ], [ 89.6338882, 21.8679447 ], [ 89.6358337, 21.8807507 ], [ 89.6376419, 21.8839722 ], [ 89.6516113, 21.9089451 ], [ 89.6554413, 21.9134159 ], [ 89.6556396, 21.9115829 ], [ 89.6558304, 21.9099731 ], [ 89.6599426, 21.9086952 ], [ 89.6685867, 21.9088612 ], [ 89.6794968, 21.9048614 ], [ 89.6733627, 21.8986111 ], [ 89.6656113, 21.895195 ], [ 89.6601639, 21.8944435 ], [ 89.658638, 21.8921947 ], [ 89.673385599999989, 21.8715 ], [ 89.6676407, 21.8553886 ], [ 89.675613399999989, 21.8376675 ], [ 89.6792526, 21.8366394 ], [ 89.6837769, 21.8390007 ], [ 89.684166, 21.8498058 ], [ 89.68853, 21.8484993 ], [ 89.6958618, 21.8400002 ], [ 89.6996384, 21.8455009 ], [ 89.7023315, 21.8494453 ], [ 89.706749, 21.8490829 ], [ 89.7056961, 21.8399162 ], [ 89.7143326, 21.8341389 ], [ 89.7226105, 21.8320274 ], [ 89.73833470000001, 21.8312778 ], [ 89.749275200000014, 21.8346119 ], [ 89.7516403, 21.839138 ], [ 89.7507782, 21.8421383 ], [ 89.7430573, 21.8527222 ], [ 89.7434464, 21.8704166 ], [ 89.740913400000011, 21.8730278 ], [ 89.7358627, 21.8782501 ], [ 89.734085100000016, 21.883667 ], [ 89.7331924, 21.8863602 ], [ 89.7333603, 21.8909435 ], [ 89.7387238, 21.8896389 ], [ 89.7418365, 21.8805828 ], [ 89.7520828, 21.8710556 ], [ 89.7534409, 21.8680286 ], [ 89.749748200000013, 21.8610287 ], [ 89.7520294, 21.8565826 ], [ 89.7542191, 21.8560562 ], [ 89.7627258, 21.8594437 ], [ 89.7820282, 21.8627224 ], [ 89.7874146, 21.8785 ], [ 89.7896423, 21.8790283 ], [ 89.7898865, 21.8693619 ], [ 89.7846909, 21.8553047 ], [ 89.7805023, 21.8487225 ], [ 89.779335, 21.8469162 ], [ 89.7711411, 21.8341389 ], [ 89.7715302, 21.8311386 ], [ 89.7761688, 21.8305283 ], [ 89.8187256, 21.844305 ], [ 89.8271103, 21.8513889 ], [ 89.8408051, 21.8560009 ], [ 89.8443909, 21.8597775 ], [ 89.8445816, 21.8650551 ], [ 89.8414154, 21.8725281 ], [ 89.8413315, 21.876667 ], [ 89.8456116, 21.8859444 ], [ 89.8489456, 21.8833065 ], [ 89.8510284, 21.8795547 ], [ 89.8583603, 21.8783894 ], [ 89.8691635, 21.8849449 ], [ 89.8770294, 21.8911114 ], [ 89.8829727, 21.8987217 ], [ 89.8854446, 21.9055271 ], [ 89.8846359, 21.9098892 ], [ 89.8838043, 21.9143047 ], [ 89.8761368, 21.9329453 ], [ 89.8773346, 21.9386387 ], [ 89.8675842, 21.9745827 ], [ 89.8665543, 21.9795837 ], [ 89.8613358, 22.0048885 ], [ 89.8631973, 22.0149174 ], [ 89.8607254, 22.0283337 ], [ 89.853363, 22.0483341 ], [ 89.8444748, 22.0548058 ], [ 89.836113, 22.0550842 ], [ 89.818779, 22.066 ], [ 89.8372192, 22.0646954 ], [ 89.8468628, 22.0657768 ], [ 89.852836599999989, 22.0678616 ], [ 89.8585281, 22.0748062 ], [ 89.8679199, 22.0891953 ], [ 89.884697, 22.1026382 ], [ 89.8881073, 22.1089725 ], [ 89.8905258, 22.1210556 ], [ 89.8833313, 22.1523056 ], [ 89.8806381, 22.1723881 ], [ 89.8761978, 22.1890564 ], [ 89.875, 22.1934719 ], [ 89.8696976, 22.2026119 ], [ 89.8539963, 22.2185001 ], [ 89.8483887, 22.2267227 ], [ 89.84478, 22.2486668 ], [ 89.8507538, 22.2771664 ], [ 89.8734436, 22.3232784 ], [ 89.8890839, 22.3459721 ], [ 89.8960266, 22.359972 ], [ 89.8987198, 22.3720551 ], [ 89.8966141, 22.3817787 ], [ 89.8944702, 22.3843613 ], [ 89.8872223, 22.3882771 ], [ 89.8805847, 22.3953896 ], [ 89.8779144, 22.4030552 ], [ 89.8766937, 22.410223 ], [ 89.8774185, 22.4139175 ], [ 89.87883, 22.4209442 ], [ 89.8833618, 22.4301949 ], [ 89.8857498, 22.4280548 ], [ 89.8865585, 22.4234447 ], [ 89.8821411, 22.4102783 ], [ 89.8834152, 22.4051666 ], [ 89.9014969, 22.3871117 ], [ 89.9056702, 22.3863049 ], [ 89.9101639, 22.3882217 ], [ 89.9208908, 22.3970547 ], [ 89.9216919, 22.3979435 ], [ 89.9507523, 22.4300556 ], [ 89.9698029, 22.4441109 ], [ 89.9782486, 22.4520836 ], [ 89.9871674, 22.4660282 ], [ 89.9883881, 22.4721947 ], [ 89.9863129, 22.482626 ], [ 89.9854965, 22.4867496 ], [ 89.9753647, 22.486639 ], [ 89.973526, 22.4899158 ], [ 89.9704132, 22.4989719 ], [ 89.964530900000014, 22.5003052 ], [ 89.9546127, 22.5055008 ], [ 89.9723358, 22.5044174 ], [ 89.97789, 22.5010281 ], [ 89.981163, 22.4923611 ], [ 89.989502, 22.4948883 ], [ 90.0, 22.5060005 ], [ 90.003807099999989, 22.5002232 ], [ 90.0042953, 22.4994736 ], [ 90.0088348, 22.4925556 ], [ 90.0140305, 22.4922504 ], [ 90.0179138, 22.4944439 ], [ 90.018890399999989, 22.4972782 ], [ 90.0201416, 22.5009441 ], [ 90.0194168, 22.5068893 ], [ 90.0234146, 22.5444717 ], [ 90.0203629, 22.5535564 ], [ 90.0208359, 22.5604439 ], [ 90.0306702, 22.5814438 ], [ 90.0300293, 22.5853329 ], [ 90.0249176, 22.5901947 ], [ 90.0191345, 22.5921364 ], [ 90.0173874, 22.5927219 ], [ 90.013221700000017, 22.5987778 ], [ 90.0154266, 22.6043377 ], [ 90.0183868, 22.611805 ], [ 90.022247299999989, 22.6211109 ], [ 90.027969399999989, 22.6463337 ], [ 90.026886, 22.6557217 ], [ 90.0077209, 22.6720829 ], [ 90.003807099999989, 22.6772213 ], [ 90.0059204, 22.6800556 ], [ 90.0070038, 22.6780281 ], [ 90.0089111, 22.6768131 ], [ 90.0110245, 22.6754723 ], [ 90.0239716, 22.6673336 ], [ 90.0326691, 22.6526947 ], [ 90.0306702, 22.6211662 ], [ 90.0241699, 22.6099167 ], [ 90.0236664, 22.6034718 ], [ 90.0268021, 22.5990009 ], [ 90.032753, 22.5984993 ], [ 90.0371094, 22.6009445 ], [ 90.0455017, 22.6081104 ], [ 90.0570526, 22.6224995 ], [ 90.0650024, 22.6087494 ], [ 90.0588303, 22.6085281 ], [ 90.0549469, 22.6065826 ], [ 90.0431976, 22.5972214 ], [ 90.0393295, 22.5814991 ], [ 90.0329971, 22.5718613 ], [ 90.0266113, 22.4993324 ], [ 90.0250015, 22.4900837 ], [ 90.0189972, 22.485445 ], [ 90.0185013, 22.4850559 ], [ 90.0138626, 22.4842224 ], [ 90.0105591, 22.4847507 ], [ 90.0056381, 22.4855556 ], [ 90.0023346, 22.4884167 ], [ 90.0022812, 22.4883881 ], [ 90.0, 22.4869442 ], [ 89.997779799999989, 22.4716396 ], [ 89.9846649, 22.4387779 ], [ 89.9804688, 22.432972 ], [ 89.9652481, 22.4222221 ], [ 89.9304199, 22.3884716 ], [ 89.9196701, 22.3718338 ], [ 89.9106674, 22.3425007 ], [ 89.9079437, 22.3379726 ], [ 89.8891144, 22.306694 ], [ 89.8819427, 22.2869453 ], [ 89.8786926, 22.2523613 ], [ 89.8802795, 22.242445 ], [ 89.883667, 22.2340565 ], [ 89.8939133, 22.2114449 ], [ 89.904167199999989, 22.1819439 ], [ 89.9063034, 22.1669445 ], [ 89.913559, 22.1501675 ], [ 89.9174728, 22.1360283 ], [ 89.9176102, 22.1201668 ], [ 89.9150009, 22.1035004 ], [ 89.907753, 22.0807495 ], [ 89.9091949, 22.0731392 ], [ 89.9270248, 22.0369453 ], [ 89.9275818, 22.0293331 ], [ 89.9280014, 22.0233612 ], [ 89.9507523, 21.9869995 ], [ 89.9578629, 21.9789448 ], [ 89.9644165, 21.9768887 ], [ 89.9729996, 21.9763603 ], [ 89.9779968, 21.9780273 ], [ 89.9895554, 21.9909725 ], [ 89.9910584, 21.9978046 ], [ 89.9863586, 22.0101395 ], [ 89.9814758, 22.017889 ], [ 89.9809418, 22.0202217 ], [ 89.9791641, 22.0283051 ], [ 89.9808884, 22.041584 ], [ 89.987442, 22.0521393 ], [ 90.0, 22.0582504 ], [ 90.0053864, 22.0562782 ], [ 90.0142746, 22.0618324 ], [ 90.0183029, 22.0663338 ], [ 90.0215302, 22.0919437 ], [ 90.0150299, 22.1142502 ], [ 90.015274, 22.1185551 ], [ 90.0153351, 22.1190834 ], [ 90.0224686, 22.1321659 ], [ 90.032692, 22.141695 ], [ 90.0570831, 22.1555824 ], [ 90.0632477, 22.1617775 ], [ 90.0623856, 22.1647224 ], [ 90.0581665, 22.1657505 ], [ 90.0424728, 22.1640835 ], [ 90.0282211, 22.1691113 ], [ 90.0234146, 22.1724167 ], [ 90.0209198, 22.1801395 ], [ 90.0211411, 22.1868057 ], [ 90.0233917, 22.1925564 ], [ 90.024971, 22.1965828 ], [ 90.0282745, 22.2003613 ], [ 90.0337753, 22.2044449 ], [ 90.042305, 22.2074718 ], [ 90.0550842, 22.2085838 ], [ 90.0640869, 22.2118607 ], [ 90.0669479, 22.2145004 ], [ 90.0738907, 22.2271118 ], [ 90.0821686, 22.2558613 ], [ 90.088974, 22.2650547 ], [ 90.098747300000014, 22.2853336 ], [ 90.1011124, 22.2902508 ], [ 90.104805, 22.3039169 ], [ 90.104332, 22.3098888 ], [ 90.0910263, 22.3358612 ], [ 90.0949707, 22.3490829 ], [ 90.100441, 22.3543053 ], [ 90.1099472, 22.3580551 ], [ 90.130806, 22.3874435 ], [ 90.1484451, 22.4083881 ], [ 90.1724472, 22.4296665 ], [ 90.1696396, 22.4392223 ], [ 90.1713638, 22.4528065 ], [ 90.1818314, 22.4699173 ], [ 90.1863861, 22.4739723 ], [ 90.1935577, 22.4801674 ], [ 90.196586599999989, 22.4990826 ], [ 90.1998596, 22.5040283 ], [ 90.1989136, 22.5090275 ], [ 90.1856079, 22.5150547 ], [ 90.1827774, 22.5179443 ], [ 90.1818924, 22.5222778 ], [ 90.1872253, 22.5454159 ], [ 90.197525, 22.5675564 ], [ 90.1968308, 22.5725842 ], [ 90.1900253, 22.5829449 ], [ 90.1829758, 22.5937214 ], [ 90.1802521, 22.6140556 ], [ 90.1809692, 22.6276398 ], [ 90.1828918, 22.6290836 ], [ 90.1845551, 22.6309719 ], [ 90.1914444, 22.6318607 ], [ 90.2026978, 22.6285553 ], [ 90.2188339, 22.633667 ], [ 90.2319717, 22.632473 ], [ 90.2440033, 22.6282501 ], [ 90.2486954, 22.6279449 ], [ 90.2642517, 22.6357784 ], [ 90.2793045, 22.6362495 ], [ 90.2839203, 22.6382504 ], [ 90.2867813, 22.641777 ], [ 90.2910309, 22.6536102 ], [ 90.2941971, 22.6555557 ], [ 90.2952499, 22.6530552 ], [ 90.2912521, 22.6405277 ], [ 90.2873077, 22.6337509 ], [ 90.283226, 22.6301937 ], [ 90.2703857, 22.6295547 ], [ 90.262580899999989, 22.6270008 ], [ 90.251915, 22.6211662 ], [ 90.2466965, 22.6216946 ], [ 90.2449722, 22.6218605 ], [ 90.2333908, 22.6276951 ], [ 90.2215271, 22.6275558 ], [ 90.2102814, 22.6237507 ], [ 90.1959457, 22.6235275 ], [ 90.1857529, 22.6254997 ], [ 90.1846924, 22.6204166 ], [ 90.1875839, 22.6161385 ], [ 90.1882248, 22.611805 ], [ 90.1866684, 22.6002769 ], [ 90.1900253, 22.5900555 ], [ 90.202774, 22.5725269 ], [ 90.2026138, 22.5633602 ], [ 90.1875534, 22.5224438 ], [ 90.1889191, 22.5192776 ], [ 90.1929703, 22.5166664 ], [ 90.2031631, 22.5149174 ], [ 90.2059708, 22.5117779 ], [ 90.207222, 22.505167 ], [ 90.2017212, 22.4932785 ], [ 90.2017517, 22.4859447 ], [ 90.1988602, 22.483778 ], [ 90.196167, 22.4768047 ], [ 90.1866684, 22.4666386 ], [ 90.1804733, 22.4535561 ], [ 90.1787796, 22.4259453 ], [ 90.175972, 22.4214993 ], [ 90.1703644, 22.4195004 ], [ 90.1548309, 22.4054451 ], [ 90.1513367, 22.4002781 ], [ 90.1422501, 22.3919449 ], [ 90.1354752, 22.3828049 ], [ 90.1253357, 22.369112 ], [ 90.1153336, 22.3522491 ], [ 90.1053925, 22.3475838 ], [ 90.101638799999989, 22.3423882 ], [ 90.1013031, 22.3378048 ], [ 90.1050034, 22.3250561 ], [ 90.1088333, 22.3148613 ], [ 90.1103363, 22.3141937 ], [ 90.1100006, 22.3098335 ], [ 90.1128616, 22.2993603 ], [ 90.1116409, 22.285778 ], [ 90.107055699999989, 22.2766666 ], [ 90.0888062, 22.2567787 ], [ 90.0880814, 22.2427502 ], [ 90.086135900000016, 22.2351112 ], [ 90.0810013, 22.2209167 ], [ 90.0773087, 22.2148342 ], [ 90.072998, 22.2112503 ], [ 90.0613632, 22.1993885 ], [ 90.0553055, 22.1961937 ], [ 90.0271149, 22.1922779 ], [ 90.0257492, 22.1890278 ], [ 90.0354462, 22.1799164 ], [ 90.0561142, 22.1748619 ], [ 90.064888, 22.1705551 ], [ 90.0801392, 22.158638 ], [ 90.091774, 22.156723 ], [ 90.0940552, 22.1568604 ], [ 90.1149139, 22.1581669 ], [ 90.1403351, 22.1569176 ], [ 90.1399155, 22.1550827 ], [ 90.132164, 22.1516113 ], [ 90.1219482, 22.1544991 ], [ 90.1195526, 22.1521111 ], [ 90.1167526, 22.154777499999987 ], [ 90.0883026, 22.1508884 ], [ 90.0843048, 22.1525841 ], [ 90.0716934, 22.1533051 ], [ 90.0525589, 22.1377506 ], [ 90.0436096, 22.1335564 ], [ 90.0362244, 22.1268883 ], [ 90.0333328, 22.1185284 ], [ 90.0309448, 22.1032772 ], [ 90.0294189, 22.0784168 ], [ 90.0307465, 22.0628338 ], [ 90.0225296, 22.052 ], [ 90.018219, 22.0486393 ], [ 90.0092773, 22.0442219 ], [ 90.003303500000015, 22.0389729 ], [ 90.0, 22.0418339 ], [ 89.9929962, 22.0361118 ], [ 89.9973907, 22.0221939 ], [ 89.9988022, 22.0044727 ], [ 89.9984131, 21.9916935 ], [ 90.0, 21.9881668 ], [ 90.0039139, 21.9845562 ], [ 90.0106125, 21.9826946 ], [ 90.014419600000011, 21.9800549 ], [ 90.0253296, 21.9785004 ], [ 90.0275269, 21.9781952 ], [ 90.0301132, 21.9817219 ], [ 90.0297775, 21.9971104 ], [ 90.0335312, 21.9956398 ], [ 90.0363922, 21.9851665 ], [ 90.0415573, 21.9788895 ], [ 90.0514755, 21.9702492 ], [ 90.0533905, 21.9714718 ], [ 90.0584412, 21.9946117 ], [ 90.0641403, 22.0069714 ], [ 90.0773926, 22.0207214 ], [ 90.078392, 22.0340824 ], [ 90.0865555, 22.0524998 ], [ 90.0879135, 22.0555553 ], [ 90.0991135, 22.066 ], [ 90.1094971, 22.0713882 ], [ 90.1171417, 22.078083 ], [ 90.1323853, 22.0921116 ], [ 90.140892, 22.1020565 ], [ 90.1498337, 22.1133614 ], [ 90.1607742, 22.1240559 ], [ 90.1676636, 22.1242771 ], [ 90.1955261, 22.1173611 ], [ 90.1986694, 22.1186104 ], [ 90.2031631, 22.123806 ], [ 90.2078018, 22.1384163 ], [ 90.2093048, 22.1513329 ], [ 90.2181091, 22.173666 ], [ 90.2193069, 22.1756115 ], [ 90.2229996, 22.1816387 ], [ 90.2277756, 22.1859169 ], [ 90.2297745, 22.1914997 ], [ 90.2262802, 22.1994171 ], [ 90.21875, 22.203083 ], [ 90.2123642, 22.2090836 ], [ 90.209724400000013, 22.2142773 ], [ 90.210220299999989, 22.2276115 ], [ 90.2067795, 22.2472496 ], [ 90.2073898, 22.2576103 ], [ 90.2096405, 22.2634163 ], [ 90.209198, 22.2693882 ], [ 90.2023315, 22.2813339 ], [ 90.1986084, 22.2954445 ], [ 90.1990814, 22.3025837 ], [ 90.216362, 22.3364449 ], [ 90.222305300000016, 22.3421383 ], [ 90.2548065, 22.3443336 ], [ 90.2573624, 22.3487778 ], [ 90.2586136, 22.3754444 ], [ 90.2679977, 22.388834 ], [ 90.2687531, 22.3915005 ], [ 90.2721634, 22.4036675 ], [ 90.2801361, 22.4146938 ], [ 90.314804099999989, 22.4741116 ], [ 90.319358799999989, 22.4781666 ], [ 90.325531, 22.4776669 ], [ 90.3365555, 22.4669991 ], [ 90.3405304, 22.4664173 ], [ 90.3424149, 22.4680824 ], [ 90.3425522, 22.468195 ], [ 90.344329800000011, 22.4697495 ], [ 90.3524475, 22.4849453 ], [ 90.356025699999989, 22.4880276 ], [ 90.358696, 22.4901943 ], [ 90.3618927, 22.4904995 ], [ 90.362587, 22.4845562 ], [ 90.3566132, 22.4724445 ], [ 90.3498306, 22.4683342 ], [ 90.342857400000014, 22.4606113 ], [ 90.341278100000011, 22.4588604 ], [ 90.3363037, 22.4596386 ], [ 90.3276367, 22.4669437 ], [ 90.3214417, 22.4683609 ], [ 90.317749, 22.467556 ], [ 90.3136978, 22.4635277 ], [ 90.304084800000012, 22.4354439 ], [ 90.2809143, 22.4069176 ], [ 90.277969399999989, 22.3994713 ], [ 90.2766418, 22.3888893 ], [ 90.2703018, 22.3785839 ], [ 90.2656937, 22.3710842 ], [ 90.2695847, 22.3585548 ], [ 90.2808304, 22.3688049 ], [ 90.2878647, 22.3717785 ], [ 90.2972794, 22.3713894 ], [ 90.296196, 22.3672218 ], [ 90.292472800000013, 22.3540001 ], [ 90.2896423, 22.3504715 ], [ 90.2852478, 22.3489437 ], [ 90.2801132, 22.3407497 ], [ 90.2536087, 22.3369446 ], [ 90.2269135, 22.3379173 ], [ 90.2216949, 22.3320274 ], [ 90.2136078, 22.3170547 ], [ 90.2077255, 22.3093052 ], [ 90.2190552, 22.2779999 ], [ 90.2198029, 22.2759171 ], [ 90.2189178, 22.2324715 ], [ 90.2206421, 22.2189999 ], [ 90.224556, 22.2131386 ], [ 90.2300797, 22.210556 ], [ 90.2366638, 22.2052498 ], [ 90.2400818, 22.1931953 ], [ 90.2377243, 22.1832504 ], [ 90.2289963, 22.1723881 ], [ 90.2318039, 22.16972160000001 ], [ 90.2395554, 22.1669998 ], [ 90.2515564, 22.1687508 ], [ 90.2588348, 22.1721935 ], [ 90.2647476, 22.1792774 ], [ 90.269058199999989, 22.1890564 ], [ 90.2699738, 22.2049446 ], [ 90.2723083, 22.2089176 ], [ 90.2764435, 22.2099724 ], [ 90.2811661, 22.2087231 ], [ 90.2864151, 22.207056 ], [ 90.2775803, 22.2060833 ], [ 90.2757492, 22.201889 ], [ 90.276001, 22.1883602 ], [ 90.2717209, 22.1771946 ], [ 90.2695847, 22.1750565 ], [ 90.2585831, 22.1657505 ], [ 90.2541962, 22.1637783 ], [ 90.228302, 22.1641102 ], [ 90.2261963, 22.1610546 ], [ 90.2256699, 22.1581936 ], [ 90.2196121, 22.1256943 ], [ 90.2176132, 22.1196671 ], [ 90.2133636, 22.1142502 ], [ 90.2055817, 22.1116943 ], [ 90.1976395, 22.1063881 ], [ 90.1900024, 22.1066113 ], [ 90.1677475, 22.1150837 ], [ 90.1633301, 22.1144714 ], [ 90.1455307, 22.0898056 ], [ 90.141777, 22.0846119 ], [ 90.132637, 22.0788059 ], [ 90.1146698, 22.0584717 ], [ 90.0991974, 22.0506115 ], [ 90.0806961, 22.0116386 ], [ 90.0733337, 22.004528 ], [ 90.0725021, 22.0003605 ], [ 90.0743637, 21.9965 ], [ 90.079277, 21.9926949 ], [ 90.0817184, 21.990778 ], [ 90.0839157, 21.9846382 ], [ 90.0818863, 21.9597778 ], [ 90.0858917, 21.9516392 ], [ 90.095192, 21.9459724 ], [ 90.0990829, 21.9412498 ], [ 90.1003647, 21.9330273 ], [ 90.1002808, 21.9248886 ], [ 90.0975266, 21.9166393 ], [ 90.0912781, 21.903862 ], [ 90.0932465, 21.8990269 ], [ 90.0988312, 21.8943882 ], [ 90.1077805, 21.8928337 ], [ 90.1094971, 21.8986397 ], [ 90.1074448, 21.9088612 ], [ 90.107109100000017, 21.9104996 ], [ 90.1085281, 21.9185829 ], [ 90.1113586, 21.921917 ], [ 90.1161957, 21.924139 ], [ 90.141777, 21.9247227 ], [ 90.1423645, 21.9291115 ], [ 90.1348038, 21.940361 ], [ 90.1312485, 21.9498882 ], [ 90.1369476, 21.9617786 ], [ 90.1365585, 21.9661388 ], [ 90.1334457, 21.9701672 ], [ 90.132164, 21.9781666 ], [ 90.1272202, 21.9853611 ], [ 90.1279755, 21.9913616 ], [ 90.1312485, 21.9893894 ], [ 90.1405869, 21.9701672 ], [ 90.1591415, 21.9815826 ], [ 90.1647797, 21.9822216 ], [ 90.168525699999989, 21.9804993 ], [ 90.1642227, 21.9769173 ], [ 90.1578598, 21.9755554 ], [ 90.1521149, 21.9714718 ], [ 90.1398621, 21.9566116 ], [ 90.1371918, 21.948473 ], [ 90.1394196, 21.942112 ], [ 90.1483307, 21.9338894 ], [ 90.1509705, 21.9284725 ], [ 90.149971, 21.9226952 ], [ 90.146637, 21.9198341 ], [ 90.1186676, 21.9170837 ], [ 90.1162491, 21.9158611 ], [ 90.1137238, 21.9116383 ], [ 90.1134186, 21.9061108 ], [ 90.1158371, 21.8992786 ], [ 90.120193500000013, 21.8959999 ], [ 90.1382523, 21.8938332 ], [ 90.1440277, 21.890583 ], [ 90.1469421, 21.8980274 ], [ 90.1587753, 21.9103336 ], [ 90.165748600000015, 21.9087219 ], [ 90.1797485, 21.9227219 ], [ 90.1857758, 21.9256935 ], [ 90.1886139, 21.9227772 ], [ 90.1816101, 21.9186668 ], [ 90.178497299999989, 21.9098339 ], [ 90.1718063, 21.9041119 ], [ 90.1556931, 21.9005833 ], [ 90.151947, 21.8956394 ], [ 90.157524099999989, 21.891222 ], [ 90.1639481, 21.8774166 ], [ 90.1728363, 21.8696671 ], [ 90.1589203, 21.8602772 ], [ 90.1530304, 21.8598328 ], [ 90.1543884, 21.8631115 ], [ 90.1611099, 21.8672218 ], [ 90.1629715, 21.8702774 ], [ 90.1579132, 21.879055 ], [ 90.1543045, 21.8853893 ], [ 90.1417236, 21.8861389 ], [ 90.1371689, 21.8898888 ], [ 90.1309967, 21.8901386 ], [ 90.1158371, 21.8875828 ], [ 90.1103058, 21.8839722 ], [ 90.1083298, 21.8776951 ], [ 90.1020584, 21.8742771 ], [ 90.1020584, 21.861166 ], [ 90.1003037, 21.8553886 ], [ 90.1016083, 21.8533611 ], [ 90.1121979, 21.8532219 ], [ 90.1221924, 21.8484993 ], [ 90.1210251, 21.8468609 ], [ 90.1035004, 21.8488064 ], [ 90.0991974, 21.8516674 ], [ 90.097251899999989, 21.844944 ], [ 90.093917800000014, 21.8413887 ], [ 90.082389800000016, 21.8409996 ], [ 90.0816116, 21.8354721 ], [ 90.089859, 21.8185005 ], [ 90.0919724, 21.8146667 ], [ 90.107223499999989, 21.8011398 ], [ 90.1319428, 21.7906952 ], [ 90.1463089, 21.788166 ], [ 90.1755524, 21.7891102 ], [ 90.1891098, 21.7943897 ], [ 90.209808400000014, 21.8054714 ], [ 90.2137222, 21.8075829 ], [ 90.2191696, 21.8130283 ], [ 90.217392, 21.8152771 ], [ 90.2106705, 21.8104725 ], [ 90.198196400000015, 21.8082218 ], [ 90.2116089, 21.818306 ], [ 90.2186356, 21.8208332 ], [ 90.2261353, 21.8178616 ], [ 90.2469482, 21.8201103 ], [ 90.2555542, 21.8272781 ], [ 90.2601929, 21.8345547 ], [ 90.2586975, 21.8361111 ], [ 90.2520523, 21.8356667 ], [ 90.2440796, 21.8315277 ], [ 90.2352524, 21.8309994 ], [ 90.2163315, 21.8373051 ], [ 90.2194443, 21.839695 ], [ 90.2306366, 21.8361397 ], [ 90.2399979, 21.8359718 ], [ 90.2478027, 21.8376102 ], [ 90.2590027, 21.8480835 ], [ 90.2631683, 21.8548603 ], [ 90.2630539, 21.858305 ], [ 90.243248, 21.8549175 ], [ 90.2315521, 21.8511105 ], [ 90.2234421, 21.851305 ], [ 90.2199478, 21.8528061 ], [ 90.2168045, 21.8579731 ], [ 90.2119141, 21.8720284 ], [ 90.2028046, 21.8814163 ], [ 90.1978073, 21.8891659 ], [ 90.196891799999989, 21.8905563 ], [ 90.1990585, 21.8969727 ], [ 90.2052536, 21.90275 ], [ 90.2133026, 21.9115829 ], [ 90.2188873, 21.922945 ], [ 90.2274704, 21.9295559 ], [ 90.2372513, 21.9350834 ], [ 90.2400818, 21.9344158 ], [ 90.2389984, 21.9310284 ], [ 90.2354431, 21.9301662 ], [ 90.2237244, 21.9223328 ], [ 90.2185822, 21.9098892 ], [ 90.2039719, 21.8937778 ], [ 90.2041931, 21.8874435 ], [ 90.2117462, 21.8772507 ], [ 90.2146683, 21.8739719 ], [ 90.2203903, 21.8592491 ], [ 90.2240829, 21.8543053 ], [ 90.2296982, 21.8549442 ], [ 90.2424164, 21.8638611 ], [ 90.2548904, 21.8665562 ], [ 90.2610245, 21.873167 ], [ 90.2620316, 21.8796387 ], [ 90.2606125, 21.8846397 ], [ 90.2481384, 21.8893051 ], [ 90.2430801, 21.893055 ], [ 90.2408905, 21.899416 ], [ 90.2426147, 21.9065838 ], [ 90.2555313, 21.9166393 ], [ 90.2606354, 21.9255009 ], [ 90.26828, 21.9386387 ], [ 90.2684708, 21.9462509 ], [ 90.2644196, 21.9500275 ], [ 90.2570801, 21.9486389 ], [ 90.2416077, 21.9538879 ], [ 90.2324142, 21.9499168 ], [ 90.2176132, 21.9508343 ], [ 90.2343369, 21.95825 ], [ 90.2349701, 21.960556 ], [ 90.2286682, 21.971611 ], [ 90.2218857, 21.9753056 ], [ 90.1983871, 21.9780006 ], [ 90.196167, 21.9783897 ], [ 90.2027512, 21.986639 ], [ 90.2083359, 22.0026665 ], [ 90.2135315, 22.0021667 ], [ 90.2195816, 21.9977493 ], [ 90.2127228, 21.99730490000001 ], [ 90.2101135, 21.9944725 ], [ 90.2094421, 21.9859447 ], [ 90.2110291, 21.9825554 ], [ 90.2209473, 21.9808064 ], [ 90.2289429, 21.9771385 ], [ 90.2404175, 21.9664726 ], [ 90.2435837, 21.9610825 ], [ 90.2531662, 21.9547215 ], [ 90.2568054, 21.9557495 ], [ 90.2606354, 21.9662781 ], [ 90.2626419, 21.971777 ], [ 90.2776413, 21.9922504 ], [ 90.277969399999989, 21.9970837 ], [ 90.2716675, 22.0081387 ], [ 90.2706909, 22.0140839 ], [ 90.2728348, 22.0304451 ], [ 90.2750854, 22.0358047 ], [ 90.2720566, 22.03825 ], [ 90.2636642, 22.0388889 ], [ 90.2616425, 22.0404453 ], [ 90.2666931, 22.0431118 ], [ 90.2743073, 22.0445004 ], [ 90.2822189, 22.0500565 ], [ 90.277809100000013, 22.0561104 ], [ 90.278892500000012, 22.0600548 ], [ 90.2835007, 22.0625 ], [ 90.2929688, 22.0726662 ], [ 90.2976379, 22.0732784 ], [ 90.3031387, 22.0780277 ], [ 90.3080521, 22.0784168 ], [ 90.3112259, 22.085638 ], [ 90.3140869, 22.0887222 ], [ 90.317749, 22.0895271 ], [ 90.3247223, 22.0876675 ], [ 90.3330536, 22.1088333 ], [ 90.3400269, 22.1070004 ], [ 90.3523331, 22.1004715 ], [ 90.3580551, 22.1061668 ], [ 90.3694458, 22.1044445 ], [ 90.3750839, 22.1053333 ], [ 90.373085, 22.112833 ], [ 90.3784714, 22.1276951 ], [ 90.3783646, 22.1309166 ], [ 90.3753357, 22.1328888 ], [ 90.3575592, 22.1413059 ], [ 90.3478851, 22.1490269 ], [ 90.3445282, 22.1539726 ], [ 90.3338318, 22.1633053 ], [ 90.3344421, 22.16675 ], [ 90.3386383, 22.1671104 ], [ 90.3479462, 22.1756668 ], [ 90.3497772, 22.1791935 ], [ 90.3444138, 22.1845284 ], [ 90.3437805, 22.1957493 ], [ 90.3474426, 22.1892223 ], [ 90.356193499999989, 22.179388 ], [ 90.359581, 22.1808605 ], [ 90.367332499999989, 22.1885834 ], [ 90.3757782, 22.1970005 ], [ 90.3811111, 22.1992226 ], [ 90.3837509, 22.2087231 ], [ 90.3873367, 22.2113609 ], [ 90.3891907, 22.2077503 ], [ 90.3871689, 22.1954994 ], [ 90.3796082, 22.1934166 ], [ 90.3646927, 22.1757507 ], [ 90.3546677, 22.1738338 ], [ 90.3407745, 22.162138 ], [ 90.3589172, 22.148056 ], [ 90.3638306, 22.1442509 ], [ 90.3741379, 22.1390553 ], [ 90.3830795, 22.1365833 ], [ 90.389946, 22.1381664 ], [ 90.3963623, 22.1443329 ], [ 90.3978882, 22.150362 ], [ 90.3945847, 22.1598892 ], [ 90.398582499999989, 22.1721935 ], [ 90.4050522, 22.1772213 ], [ 90.4153061, 22.1803055 ], [ 90.4179153, 22.1835842 ], [ 90.4185028, 22.187973 ], [ 90.416114800000017, 22.1929436 ], [ 90.412056, 22.1960278 ], [ 90.4006119, 22.1986675 ], [ 90.3949966, 22.2040005 ], [ 90.3949432, 22.2052784 ], [ 90.394195599999989, 22.2198334 ], [ 90.4059448, 22.2709446 ], [ 90.3950806, 22.2784176 ], [ 90.3773575, 22.2847786 ], [ 90.373222399999989, 22.289917 ], [ 90.3670578, 22.2901936 ], [ 90.3639755, 22.2935562 ], [ 90.3641357, 22.295166 ], [ 90.3705521, 22.2955837 ], [ 90.375, 22.2982216 ], [ 90.3770828, 22.2994728 ], [ 90.4105301, 22.3367786 ], [ 90.414917, 22.3387508 ], [ 90.4150543, 22.3343887 ], [ 90.4122772, 22.3297215 ], [ 90.399948099999989, 22.3157768 ], [ 90.3791656, 22.2960835 ], [ 90.3787766, 22.2930832 ], [ 90.3956146, 22.2841949 ], [ 90.3982773, 22.2856388 ], [ 90.401474, 22.2930832 ], [ 90.4101105, 22.2926674 ], [ 90.4191132, 22.2894993 ], [ 90.4065552, 22.2886658 ], [ 90.4035263, 22.2837505 ], [ 90.4106979, 22.2763882 ], [ 90.4150848, 22.2698059 ], [ 90.415641799999989, 22.2689438 ], [ 90.4165268, 22.2648621 ], [ 90.3996964, 22.2250557 ], [ 90.399948099999989, 22.2179451 ], [ 90.4234161, 22.1954727 ], [ 90.4263611, 22.1888886 ], [ 90.4261093, 22.1813049 ], [ 90.425087, 22.1762218 ], [ 90.4128876, 22.1724167 ], [ 90.4056396, 22.1682777 ], [ 90.4039154, 22.1682224 ], [ 90.4021378, 22.1624451 ], [ 90.4058914, 22.1540546 ], [ 90.4066086, 22.1474171 ], [ 90.4050522, 22.1423054 ], [ 90.3974457, 22.1347218 ], [ 90.3894196, 22.1319447 ], [ 90.3858643, 22.1283894 ], [ 90.383918799999989, 22.1200562 ], [ 90.384697, 22.1053886 ], [ 90.3881912, 22.0901108 ], [ 90.4009705, 22.0877495 ], [ 90.4126358, 22.0875549 ], [ 90.41922, 22.0903606 ], [ 90.4217758, 22.0948334 ], [ 90.421608, 22.0954437 ], [ 90.4180832, 22.1084995 ], [ 90.4191971, 22.126194 ], [ 90.4206085, 22.127861 ], [ 90.4262238, 22.1291676 ], [ 90.4281921, 22.1432495 ], [ 90.4264755, 22.1505547 ], [ 90.426918, 22.151722 ], [ 90.4427185, 22.1512775 ], [ 90.4430313, 22.1490002 ], [ 90.4366074, 22.1428051 ], [ 90.4333649, 22.1434174 ], [ 90.4306412, 22.1371117 ], [ 90.4293594, 22.1242218 ], [ 90.4236908, 22.1240559 ], [ 90.422142, 22.1191673 ], [ 90.4233093, 22.1146107 ], [ 90.422943100000012, 22.1135273 ], [ 90.4217529, 22.1097507 ], [ 90.4271088, 22.0970554 ], [ 90.4234695, 22.0815563 ], [ 90.4256973, 22.0747223 ], [ 90.4373093, 22.0668049 ], [ 90.4506912, 22.0775547 ], [ 90.4668884, 22.1012497 ], [ 90.4745026, 22.1159439 ], [ 90.4806366, 22.1235008 ], [ 90.4814758, 22.1252232 ], [ 90.4948578, 22.1535549 ], [ 90.4968033, 22.161417 ], [ 90.501556400000013, 22.1601944 ], [ 90.5066147, 22.1851387 ], [ 90.5113297, 22.1836662 ], [ 90.5211639, 22.1839714 ], [ 90.5413361, 22.2148895 ], [ 90.552002, 22.2271671 ], [ 90.5587463, 22.2381668 ], [ 90.5779419, 22.2541103 ], [ 90.5877762, 22.2553329 ], [ 90.5911636, 22.2572784 ], [ 90.5949173, 22.2676106 ], [ 90.5952225, 22.2684174 ], [ 90.6011963, 22.2741108 ], [ 90.612442, 22.3058891 ], [ 90.6131973, 22.3274994 ], [ 90.6096115, 22.3742504 ], [ 90.6033859, 22.3977222 ], [ 90.592392, 22.4309158 ], [ 90.5888367, 22.4556103 ], [ 90.5856705, 22.4612503 ], [ 90.5844727, 22.4671936 ], [ 90.5861664, 22.4752769 ], [ 90.5871353, 22.4909172 ], [ 90.5824738, 22.5116673 ], [ 90.5797501, 22.5260563 ], [ 90.572303800000014, 22.5410004 ], [ 90.5329437, 22.5864162 ], [ 90.5186691, 22.5990829 ], [ 90.5164185, 22.599472 ], [ 90.5118027, 22.5901394 ], [ 90.506774900000011, 22.5863056 ], [ 90.5055542, 22.5853615 ], [ 90.504219100000014, 22.587862 ], [ 90.5065308, 22.593195 ], [ 90.5063324, 22.5986938 ], [ 90.505218500000012, 22.6021118 ], [ 90.501976, 22.6045837 ], [ 90.5124969, 22.6128883 ], [ 90.5117798, 22.6268883 ], [ 90.5175247, 22.624527 ], [ 90.519363399999989, 22.6294174 ], [ 90.5147247, 22.6416664 ], [ 90.5133362, 22.6528606 ], [ 90.5039978, 22.6659164 ], [ 90.496109, 22.6723328 ], [ 90.48703, 22.6704445 ], [ 90.4768906, 22.6561394 ], [ 90.4857483, 22.6782227 ], [ 90.4846649, 22.6878338 ], [ 90.4850311, 22.6990833 ], [ 90.4824982, 22.7079449 ], [ 90.4831696, 22.7098064 ], [ 90.4718018, 22.7232494 ], [ 90.4691696, 22.7348881 ], [ 90.4580307, 22.7428055 ], [ 90.453476, 22.7454166 ], [ 90.444969200000017, 22.7552509 ], [ 90.4366074, 22.760973 ], [ 90.4243317, 22.7651939 ], [ 90.420387300000016, 22.764389 ], [ 90.4150848, 22.7605553 ], [ 90.4064713, 22.7591381 ], [ 90.3824997, 22.7586384 ], [ 90.3748856, 22.7496662 ], [ 90.3745804, 22.744833 ], [ 90.3779755, 22.7401104 ], [ 90.3781662, 22.7400837 ], [ 90.3836975, 22.7391396 ], [ 90.3934479, 22.7426662 ], [ 90.4035263, 22.744194 ], [ 90.41436, 22.7458324 ], [ 90.4193344, 22.745306 ], [ 90.4246674, 22.741333 ], [ 90.4288635, 22.7350273 ], [ 90.4297485, 22.7304726 ], [ 90.4232483, 22.7114449 ], [ 90.420387300000016, 22.7085838 ], [ 90.4137497, 22.707695 ], [ 90.4003296, 22.723362 ], [ 90.3973923, 22.722805 ], [ 90.3831406, 22.705389 ], [ 90.3826981, 22.7115555 ], [ 90.3882751, 22.7211666 ], [ 90.3964157, 22.7289715 ], [ 90.4021149, 22.7284718 ], [ 90.4069443, 22.7249451 ], [ 90.4150009, 22.7139454 ], [ 90.416748, 22.7137508 ], [ 90.4189758, 22.7202492 ], [ 90.4195251, 22.733139 ], [ 90.4146957, 22.7368889 ], [ 90.4074478, 22.7387218 ], [ 90.3937531, 22.7346382 ], [ 90.3863297, 22.7341671 ], [ 90.3765564, 22.734333 ], [ 90.3717194, 22.734417 ], [ 90.3681946, 22.7366104 ], [ 90.3675842, 22.7385273 ], [ 90.3667755, 22.7411385 ], [ 90.3684692, 22.7490005 ], [ 90.3735275, 22.7601948 ], [ 90.372612, 22.7651939 ], [ 90.3590851, 22.7838326 ], [ 90.3634415, 22.7860546 ], [ 90.3541412, 22.8041115 ], [ 90.3539429, 22.8093891 ], [ 90.3460312, 22.8231392 ], [ 90.3213043, 22.8501663 ], [ 90.3205032, 22.8726387 ], [ 90.3272476, 22.8771954 ], [ 90.3414993, 22.8806381 ], [ 90.3455811, 22.8839722 ], [ 90.351219200000017, 22.8926392 ], [ 90.3540802, 22.9025841 ], [ 90.3558579, 22.9150562 ], [ 90.3536682, 22.9211674 ], [ 90.3486938, 22.9290562 ], [ 90.3438644, 22.9321117 ], [ 90.3198318, 22.9394169 ], [ 90.30867, 22.9397507 ], [ 90.2991409, 22.9433613 ], [ 90.2929688, 22.9488888 ], [ 90.2903748, 22.9547901 ], [ 90.2883911, 22.9593048 ], [ 90.2807236, 22.965723 ], [ 90.2739182, 22.9687214 ], [ 90.2763367, 22.9708614 ], [ 90.2904739, 22.969944 ], [ 90.298111, 22.9713058 ], [ 90.3122787, 22.9768047 ], [ 90.317337, 22.9811115 ], [ 90.3193436, 22.9844036 ], [ 90.32061, 22.9864731 ], [ 90.3208923, 22.9926949 ], [ 90.3198242, 22.9964046 ], [ 90.318985, 22.9993076 ], [ 90.3157806, 23.010416 ], [ 90.307220500000014, 23.0209446 ], [ 90.302887, 23.0240269 ], [ 90.2964172, 23.0249729 ], [ 90.285553, 23.0239449 ], [ 90.2726135, 23.025362 ], [ 90.27108, 23.0264721 ], [ 90.2709732, 23.0296116 ], [ 90.270752, 23.0354176 ], [ 90.2677536, 23.0431118 ], [ 90.2702789, 23.0487213 ], [ 90.2743301, 23.0524998 ], [ 90.3166962, 23.0671387 ], [ 90.3218308, 23.0760269 ], [ 90.321891799999989, 23.0817509 ], [ 90.3091125, 23.1128063 ], [ 90.3073044, 23.1143608 ], [ 90.2992249, 23.1131935 ], [ 90.2907791, 23.1119995 ], [ 90.264473, 23.1125565 ], [ 90.2452469, 23.1231937 ], [ 90.237808199999989, 23.1298618 ], [ 90.2340546, 23.1373062 ], [ 90.2336426, 23.1421108 ], [ 90.2439423, 23.1520824 ], [ 90.2477188, 23.1572495 ], [ 90.2485275, 23.1620827 ], [ 90.2364197, 23.1681385 ], [ 90.2190018, 23.1829453 ], [ 90.210052499999989, 23.182888 ], [ 90.1979752, 23.1729717 ], [ 90.1917496, 23.1678619 ], [ 90.1849442, 23.1641941 ], [ 90.1774139, 23.1665001 ], [ 90.1678925, 23.1755829 ], [ 90.1647186, 23.1878891 ], [ 90.1680832, 23.2040558 ], [ 90.1743088, 23.2099991 ], [ 90.1833878, 23.2132492 ], [ 90.1846085, 23.2133064 ], [ 90.1828918, 23.2068329 ], [ 90.1930313, 23.2073612 ], [ 90.1986694, 23.2096119 ], [ 90.201278699999989, 23.2124443 ], [ 90.2030258, 23.2184715 ], [ 90.2022781, 23.2255554 ], [ 90.1956635, 23.2299442 ], [ 90.1863632, 23.2330837 ], [ 90.1645813, 23.2381382 ], [ 90.162056, 23.2381668 ], [ 90.1405029, 23.2385006 ], [ 90.1287231, 23.2415829 ], [ 90.1244202, 23.2437229 ], [ 90.1217499, 23.2486954 ], [ 90.126976, 23.2619438 ], [ 90.1244965, 23.268528 ], [ 90.1168594, 23.2730827 ], [ 90.0963898, 23.2696667 ], [ 90.0903854, 23.2706394 ], [ 90.0870819, 23.2728062 ], [ 90.0845261, 23.2814445 ], [ 90.0864716, 23.2893047 ], [ 90.0930023, 23.3005276 ], [ 90.0958862, 23.3029175 ], [ 90.1088028, 23.3026676 ], [ 90.11586, 23.3001385 ], [ 90.1189423, 23.3041382 ], [ 90.1197205, 23.3096676 ], [ 90.1141968, 23.3248615 ], [ 90.1208038, 23.3473339 ], [ 90.1186371, 23.3513889 ], [ 90.1036148, 23.3552494 ], [ 90.0995026, 23.3590279 ], [ 90.1106644, 23.3591671 ], [ 90.1171646, 23.3577499 ], [ 90.1227188, 23.3554173 ], [ 90.1244202, 23.3499718 ], [ 90.127861, 23.3509998 ], [ 90.1399994, 23.3649158 ], [ 90.1444702, 23.3786106 ], [ 90.146553, 23.3694992 ], [ 90.1416931, 23.3596935 ], [ 90.1345825, 23.35075 ], [ 90.12397, 23.3416939 ], [ 90.1204758, 23.3356113 ], [ 90.1203613, 23.3255005 ], [ 90.1253357, 23.3054714 ], [ 90.1348038, 23.3179436 ], [ 90.140831, 23.3229446 ], [ 90.162056, 23.3314171 ], [ 90.1665268, 23.3331947 ], [ 90.1697769, 23.3392506 ], [ 90.1602249, 23.3490562 ], [ 90.1580582, 23.3602219 ], [ 90.158859299999989, 23.3657494 ], [ 90.1607742, 23.3676395 ], [ 90.166221600000014, 23.3682785 ], [ 90.1750031, 23.3655834 ], [ 90.1861649, 23.3590565 ], [ 90.1835022, 23.3580551 ], [ 90.1688614, 23.3640003 ], [ 90.163887, 23.3638611 ], [ 90.1620026, 23.3610287 ], [ 90.1699982, 23.346611 ], [ 90.1834183, 23.3463326 ], [ 90.1856689, 23.3452778 ], [ 90.187973, 23.3441944 ], [ 90.2008362, 23.332222 ], [ 90.2045593, 23.3318615 ], [ 90.2067184, 23.3337784 ], [ 90.2071075, 23.3369999 ], [ 90.2005539, 23.3464165 ], [ 90.1969147, 23.3570843 ], [ 90.1838074, 23.3759441 ], [ 90.1776962, 23.3891392 ], [ 90.1762466, 23.3922215 ], [ 90.1593018, 23.4205837 ], [ 90.1585007, 23.4228897 ], [ 90.1556702, 23.4310284 ], [ 90.1577225, 23.4363613 ], [ 90.1607208, 23.442667 ], [ 90.1587753, 23.4547501 ], [ 90.1538086, 23.4683609 ], [ 90.1526108, 23.4733887 ], [ 90.1544418, 23.4773331 ], [ 90.1564178, 23.4780827 ], [ 90.1589737, 23.4825287 ], [ 90.157753, 23.4889164 ], [ 90.152916, 23.4988327 ], [ 90.144058199999989, 23.5098057 ], [ 90.1255569, 23.5454445 ], [ 90.1102219, 23.5566673 ], [ 90.0953903, 23.5669727 ], [ 90.0829697, 23.573 ], [ 90.049942, 23.5781116 ], [ 90.02742, 23.5821953 ], [ 90.0179443, 23.5823326 ], [ 90.0278091, 23.5588055 ], [ 90.0337524, 23.553278 ], [ 90.0246353, 23.5566387 ], [ 90.0192184, 23.5686398 ], [ 90.0074997, 23.582695 ], [ 90.0020828, 23.5809174 ], [ 90.0, 23.5873337 ], [ 89.9954453, 23.5946941 ], [ 89.982528699999989, 23.6077499 ], [ 89.9742508, 23.6125832 ], [ 89.9680557, 23.6132507 ], [ 89.965469399999989, 23.6108341 ], [ 89.9618607, 23.6136951 ], [ 89.9619446, 23.6157494 ], [ 89.9625015, 23.6171112 ], [ 89.9545593, 23.6306667 ], [ 89.9485245, 23.6356945 ], [ 89.9346085, 23.6430283 ], [ 89.927948, 23.6441669 ], [ 89.9251099, 23.6417217 ], [ 89.9204407, 23.6444721 ], [ 89.919281, 23.6451397 ], [ 89.9098587, 23.6463604 ], [ 89.8980865, 23.6504173 ], [ 89.8769989, 23.6522503 ], [ 89.8656693, 23.6553612 ], [ 89.8566666, 23.6604729 ], [ 89.8236694, 23.6897507 ], [ 89.8156357, 23.7014713 ], [ 89.8091125, 23.7070827 ], [ 89.800445599999989, 23.7145824 ], [ 89.7689972, 23.7254448 ], [ 89.7470245, 23.7440281 ], [ 89.744751, 23.7472229 ], [ 89.7389755, 23.7552776 ], [ 89.7307816, 23.7624168 ], [ 89.7016678, 23.7768612 ], [ 89.6792755, 23.7775841 ], [ 89.668663, 23.7755833 ], [ 89.666748, 23.7752228 ], [ 89.6519165, 23.7779732 ], [ 89.6396637, 23.7767506 ], [ 89.6352463, 23.7782784 ], [ 89.6104202, 23.7943897 ], [ 89.6008072, 23.7972221 ], [ 89.5928574, 23.797472 ], [ 89.575080899999989, 23.7950287 ], [ 89.569664, 23.7932491 ], [ 89.5571976, 23.7891674 ], [ 89.5504684, 23.7895832 ], [ 89.5426636, 23.7937222 ], [ 89.5362473, 23.7953053 ], [ 89.5311966, 23.792944 ], [ 89.5217209, 23.7787781 ], [ 89.515419, 23.7764454 ], [ 89.5056915, 23.7767506 ], [ 89.4995575, 23.7787781 ], [ 89.4908371, 23.7859173 ], [ 89.4822464, 23.7967224 ], [ 89.4728317, 23.8045559 ], [ 89.4593887, 23.811861 ], [ 89.4383926, 23.8386116 ], [ 89.4368057, 23.8501396 ], [ 89.4320831, 23.8576107 ], [ 89.4313354, 23.8610287 ], [ 89.4290848, 23.8710003 ], [ 89.4218216, 23.8828621 ], [ 89.4182205, 23.8887501 ], [ 89.4136963, 23.8941669 ], [ 89.4078369, 23.8977776 ], [ 89.4028854, 23.8988342 ], [ 89.3740005, 23.8928051 ], [ 89.3658905, 23.8886948 ], [ 89.3470001, 23.8750553 ], [ 89.3312759, 23.8748341 ], [ 89.3258896, 23.8733063 ], [ 89.3136673, 23.869833 ], [ 89.304695099999989, 23.8696384 ], [ 89.273445099999989, 23.8886662 ], [ 89.2661667, 23.8943329 ], [ 89.234108, 23.9193611 ], [ 89.2235565, 23.9238052 ], [ 89.2141418, 23.9249992 ], [ 89.2091141, 23.9243889 ], [ 89.2033615, 23.9236946 ], [ 89.1934967, 23.9269714 ], [ 89.1874695, 23.9253063 ], [ 89.1670532, 23.9258881 ], [ 89.15941620000001, 23.9288616 ], [ 89.1396942, 23.9424725 ], [ 89.1339417, 23.9499722 ], [ 89.1241074, 23.9541397 ], [ 89.1220856, 23.9530563 ], [ 89.1188583, 23.9458065 ], [ 89.1191635, 23.9396114 ], [ 89.123085, 23.9301109 ], [ 89.1295242, 23.9212227 ], [ 89.1280289, 23.9193611 ], [ 89.127166699999989, 23.9183064 ], [ 89.1224976, 23.9202785 ], [ 89.1152802, 23.9273605 ], [ 89.1004181, 23.9529724 ], [ 89.0979462, 23.9619999 ], [ 89.0936127, 23.9664726 ], [ 89.0758362, 23.9715557 ], [ 89.0670013, 23.9761658 ], [ 89.0607758, 23.9838886 ], [ 89.0913925, 23.9991398 ], [ 89.1006699, 23.9990559 ], [ 89.1093369, 23.9967499 ], [ 89.1155853, 23.9974728 ], [ 89.1218643, 24.0 ], [ 89.1733093, 24.0 ], [ 89.17733, 23.9952774 ], [ 89.1845245, 23.986805 ], [ 89.1940002, 23.9867783 ], [ 89.1998062, 23.9884453 ], [ 89.2031937, 23.9853611 ], [ 89.2096634, 23.9849453 ], [ 89.2189713, 23.9876671 ], [ 89.2281647, 23.9866943 ], [ 89.2414474, 23.9812775 ], [ 89.2526703, 23.9743061 ], [ 89.2772903, 23.9555168 ], [ 89.288887, 23.9466667 ], [ 89.2925797, 23.9454174 ], [ 89.3073044, 23.9458885 ], [ 89.3160858, 23.9479446 ], [ 89.3166962, 23.9504452 ], [ 89.3160858, 23.951334 ], [ 89.3128891, 23.9562778 ], [ 89.3006363, 23.9621391 ], [ 89.2825012, 23.9787216 ], [ 89.2758331, 23.9880829 ], [ 89.2808075, 23.9874725 ], [ 89.2886124, 23.9824448 ], [ 89.3023605, 23.9720001 ], [ 89.3143616, 23.9628887 ], [ 89.3288345, 23.9486942 ], [ 89.3420029, 23.9476395 ], [ 89.3635864, 23.9515839 ], [ 89.3695297, 23.9504719 ], [ 89.3864746, 23.9431114 ], [ 89.40522, 23.9308605 ], [ 89.4178314, 23.9199448 ], [ 89.425552400000015, 23.9132786 ], [ 89.4270859, 23.9101067 ], [ 89.443222, 23.8767776 ], [ 89.4497223, 23.8706112 ], [ 89.4656677, 23.863472 ], [ 89.4733582, 23.8549995 ], [ 89.5131073, 23.8379173 ], [ 89.5170288, 23.8362503 ], [ 89.531829800000011, 23.8254719 ], [ 89.5467529, 23.8241119 ], [ 89.5820541, 23.8296661 ], [ 89.6116638, 23.8429718 ], [ 89.6296921, 23.8456116 ], [ 89.6359177, 23.8449726 ], [ 89.6410522, 23.8431396 ], [ 89.6435623, 23.8422394 ], [ 89.6506653, 23.839695 ], [ 89.674614, 23.833889 ], [ 89.6910248, 23.832695 ], [ 89.7050858, 23.8295002 ], [ 89.7150574, 23.8294163 ], [ 89.7178879, 23.8318615 ], [ 89.7163086, 23.8364716 ], [ 89.7017517, 23.839695 ], [ 89.6942215, 23.8456669 ], [ 89.6824188, 23.849945099999989 ], [ 89.6807785, 23.8525009 ], [ 89.6801682, 23.8626118 ], [ 89.7030258, 23.8547783 ], [ 89.7095566, 23.8493061 ], [ 89.71492, 23.8395004 ], [ 89.7241974, 23.8343887 ], [ 89.7271652, 23.8338604 ], [ 89.7302246, 23.8353615 ], [ 89.756279, 23.8393612 ], [ 89.7567215, 23.8439007 ], [ 89.7570572, 23.8473339 ], [ 89.764473, 23.8388615 ], [ 89.7687683, 23.8357315 ], [ 89.7690811, 23.8355007 ], [ 89.7708359, 23.8359165 ], [ 89.767135599999989, 23.8504715 ], [ 89.7645416, 23.8519154 ], [ 89.761055, 23.8538609 ], [ 89.7561111, 23.8620548 ], [ 89.751274099999989, 23.8658619 ], [ 89.7507019, 23.8660622 ], [ 89.740448, 23.8696671 ], [ 89.7101669, 23.8724442 ], [ 89.7032776, 23.8749447 ], [ 89.689804099999989, 23.8884449 ], [ 89.6744461, 23.9106941 ], [ 89.6674423, 23.9173336 ], [ 89.6583862, 23.9288616 ], [ 89.6556702, 23.9360561 ], [ 89.6579971, 23.9382782 ], [ 89.6613922, 23.9422779 ], [ 89.6638336, 23.9451103 ], [ 89.6652756, 23.9467506 ], [ 89.6696396, 23.9979725 ], [ 89.6706924, 24.0 ], [ 89.6999741, 24.0 ], [ 89.7050858, 23.9991398 ], [ 89.7060242, 23.9977493 ], [ 89.6999969, 23.9896946 ], [ 89.6963577, 23.9788055 ], [ 89.6966934, 23.9708881 ], [ 89.696891799999989, 23.9661675 ], [ 89.6983337, 23.9645271 ], [ 89.7021942, 23.9676113 ], [ 89.7121658, 23.9675274 ], [ 89.7153091, 23.971777 ], [ 89.7170868, 23.9795284 ], [ 89.7148895, 23.9944725 ], [ 89.7160263, 23.9978886 ], [ 89.7208023, 24.0 ], [ 89.7220306, 23.9848614 ], [ 89.7227249, 23.9839306 ], [ 89.7228775, 23.9837303 ], [ 89.7274704, 23.9775829 ], [ 89.7252808, 23.9721394 ], [ 89.7211304, 23.9676876 ], [ 89.7121353, 23.960638 ], [ 89.7058868, 23.9594727 ], [ 89.7045822, 23.9579163 ], [ 89.7092743, 23.9504166 ], [ 89.7143631, 23.9462776 ], [ 89.726059, 23.9367123 ], [ 89.726219200000017, 23.9365826 ], [ 89.7472534, 23.9123058 ], [ 89.7570038, 23.9062786 ], [ 89.7641678, 23.8980274 ], [ 89.7687759, 23.8875561 ], [ 89.7708588, 23.8904724 ], [ 89.7724152, 23.8986664 ], [ 89.7741928, 23.8995285 ], [ 89.7758331, 23.8964996 ], [ 89.7733307, 23.8761673 ], [ 89.7829132, 23.846056 ], [ 89.7878037, 23.816555 ], [ 89.7914734, 23.8077221 ], [ 89.793830899999989, 23.8050842 ], [ 89.805809, 23.791666 ], [ 89.8320847, 23.768362 ], [ 89.8638306, 23.7450829 ], [ 89.8863297, 23.7347221 ], [ 89.9014969, 23.7306118 ], [ 89.9035797, 23.7300549 ], [ 89.9054413, 23.726305 ], [ 89.9179459, 23.7215557 ], [ 89.9256668, 23.7148895 ], [ 89.9377747, 23.7000275 ], [ 89.9508591, 23.6771393 ], [ 89.9584427, 23.667944 ], [ 89.970024099999989, 23.6581383 ], [ 89.9856644, 23.6509724 ], [ 89.9973907, 23.6482773 ], [ 90.0, 23.6486111 ], [ 90.0121384, 23.6431675 ], [ 90.0383911, 23.6339436 ], [ 90.0473022, 23.6278057 ], [ 90.0553894, 23.6248608 ], [ 90.0760574, 23.6248341 ], [ 90.0996094, 23.6198616 ], [ 90.1031647, 23.6175556 ], [ 90.1103363, 23.6128616 ], [ 90.1210861, 23.5983047 ], [ 90.1310577, 23.5908051 ], [ 90.1385574, 23.5773048 ], [ 90.144363399999989, 23.5550003 ], [ 90.1493912, 23.5402508 ], [ 90.164138799999989, 23.5241947 ], [ 90.2037506, 23.502306 ], [ 90.2181091, 23.4899158 ], [ 90.229248, 23.4847507 ], [ 90.2422485, 23.4722786 ], [ 90.2542496, 23.4607506 ], [ 90.2636948, 23.4572773 ], [ 90.2708588, 23.4546394 ], [ 90.2764969, 23.450222 ], [ 90.3257523, 23.442112 ], [ 90.3321686, 23.443222 ], [ 90.3588638, 23.4335003 ], [ 90.3608322, 23.4342499 ], [ 90.361640900000012, 23.4326668 ], [ 90.3764725, 23.4273891 ], [ 90.3873367, 23.4231396 ], [ 90.420364400000011, 23.416111 ], [ 90.4616699, 23.4143887 ], [ 90.4721909, 23.4121666 ], [ 90.4803619, 23.4128895 ], [ 90.4830017, 23.4150562 ], [ 90.484726, 23.4164448 ], [ 90.4858093, 23.4203892 ], [ 90.4920578, 23.4123058 ], [ 90.5075302, 23.4036102 ], [ 90.5248337, 23.3912773 ], [ 90.5280838, 23.3906937 ], [ 90.5326386, 23.3954163 ], [ 90.5411377, 23.4087505 ], [ 90.544555699999989, 23.4175549 ], [ 90.5509186, 23.4200554 ], [ 90.5539474, 23.4263325 ], [ 90.538414, 23.4546661 ], [ 90.5377502, 23.4558887 ], [ 90.5339203, 23.4658604 ], [ 90.5352783, 23.4766941 ], [ 90.5380249, 23.4836674 ], [ 90.5453033, 23.4889164 ], [ 90.5527802, 23.4886951 ], [ 90.562858600000013, 23.4839439 ], [ 90.568557700000014, 23.4776936 ], [ 90.5688858, 23.4751663 ], [ 90.570114100000012, 23.483223 ], [ 90.568222, 23.4946384 ], [ 90.5688858, 23.504528 ], [ 90.5679474, 23.5097771 ], [ 90.5535278, 23.5315838 ], [ 90.5524979, 23.539362 ], [ 90.5343857, 23.5523605 ], [ 90.5297241, 23.5579453 ], [ 90.5306396, 23.5602779 ], [ 90.5384979, 23.556139 ], [ 90.5389481, 23.5573063 ], [ 90.5301666, 23.5669174 ], [ 90.516777, 23.5726948 ], [ 90.5053635, 23.5721397 ], [ 90.4886703, 23.5654449 ], [ 90.4813919, 23.5606384 ], [ 90.4693909, 23.5478897 ], [ 90.4635315, 23.5451946 ], [ 90.4457245, 23.5421391 ], [ 90.4400864, 23.5441952 ], [ 90.4376678, 23.545084 ], [ 90.4276962, 23.5528049 ], [ 90.4177475, 23.5738335 ], [ 90.41436, 23.5765553 ], [ 90.4098053, 23.5802498 ], [ 90.4031982, 23.5704174 ], [ 90.3951416, 23.5660553 ], [ 90.3856964, 23.5657501 ], [ 90.3789139, 23.5678329 ], [ 90.3927231, 23.5707779 ], [ 90.3968582, 23.5738888 ], [ 90.4018021, 23.5882778 ], [ 90.3996964, 23.5989723 ], [ 90.397583, 23.6021385 ], [ 90.388443, 23.6071396 ], [ 90.3796692, 23.6165009 ], [ 90.3697205, 23.622612 ], [ 90.3446655, 23.6278057 ], [ 90.3330536, 23.6324997 ], [ 90.316803, 23.6409168 ], [ 90.3004684, 23.6528053 ], [ 90.2900009, 23.659584 ], [ 90.2820587, 23.6593342 ], [ 90.276001, 23.6548061 ], [ 90.2751389, 23.6579723 ], [ 90.279274, 23.6675282 ], [ 90.2758026, 23.6740551 ], [ 90.257164, 23.6936665 ], [ 90.2505035, 23.7058334 ], [ 90.2476959, 23.7075825 ], [ 90.2357788, 23.7065277 ], [ 90.2204742, 23.7030563 ], [ 90.2138901, 23.7058334 ], [ 90.2109985, 23.7086658 ], [ 90.2081909, 23.7113895 ], [ 90.1991425, 23.7143059 ], [ 90.1847229, 23.7133884 ], [ 90.1739197, 23.7164993 ], [ 90.161087, 23.7135563 ], [ 90.1539154, 23.7053051 ], [ 90.1497192, 23.7042503 ], [ 90.1335297, 23.7110825 ], [ 90.129364, 23.7157497 ], [ 90.1266937, 23.7273617 ], [ 90.1204987, 23.7333603 ], [ 90.1068344, 23.7322502 ], [ 90.0996399, 23.7362785 ], [ 90.0979462, 23.7372227 ], [ 90.0919189, 23.7452774 ], [ 90.0836411, 23.7463894 ], [ 90.0686951, 23.7534714 ], [ 90.0541687, 23.7560005 ], [ 90.03952790000001, 23.7539158 ], [ 90.028862, 23.7597504 ], [ 90.0195313, 23.7626667 ], [ 90.0169449, 23.7648621 ], [ 90.0139465, 23.7718887 ], [ 90.0129471, 23.7782784 ], [ 90.017471300000011, 23.7967777 ], [ 90.0161133, 23.8003883 ], [ 90.0045853, 23.8082771 ], [ 90.001976, 23.810667 ], [ 90.0010834, 23.8144436 ], [ 90.0020523, 23.8160286 ], [ 90.0050583, 23.8153896 ], [ 90.0114441, 23.8114719 ], [ 90.019165, 23.804861099999989 ], [ 90.024498, 23.795166 ], [ 90.0205307, 23.7890835 ], [ 90.0222244, 23.777195 ], [ 90.0189972, 23.7700005 ], [ 90.0196075, 23.7670269 ], [ 90.0232239, 23.7634716 ], [ 90.0291977, 23.7636662 ], [ 90.0353622, 23.7590561 ], [ 90.0401077, 23.7580547 ], [ 90.0469971, 23.7610283 ], [ 90.0556946, 23.7610836 ], [ 90.0644989, 23.7590828 ], [ 90.0697784, 23.7578888 ], [ 90.0885315, 23.7493057 ], [ 90.0935287, 23.7487774 ], [ 90.1043854, 23.7378883 ], [ 90.1104431, 23.7360287 ], [ 90.1218643, 23.7370834 ], [ 90.1310577, 23.7309437 ], [ 90.1373367, 23.7162495 ], [ 90.1492233, 23.7106667 ], [ 90.1526947, 23.7112217 ], [ 90.1572189, 23.7166386 ], [ 90.1625824, 23.7198048 ], [ 90.174697900000012, 23.72225 ], [ 90.1924438, 23.720277799999987 ], [ 90.1931076, 23.7223606 ], [ 90.1793365, 23.7384453 ], [ 90.1812515, 23.7401104 ], [ 90.1871109, 23.736639 ], [ 90.192337, 23.7301388 ], [ 90.2015533, 23.7226391 ], [ 90.2026138, 23.7281666 ], [ 90.2046127, 23.7275562 ], [ 90.2094421, 23.7185268 ], [ 90.212860100000015, 23.7153893 ], [ 90.2207794, 23.7081108 ], [ 90.2383347, 23.711195 ], [ 90.248558, 23.7108059 ], [ 90.2556686, 23.7073612 ], [ 90.2676697, 23.6919174 ], [ 90.2746124, 23.6861668 ], [ 90.2741394, 23.6918888 ], [ 90.2671661, 23.7061119 ], [ 90.2619476, 23.7128334 ], [ 90.2524185, 23.7210274 ], [ 90.2463303, 23.7235832 ], [ 90.240135200000012, 23.7194176 ], [ 90.2395554, 23.7190285 ], [ 90.2278595, 23.718195 ], [ 90.2210312, 23.7216396 ], [ 90.2078857, 23.7469158 ], [ 90.2058868, 23.7537231 ], [ 90.2081909, 23.759306 ], [ 90.2202225, 23.7702503 ], [ 90.2358322, 23.7929726 ], [ 90.2364197, 23.7934723 ], [ 90.242363, 23.7986946 ], [ 90.243721, 23.8019447 ], [ 90.2416687, 23.8139172 ], [ 90.2415009, 23.8149452 ], [ 90.2373352, 23.8127499 ], [ 90.2263031, 23.8016109 ], [ 90.2226105, 23.8003616 ], [ 90.2181091, 23.8006668 ], [ 90.2150269, 23.8033333 ], [ 90.2093582, 23.8146114 ], [ 90.2068329, 23.8156662 ], [ 90.1925278, 23.8053608 ], [ 90.18367, 23.8023338 ], [ 90.1776962, 23.8019161 ], [ 90.1608047, 23.8075829 ], [ 90.1325836, 23.8072224 ], [ 90.1266937, 23.8071384 ], [ 90.1246948, 23.8071117 ], [ 90.1233368, 23.8077774 ], [ 90.1193924, 23.8096943 ], [ 90.1139145, 23.8156948 ], [ 90.0887222, 23.8300285 ], [ 90.0837479, 23.8296394 ], [ 90.0690537, 23.8163338 ], [ 90.0513916, 23.8153057 ], [ 90.0465851, 23.8174438 ], [ 90.040947, 23.8278065 ], [ 90.0416107, 23.8303337 ], [ 90.045028699999989, 23.8322773 ], [ 90.0452499, 23.8391666 ], [ 90.0524139, 23.8515549 ], [ 90.054863, 23.8557777 ], [ 90.0537186, 23.8653603 ], [ 90.0567474, 23.8649998 ], [ 90.0568924, 23.8673058 ], [ 90.0546646, 23.8731937 ], [ 90.0512238, 23.8780842 ], [ 90.0491409, 23.8810272 ], [ 90.0443573, 23.8822498 ], [ 90.0396652, 23.8816395 ], [ 90.0329742, 23.8736382 ], [ 90.0282745, 23.8727779 ], [ 90.0195313, 23.8736382 ], [ 90.014419600000011, 23.8769169 ], [ 90.0096664, 23.8834171 ], [ 90.0103302, 23.885973 ], [ 90.0151978, 23.8829174 ], [ 90.0181427, 23.8836937 ], [ 90.019249, 23.8935833 ], [ 90.0094757, 23.9015274 ], [ 90.002304099999989, 23.9127502 ], [ 90.0, 23.916111 ], [ 89.9973907, 23.9176674 ], [ 89.9963303, 23.9186115 ], [ 89.990387, 23.9239159 ], [ 89.9854202, 23.9307213 ], [ 89.9786148, 23.9350834 ], [ 89.9674988, 23.9384174 ], [ 89.9621658, 23.9401665 ], [ 89.9582748, 23.9421387 ], [ 89.9519424, 23.9475842 ], [ 89.9494476, 23.9536114 ], [ 89.9443054, 23.9535007 ], [ 89.9409714, 23.9534435 ], [ 89.9378052, 23.9553604 ], [ 89.9408875, 23.9576111 ], [ 89.9426651, 23.958889 ], [ 89.9486923, 23.9598331 ], [ 89.9375839, 23.9757786 ], [ 89.9327774, 23.9846382 ], [ 89.952308699999989, 23.9846382 ], [ 89.9491119, 23.9788055 ], [ 89.9472809, 23.9754715 ], [ 89.9481125, 23.9708614 ], [ 89.9699173, 23.9478893 ], [ 89.9952774, 23.9266663 ], [ 89.9973907, 23.9256115 ], [ 90.0, 23.9228058 ], [ 90.0042801, 23.9199162 ], [ 90.0077744, 23.9133892 ], [ 90.0227203, 23.9072227 ], [ 90.0272217, 23.8936119 ], [ 90.0261917, 23.8816662 ], [ 90.0292206, 23.8803883 ], [ 90.0413361, 23.8897228 ], [ 90.0468369, 23.8894444 ], [ 90.0531921, 23.885973 ], [ 90.0587463, 23.8805828 ], [ 90.0625305, 23.8768883 ], [ 90.0657806, 23.8701115 ], [ 90.0642242, 23.8645554 ], [ 90.059082, 23.855444 ], [ 90.0564728, 23.848917 ], [ 90.0470276, 23.8254719 ], [ 90.0571976, 23.8200836 ], [ 90.0619431, 23.8199997 ], [ 90.0655823, 23.8221664 ], [ 90.0826416, 23.8390007 ], [ 90.0916367, 23.8514442 ], [ 90.0982208, 23.8551102 ], [ 90.1103592, 23.8573341 ], [ 90.11203, 23.8594437 ], [ 90.1114197, 23.8626385 ], [ 90.1056976, 23.868639 ], [ 90.1117249, 23.8736382 ], [ 90.1162186, 23.8735561 ], [ 90.1224747, 23.8733063 ], [ 90.1319199, 23.8674164 ], [ 90.1355591, 23.8631668 ], [ 90.1397476, 23.8506947 ], [ 90.1399689, 23.8447495 ], [ 90.1469421, 23.8316669 ], [ 90.1517792, 23.8290558 ], [ 90.1676102, 23.8254452 ], [ 90.1763077, 23.8266392 ], [ 90.179695099999989, 23.8306675 ], [ 90.1858368, 23.837944 ], [ 90.1939697, 23.8404999 ], [ 90.215416, 23.8398056 ], [ 90.2262497, 23.8364716 ], [ 90.2395554, 23.8270283 ], [ 90.240997299999989, 23.8286667 ], [ 90.2365036, 23.8493881 ], [ 90.2272797, 23.8830547 ], [ 90.2298355, 23.887722 ], [ 90.2334747, 23.8836937 ], [ 90.2345276, 23.8688335 ], [ 90.2408371, 23.8534451 ], [ 90.2482529, 23.827528 ], [ 90.2508926, 23.7886658 ], [ 90.2509689, 23.7874718 ], [ 90.2571411, 23.7757492 ], [ 90.2569427, 23.7663059 ], [ 90.2564468, 23.7406387 ], [ 90.2539978, 23.7323055 ], [ 90.2548065, 23.730278 ], [ 90.281723, 23.7366104 ], [ 90.285553, 23.7404175 ], [ 90.2897186, 23.7561398 ], [ 90.2986374, 23.7644444 ], [ 90.3128357, 23.7641945 ], [ 90.3142471, 23.7594166 ], [ 90.3125, 23.7465839 ], [ 90.3123093, 23.7451382 ], [ 90.3142776, 23.7385559 ], [ 90.3176422, 23.734972 ], [ 90.3262253, 23.7320271 ], [ 90.3341141, 23.7338886 ], [ 90.3362808, 23.7360287 ], [ 90.3358612, 23.7408047 ], [ 90.3421097, 23.7400837 ], [ 90.3552246, 23.7288055 ], [ 90.3602753, 23.7193336 ], [ 90.3624725, 23.7070007 ], [ 90.3658371, 23.7034435 ], [ 90.3738861, 23.7004719 ], [ 90.3837204, 23.7021675 ], [ 90.3664474, 23.7140007 ], [ 90.3680267, 23.7186394 ], [ 90.3738632, 23.7158337 ], [ 90.38517, 23.705862 ], [ 90.390976, 23.7053604 ], [ 90.3949203, 23.7050285 ], [ 90.4116364, 23.6963615 ], [ 90.423027, 23.6843338 ], [ 90.4243088, 23.6835842 ], [ 90.432663, 23.6786385 ], [ 90.442749, 23.668417 ], [ 90.4470291, 23.6602783 ], [ 90.4506912, 23.6569176 ], [ 90.45578, 23.652277 ], [ 90.466972399999989, 23.6379452 ], [ 90.470253, 23.6298046 ], [ 90.46772, 23.6239719 ], [ 90.4549408, 23.6192493 ], [ 90.4532471, 23.6175842 ], [ 90.4538574, 23.6148605 ], [ 90.4599991, 23.6130276 ], [ 90.4644165, 23.6117229 ], [ 90.4690018, 23.6086674 ], [ 90.4739456, 23.6021671 ], [ 90.4798584, 23.5901661 ], [ 90.4839478, 23.5866394 ], [ 90.4943085, 23.589222 ], [ 90.499389600000015, 23.593277 ], [ 90.5015869, 23.5972214 ], [ 90.5016098, 23.5972786 ], [ 90.5016632, 23.5973892 ], [ 90.5033035, 23.6002769 ], [ 90.5049973, 23.6033058 ], [ 90.5056381, 23.6027508 ], [ 90.5068054, 23.6017494 ], [ 90.5056076, 23.5930004 ], [ 90.5147247, 23.5813618 ], [ 90.5278091, 23.5771675 ], [ 90.5450592, 23.5744724 ], [ 90.5506668, 23.5709724 ], [ 90.5531387, 23.5715008 ], [ 90.5568619, 23.5858326 ], [ 90.5628357, 23.5928898 ], [ 90.5818863, 23.6030827 ], [ 90.5920563, 23.6109447 ], [ 90.6085281, 23.6171665 ], [ 90.6190796, 23.6284714 ], [ 90.6207809, 23.6294441 ], [ 90.621582, 23.6298885 ], [ 90.627388, 23.6330833 ], [ 90.6323853, 23.6391945 ], [ 90.6339722, 23.6442776 ], [ 90.6350021, 23.6791668 ], [ 90.6373367, 23.6840553 ], [ 90.642860399999989, 23.6899452 ], [ 90.6484756, 23.6933327 ], [ 90.6553879, 23.6944447 ], [ 90.6818085, 23.6867218 ], [ 90.6861115, 23.6911945 ], [ 90.6892471, 23.7020836 ], [ 90.6905289, 23.704361 ], [ 90.7012253, 23.7234993 ], [ 90.7089157, 23.7330551 ], [ 90.715637199999989, 23.7414169 ], [ 90.7241135, 23.7369728 ], [ 90.723587, 23.7357769 ], [ 90.7232208, 23.7349167 ], [ 90.7217255, 23.7277775 ], [ 90.7254562, 23.7198296 ], [ 90.7254562, 23.7198257 ], [ 90.7255859, 23.7195549 ], [ 90.728447, 23.7135277 ], [ 90.7315292, 23.7101669 ], [ 90.7318878, 23.7145271 ], [ 90.7352753, 23.7166939 ], [ 90.7363586, 23.7222214 ], [ 90.7402802, 23.7241669 ], [ 90.7409744, 23.7182217 ], [ 90.7395248, 23.7094727 ], [ 90.7409439, 23.6964436 ], [ 90.7425308, 23.6937504 ], [ 90.7454758, 23.6954441 ], [ 90.7486649, 23.7035561 ], [ 90.7476425, 23.7126942 ], [ 90.7487793, 23.7159443 ], [ 90.751915, 23.7178612 ], [ 90.7561646, 23.7179718 ], [ 90.7578049, 23.7210007 ], [ 90.759391799999989, 23.7185268 ], [ 90.75383, 23.6979713 ], [ 90.754303, 23.6911392 ], [ 90.7500534, 23.6850281 ], [ 90.7498779, 23.684557 ], [ 90.7413635, 23.662056 ], [ 90.7638855, 23.6432228 ], [ 90.7653351, 23.6375275 ], [ 90.7646103, 23.6290283 ], [ 90.7593079, 23.6238327 ], [ 90.7463303, 23.6250553 ], [ 90.7392197, 23.621639299999988 ], [ 90.7383575, 23.61750030000001 ], [ 90.740303, 23.6115837 ], [ 90.738113399999989, 23.6028061 ], [ 90.7352524, 23.5973053 ], [ 90.735221900000013, 23.59725 ], [ 90.7320251, 23.5911675 ], [ 90.7281952, 23.586916 ], [ 90.7169724, 23.580862 ], [ 90.7072754, 23.5732498 ], [ 90.7080307, 23.5654716 ], [ 90.705665599999989, 23.5617504 ], [ 90.7074432, 23.5608616 ], [ 90.7118607, 23.5628338 ], [ 90.7081909, 23.5528603 ], [ 90.7070847, 23.5420551 ], [ 90.7084427, 23.5386391 ], [ 90.712059, 23.54175 ], [ 90.717247, 23.5499172 ], [ 90.7253647, 23.5533619 ], [ 90.7305832, 23.5528336 ], [ 90.7443085, 23.5442772 ], [ 90.7371368, 23.5431385 ], [ 90.7253647, 23.5460281 ], [ 90.7204132, 23.5449715 ], [ 90.7177506, 23.5428333 ], [ 90.7146683, 23.5308056 ], [ 90.7072754, 23.5214176 ], [ 90.7083359, 23.5196114 ], [ 90.7117767, 23.5206394 ], [ 90.7128296, 23.5192776 ], [ 90.707473800000017, 23.4938889 ], [ 90.7038574, 23.4901104 ], [ 90.6869202, 23.4838886 ], [ 90.6817474, 23.4821396 ], [ 90.6653061, 23.4837227 ], [ 90.653472900000011, 23.4875278 ], [ 90.6302795, 23.4902782 ], [ 90.596611, 23.4787502 ], [ 90.5888901, 23.472084 ], [ 90.5855865, 23.4669437 ], [ 90.5846939, 23.457056 ], [ 90.5874176, 23.4426937 ], [ 90.5928345, 23.429306 ], [ 90.5948868, 23.434639 ], [ 90.5903091, 23.4526386 ], [ 90.5914459, 23.4561119 ], [ 90.594833400000013, 23.4509449 ], [ 90.6007233, 23.4313889 ], [ 90.5996704, 23.418972 ], [ 90.598587, 23.4143333 ], [ 90.5938339, 23.4075546 ], [ 90.5795288, 23.3974991 ], [ 90.579635599999989, 23.3947506 ], [ 90.586586, 23.394722 ], [ 90.587944, 23.3915558 ], [ 90.5874176, 23.3891106 ], [ 90.5862198, 23.3834724 ], [ 90.5900803, 23.3723335 ], [ 90.5926361, 23.3558884 ], [ 90.5986633, 23.3393326 ], [ 90.6222763, 23.324194 ], [ 90.6273575, 23.3279991 ], [ 90.6331406, 23.3265839 ], [ 90.6456909, 23.3292503 ], [ 90.6521683, 23.329195 ], [ 90.6606979, 23.3269157 ], [ 90.6702499, 23.3215561 ], [ 90.6715546, 23.3208065 ], [ 90.6737747, 23.3213329 ], [ 90.6747208, 23.3231945 ], [ 90.6710281, 23.329277 ], [ 90.6615524, 23.3374996 ], [ 90.6666946, 23.3397217 ], [ 90.6700592, 23.3583889 ], [ 90.6733322, 23.3642216 ], [ 90.688446, 23.3722229 ], [ 90.6949692, 23.3776951 ], [ 90.6972198, 23.3775272 ], [ 90.6924973, 23.3696117 ], [ 90.6795273, 23.3644161 ], [ 90.6795807, 23.3628063 ], [ 90.6834183, 23.3596935 ], [ 90.6874695, 23.3492775 ], [ 90.6978073, 23.3456669 ], [ 90.6926651, 23.3427506 ], [ 90.6819687, 23.3431396 ], [ 90.6753616, 23.3406658 ], [ 90.6725311, 23.3362217 ], [ 90.6801682, 23.3231392 ], [ 90.6776123, 23.3182507 ], [ 90.6702805, 23.3152771 ], [ 90.6626358, 23.3177223 ], [ 90.6461639, 23.3230553 ], [ 90.6389465, 23.3166389 ], [ 90.6396637, 23.3022213 ], [ 90.6517258, 23.2761936 ], [ 90.6546097, 23.2565269 ], [ 90.652389500000012, 23.2422504 ], [ 90.6371384, 23.2232227 ], [ 90.6179428, 23.2043056 ], [ 90.5979996, 23.1777782 ], [ 90.581863399999989, 23.1499996 ], [ 90.5744476, 23.127306 ], [ 90.5673065, 23.1188335 ], [ 90.5671692, 23.1169453 ], [ 90.56633, 23.1036396 ], [ 90.5780029, 23.0817223 ], [ 90.5803299, 23.0742779 ], [ 90.5830536, 23.0725002 ], [ 90.5796127, 23.0828342 ], [ 90.581863399999989, 23.084362 ], [ 90.585945099999989, 23.0810547 ], [ 90.5875854, 23.0764999 ], [ 90.5886917, 23.0733337 ], [ 90.5894699, 23.069973 ], [ 90.5924759, 23.0569172 ], [ 90.5975266, 23.0471935 ], [ 90.6044464, 23.0402775 ], [ 90.6142197, 23.0375824 ], [ 90.6135559, 23.0350552 ], [ 90.6096649, 23.0331116 ], [ 90.6092529, 23.0308056 ], [ 90.6168365, 23.0193062 ], [ 90.6235275, 23.0043602 ], [ 90.6294479, 22.9981117 ], [ 90.6393356, 22.9925499 ], [ 90.6395264, 22.992445 ], [ 90.6604996, 22.9880009 ], [ 90.6661911, 22.9884167 ], [ 90.673080399999989, 22.9899731 ], [ 90.6773071, 22.9894161 ], [ 90.6818619, 22.9865551 ], [ 90.689582800000011, 22.9783058 ], [ 90.700111400000011, 22.9595547 ], [ 90.7015533, 22.9548054 ], [ 90.7021408, 22.9528618 ], [ 90.703476, 22.9484158 ], [ 90.7029419, 22.9343891 ], [ 90.7051697, 22.9275551 ], [ 90.7092743, 22.9226379 ], [ 90.7237244, 22.9125004 ], [ 90.7261658, 22.9063606 ], [ 90.730751, 22.9028339 ], [ 90.7324982, 22.8948612 ], [ 90.7303925, 22.8913612 ], [ 90.733253499999989, 22.8875275 ], [ 90.7703323, 22.8642769 ], [ 90.7759705, 22.8607502 ], [ 90.7819977, 22.8583889 ], [ 90.7906113, 22.8598061 ], [ 90.795440700000015, 22.8633614 ], [ 90.7989731, 22.876112 ], [ 90.7992249, 22.8841381 ], [ 90.7957764, 22.8980274 ], [ 90.7910309, 22.9066391 ], [ 90.782608, 22.9148884 ], [ 90.7548904, 22.9361115 ], [ 90.756858799999989, 22.9378891 ], [ 90.757774400000017, 22.9387226 ], [ 90.8016129, 22.9087772 ], [ 90.8083649, 22.8996944 ], [ 90.8091354, 22.8986397 ], [ 90.8073349, 22.885973 ], [ 90.8084183, 22.8843613 ], [ 90.8106918, 22.8810272 ], [ 90.8129425, 22.880167 ], [ 90.8183594, 22.8812504 ], [ 90.8215027, 22.8764992 ], [ 90.8186951, 22.8713894 ], [ 90.823082, 22.8663883 ], [ 90.8246078, 22.864666 ], [ 90.8388901, 22.866888 ], [ 90.8431702, 22.866972 ], [ 90.8802185, 22.8676109 ], [ 90.898445099999989, 22.862833 ], [ 90.901886, 22.8631668 ], [ 90.9079437, 22.8601112 ], [ 90.926391600000017, 22.8565006 ], [ 90.9375305, 22.8561115 ], [ 90.947525, 22.8527222 ], [ 90.9563599, 22.8474445 ], [ 90.9614716, 22.842556 ], [ 90.9720001, 22.8388615 ], [ 90.9729996, 22.8384991 ], [ 90.9801407, 22.832056 ], [ 90.9891357, 22.8286114 ], [ 90.990997299999989, 22.8272781 ], [ 90.9949722, 22.8244171 ], [ 90.9988861, 22.8178616 ], [ 91.0119705, 22.8111115 ], [ 91.0286636, 22.7996387 ], [ 91.0377502, 22.802166 ], [ 91.04039, 22.7969723 ], [ 91.0477219, 22.7999172 ], [ 91.0498047, 22.7960835 ], [ 91.0567474, 22.795805 ], [ 91.0704193, 22.8021393 ], [ 91.0831146, 22.7999725 ], [ 91.0836945, 22.8001671 ], [ 91.0990295, 22.8051949 ], [ 91.1041107, 22.8087769 ], [ 91.105278, 22.8108883 ], [ 91.101806599999989, 22.8128338 ], [ 91.0954437, 22.8163605 ], [ 91.0957489, 22.8193054 ], [ 91.0958328, 22.8200283 ], [ 91.0984726, 22.8228607 ], [ 91.1127243, 22.8262215 ], [ 91.1143341, 22.822361 ], [ 91.1141129, 22.8196945 ], [ 91.1137772, 22.8159447 ], [ 91.1163864, 22.811861 ], [ 91.1375275, 22.8080826 ], [ 91.154029799999989, 22.8025551 ], [ 91.1868591, 22.7976666 ], [ 91.2340546, 22.796278 ], [ 91.2403336, 22.7960835 ], [ 91.2496948, 22.797472 ], [ 91.262443499999989, 22.8019447 ], [ 91.2751083, 22.8086948 ], [ 91.2836914, 22.8114452 ], [ 91.2874451, 22.8110561 ], [ 91.2963333, 22.8101673 ], [ 91.3137512, 22.7989159 ], [ 91.3317795, 22.7835274 ], [ 91.3421097, 22.7764454 ], [ 91.345108, 22.7758331 ], [ 91.3492508, 22.7782497 ], [ 91.3505859, 22.7814999 ], [ 91.3524704, 22.7861385 ], [ 91.344947800000014, 22.7987785 ], [ 91.332336400000017, 22.8067226 ], [ 91.3297501, 22.8181381 ], [ 91.3273926, 22.821722 ], [ 91.3157806, 22.8393612 ], [ 91.3184433, 22.8490562 ], [ 91.3203583, 22.8511658 ], [ 91.3246689, 22.8483047 ], [ 91.3280563, 22.8504448 ], [ 91.3291931, 22.8543892 ], [ 91.3282242, 22.8619442 ], [ 91.3301926, 22.8700275 ], [ 91.3346634, 22.8783894 ], [ 91.3386688, 22.8821106 ], [ 91.339248700000013, 22.8826389 ], [ 91.3426971, 22.883194 ], [ 91.3440857, 22.8776665 ], [ 91.344947800000014, 22.8743057 ], [ 91.3440018, 22.8721943 ], [ 91.3400803, 22.870945 ], [ 91.3381958, 22.8676949 ], [ 91.3405838, 22.8622494 ], [ 91.3487244, 22.8555832 ], [ 91.3505554, 22.8514729 ], [ 91.3489685, 22.8468609 ], [ 91.3448868, 22.8426113 ], [ 91.3301926, 22.8374176 ], [ 91.3300552, 22.8335285 ], [ 91.337081900000015, 22.8239441 ], [ 91.3498917, 22.8064728 ], [ 91.3572464, 22.8004723 ], [ 91.3749695, 22.7949448 ], [ 91.3793869, 22.7964439 ], [ 91.3823318, 22.788723 ], [ 91.3815842, 22.7804451 ], [ 91.3841095, 22.7703896 ], [ 91.3864975, 22.7679729 ], [ 91.3871689, 22.7673054 ], [ 91.3876648, 22.7668056 ], [ 91.399948099999989, 22.7618332 ], [ 91.408638, 22.7609158 ], [ 91.4176941, 22.7641392 ], [ 91.4183884, 22.7659721 ], [ 91.4133911, 22.7757225 ], [ 91.4140244, 22.7881393 ], [ 91.414611799999989, 22.793417 ], [ 91.4186096, 22.8008614 ], [ 91.4203644, 22.8087215 ], [ 91.4328079, 22.8226948 ], [ 91.4479141, 22.839695 ], [ 91.4524155, 22.8436661 ], [ 91.4575806, 22.8481941 ], [ 91.4583588, 22.8555832 ], [ 91.4608307, 22.8608341 ], [ 91.4646683, 22.8690281 ], [ 91.4666367, 22.8775826 ], [ 91.465499900000012, 22.8800278 ], [ 91.4652786, 22.8805008 ], [ 91.4639969, 22.8832493 ], [ 91.4605026, 22.884306 ], [ 91.4489746, 22.8812771 ], [ 91.4437485, 22.8816109 ], [ 91.4409714, 22.8835831 ], [ 91.4451981, 22.9006939 ], [ 91.4473648, 22.9028053 ], [ 91.4662781, 22.9078617 ], [ 91.4785309, 22.904027899999988 ], [ 91.4807816, 22.9037781 ], [ 91.4884415, 22.9028893 ], [ 91.4922256, 22.9006939 ], [ 91.4861374, 22.8968887 ], [ 91.483223, 22.8969173 ], [ 91.467552200000014, 22.8970833 ], [ 91.466835, 22.8970833 ], [ 91.4566422, 22.8988895 ], [ 91.4565277, 22.8936119 ], [ 91.4718628, 22.8876667 ], [ 91.4748077, 22.8864994 ], [ 91.4835815, 22.8740826 ], [ 91.4727783, 22.8623619 ], [ 91.4726944, 22.8603058 ], [ 91.4718857, 22.8412228 ], [ 91.4685593, 22.8365555 ], [ 91.451446499999989, 22.8211937 ], [ 91.4441147, 22.817112 ], [ 91.435585, 22.8047504 ], [ 91.437614400000015, 22.8029442 ], [ 91.449585, 22.8083057 ], [ 91.4547806, 22.8127499 ], [ 91.4705811, 22.8262787 ], [ 91.4733047, 22.8268051 ], [ 91.4746094, 22.8240833 ], [ 91.472251899999989, 22.8198891 ], [ 91.4585037, 22.8073883 ], [ 91.4419479, 22.7986946 ], [ 91.4381638, 22.7921944 ], [ 91.4364166, 22.7838898 ], [ 91.4368591, 22.7772217 ], [ 91.4408035, 22.7693062 ], [ 91.4496689, 22.7624168 ], [ 91.4546661, 22.7602215 ], [ 91.4638367, 22.7600002 ], [ 91.4688873, 22.7611942 ], [ 91.477836599999989, 22.7633343 ], [ 91.4774704, 22.7670002 ], [ 91.4688034, 22.7754993 ], [ 91.469223, 22.7787228 ], [ 91.4749985, 22.7758884 ], [ 91.4858856, 22.7667503 ], [ 91.4871979, 22.7640285 ], [ 91.4860306, 22.762167 ], [ 91.4696426, 22.7557774 ], [ 91.459053, 22.7536945 ], [ 91.4576416, 22.7511387 ], [ 91.4777527, 22.7318897 ], [ 91.4882813, 22.7259445 ], [ 91.4950256, 22.7240562 ], [ 91.50103, 22.7218895 ], [ 91.5121689, 22.7123051 ], [ 91.5233917, 22.7067776 ], [ 91.5277252, 22.7046661 ], [ 91.53508, 22.6975002 ], [ 91.550140399999989, 22.6811104 ], [ 91.5810852, 22.6536102 ], [ 91.5991974, 22.6333885 ], [ 91.6027527, 22.6116657 ], [ 91.6060867, 22.6067219 ], [ 91.6122208, 22.5976105 ], [ 91.612808199999989, 22.5967503 ], [ 91.6183624, 22.5918617 ], [ 91.6231689, 22.5788879 ], [ 91.627304099999989, 22.5720825 ], [ 91.6623917, 22.5366669 ], [ 91.671196, 22.5214996 ], [ 91.6886673, 22.5014439 ], [ 91.6890259, 22.5010281 ], [ 91.6906357, 22.4964714 ], [ 91.6927795, 22.4903049 ], [ 91.7001114, 22.4840565 ], [ 91.701889, 22.4733047 ], [ 91.7154999, 22.45341680000001 ], [ 91.7318039, 22.4255829 ], [ 91.7360535, 22.4141941 ], [ 91.7421417, 22.4090557 ], [ 91.7518616, 22.3865547 ], [ 91.7586365, 22.3536396 ], [ 91.7584457, 22.3428612 ], [ 91.7650299, 22.3271675 ], [ 91.76828, 22.3162231 ], [ 91.7676926, 22.3102493 ], [ 91.7767258, 22.2863331 ], [ 91.7750854, 22.2826386 ], [ 91.7699738, 22.2806664 ], [ 91.7692795, 22.2783604 ], [ 91.7737198, 22.2680283 ], [ 91.7761078, 22.2624435 ], [ 91.7818069, 22.234333 ], [ 91.7856369, 22.2293606 ], [ 91.7961426, 22.2229443 ], [ 91.7979736, 22.2195549 ], [ 91.8006668, 22.2218342 ], [ 91.824501, 22.241972 ], [ 91.8275528, 22.2468605 ], [ 91.8290253, 22.2565556 ], [ 91.8274155, 22.2622509 ], [ 91.8243637, 22.2656116 ], [ 91.8128891, 22.267416 ], [ 91.8077774, 22.2682228 ], [ 91.8032761, 22.2704163 ], [ 91.795196499999989, 22.2778053 ], [ 91.793808, 22.2841949 ], [ 91.7955246, 22.2927494 ], [ 91.800308199999989, 22.2992783 ], [ 91.8194199, 22.3137226 ], [ 91.8411942, 22.319973 ], [ 91.8482513, 22.32333370000001 ], [ 91.8700867, 22.3474445 ], [ 91.8722534, 22.3498325 ], [ 91.8738022, 22.3562775 ], [ 91.8705292, 22.3690834 ], [ 91.8723297, 22.3750839 ], [ 91.8832474, 22.3867493 ], [ 91.8844452, 22.3880272 ], [ 91.8850555, 22.3886948 ], [ 91.8896103, 22.3989449 ], [ 91.8922806, 22.4049168 ], [ 91.8963623, 22.4093609 ], [ 91.9257202, 22.4192219 ], [ 91.9540863, 22.4209995 ], [ 91.984169, 22.4120274 ], [ 92.0029144, 22.4124165 ], [ 92.0126648, 22.417223 ], [ 92.018692, 22.4221935 ], [ 92.0220261, 22.427084 ], [ 92.0274735, 22.4469452 ], [ 92.0330582, 22.4505005 ], [ 92.0428925, 22.4518604 ], [ 92.0532761, 22.4509449 ], [ 92.0598907, 22.447916 ], [ 92.0769196, 22.4434166 ], [ 92.0829468, 22.4439449 ], [ 92.087280299999989, 22.444334 ], [ 92.1032257, 22.448555 ], [ 92.1364136, 22.4632778 ], [ 92.1405258, 22.4671383 ], [ 92.1439133, 22.4703331 ], [ 92.1449432, 22.4669991 ], [ 92.1452484, 22.4659996 ], [ 92.1416702, 22.4615555 ], [ 92.1158066, 22.4486103 ], [ 92.0834427, 22.4377232 ], [ 92.0815277, 22.4370842 ], [ 92.071167, 22.4366398 ], [ 92.0581131, 22.4423046 ], [ 92.0476685, 22.4487495 ], [ 92.0434723, 22.4488888 ], [ 92.0348892, 22.4459438 ], [ 92.0290527, 22.4421387 ], [ 92.0271912, 22.437973 ], [ 92.0285263, 22.4343338 ], [ 92.0265579, 22.4241943 ], [ 92.0220566, 22.41675 ], [ 92.0135803, 22.4101391 ], [ 92.0018616, 22.404583 ], [ 91.9898071, 22.4034176 ], [ 91.9727478, 22.404417 ], [ 91.9661942, 22.4072227 ], [ 91.9620285, 22.4090004 ], [ 91.9547195, 22.4148064 ], [ 91.9450531, 22.4161949 ], [ 91.9280853, 22.4146671 ], [ 91.9129181, 22.4085827 ], [ 91.9007797, 22.4007492 ], [ 91.8947754, 22.3944168 ], [ 91.8920593, 22.3893604 ], [ 91.8902512, 22.3860283 ], [ 91.889946, 22.3854713 ], [ 91.8877258, 22.3813896 ], [ 91.8845291, 22.3710003 ], [ 91.8841629, 22.3684998 ], [ 91.8818054, 22.3518887 ], [ 91.8761673, 22.3411942 ], [ 91.8665543, 22.3221397 ], [ 91.8616943, 22.3185825 ], [ 91.8195267, 22.3091393 ], [ 91.8146973, 22.3048897 ], [ 91.813804600000012, 22.3016663 ], [ 91.8191147, 22.2967224 ], [ 91.8273315, 22.2741947 ], [ 91.8311081, 22.2712784 ], [ 91.8365555, 22.2709446 ], [ 91.8420029, 22.2605286 ], [ 91.8414459, 22.2540836 ], [ 91.8336945, 22.2385006 ], [ 91.8327789, 22.2366657 ], [ 91.835052499999989, 22.2151108 ], [ 91.8289413, 22.2035007 ], [ 91.8231964, 22.1980839 ], [ 91.8153305, 22.1960831 ], [ 91.8118057, 22.1904716 ], [ 91.8140564, 22.1797504 ], [ 91.8179474, 22.1717777 ], [ 91.821586599999989, 22.1558056 ], [ 91.8255844, 22.144083 ], [ 91.8295822, 22.1323338 ], [ 91.8330841, 22.1251106 ], [ 91.8339157, 22.1233883 ], [ 91.8345261, 22.1221104 ], [ 91.8416367, 22.1140003 ], [ 91.8438034, 22.1158886 ], [ 91.8437805, 22.1218338 ], [ 91.8437805, 22.1266937 ], [ 91.8497238, 22.1350842 ], [ 91.8548355, 22.1276398 ], [ 91.8571091, 22.1058617 ], [ 91.861526500000011, 22.0878334 ], [ 91.8599472, 22.082056 ], [ 91.8615799, 22.0765839 ], [ 91.86586, 22.0705547 ], [ 91.872055100000011, 22.0618896 ], [ 91.872779799999989, 22.0529442 ], [ 91.8767242, 22.0433884 ], [ 91.8853912, 22.0321102 ], [ 91.8865814, 22.0233898 ], [ 91.8902512, 22.0152225 ], [ 91.8916931, 21.9968891 ], [ 91.889946, 21.9885559 ], [ 91.8906403, 21.9810009 ], [ 91.8948898, 21.9689159 ], [ 91.9017258, 21.9610558 ], [ 91.9033356, 21.9555836 ], [ 91.9066086, 21.9533615 ], [ 91.9071426, 21.9475002 ], [ 91.90728, 21.9459991 ], [ 91.909584, 21.9423885 ], [ 91.9192505, 21.9398613 ], [ 91.9274445, 21.9344997 ], [ 91.9168091, 21.9314175 ], [ 91.9155273, 21.9310551 ], [ 91.9114685, 21.915556 ], [ 91.9094696, 21.9079437 ], [ 91.9131927, 21.8969994 ], [ 91.9122772, 21.8756104 ], [ 91.916275, 21.8635273 ], [ 91.9169464, 21.8568897 ], [ 91.9198074, 21.8509731 ], [ 91.9198914, 21.8473053 ], [ 91.9168854, 21.8401108 ], [ 91.9093323, 21.8277779 ], [ 91.8991699, 21.7919445 ], [ 91.8911972, 21.7773056 ], [ 91.8966675, 21.774889 ], [ 91.930809, 21.7855282 ], [ 91.9344177, 21.7886105 ], [ 91.9412231, 21.8019161 ], [ 91.9423904, 21.8041668 ], [ 91.947525, 21.7951107 ], [ 91.9588852, 21.7925835 ], [ 91.9706116, 21.7861938 ], [ 91.9589462, 21.7804165 ], [ 91.955360399999989, 21.7764454 ], [ 91.952858, 21.759388 ], [ 91.9544754, 21.7539158 ], [ 91.9611969, 21.7499161 ], [ 91.9715805, 21.7471676 ], [ 91.9761963, 21.7495556 ], [ 91.9832764, 21.760973 ], [ 91.9924469, 21.7678337 ], [ 91.9964447, 21.7557507 ], [ 91.9896927, 21.7597504 ], [ 91.9872742, 21.7585564 ], [ 91.9845581, 21.7499714 ], [ 91.976387, 21.7417774 ], [ 91.9693604, 21.7383881 ], [ 91.9651642, 21.7411385 ], [ 91.9518585, 21.7499447 ], [ 91.9480591, 21.7452774 ], [ 91.950973499999989, 21.7076664 ], [ 91.9536667, 21.6978607 ], [ 91.9616699, 21.6830826 ], [ 91.9666977, 21.6781387 ], [ 91.9701386, 21.6779995 ], [ 91.9766083, 21.6841106 ], [ 91.9775009, 21.6878052 ], [ 91.9748306, 21.6962509 ], [ 91.9771423, 21.7027226 ], [ 91.9795532, 21.7041664 ], [ 91.9841385, 21.6875 ], [ 91.9826126, 21.6798897 ], [ 91.973556500000015, 21.6691113 ], [ 91.9741135, 21.6663609 ], [ 91.9817505, 21.6559715 ], [ 91.9852219, 21.6542225 ], [ 91.9898911, 21.653862 ], [ 92.0032806, 21.6594448 ], [ 92.0118637, 21.6600838 ], [ 92.019249, 21.6685276 ], [ 92.0148621, 21.6776104 ], [ 92.0135803, 21.6888332 ], [ 92.0168076, 21.6852493 ], [ 92.0176392, 21.680584 ], [ 92.018142700000013, 21.679945 ], [ 92.0202789, 21.6770287 ], [ 92.0180588, 21.7164993 ], [ 92.0209732, 21.7181664 ], [ 92.0257797, 21.7123051 ], [ 92.0292206, 21.7022781 ], [ 92.0351639, 21.7005558 ], [ 92.03380580000001, 21.6963882 ], [ 92.0296631, 21.6942501 ], [ 92.0263596, 21.6888886 ], [ 92.0250549, 21.6821938 ], [ 92.0286942, 21.6742496 ], [ 92.033226, 21.6796112 ], [ 92.0359192, 21.6796665 ], [ 92.0405273, 21.6721935 ], [ 92.040863, 21.6690006 ], [ 92.0359726, 21.658083 ], [ 92.0388336, 21.651722 ], [ 92.0389481, 21.647583 ], [ 92.0341644, 21.6421947 ], [ 92.0318604, 21.6354713 ], [ 92.018364, 21.6250839 ], [ 92.0175247, 21.6197777 ], [ 92.0202484, 21.608139 ], [ 92.024559, 21.6033897 ], [ 92.0166931, 21.5933342 ], [ 92.01828, 21.5899448 ], [ 92.0115814, 21.5824451 ], [ 91.9990006, 21.5745831 ], [ 91.9962769, 21.5655556 ], [ 91.9953918, 21.5517502 ], [ 91.9989166, 21.5384998 ], [ 91.99816890000001, 21.5293064 ], [ 92.001915, 21.5163059 ], [ 92.0108643, 21.5020275 ], [ 92.0109482, 21.498806 ], [ 92.0171967, 21.4945831 ], [ 92.0220566, 21.4864159 ], [ 92.0168915, 21.4867497 ], [ 92.009391799999989, 21.4925556 ], [ 92.0011978, 21.5061665 ], [ 91.9992523, 21.5054436 ], [ 91.9815292, 21.4781666 ], [ 91.972419699999989, 21.4703884 ], [ 91.9649963, 21.4621944 ], [ 91.9613342, 21.4522228 ], [ 91.9553299, 21.4571381 ], [ 91.9529419, 21.4548054 ], [ 91.9535294, 21.450222 ], [ 91.9600296, 21.435667 ], [ 91.9710007, 21.4188881 ], [ 91.9950867, 21.3875008 ], [ 92.0061111, 21.3758602 ], [ 92.0076675, 21.3742218 ], [ 92.028862, 21.3402214 ], [ 92.03125, 21.3329163 ], [ 92.0319443, 21.3242226 ], [ 92.04142, 21.2989159 ], [ 92.0419159, 21.2881393 ], [ 92.0484161, 21.2726383 ], [ 92.049614, 21.2641659 ], [ 92.047554, 21.2278328 ], [ 92.0473633, 21.1765842 ], [ 92.0533066, 21.163166 ], [ 92.0941696, 21.1163883 ], [ 92.1238022, 21.0824165 ], [ 92.1574173, 21.0484447 ], [ 92.1752777, 21.0274448 ], [ 92.1805801, 21.0197773 ], [ 92.1846695, 21.0138607 ], [ 92.1872482, 21.0077229 ], [ 92.1912766, 20.9717216 ], [ 92.1959457, 20.9601116 ], [ 92.205833399999989, 20.9458332 ], [ 92.2116928, 20.9252777 ], [ 92.2258911, 20.9035282 ], [ 92.2505569, 20.8720837 ], [ 92.2533486, 20.8666373 ], [ 92.2805591, 20.81356 ], [ 92.2909164, 20.7933617 ], [ 92.2976379, 20.7802219 ], [ 92.2961426, 20.7709999 ], [ 92.2995529, 20.7607231 ], [ 92.3058853, 20.7509727 ], [ 92.3106079, 20.7473888 ], [ 92.3205032, 20.7448063 ], [ 92.3260803, 20.7433338 ], [ 92.3351135, 20.7437496 ], [ 92.3384705, 20.7461395 ], [ 92.3396912, 20.749445 ], [ 92.3407745, 20.752388 ], [ 92.3404465, 20.7565002 ], [ 92.3370819, 20.7642498 ], [ 92.335083, 20.7773056 ], [ 92.3300552, 20.7911396 ], [ 92.3264694, 20.8010273 ], [ 92.3141937, 20.8145828 ], [ 92.312973, 20.8469448 ], [ 92.2999725, 20.8701115 ], [ 92.295753499999989, 20.8840561 ], [ 92.2905273, 20.8874722 ], [ 92.2845306, 20.8941936 ], [ 92.2729416, 20.9066391 ], [ 92.2659988, 20.9203339 ], [ 92.2621918, 20.9337502 ], [ 92.2611084, 20.9362221 ], [ 92.259086599999989, 20.9476395 ], [ 92.2570038, 20.9740276 ], [ 92.2561646, 20.988945 ], [ 92.2573624, 21.0009174 ], [ 92.2506638, 21.0221119 ], [ 92.2494431, 21.0260277 ], [ 92.2520294, 21.0412216 ], [ 92.2563629, 21.0539722 ], [ 92.2549744, 21.0615273 ], [ 92.2353058, 21.0866108 ], [ 92.2270584, 21.0944729 ], [ 92.2136688, 21.1006393 ], [ 92.2030563, 21.1153603 ], [ 92.1975555, 21.119833 ], [ 92.1961136, 21.1246395 ], [ 92.1954422, 21.1269169 ], [ 92.1980286, 21.154583 ], [ 92.200943, 21.15275 ], [ 92.206558199999989, 21.1432228 ], [ 92.2147522, 21.1388054 ], [ 92.2243347, 21.1364727 ], [ 92.2277756, 21.1259727 ], [ 92.2327805, 21.1217232 ], [ 92.2298889, 21.1186676 ], [ 92.2285843, 21.1119728 ], [ 92.2297516, 21.1046391 ], [ 92.2365799, 21.094223 ], [ 92.2512741, 21.0830269 ], [ 92.2603073, 21.074028 ], [ 92.266304, 21.0576115 ], [ 92.273445099999989, 21.045805 ], [ 92.27742, 21.0435829 ], [ 92.2858887, 21.0467491 ], [ 92.3018646, 21.0626106 ], [ 92.3071976, 21.0678616 ], [ 92.3121948, 21.0703335 ], [ 92.3118057, 21.0667782 ], [ 92.313110400000014, 21.0654716 ], [ 92.3141937, 21.060667 ], [ 92.3128052, 21.057888 ], [ 92.3056641, 21.0588894 ], [ 92.279029799999989, 21.0367508 ], [ 92.2736359, 21.0368614 ], [ 92.2662201, 21.0406113 ], [ 92.2649689, 21.0368061 ], [ 92.2646103, 21.0357494 ], [ 92.2664413, 21.0307217 ], [ 92.2709732, 21.0253048 ], [ 92.2869186, 21.0237503 ], [ 92.2886963, 21.0224724 ], [ 92.272552499999989, 21.0200558 ], [ 92.2694473, 21.0181675 ], [ 92.2686386, 21.0105553 ], [ 92.2720032, 20.9911118 ], [ 92.2798309, 20.9694443 ], [ 92.283554099999989, 20.9674454 ], [ 92.289306599999989, 20.9726105 ], [ 92.2933044, 20.9800549 ], [ 92.2925034, 20.9823341 ], [ 92.2888641, 20.9853058 ], [ 92.2842789, 20.9890556 ], [ 92.2829742, 20.9929447 ], [ 92.2840805, 20.9977779 ], [ 92.2890854, 21.0036392 ], [ 92.2919998, 21.0043602 ], [ 92.2930298, 21.003027 ], [ 92.2900314, 20.9951382 ], [ 92.2968063, 20.9872494 ], [ 92.3016968, 20.986639 ], [ 92.3070297, 20.9897499 ], [ 92.317276, 20.9897213 ], [ 92.3246918, 20.9972229 ], [ 92.3312759, 20.9978333 ], [ 92.337471, 20.9949722 ], [ 92.3424988, 20.9888611 ], [ 92.347663900000015, 20.9871387 ], [ 92.3484726, 20.9621105 ], [ 92.3618927, 20.9419174 ], [ 92.3586121, 20.9361115 ], [ 92.3542252, 20.9350834 ], [ 92.3497772, 20.936861 ], [ 92.3456955, 20.9335556 ], [ 92.3421631, 20.928194 ], [ 92.3425293, 20.9229164 ], [ 92.3339996, 20.9103336 ], [ 92.328476, 20.9063053 ], [ 92.3226395, 20.905056 ], [ 92.316391, 20.9010277 ], [ 92.3142471, 20.8973064 ], [ 92.3146133, 20.8825836 ], [ 92.3180008, 20.8723335 ], [ 92.321891799999989, 20.8667221 ], [ 92.331390399999989, 20.853056 ], [ 92.336586, 20.8508606 ], [ 92.3399963, 20.8511658 ], [ 92.350219700000011, 20.8633327 ], [ 92.3538589, 20.8649998 ], [ 92.3602219, 20.864666 ], [ 92.36203, 20.8601112 ], [ 92.3603592, 20.8582497 ], [ 92.3515549, 20.8589993 ], [ 92.3463898, 20.8496952 ], [ 92.3371658, 20.8467503 ], [ 92.3352814, 20.8432503 ], [ 92.348053, 20.8083057 ], [ 92.3563919, 20.7855549 ], [ 92.3583908, 20.7833061 ], [ 92.3608322, 20.7828884 ], [ 92.3629684, 20.7964993 ], [ 92.3662186, 20.8041382 ], [ 92.3733902, 20.8111668 ], [ 92.3784409, 20.8140278 ], [ 92.376358, 20.8204174 ], [ 92.376915, 20.8214169 ], [ 92.3786926, 20.8246117 ], [ 92.3821411, 20.8258896 ], [ 92.3825836, 20.8260555 ], [ 92.3832245, 20.8196392 ], [ 92.3901138, 20.8167782 ], [ 92.3892212, 20.8128605 ], [ 92.3860855, 20.8121109 ], [ 92.3808365, 20.8064995 ], [ 92.3747482, 20.8047771 ], [ 92.3704453, 20.8010006 ], [ 92.361084, 20.7723331 ], [ 92.3671417, 20.7634716 ], [ 92.3660278, 20.7588615 ], [ 92.3678894, 20.7520008 ], [ 92.3670807, 20.7444172 ], [ 92.373222399999989, 20.7316666 ], [ 92.3753586, 20.7236671 ], [ 92.3775253, 20.7196388 ], [ 92.3830032, 20.7095547 ], [ 92.3877258, 20.704834 ], [ 92.3853302, 20.7029438 ], [ 92.3787766, 20.701889 ], [ 92.3768921, 20.6981945 ], [ 92.3774414, 20.6956673 ], [ 92.3903885, 20.6848888 ], [ 92.398941, 20.6843891 ], [ 92.4203339, 20.6772213 ], [ 92.4351654, 20.6683331 ], [ 92.4414978, 20.669138 ], [ 92.4476929, 20.6651115 ], [ 92.4559708, 20.6657505 ], [ 92.464469900000012, 20.6606941 ], [ 92.4661102, 20.65975 ], [ 92.4699478, 20.6522217 ], [ 92.4690247, 20.6492214 ], [ 92.460945099999989, 20.650444 ], [ 92.459747299999989, 20.6490269 ], [ 92.4632797, 20.6445274 ], [ 92.482193, 20.6269722 ], [ 92.4905548, 20.6239166 ], [ 92.5029984, 20.6121941 ], [ 92.5132751, 20.5993061 ], [ 92.5189133, 20.5867786 ], [ 92.5223084, 20.5688896 ], [ 92.5224991, 20.5677509 ], [ 92.527359, 20.5577507 ], [ 92.5265579, 20.5492229 ], [ 92.528137199999989, 20.5435009 ], [ 92.5575256, 20.5148888 ], [ 92.5646362, 20.5125008 ], [ 92.5711975, 20.5022774 ], [ 92.5908051, 20.4863338 ], [ 92.5938644, 20.479723 ], [ 92.5999985, 20.476862 ], [ 92.60186, 20.475111 ], [ 92.6223907, 20.4556675 ], [ 92.63797, 20.4332218 ], [ 92.6508636, 20.4106941 ], [ 92.668998699999989, 20.3694439 ], [ 92.6696091, 20.3674717 ], [ 92.6768341, 20.3440838 ], [ 92.6874466, 20.3251953 ], [ 92.6977234, 20.310667 ], [ 92.7011642, 20.2974167 ], [ 92.728447, 20.2600002 ], [ 92.7316971, 20.2574158 ], [ 92.7324142, 20.256834 ], [ 92.7387772, 20.2551117 ], [ 92.7417221, 20.2554169 ], [ 92.7470245, 20.2559452 ], [ 92.7464981, 20.2577782 ], [ 92.7386703, 20.2608604 ], [ 92.7374191, 20.2629166 ], [ 92.7407227, 20.267334 ], [ 92.7390518, 20.2776394 ], [ 92.7409134, 20.2824993 ], [ 92.7403641, 20.2850285 ], [ 92.7349472, 20.2879162 ], [ 92.7304688, 20.2926674 ], [ 92.7299423, 20.2954159 ], [ 92.7308044, 20.3037491 ], [ 92.7309189, 20.3048325 ], [ 92.7352219, 20.3469715 ], [ 92.7336426, 20.3554993 ], [ 92.7319412, 20.3646107 ], [ 92.7313919, 20.3682785 ], [ 92.7393341, 20.3969173 ], [ 92.747779799999989, 20.4143047 ], [ 92.743225099999989, 20.4344444 ], [ 92.7340546, 20.454277 ], [ 92.7313614, 20.4664173 ], [ 92.728302, 20.4727783 ], [ 92.7251358, 20.4734173 ], [ 92.7199707, 20.470583 ], [ 92.7244186, 20.4844437 ], [ 92.7233353, 20.5025825 ], [ 92.7249756, 20.516861 ], [ 92.7223358, 20.5282784 ], [ 92.7205811, 20.5291672 ], [ 92.727417, 20.5412502 ], [ 92.7291946, 20.5495548 ], [ 92.726944, 20.5522785 ], [ 92.7171097, 20.5559998 ], [ 92.7143631, 20.5603046 ], [ 92.7118073, 20.5660286 ], [ 92.7026138, 20.5736675 ], [ 92.6953583, 20.5825005 ], [ 92.6935577, 20.5884438 ], [ 92.6933594, 20.5976105 ], [ 92.6905289, 20.6040001 ], [ 92.643364, 20.6789722 ], [ 92.6395035, 20.6883049 ], [ 92.636055, 20.6900826 ], [ 92.6294708, 20.6892776 ], [ 92.6080856, 20.6781387 ], [ 92.6070251, 20.6776104 ], [ 92.5910034, 20.685112 ], [ 92.5775299, 20.711277 ], [ 92.5717468, 20.7183056 ], [ 92.5491638, 20.7351112 ], [ 92.544136, 20.7430553 ], [ 92.5425797, 20.7469158 ], [ 92.5442505, 20.7598324 ], [ 92.5466385, 20.7630825 ], [ 92.5566101, 20.7646675 ], [ 92.557663, 20.7613602 ], [ 92.5599976, 20.7541389 ], [ 92.5654984, 20.7489719 ], [ 92.5698853, 20.7490559 ], [ 92.5713043, 20.7516117 ], [ 92.5653305, 20.7673607 ], [ 92.5565796, 20.8000565 ], [ 92.5448608, 20.8117771 ], [ 92.5450592, 20.8256397 ], [ 92.5494461, 20.8493061 ], [ 92.5536652, 20.8450279 ], [ 92.5473862, 20.8191395 ], [ 92.5507202, 20.8123341 ], [ 92.5606689, 20.8035564 ], [ 92.5629425, 20.7886658 ], [ 92.5649414, 20.786417 ], [ 92.5741119, 20.7897224 ], [ 92.5776138, 20.7988338 ], [ 92.5809708, 20.8016663 ], [ 92.5865555, 20.8036118 ], [ 92.5859985, 20.795084 ], [ 92.59478, 20.7963886 ], [ 92.600914, 20.8045006 ], [ 92.6023865, 20.8064175 ], [ 92.6029434, 20.8025284 ], [ 92.5996704, 20.7955837 ], [ 92.5938644, 20.792944 ], [ 92.5841141, 20.7918339 ], [ 92.5819168, 20.7920284 ], [ 92.5801392, 20.7954445 ], [ 92.5761642, 20.7863884 ], [ 92.570861799999989, 20.7833061 ], [ 92.569725, 20.7796116 ], [ 92.576278699999989, 20.7585831 ], [ 92.5829697, 20.7529716 ], [ 92.5875244, 20.745945 ], [ 92.5818863, 20.7357216 ], [ 92.5836411, 20.7339172 ], [ 92.5882492, 20.7349167 ], [ 92.5910034, 20.7320004 ], [ 92.5906143, 20.7276115 ], [ 92.5838852, 20.7221947 ], [ 92.5831909, 20.7198887 ], [ 92.5854416, 20.7180824 ], [ 92.5924759, 20.7198887 ], [ 92.6038895, 20.722805 ], [ 92.608696, 20.7268047 ], [ 92.6111374, 20.7254715 ], [ 92.6139755, 20.7190838 ], [ 92.6176376, 20.7184715 ], [ 92.6328583, 20.7268047 ], [ 92.6379471, 20.7282772 ], [ 92.6430817, 20.7279167 ], [ 92.6450577, 20.7277222 ], [ 92.6422195, 20.6993885 ], [ 92.6456146, 20.6891117 ], [ 92.647857699999989, 20.6865273 ], [ 92.6663361, 20.6653614 ], [ 92.6718903, 20.6567497 ], [ 92.6781921, 20.6467495 ], [ 92.6777802, 20.643055 ], [ 92.6844482, 20.6277771 ], [ 92.6948318, 20.6199169 ], [ 92.7129974, 20.6028061 ], [ 92.727836599999989, 20.5814724 ], [ 92.7310562, 20.5792217 ], [ 92.7417755, 20.5798893 ], [ 92.7458649, 20.5822506 ], [ 92.7481918, 20.5875835 ], [ 92.7443619, 20.5960274 ], [ 92.732528699999989, 20.6022491 ], [ 92.7280579, 20.6063061 ], [ 92.7247772, 20.6119728 ], [ 92.7251663, 20.6130276 ], [ 92.726638799999989, 20.6168327 ], [ 92.7334137, 20.6066113 ], [ 92.7467499, 20.5985832 ], [ 92.7523575, 20.58675 ], [ 92.748642, 20.578167 ], [ 92.7452774, 20.5744438 ], [ 92.732666, 20.5716667 ], [ 92.732223499999989, 20.5696106 ], [ 92.7415009, 20.5442505 ], [ 92.7376938, 20.5159168 ], [ 92.7396927, 20.500555 ], [ 92.7430267, 20.4928055 ], [ 92.752304099999989, 20.4794159 ], [ 92.760475200000016, 20.473362 ], [ 92.7628632, 20.4733887 ], [ 92.7638855, 20.4734173 ], [ 92.769722, 20.4868603 ], [ 92.773056, 20.4903603 ], [ 92.786087, 20.4968052 ], [ 92.7918091, 20.5031109 ], [ 92.7902756, 20.5063057 ], [ 92.7895279, 20.5078888 ], [ 92.796058699999989, 20.5100842 ], [ 92.8048859, 20.5076942 ], [ 92.8034744, 20.5063057 ], [ 92.8040314, 20.5026398 ], [ 92.8108063, 20.4924164 ], [ 92.8132477, 20.4917774 ], [ 92.819252, 20.4973888 ], [ 92.8223877, 20.4983616 ], [ 92.8275299, 20.4968338 ], [ 92.831337, 20.4893341 ], [ 92.8324203, 20.4833603 ], [ 92.8300858, 20.4782772 ], [ 92.8304443, 20.4725285 ], [ 92.8324203, 20.4721107 ], [ 92.836998, 20.4742508 ], [ 92.8411407, 20.4738617 ], [ 92.845108, 20.4702778 ], [ 92.8483887, 20.4643326 ], [ 92.8486633, 20.4602776 ], [ 92.8487473, 20.4590549 ], [ 92.845306400000013, 20.4606113 ], [ 92.8412781, 20.4672222 ], [ 92.8383026, 20.4687786 ], [ 92.8327789, 20.4659176 ], [ 92.8386917, 20.4621105 ], [ 92.8371353, 20.4547215 ], [ 92.8335571, 20.4510002 ], [ 92.8310242, 20.4548607 ], [ 92.8285828, 20.4550285 ], [ 92.8264465, 20.4526939 ], [ 92.8337479, 20.4406662 ], [ 92.8271637, 20.4412231 ], [ 92.8241119, 20.4469166 ], [ 92.8166122, 20.4451675 ], [ 92.8166351, 20.4428883 ], [ 92.8205795, 20.4401951 ], [ 92.8236923, 20.4308338 ], [ 92.8375244, 20.4094715 ], [ 92.8404999, 20.4069996 ], [ 92.8418045, 20.401722 ], [ 92.8614197, 20.4025269 ], [ 92.8636703, 20.4050827 ], [ 92.8618927, 20.4087505 ], [ 92.856636, 20.4162216 ], [ 92.857055699999989, 20.4194717 ], [ 92.86096950000001, 20.4186115 ], [ 92.8694458, 20.4088612 ], [ 92.8738861, 20.4181385 ], [ 92.8827209, 20.4026661 ], [ 92.8866119, 20.4038887 ], [ 92.888473499999989, 20.4078331 ], [ 92.8861084, 20.4174442 ], [ 92.8867493, 20.4218063 ], [ 92.8934479, 20.4159451 ], [ 92.896225, 20.410944 ], [ 92.8936691, 20.4044724 ], [ 92.8953857, 20.390028 ], [ 92.8981705, 20.3847771 ], [ 92.9063339, 20.3787231 ], [ 92.9117203, 20.3774166 ], [ 92.9158325, 20.3788605 ], [ 92.9174423, 20.3832779 ], [ 92.9100266, 20.4029446 ], [ 92.9053879, 20.4152222 ], [ 92.9072189, 20.4209995 ], [ 92.9105835, 20.4240551 ], [ 92.9137192, 20.4257221 ], [ 92.9166641, 20.4248619 ], [ 92.9266129, 20.4268608 ], [ 92.928497299999989, 20.4298897 ], [ 92.9272232, 20.4326115 ], [ 92.9203339, 20.436388 ], [ 92.9160309, 20.4321938 ], [ 92.9132767, 20.4362774 ], [ 92.9119186, 20.4440842 ], [ 92.8996353, 20.460638 ], [ 92.9002762, 20.4654732 ], [ 92.8980026, 20.4705009 ], [ 92.8993607, 20.4762497 ], [ 92.8973084, 20.4808331 ], [ 92.8982773, 20.4822216 ], [ 92.9037247, 20.4768047 ], [ 92.9046402, 20.466917 ], [ 92.9093628, 20.4585552 ], [ 92.9137192, 20.4507771 ], [ 92.9325867, 20.4326954 ], [ 92.9341354, 20.4276676 ], [ 92.9289169, 20.4211388 ], [ 92.9169998, 20.4195557 ], [ 92.9136353, 20.4176674 ], [ 92.9127197, 20.4139729 ], [ 92.9161148, 20.4025555 ], [ 92.9211655, 20.3927498 ], [ 92.925613399999989, 20.3903065 ], [ 92.9366074, 20.388195 ], [ 92.9440537, 20.3802776 ], [ 92.9485016, 20.3778057 ], [ 92.9507523, 20.3739452 ], [ 92.9490585, 20.3729992 ], [ 92.9449463, 20.3713341 ], [ 92.9428635, 20.3655548 ], [ 92.9437485, 20.3581944 ], [ 92.9416656, 20.3521938 ], [ 92.9384155, 20.3562775 ], [ 92.9384995, 20.3645554 ], [ 92.9414749, 20.3758602 ], [ 92.9389191, 20.3811111 ], [ 92.9315262, 20.3862782 ], [ 92.9268875, 20.3866386 ], [ 92.9240036, 20.3847504 ], [ 92.9209747, 20.3771114 ], [ 92.9161911, 20.3729172 ], [ 92.910835300000016, 20.371666 ], [ 92.8941422, 20.378973 ], [ 92.8837204, 20.3784161 ], [ 92.8744431, 20.3779449 ], [ 92.8542786, 20.3872509 ], [ 92.8479156, 20.3885002 ], [ 92.8406372, 20.3867779 ], [ 92.8392258, 20.3844452 ], [ 92.8393021, 20.3807774 ], [ 92.841835, 20.3759995 ], [ 92.8499985, 20.3685551 ], [ 92.8508301, 20.3637505 ], [ 92.8543625, 20.357584 ], [ 92.87603, 20.3324718 ], [ 92.8801422, 20.3341389 ], [ 92.8741913, 20.3450546 ], [ 92.8728333, 20.3475838 ], [ 92.8663025, 20.3523884 ], [ 92.8680573, 20.3550835 ], [ 92.8719711, 20.3533058 ], [ 92.8834686, 20.3388062 ], [ 92.883361799999989, 20.3316669 ], [ 92.8860855, 20.3285007 ], [ 92.890976, 20.3285828 ], [ 92.8919754, 20.3141117 ], [ 92.8981705, 20.307806 ], [ 92.9090576, 20.3118896 ], [ 92.9202499, 20.3118324 ], [ 92.9208908, 20.3161392 ], [ 92.92453, 20.3185825 ], [ 92.927948, 20.3181953 ], [ 92.9313889, 20.3157215 ], [ 92.9362793, 20.3153324 ], [ 92.9410858, 20.3179436 ], [ 92.9445572, 20.3155556 ], [ 92.9383087, 20.309639 ], [ 92.9247208, 20.3075562 ], [ 92.9098587, 20.3072777 ], [ 92.9053879, 20.3005562 ], [ 92.9010544, 20.2970562 ], [ 92.8943024, 20.2953606 ], [ 92.8921127, 20.2948055 ], [ 92.8748093, 20.2952213 ], [ 92.8681107, 20.2884159 ], [ 92.8625031, 20.2894726 ], [ 92.856246900000016, 20.2852497 ], [ 92.8531952, 20.2798882 ], [ 92.8429184, 20.2696114 ], [ 92.8351364, 20.2696953 ], [ 92.832222, 20.2681942 ], [ 92.82547, 20.2646942 ], [ 92.8131104, 20.2624168 ], [ 92.8097534, 20.2596111 ], [ 92.7988358, 20.2582493 ], [ 92.7958908, 20.2509995 ], [ 92.7935028, 20.2450562 ], [ 92.7958298, 20.225111 ], [ 92.7989731, 20.214138 ], [ 92.8031921, 20.2103062 ], [ 92.8169174, 20.2054997 ], [ 92.8228302, 20.2012215 ], [ 92.8269424, 20.1895828 ], [ 92.831665, 20.1841393 ], [ 92.8330536, 20.184 ], [ 92.837280299999989, 20.1835556 ], [ 92.8435822, 20.1854992 ], [ 92.8458328, 20.182333 ], [ 92.8385315, 20.1819725 ], [ 92.8349152, 20.1800842 ], [ 92.8305283, 20.1804447 ], [ 92.8253021, 20.1858883 ], [ 92.819252, 20.1977215 ], [ 92.8155518, 20.2004166 ], [ 92.8123856, 20.2001381 ], [ 92.8089142, 20.2035275 ], [ 92.802803, 20.2045555 ], [ 92.7968597, 20.2101936 ], [ 92.7925797, 20.2172508 ], [ 92.7921677, 20.2218056 ], [ 92.7919693, 20.2241383 ], [ 92.7889481, 20.2286663 ], [ 92.7872772, 20.240139 ], [ 92.784668, 20.236639 ], [ 92.7831421, 20.2278881 ], [ 92.779472399999989, 20.223278 ], [ 92.776474, 20.2194996 ], [ 92.7768631, 20.2128334 ], [ 92.7746964, 20.2109451 ], [ 92.7703323, 20.2104168 ], [ 92.7695313, 20.2088337 ], [ 92.764946, 20.1999722 ], [ 92.7694473, 20.193388 ], [ 92.7840576, 20.181694 ], [ 92.7911682, 20.1781387 ], [ 92.8003311, 20.1702786 ], [ 92.8167801, 20.1616116 ], [ 92.8178635, 20.1603603 ], [ 92.8371964, 20.1378326 ], [ 92.8393021, 20.1358891 ], [ 92.8530579, 20.123167 ], [ 92.866279600000013, 20.1178894 ], [ 92.882637, 20.1149445 ], [ 92.8880844, 20.1128063 ], [ 92.8885269, 20.1126118 ], [ 92.8966141, 20.1094437 ], [ 92.8999176, 20.1145554 ], [ 92.8984985, 20.1244164 ], [ 92.900306700000016, 20.1274452 ], [ 92.9105301, 20.1446114 ], [ 92.9106674, 20.149889 ], [ 92.9089203, 20.1533051 ], [ 92.9167252, 20.1637783 ], [ 92.9199448, 20.1744175 ], [ 92.9203033, 20.1808605 ], [ 92.9159164, 20.1934166 ], [ 92.9104462, 20.200695 ], [ 92.9059982, 20.2033615 ], [ 92.8982239, 20.2034721 ], [ 92.8940277, 20.2066116 ], [ 92.8861923, 20.2078609 ], [ 92.8861694, 20.2094727 ], [ 92.8914413, 20.214138 ], [ 92.8949204, 20.2103062 ], [ 92.907608, 20.2089176 ], [ 92.9145813, 20.2122498 ], [ 92.9217758, 20.2312222 ], [ 92.9150009, 20.241888 ], [ 92.9161911, 20.2437496 ], [ 92.9188614, 20.2440281 ], [ 92.9214478, 20.249361 ], [ 92.9262466, 20.2517509 ], [ 92.935279799999989, 20.2518883 ], [ 92.9403305, 20.2544994 ], [ 92.9441376, 20.259388 ], [ 92.9449463, 20.2674446 ], [ 92.946891799999989, 20.2674999 ], [ 92.950080899999989, 20.253973 ], [ 92.9528046, 20.2508049 ], [ 92.9530029, 20.2451382 ], [ 92.9533615, 20.2340565 ], [ 92.9569702, 20.2235279 ], [ 92.9629974, 20.2256947 ], [ 92.9689407, 20.2347775 ], [ 92.9785004, 20.2436676 ], [ 92.983139, 20.2566109 ], [ 92.986557, 20.2561951 ], [ 92.9881973, 20.2596664 ], [ 92.9933853, 20.2673607 ], [ 93.0039139, 20.2776394 ], [ 93.0091095, 20.2869167 ], [ 93.0156631, 20.3141384 ], [ 93.0135269, 20.324667 ], [ 93.0161362, 20.3274727 ], [ 93.0203629, 20.3378887 ], [ 93.018692, 20.3486671 ], [ 93.0195541, 20.3551102 ], [ 93.0242767, 20.3894157 ], [ 93.021225, 20.4102783 ], [ 93.0214462, 20.4252224 ], [ 93.014389, 20.4499168 ], [ 93.0138092, 20.4504452 ], [ 93.012886, 20.4542217 ], [ 93.013473499999989, 20.4605827 ], [ 93.0174713, 20.4634991 ], [ 93.03394320000001, 20.4656944 ], [ 93.0386124, 20.4686108 ], [ 93.0395279, 20.4749718 ], [ 93.0332794, 20.4856663 ], [ 93.0288925, 20.4846668 ], [ 93.0233078, 20.4759998 ], [ 93.0179749, 20.472723 ], [ 93.0195541, 20.4791107 ], [ 93.0258636, 20.4842777 ], [ 93.0354691, 20.4943047 ], [ 93.041694600000014, 20.5048618 ], [ 93.0555801, 20.5206661 ], [ 93.0547791, 20.5279446 ], [ 93.0476379, 20.5316391 ], [ 93.035057099999989, 20.5378056 ], [ 93.0370255, 20.5406952 ], [ 93.0468903, 20.5360832 ], [ 93.0550308, 20.5336666 ], [ 93.0601425, 20.5302506 ], [ 93.0636139, 20.5246105 ], [ 93.0630035, 20.5207787 ], [ 93.0526962, 20.5120277 ], [ 93.0444183, 20.503334 ], [ 93.040222200000017, 20.4931107 ], [ 93.0436096, 20.4715557 ], [ 93.0427475, 20.4632778 ], [ 93.0377197, 20.4613056 ], [ 93.0226135, 20.4581947 ], [ 93.019249, 20.4581394 ], [ 93.0172806, 20.4540272 ], [ 93.0173035, 20.4506664 ], [ 93.0236359, 20.4369717 ], [ 93.0257797, 20.4273605 ], [ 93.0324173, 20.4371109 ], [ 93.0425568, 20.4563618 ], [ 93.0582809, 20.4763889 ], [ 93.0678635, 20.5130825 ], [ 93.0694427, 20.5164719 ], [ 93.0810013, 20.5410824 ], [ 93.081558199999989, 20.5516663 ], [ 93.0816422, 20.5606384 ], [ 93.0756912, 20.5791397 ], [ 93.0719757, 20.5823059 ], [ 93.0469742, 20.5888062 ], [ 93.0388336, 20.5937214 ], [ 93.0177536, 20.6122227 ], [ 93.0107803, 20.6332493 ], [ 93.0055542, 20.6398048 ], [ 93.008918799999989, 20.6419449 ], [ 93.0186386, 20.6443882 ], [ 93.0276642, 20.6438618 ], [ 93.0285034, 20.6410275 ], [ 93.026031500000016, 20.6408329 ], [ 93.0198059, 20.6333885 ], [ 93.0217514, 20.6219444 ], [ 93.0315018, 20.6089993 ], [ 93.0482788, 20.5975552 ], [ 93.0570831, 20.5958614 ], [ 93.0628586, 20.6009998 ], [ 93.0647812, 20.6021671 ], [ 93.070137, 20.6020279 ], [ 93.0678329, 20.5958061 ], [ 93.0728073, 20.5898895 ], [ 93.0787201, 20.5863342 ], [ 93.0844421, 20.5804443 ], [ 93.0877762, 20.5710831 ], [ 93.0897751, 20.5403061 ], [ 93.0919189, 20.5300007 ], [ 93.095108, 20.5289173 ], [ 93.1035538, 20.5347786 ], [ 93.1050797, 20.5306664 ], [ 93.0991135, 20.5243893 ], [ 93.0949173, 20.5261383 ], [ 93.0890808, 20.5249176 ], [ 93.086998, 20.5198059 ], [ 93.0898361, 20.5115833 ], [ 93.1062775, 20.5051937 ], [ 93.1070251, 20.504055 ], [ 93.1034164, 20.5007782 ], [ 93.100502, 20.5000286 ], [ 93.0998917, 20.4945278 ], [ 93.1021423, 20.4906387 ], [ 93.1094971, 20.488472 ], [ 93.10672, 20.4790001 ], [ 93.1064148, 20.4691105 ], [ 93.1112747, 20.4418335 ], [ 93.1166687, 20.4272213 ], [ 93.1143875, 20.4186935 ], [ 93.1110535, 20.413805 ], [ 93.0926971, 20.4054718 ], [ 93.0883865, 20.4012775 ], [ 93.0879974, 20.39575 ], [ 93.0938873, 20.3797493 ], [ 93.0956116, 20.3786392 ], [ 93.106308, 20.3801937 ], [ 93.1194687, 20.3785553 ], [ 93.1275558, 20.3901672 ], [ 93.1323318, 20.3946114 ], [ 93.143219, 20.4000835 ], [ 93.1475296, 20.4042778 ], [ 93.1631927, 20.3994713 ], [ 93.1680527, 20.4002228 ], [ 93.1699753, 20.4023342 ], [ 93.164138799999989, 20.4160271 ], [ 93.1647491, 20.4220009 ], [ 93.1662216, 20.4213333 ], [ 93.1703033, 20.411972 ], [ 93.1741638, 20.399416 ], [ 93.1732483, 20.3966389 ], [ 93.17058560000001, 20.3949718 ], [ 93.14814, 20.396944 ], [ 93.1292496, 20.3761673 ], [ 93.1358871, 20.3733063 ], [ 93.143219, 20.3724995 ], [ 93.1569748, 20.3655834 ], [ 93.1748352, 20.3741398 ], [ 93.1638336, 20.3624725 ], [ 93.1563644, 20.3591385 ], [ 93.1524429, 20.3597775 ], [ 93.1457748, 20.3656387 ], [ 93.1320572, 20.3693333 ], [ 93.1301956, 20.3644714 ], [ 93.1373901, 20.3425274 ], [ 93.1364975, 20.3379173 ], [ 93.1247253, 20.330389 ], [ 93.1242523, 20.328083 ], [ 93.1282196, 20.3242226 ], [ 93.1345291, 20.3257217 ], [ 93.144363399999989, 20.3205833 ], [ 93.151001, 20.3220005 ], [ 93.1535797, 20.3225555 ], [ 93.1641922, 20.3282509 ], [ 93.1717224, 20.3299713 ], [ 93.1868362, 20.3288326 ], [ 93.191391, 20.3328056 ], [ 93.1934738, 20.3247776 ], [ 93.2030029, 20.3226395 ], [ 93.205833399999989, 20.3279724 ], [ 93.207801800000013, 20.3413334 ], [ 93.2150269, 20.3598328 ], [ 93.223526, 20.3760281 ], [ 93.2226639, 20.3833885 ], [ 93.2190247, 20.3837776 ], [ 93.2120285, 20.379528 ], [ 93.2017517, 20.3814449 ], [ 93.1983643, 20.3800278 ], [ 93.1968308, 20.3845825 ], [ 93.197998, 20.3871384 ], [ 93.2021637, 20.3853607 ], [ 93.2114182, 20.3871117 ], [ 93.2152252, 20.391777 ], [ 93.223030100000017, 20.3904991 ], [ 93.2252197, 20.391695 ], [ 93.2298584, 20.4053326 ], [ 93.237220799999989, 20.4160004 ], [ 93.2511978, 20.4260826 ], [ 93.2458649, 20.4087772 ], [ 93.2395554, 20.4082222 ], [ 93.2359467, 20.4061108 ], [ 93.2328339, 20.4014721 ], [ 93.229805, 20.3942776 ], [ 93.2281952, 20.3742771 ], [ 93.2254181, 20.3652782 ], [ 93.2195282, 20.3541393 ], [ 93.2124176, 20.3278332 ], [ 93.2132492, 20.3216381 ], [ 93.2184448, 20.3173618 ], [ 93.2212524, 20.3104992 ], [ 93.225914, 20.3075829 ], [ 93.216529799999989, 20.2860832 ], [ 93.2138901, 20.2841949 ], [ 93.2034454, 20.2828884 ], [ 93.1998367, 20.2805271 ], [ 93.1976929, 20.2768326 ], [ 93.1959457, 20.2660007 ], [ 93.1673584, 20.2439442 ], [ 93.1512222, 20.2205009 ], [ 93.1445313, 20.213028 ], [ 93.1399155, 20.2124996 ], [ 93.1360016, 20.2145004 ], [ 93.1323624, 20.2137508 ], [ 93.1226425, 20.1982231 ], [ 93.1143036, 20.1884174 ], [ 93.1170273, 20.1857224 ], [ 93.1573868, 20.1877232 ], [ 93.171669, 20.1923046 ], [ 93.1774139, 20.1963062 ], [ 93.1825256, 20.1968613 ], [ 93.1873093, 20.2010269 ], [ 93.20578, 20.2171936 ], [ 93.2086105, 20.2223053 ], [ 93.2094193, 20.232666 ], [ 93.2098618, 20.2347221 ], [ 93.224113500000016, 20.2423058 ], [ 93.2464447, 20.2454166 ], [ 93.2488022, 20.2484169 ], [ 93.2455521, 20.2548046 ], [ 93.2344131, 20.2661381 ], [ 93.2306137, 20.2738895 ], [ 93.2340012, 20.2898064 ], [ 93.2398071, 20.3059731 ], [ 93.2438583, 20.3117771 ], [ 93.2556915, 20.3171387 ], [ 93.2801132, 20.328167 ], [ 93.2819977, 20.3314171 ], [ 93.2789154, 20.3412495 ], [ 93.2805023, 20.3481674 ], [ 93.2833633, 20.3516674 ], [ 93.2847748, 20.3542213 ], [ 93.2956085, 20.3624172 ], [ 93.3207474, 20.3885269 ], [ 93.3245316, 20.396862 ], [ 93.3234711, 20.3998337 ], [ 93.3254471, 20.4036388 ], [ 93.33078, 20.4008331 ], [ 93.3259201, 20.3858604 ], [ 93.3102493, 20.3605843 ], [ 93.2999191, 20.3523884 ], [ 93.2970581, 20.3481941 ], [ 93.2948303, 20.3366661 ], [ 93.2966385, 20.3300285 ], [ 93.3015518, 20.3273621 ], [ 93.3088608, 20.3267784 ], [ 93.31353, 20.3277226 ], [ 93.3234177, 20.3297501 ], [ 93.3256683, 20.3270283 ], [ 93.329834, 20.3105278 ], [ 93.3382187, 20.3030834 ], [ 93.3397522, 20.2996387 ], [ 93.3375244, 20.2856102 ], [ 93.3430252, 20.2771664 ], [ 93.3461914, 20.2765274 ], [ 93.3515244, 20.2786942 ], [ 93.357635500000015, 20.2773895 ], [ 93.3623352, 20.2735558 ], [ 93.3800812, 20.240139 ], [ 93.3882217, 20.2213058 ], [ 93.3982468, 20.2041397 ], [ 93.4126129, 20.1726952 ], [ 93.4126358, 20.1692505 ], [ 93.414802600000016, 20.1561947 ], [ 93.4137802, 20.1449165 ], [ 93.4174728, 20.1256676 ], [ 93.4217224, 20.1188335 ], [ 93.4328613, 20.1051941 ], [ 93.4248352, 20.1069164 ], [ 93.4147797, 20.1120834 ], [ 93.413887, 20.0911388 ], [ 93.4167252, 20.079916 ], [ 93.4140244, 20.0808048 ], [ 93.411056500000015, 20.0853615 ], [ 93.4068069, 20.0774727 ], [ 93.4012756, 20.0732784 ], [ 93.3949432, 20.0743332 ], [ 93.3858337, 20.0806389 ], [ 93.38414, 20.0801392 ], [ 93.380722, 20.0658607 ], [ 93.3826141, 20.0546112 ], [ 93.399025, 20.0305004 ], [ 93.4021683, 20.0172215 ], [ 93.4008636, 20.0082226 ], [ 93.401886, 20.0045547 ], [ 93.4039459, 20.0021114 ], [ 93.4053345, 20.0 ], [ 93.4052811, 19.990139 ], [ 93.4083023, 19.9826107 ], [ 93.4160309, 19.9707508 ], [ 93.4211655, 19.9673882 ], [ 93.4275284, 19.9656391 ], [ 93.4285278, 19.9633617 ], [ 93.4314194, 19.9640827 ], [ 93.4408646, 19.9515839 ], [ 93.4467468, 19.9475269 ], [ 93.4540558, 19.9469452 ], [ 93.456665, 19.9499722 ], [ 93.4481964, 19.9633884 ], [ 93.439804099999989, 19.9878063 ], [ 93.4395523, 19.9885559 ], [ 93.439247099999989, 19.9924717 ], [ 93.4416351, 19.9950275 ], [ 93.4486694, 19.9960556 ], [ 93.4542465, 19.9958897 ], [ 93.4606705, 19.9902229 ], [ 93.4661407, 19.9825001 ], [ 93.4660034, 19.9905281 ], [ 93.4678574, 19.995388 ], [ 93.4753342, 20.0 ], [ 93.4762192, 20.0065002 ], [ 93.4689407, 20.0206947 ], [ 93.4670029, 20.0360546 ], [ 93.455864, 20.0501385 ], [ 93.4548035, 20.0551949 ], [ 93.4583359, 20.0625839 ], [ 93.4762192, 20.0609436 ], [ 93.4741135, 20.0585556 ], [ 93.4698868, 20.0570278 ], [ 93.4610291, 20.0576382 ], [ 93.4584427, 20.0540829 ], [ 93.4604721, 20.0492783 ], [ 93.4673615, 20.0443325 ], [ 93.4793091, 20.0065556 ], [ 93.4796143, 20.0 ], [ 93.4797516, 19.9966946 ], [ 93.481781, 19.9914436 ], [ 93.4930573, 19.9847221 ], [ 93.4984131, 19.984333 ], [ 93.5017777, 19.9866657 ], [ 93.5060577, 19.9929447 ], [ 93.5115814, 19.9962215 ], [ 93.514503499999989, 19.9964161 ], [ 93.5198593, 19.9968052 ], [ 93.5293579, 19.9950829 ], [ 93.5401077, 19.9908619 ], [ 93.5401382, 19.9888058 ], [ 93.5233612, 19.9892502 ], [ 93.508468600000015, 19.9760284 ], [ 93.5070572, 19.9748058 ], [ 93.5056686, 19.970417 ], [ 93.508468600000015, 19.9612503 ], [ 93.5121689, 19.9589996 ], [ 93.5189438, 19.9602509 ], [ 93.522857699999989, 19.9580002 ], [ 93.5365295, 19.9551945 ], [ 93.5361938, 19.9535275 ], [ 93.5333862, 19.953083 ], [ 93.5241699, 19.952055 ], [ 93.5210037, 19.9529171 ], [ 93.5121384, 19.9438324 ], [ 93.513305699999989, 19.9321384 ], [ 93.5161133, 19.9234447 ], [ 93.521225, 19.9221382 ], [ 93.5284729, 19.9240551 ], [ 93.5460281, 19.9362507 ], [ 93.5493317, 19.9295273 ], [ 93.5439453, 19.9286385 ], [ 93.5415802, 19.9240284 ], [ 93.545028699999989, 19.9220009 ], [ 93.5554428, 19.9228325 ], [ 93.5637512, 19.920639 ], [ 93.5688324, 19.9211674 ], [ 93.5760269, 19.9245834 ], [ 93.5831146, 19.9374447 ], [ 93.5866928, 19.9378052 ], [ 93.5833588, 19.9282494 ], [ 93.575553900000017, 19.9216671 ], [ 93.5753632, 19.9201107 ], [ 93.5657806, 19.9156113 ], [ 93.5538864, 19.9145279 ], [ 93.5469131, 19.9098339 ], [ 93.5418854, 19.9035549 ], [ 93.5424728, 19.8976116 ], [ 93.5444717, 19.8937225 ], [ 93.5518341, 19.8885269 ], [ 93.5654449, 19.8880272 ], [ 93.5927811, 19.9111385 ], [ 93.59375, 19.910944 ], [ 93.6066666, 19.9081116 ], [ 93.6149139, 19.9091396 ], [ 93.617805499999989, 19.910778 ], [ 93.6218643, 19.9170551 ], [ 93.6320267, 19.9180832 ], [ 93.6349716, 19.9165287 ], [ 93.6512756, 19.9139729 ], [ 93.6575851, 19.9147491 ], [ 93.6818085, 19.9196663 ], [ 93.6959686, 19.9134159 ], [ 93.7020264, 19.9143887 ], [ 93.7051392, 19.9178886 ], [ 93.7035294, 19.928194 ], [ 93.7044449, 19.9321384 ], [ 93.7013626, 19.9449444 ], [ 93.7063599, 19.9521389 ], [ 93.7040253, 19.9631386 ], [ 93.7054138, 19.9668331 ], [ 93.709053, 19.9673328 ], [ 93.7105255, 19.9659729 ], [ 93.7098618, 19.9627495 ], [ 93.7105255, 19.960083 ], [ 93.7121658, 19.9535828 ], [ 93.7086639, 19.9443607 ], [ 93.7085037, 19.9374714 ], [ 93.711975099999989, 19.9329166 ], [ 93.7166138, 19.9322777 ], [ 93.726997400000016, 19.9356384 ], [ 93.7276077, 19.9271393 ], [ 93.7337189, 19.9237499 ], [ 93.737915, 19.9185276 ], [ 93.7447205, 19.9179173 ], [ 93.7457199, 19.9151669 ], [ 93.7440567, 19.913084 ], [ 93.7396927, 19.9123325 ], [ 93.7367477, 19.9139175 ], [ 93.7275848, 19.9117222 ], [ 93.7236633, 19.9130554 ], [ 93.7154465, 19.9104443 ], [ 93.7145004, 19.9078884 ], [ 93.7212219, 19.896944 ], [ 93.7258911, 19.894722 ], [ 93.728302, 19.8935833 ], [ 93.7386093, 19.8852215 ], [ 93.7415009, 19.8866386 ], [ 93.7446671, 19.8862228 ], [ 93.752777099999989, 19.8794174 ], [ 93.7591095, 19.878334 ], [ 93.7667236, 19.8713055 ], [ 93.7737808, 19.870472 ], [ 93.7812805, 19.8719444 ], [ 93.7878647, 19.8706665 ], [ 93.793663, 19.8730278 ], [ 93.7871933, 19.8834991 ], [ 93.7873917, 19.8881111 ], [ 93.796058699999989, 19.8932781 ], [ 93.7901382, 19.8996391 ], [ 93.7888641, 19.9037495 ], [ 93.793335, 19.9160004 ], [ 93.7943573, 19.9128342 ], [ 93.794586200000012, 19.9121113 ], [ 93.793251, 19.9035835 ], [ 93.7996368, 19.8972225 ], [ 93.8011932, 19.8910275 ], [ 93.7988052, 19.8871117 ], [ 93.79422, 19.8856659 ], [ 93.793525699999989, 19.8831387 ], [ 93.8000031, 19.8712502 ], [ 93.7978592, 19.8666382 ], [ 93.786972, 19.8648891 ], [ 93.786247300000014, 19.862833 ], [ 93.7889481, 19.8449173 ], [ 93.79558560000001, 19.8378887 ], [ 93.7975845, 19.8328609 ], [ 93.7969437, 19.8271103 ], [ 93.7884445, 19.8083897 ], [ 93.7861404, 19.8000832 ], [ 93.7880554, 19.7842503 ], [ 93.792305, 19.774889 ], [ 93.7913895, 19.7691116 ], [ 93.7866669, 19.7608051 ], [ 93.7791977, 19.755888 ], [ 93.7682495, 19.7582779 ], [ 93.7585526, 19.757 ], [ 93.7453079, 19.7504158 ], [ 93.7316971, 19.7525272 ], [ 93.7208328, 19.7482491 ], [ 93.7141647, 19.7411938 ], [ 93.710083, 19.7368603 ], [ 93.7080536, 19.7260284 ], [ 93.7091141, 19.7196102 ], [ 93.7132797, 19.7155285 ], [ 93.7080307, 19.7104168 ], [ 93.7059479, 19.7028065 ], [ 93.7063599, 19.7019444 ], [ 93.7106094, 19.6931667 ], [ 93.7156677, 19.6826954 ], [ 93.721611, 19.6749725 ], [ 93.726997400000016, 19.6711121 ], [ 93.7383575, 19.6735554 ], [ 93.7480545, 19.6732216 ], [ 93.762558, 19.6775284 ], [ 93.778389, 19.6896954 ], [ 93.7863617, 19.6930008 ], [ 93.7986145, 19.701416 ], [ 93.8052521, 19.7127495 ], [ 93.8040848, 19.728138 ], [ 93.8065796, 19.7391949 ], [ 93.8117218, 19.7364998 ], [ 93.8181381, 19.7292213 ], [ 93.8191681, 19.7231388 ], [ 93.8202515, 19.7168617 ], [ 93.8193359, 19.7110825 ], [ 93.8155518, 19.7046108 ], [ 93.8088303, 19.6994724 ], [ 93.8062515, 19.6927776 ], [ 93.8065796, 19.6861115 ], [ 93.7925262, 19.6852493 ], [ 93.7881927, 19.6815281 ], [ 93.7943039, 19.6597786 ], [ 93.7910309, 19.6574726 ], [ 93.787803700000012, 19.6578617 ], [ 93.7792206, 19.6639442 ], [ 93.7741089, 19.6645832 ], [ 93.7720032, 19.6613331 ], [ 93.768837, 19.6610832 ], [ 93.7662201, 19.6564446 ], [ 93.763305699999989, 19.6582508 ], [ 93.7586975, 19.6574993 ], [ 93.7543869, 19.6542225 ], [ 93.747612, 19.6525269 ], [ 93.7300262, 19.6440563 ], [ 93.7280273, 19.6421661 ], [ 93.7251968, 19.6395283 ], [ 93.7238083, 19.6382217 ], [ 93.7220306, 19.6264725 ], [ 93.7296982, 19.6166935 ], [ 93.7335815, 19.6148891 ], [ 93.741806, 19.6168327 ], [ 93.7425842, 19.611805 ], [ 93.7514191, 19.604084 ], [ 93.7602234, 19.5991383 ], [ 93.7662811, 19.5980835 ], [ 93.7713318, 19.600666 ], [ 93.7759476, 19.6011658 ], [ 93.7807236, 19.6060562 ], [ 93.786026, 19.6072769 ], [ 93.7934723, 19.614027 ], [ 93.7978897, 19.6090279 ], [ 93.8027802, 19.6065559 ], [ 93.816391, 19.6041946 ], [ 93.8125839, 19.597723 ], [ 93.7956085, 19.5988884 ], [ 93.7909698, 19.6004448 ], [ 93.7849426, 19.5994453 ], [ 93.7801361, 19.5964165 ], [ 93.776802100000012, 19.5910835 ], [ 93.7810593, 19.5821667 ], [ 93.8122253, 19.5513058 ], [ 93.8254471, 19.541111 ], [ 93.8315277, 19.5398064 ], [ 93.8363876, 19.5358334 ], [ 93.8444977, 19.5291672 ], [ 93.8544998, 19.5237503 ], [ 93.8638306, 19.5153618 ], [ 93.8721085, 19.5111103 ], [ 93.877304099999989, 19.5021954 ], [ 93.8834152, 19.4974442 ], [ 93.902442900000011, 19.488472 ], [ 93.9077759, 19.4876118 ], [ 93.9193878, 19.4891396 ], [ 93.9234695, 19.4910278 ], [ 93.9323578, 19.4984722 ], [ 93.9419479, 19.5259171 ], [ 93.9398346, 19.5323048 ], [ 93.9341354, 19.5494995 ], [ 93.9325867, 19.558445 ], [ 93.9332504, 19.5623608 ], [ 93.9363632, 19.5649166 ], [ 93.9383087, 19.5640278 ], [ 93.9369736, 19.5552769 ], [ 93.9389725, 19.5493336 ], [ 93.94561, 19.5424995 ], [ 93.9500275, 19.5375004 ], [ 93.9528046, 19.5297222 ], [ 93.9484482, 19.5080833 ], [ 93.9325256, 19.4828339 ], [ 93.9065247, 19.4719715 ], [ 93.904640199999989, 19.4680557 ], [ 93.9073639, 19.4639454 ], [ 93.9171143, 19.4569435 ], [ 93.9302216, 19.456583 ], [ 93.9348068, 19.4564438 ], [ 93.9535522, 19.447916 ], [ 93.961525, 19.4491673 ], [ 93.9651413, 19.451973 ], [ 93.9667511, 19.4572773 ], [ 93.9766083, 19.4628887 ], [ 93.9909439, 19.4609718 ], [ 93.9970856, 19.4525547 ], [ 93.991806, 19.4481106 ], [ 93.9894714, 19.4418888 ], [ 93.990974400000013, 19.4366112 ], [ 93.9898071, 19.4336109 ], [ 93.9850006, 19.4312782 ], [ 93.9764481, 19.4187775 ], [ 93.9675827, 19.4306107 ], [ 93.9446411, 19.4453049 ], [ 93.9323044, 19.4442501 ], [ 93.9160309, 19.4481945 ], [ 93.9039993, 19.4597778 ], [ 93.8913345, 19.4665279 ], [ 93.8854752, 19.4712772 ], [ 93.876976, 19.4729996 ], [ 93.8721085, 19.4722786 ], [ 93.865997299999989, 19.4673328 ], [ 93.8623047, 19.4643326 ], [ 93.8604202, 19.4592495 ], [ 93.8584976, 19.4403896 ], [ 93.8562775, 19.442194 ], [ 93.8552246, 19.4497776 ], [ 93.8529968, 19.4534168 ], [ 93.852668799999989, 19.4603062 ], [ 93.8581085, 19.4705009 ], [ 93.8589478, 19.4810829 ], [ 93.85672, 19.4842777 ], [ 93.8477783, 19.4825554 ], [ 93.8395844, 19.4785557 ], [ 93.8209686, 19.4762497 ], [ 93.8236923, 19.4710007 ], [ 93.8187256, 19.4642773 ], [ 93.8180542, 19.4647217 ], [ 93.8150253, 19.4667492 ], [ 93.8132248, 19.4770832 ], [ 93.8075867, 19.480917 ], [ 93.8082809, 19.4836941 ], [ 93.8035812, 19.491888 ], [ 93.7932816, 19.5002785 ], [ 93.7758026, 19.5037498 ], [ 93.7732239, 19.4979725 ], [ 93.7742462, 19.4936104 ], [ 93.7711945, 19.4860001 ], [ 93.7687759, 19.4852772 ], [ 93.7665558, 19.4877777 ], [ 93.7687759, 19.5022774 ], [ 93.7630539, 19.5148335 ], [ 93.754837, 19.5224438 ], [ 93.7520294, 19.5250549 ], [ 93.7430573, 19.52425 ], [ 93.7486954, 19.5369453 ], [ 93.7461929, 19.542223 ], [ 93.7391129, 19.5483341 ], [ 93.7322769, 19.5507774 ], [ 93.7026672, 19.553833 ], [ 93.6978073, 19.5560837 ], [ 93.6917801, 19.5615273 ], [ 93.6875, 19.565361 ], [ 93.6816635, 19.5650558 ], [ 93.675415, 19.5624714 ], [ 93.6747513, 19.5578613 ], [ 93.6708908, 19.5566673 ], [ 93.6687775, 19.5515842 ], [ 93.6669464, 19.5453339 ], [ 93.6714172, 19.5359726 ], [ 93.668335, 19.5324993 ], [ 93.6622772, 19.5314999 ], [ 93.657333400000013, 19.5215549 ], [ 93.6484756, 19.5152225 ], [ 93.646804800000012, 19.5122223 ], [ 93.6454468, 19.5053062 ], [ 93.6472244, 19.499361 ], [ 93.6531143, 19.495306 ], [ 93.6546097, 19.4918613 ], [ 93.6393585, 19.4916668 ], [ 93.6371918, 19.4888897 ], [ 93.6373367, 19.4878883 ], [ 93.637748699999989, 19.4845276 ], [ 93.650444, 19.4608059 ], [ 93.6496353, 19.4504452 ], [ 93.6516418, 19.4445 ], [ 93.6550827, 19.4410839 ], [ 93.6770859, 19.4271393 ], [ 93.681694, 19.4262772 ], [ 93.6874466, 19.4304714 ], [ 93.6925278, 19.4303055 ], [ 93.7052231, 19.4217491 ], [ 93.7083893, 19.4215565 ], [ 93.7131653, 19.4262218 ], [ 93.7165527, 19.4260273 ], [ 93.7216949, 19.4221668 ], [ 93.7393036, 19.4088326 ], [ 93.7408066, 19.4044991 ], [ 93.7384186, 19.4021664 ], [ 93.7281952, 19.4061661 ], [ 93.7192535, 19.4067497 ], [ 93.7151413, 19.4053326 ], [ 93.712059, 19.4013615 ], [ 93.7150574, 19.3940563 ], [ 93.72750090000001, 19.3870831 ], [ 93.7319183, 19.382555 ], [ 93.7276077, 19.3799725 ], [ 93.7273865, 19.3772221 ], [ 93.7308884, 19.3694439 ], [ 93.7322769, 19.3565826 ], [ 93.7452469, 19.3571663 ], [ 93.7533035, 19.3575554 ], [ 93.7641144, 19.3466396 ], [ 93.7704468, 19.3446388 ], [ 93.7742767, 19.3460827 ], [ 93.7799759, 19.3541946 ], [ 93.778442399999989, 19.3422222 ], [ 93.7753296, 19.3403606 ], [ 93.7621918, 19.3440838 ], [ 93.7516937, 19.3522224 ], [ 93.7463303, 19.35425 ], [ 93.7403641, 19.3481941 ], [ 93.7392197, 19.344944 ], [ 93.746719399999989, 19.3259716 ], [ 93.7533646, 19.3180275 ], [ 93.7692795, 19.3037224 ], [ 93.7751389, 19.3010559 ], [ 93.7845001, 19.3059998 ], [ 93.80867, 19.3076668 ], [ 93.8210297, 19.3057499 ], [ 93.839057900000014, 19.2958603 ], [ 93.8434143, 19.2958889 ], [ 93.8496399, 19.300806 ], [ 93.8691635, 19.306778 ], [ 93.8717804, 19.3111668 ], [ 93.8772202, 19.3395004 ], [ 93.8805542, 19.3425274 ], [ 93.8809433, 19.3448334 ], [ 93.8823624, 19.3531113 ], [ 93.8667526, 19.3641949 ], [ 93.859642, 19.3712502 ], [ 93.862945599999989, 19.3767776 ], [ 93.8572464, 19.3861389 ], [ 93.8589172, 19.3877773 ], [ 93.8684158, 19.3839722 ], [ 93.8708878, 19.3803329 ], [ 93.8724136, 19.3739166 ], [ 93.8717499, 19.3697777 ], [ 93.8744431, 19.3661385 ], [ 93.8859177, 19.3589172 ], [ 93.8888855, 19.3534164 ], [ 93.8889999, 19.3449173 ], [ 93.88414, 19.3326397 ], [ 93.884613, 19.3285561 ], [ 93.8813019, 19.3216114 ], [ 93.8842468, 19.3195839 ], [ 93.8871078, 19.322834 ], [ 93.9080276, 19.3322773 ], [ 93.9111404, 19.3353062 ], [ 93.9141922, 19.3426952 ], [ 93.9111099, 19.3580551 ], [ 93.9114151, 19.3702221 ], [ 93.9156647, 19.3792496 ], [ 93.920028699999989, 19.3802223 ], [ 93.9217529, 19.3772507 ], [ 93.9180527, 19.3631935 ], [ 93.9200592, 19.3383884 ], [ 93.919136, 19.3344727 ], [ 93.9050293, 19.3221397 ], [ 93.8896408, 19.3139172 ], [ 93.881752, 19.3076115 ], [ 93.8864441, 19.2984715 ], [ 93.8921127, 19.2916393 ], [ 93.898613, 19.2942505 ], [ 93.9022217, 19.2938328 ], [ 93.9069977, 19.2974167 ], [ 93.920196499999989, 19.3073616 ], [ 93.9339142, 19.3339443 ], [ 93.937027, 19.3355827 ], [ 93.9484711, 19.3495007 ], [ 93.9662781, 19.3584442 ], [ 93.9703064, 19.3642216 ], [ 93.9719162, 19.3723049 ], [ 93.9708633, 19.3782501 ], [ 93.9764709, 19.3948612 ], [ 93.9781113, 19.3960838 ], [ 93.9796143, 19.3971939 ], [ 93.9833603, 19.4055271 ], [ 93.985275300000012, 19.4066944 ], [ 93.9881973, 19.4074173 ], [ 93.992836, 19.4028606 ], [ 93.9977798, 19.3948612 ], [ 94.0107803, 19.3810005 ], [ 94.0037766, 19.3799992 ], [ 93.9910812, 19.3876667 ], [ 93.9840851, 19.3878326 ], [ 93.9816971, 19.3850555 ], [ 93.9761658, 19.3608608 ], [ 93.972168, 19.3513889 ], [ 93.9618912, 19.3413887 ], [ 93.9531631, 19.3408337 ], [ 93.9498367, 19.3368893 ], [ 93.9456635, 19.3219166 ], [ 93.9472198, 19.3131943 ], [ 93.9516373, 19.3079453 ], [ 93.9533615, 19.3071938 ], [ 93.955947900000012, 19.3060551 ], [ 93.9386139, 19.3050556 ], [ 93.91642, 19.2811394 ], [ 93.8948364, 19.2657223 ], [ 93.8876953, 19.2571392 ], [ 93.8809204, 19.2568054 ], [ 93.8754425, 19.2516937 ], [ 93.8733368, 19.2466106 ], [ 93.8704147, 19.2458897 ], [ 93.8655853, 19.2458324 ], [ 93.8575592, 19.250555 ], [ 93.8421631, 19.2428055 ], [ 93.8227768, 19.2287769 ], [ 93.8089981, 19.226305 ], [ 93.7903595, 19.228611 ], [ 93.7700577, 19.2377491 ], [ 93.7584991, 19.2429447 ], [ 93.7484741, 19.2520008 ], [ 93.7389755, 19.2566948 ], [ 93.7272797, 19.244833 ], [ 93.7234192, 19.2434158 ], [ 93.7207489, 19.2445278 ], [ 93.7221375, 19.2479992 ], [ 93.7288589, 19.2529163 ], [ 93.7297745, 19.2561398 ], [ 93.7274704, 19.264389 ], [ 93.72686, 19.2753887 ], [ 93.7209702, 19.2808342 ], [ 93.7098618, 19.2800007 ], [ 93.706192, 19.2815838 ], [ 93.703804, 19.280611 ], [ 93.694831799999989, 19.281889 ], [ 93.6984482, 19.2842217 ], [ 93.7099991, 19.2866669 ], [ 93.7211075, 19.2872772 ], [ 93.7223053, 19.2895832 ], [ 93.721527099999989, 19.2925549 ], [ 93.7183609, 19.2931938 ], [ 93.7064972, 19.2955837 ], [ 93.6969986, 19.2998333 ], [ 93.6815262, 19.3001118 ], [ 93.6747742, 19.2965832 ], [ 93.6647491, 19.288166 ], [ 93.6627197, 19.2775841 ], [ 93.6605835, 19.2745552 ], [ 93.6608353, 19.2568607 ], [ 93.6508026, 19.2473049 ], [ 93.6486969, 19.2424717 ], [ 93.6488037, 19.2353325 ], [ 93.6446075, 19.2238064 ], [ 93.641830399999989, 19.2334175 ], [ 93.6417236, 19.2398338 ], [ 93.6523361, 19.2599716 ], [ 93.6510315, 19.2656937 ], [ 93.6608582, 19.2883606 ], [ 93.6653595, 19.2955284 ], [ 93.6672211, 19.3022213 ], [ 93.6627502, 19.310194 ], [ 93.6623306, 19.3121662 ], [ 93.6617203, 19.3150272 ], [ 93.6587524, 19.319334 ], [ 93.6492462, 19.3235836 ], [ 93.6417236, 19.3250828 ], [ 93.6373367, 19.3285561 ], [ 93.6214142, 19.3411388 ], [ 93.617836, 19.3376675 ], [ 93.6157227, 19.3325558 ], [ 93.6078644, 19.3251114 ], [ 93.6028061, 19.3225269 ], [ 93.6001358, 19.3227215 ], [ 93.6015244, 19.3266392 ], [ 93.6077499, 19.3315563 ], [ 93.613945, 19.3394451 ], [ 93.6146698, 19.341362 ], [ 93.617195099999989, 19.3482227 ], [ 93.6276703, 19.344223 ], [ 93.6342468, 19.3399448 ], [ 93.6356659, 19.3420277 ], [ 93.637443499999989, 19.3542213 ], [ 93.635803200000012, 19.3659172 ], [ 93.632309, 19.3739166 ], [ 93.6283875, 19.377306 ], [ 93.623390199999989, 19.3726673 ], [ 93.6184692, 19.3771954 ], [ 93.6041412, 19.414444 ], [ 93.5995255, 19.415556 ], [ 93.597000100000017, 19.4135284 ], [ 93.5875549, 19.4059715 ], [ 93.573501600000014, 19.4073887 ], [ 93.5681915, 19.4045563 ], [ 93.5555801, 19.4078331 ], [ 93.5514145, 19.4100838 ], [ 93.5513611, 19.4141941 ], [ 93.5671082, 19.413723 ], [ 93.5680313, 19.4162769 ], [ 93.5662766, 19.420166 ], [ 93.5589752, 19.4239731 ], [ 93.5559998, 19.4285278 ], [ 93.5518341, 19.4316387 ], [ 93.5508575, 19.4323616 ], [ 93.5386658, 19.437027 ], [ 93.5297775, 19.4323063 ], [ 93.5185547, 19.4345837 ], [ 93.5171661, 19.4348888 ], [ 93.5135269, 19.4341393 ], [ 93.5051956, 19.4257507 ], [ 93.4991684, 19.4236107 ], [ 93.4841385, 19.4091396 ], [ 93.4782791, 19.3964176 ], [ 93.4796371, 19.3872509 ], [ 93.4781113, 19.3754997 ], [ 93.4721909, 19.3669167 ], [ 93.472724899999989, 19.3632507 ], [ 93.4844437, 19.340889 ], [ 93.489669800000016, 19.3326664 ], [ 93.5052795, 19.3081112 ], [ 93.5368042, 19.2701664 ], [ 93.5583878, 19.2343616 ], [ 93.5644455, 19.233305 ], [ 93.5657196, 19.231472 ], [ 93.5698624, 19.2255554 ], [ 93.5731964, 19.2145824 ], [ 93.5868073, 19.1913052 ], [ 93.5933609, 19.1737213 ], [ 93.5960007, 19.1588058 ], [ 93.5979156, 19.1543617 ], [ 93.5992508, 19.1512775 ], [ 93.6016693, 19.1499176 ], [ 93.6154709, 19.1496391 ], [ 93.6230011, 19.1465282 ], [ 93.6295242, 19.1456947 ], [ 93.6341629, 19.1434441 ], [ 93.6371918, 19.1401119 ], [ 93.6393051, 19.1377773 ], [ 93.6495285, 19.1170006 ], [ 93.6530304, 19.1073895 ], [ 93.6546631, 19.0938606 ], [ 93.657196, 19.0860825 ], [ 93.6629181, 19.0762787 ], [ 93.6661377, 19.0757217 ], [ 93.6679688, 19.0754166 ], [ 93.6702805, 19.0766659 ], [ 93.6723022, 19.0777779 ], [ 93.6753616, 19.083334 ], [ 93.6787186, 19.0840549 ], [ 93.6896973, 19.096138 ], [ 93.691307099999989, 19.1019173 ], [ 93.6948624, 19.1054173 ], [ 93.6943359, 19.1083889 ], [ 93.689666699999989, 19.1152229 ], [ 93.694191, 19.1196384 ], [ 93.6997223, 19.1208611 ], [ 93.7070313, 19.1172771 ], [ 93.7125854, 19.1175842 ], [ 93.7286911, 19.1235275 ], [ 93.736419700000013, 19.1233883 ], [ 93.7420273, 19.120945 ], [ 93.7475815, 19.1212502 ], [ 93.7454758, 19.1161671 ], [ 93.7302246, 19.1173325 ], [ 93.7124176, 19.1116104 ], [ 93.7066422, 19.1108341 ], [ 93.7015305, 19.1142216 ], [ 93.6976395, 19.1146393 ], [ 93.7011414, 19.1057224 ], [ 93.6966095, 19.1010551 ], [ 93.6900864, 19.084444 ], [ 93.6865005, 19.0813885 ], [ 93.680191, 19.0790558 ], [ 93.678802499999989, 19.0785561 ], [ 93.6720276, 19.0721664 ], [ 93.665947, 19.0664158 ], [ 93.665863, 19.0644722 ], [ 93.6657791, 19.0628338 ], [ 93.6646423, 19.0383892 ], [ 93.66642, 19.0332222 ], [ 93.6668091, 19.0320549 ], [ 93.6742249, 19.0102501 ], [ 93.6783905, 19.0061665 ], [ 93.6804428, 19.0065842 ], [ 93.684387199999989, 19.0073891 ], [ 93.6921387, 19.0065556 ], [ 93.6955032, 19.0088882 ], [ 93.6982803, 19.0165272 ], [ 93.705864, 19.0099449 ], [ 93.7102203, 19.0077229 ], [ 93.7150574, 19.0075283 ], [ 93.7255554, 18.9989452 ], [ 93.7288589, 18.9881668 ], [ 93.7345276, 18.978611 ], [ 93.7401657, 18.9729176 ], [ 93.7448044, 18.9688606 ], [ 93.7728348, 18.966444 ], [ 93.7840805, 18.9553051 ], [ 93.8013306, 18.9475002 ], [ 93.8520279, 18.9119453 ], [ 93.8670807, 18.9029999 ], [ 93.8724976, 18.8955002 ], [ 93.8869705, 18.8940563 ], [ 93.8923035, 18.8922787 ], [ 93.9179153, 18.8705006 ], [ 93.9285584, 18.8506393 ], [ 93.9324417, 18.8474731 ], [ 93.9372787, 18.8473053 ], [ 93.9415817, 18.8505554 ], [ 93.945419300000012, 18.8613338 ], [ 93.9457779, 18.8623333 ], [ 93.946167, 18.8694439 ], [ 93.9441681, 18.875639 ], [ 93.9434433, 18.8765564 ], [ 93.9432755, 18.8767509 ], [ 93.938774099999989, 18.882473 ], [ 93.9399414, 18.8856945 ], [ 93.9442215, 18.8901119 ], [ 93.945861799999989, 18.8949718 ], [ 93.9560547, 18.8973064 ], [ 93.9595871, 18.8981113 ], [ 93.9607239, 18.901556 ], [ 93.960083, 18.9028053 ], [ 93.9594193, 18.9040833 ], [ 93.9572754, 18.9081936 ], [ 93.955947900000012, 18.9191952 ], [ 93.9654999, 18.9268894 ], [ 93.9691086, 18.9276104 ], [ 93.9747238, 18.9412498 ], [ 93.978775, 18.9458885 ], [ 93.9819717, 18.9528332 ], [ 93.9823074, 18.9535828 ], [ 93.9858322, 18.9613609 ], [ 93.9769135, 18.9803333 ], [ 93.9706421, 18.9997768 ], [ 93.955665599999989, 19.02075 ], [ 93.958999600000013, 19.0235558 ], [ 93.9596939, 19.0263329 ], [ 93.952308699999989, 19.0577221 ], [ 93.9547501, 19.0749722 ], [ 93.953392, 19.0885277 ], [ 93.9545288, 19.0933609 ], [ 93.9580307, 19.1037502 ], [ 93.965637199999989, 19.1123333 ], [ 93.9676971, 19.1238327 ], [ 93.95578, 19.1301384 ], [ 93.9472198, 19.136694 ], [ 93.940109299999989, 19.1451397 ], [ 93.9298019, 19.1585827 ], [ 93.922554, 19.1777782 ], [ 93.9112778, 19.1961384 ], [ 93.9092255, 19.1994724 ], [ 93.9123306, 19.2029438 ], [ 93.9215012, 19.2028332 ], [ 93.9283371, 19.1985283 ], [ 93.931694, 19.2004166 ], [ 93.937973, 19.2011662 ], [ 93.9453354, 19.1934452 ], [ 93.945388799999989, 19.188612 ], [ 93.938636800000012, 19.1855564 ], [ 93.9372482, 19.1820831 ], [ 93.9385529, 19.1722221 ], [ 93.9438629, 19.1561947 ], [ 93.9502258, 19.148695 ], [ 93.9572754, 19.1444168 ], [ 93.9594421, 19.1432228 ], [ 93.9662781, 19.1394444 ], [ 93.977668799999989, 19.1368332 ], [ 93.9908905, 19.144556 ], [ 93.992775, 19.1471119 ], [ 94.0, 19.1501675 ], [ 94.0049973, 19.1555004 ], [ 94.007804900000011, 19.1631107 ], [ 94.0028305, 19.1754723 ], [ 93.9964447, 19.1843605 ], [ 93.9926682, 19.1969719 ], [ 93.9913864, 19.2229176 ], [ 93.993530299999989, 19.2263889 ], [ 93.996582, 19.2124176 ], [ 93.9970016, 19.1981659 ], [ 93.9974747, 19.1971397 ], [ 94.0031967, 19.1848888 ], [ 94.0090561, 19.1799164 ], [ 94.016304, 19.1813602 ], [ 94.0246658, 19.1885834 ], [ 94.0354462, 19.2176666 ], [ 94.0263367, 19.2738609 ], [ 94.0256653, 19.2876396 ], [ 94.0290833, 19.305584 ], [ 94.0316696, 19.3120556 ], [ 94.0315018, 19.3281384 ], [ 94.0342789, 19.336916 ], [ 94.0394135, 19.3453064 ], [ 94.0594482, 19.3589993 ], [ 94.0687485, 19.3705826 ], [ 94.069664, 19.3735828 ], [ 94.0685806, 19.3853054 ], [ 94.0715027, 19.3837223 ], [ 94.0761948, 19.3745842 ], [ 94.0763092, 19.3660831 ], [ 94.0684204, 19.3558884 ], [ 94.043525699999989, 19.311945 ], [ 94.0419693, 19.3002224 ], [ 94.0462189, 19.288084 ], [ 94.0434189, 19.2809448 ], [ 94.0425568, 19.2708054 ], [ 94.046669, 19.2497501 ], [ 94.0469437, 19.248333 ], [ 94.0509186, 19.2394161 ], [ 94.0540848, 19.2371674 ], [ 94.0632782, 19.2365551 ], [ 94.0710526, 19.2338886 ], [ 94.0662537, 19.2313061 ], [ 94.0553894, 19.229805 ], [ 94.0520248, 19.2270279 ], [ 94.0491943, 19.2205563 ], [ 94.050087, 19.207695 ], [ 94.0335846, 19.1700554 ], [ 94.0341949, 19.1599731 ], [ 94.0333633, 19.1558609 ], [ 94.0316925, 19.1475277 ], [ 94.0328598, 19.129612 ], [ 94.0346146, 19.1245842 ], [ 94.0402222, 19.1202774 ], [ 94.046524, 19.119194 ], [ 94.0525589, 19.1206398 ], [ 94.0568314, 19.1254997 ], [ 94.0579147, 19.1369991 ], [ 94.0674973, 19.1635284 ], [ 94.0677185, 19.1674442 ], [ 94.0619431, 19.1855278 ], [ 94.0623856, 19.1880836 ], [ 94.0650558, 19.1876392 ], [ 94.0682755, 19.1819172 ], [ 94.0735245, 19.1649723 ], [ 94.0724182, 19.1569176 ], [ 94.0625534, 19.1317787 ], [ 94.064804099999989, 19.1262779 ], [ 94.0686646, 19.1265564 ], [ 94.0911407, 19.1483898 ], [ 94.0916138, 19.1511116 ], [ 94.0920258, 19.1536942 ], [ 94.0939407, 19.1566944 ], [ 94.0926666, 19.1821938 ], [ 94.1002502, 19.1530838 ], [ 94.107528699999989, 19.1513329 ], [ 94.1205826, 19.1516953 ], [ 94.1294708, 19.1561394 ], [ 94.1320801, 19.1591663 ], [ 94.1341629, 19.1674442 ], [ 94.1336365, 19.1720276 ], [ 94.1338348, 19.1782494 ], [ 94.1357193, 19.1796398 ], [ 94.1379471, 19.1771393 ], [ 94.1396942, 19.1709442 ], [ 94.138473499999989, 19.1514168 ], [ 94.133667, 19.1474438 ], [ 94.1206665, 19.1434174 ], [ 94.1032791, 19.1434727 ], [ 94.0931396, 19.1415272 ], [ 94.0814743, 19.1262226 ], [ 94.0709152, 19.1206112 ], [ 94.0579987, 19.1169453 ], [ 94.0540543, 19.1158333 ], [ 94.0374756, 19.1066952 ], [ 94.0336685, 19.1020565 ], [ 94.0268326, 19.0870285 ], [ 94.027168300000014, 19.0792217 ], [ 94.0335007, 19.0760841 ], [ 94.0545273, 19.075388 ], [ 94.0681915, 19.0842781 ], [ 94.0793076, 19.0839176 ], [ 94.0845871, 19.0865002 ], [ 94.0888596, 19.0923061 ], [ 94.0888367, 19.0959721 ], [ 94.0916138, 19.0998611 ], [ 94.0926361, 19.101305 ], [ 94.0990829, 19.107584 ], [ 94.108253499999989, 19.1085835 ], [ 94.1132202, 19.1187496 ], [ 94.1160812, 19.120388 ], [ 94.1216354, 19.1209164 ], [ 94.128974899999989, 19.1149998 ], [ 94.1354752, 19.1157494 ], [ 94.143890399999989, 19.1209164 ], [ 94.146553, 19.1190834 ], [ 94.1434479, 19.115612 ], [ 94.1302185, 19.1104164 ], [ 94.1214752, 19.1160831 ], [ 94.1176147, 19.1148891 ], [ 94.109024, 19.1051388 ], [ 94.1083298, 19.1028328 ], [ 94.111557, 19.0948334 ], [ 94.1156921, 19.091444 ], [ 94.1271133, 19.0876389 ], [ 94.122779799999989, 19.0846119 ], [ 94.1181946, 19.0847778 ], [ 94.1064758, 19.0943336 ], [ 94.0970306, 19.0985832 ], [ 94.0932465, 19.0886669 ], [ 94.0896683, 19.0849438 ], [ 94.0964737, 19.0820274 ], [ 94.1020813, 19.0765839 ], [ 94.0972748, 19.0751381 ], [ 94.0844727, 19.075695 ], [ 94.0782242, 19.0733337 ], [ 94.0585556, 19.0598049 ], [ 94.0521927, 19.0461941 ], [ 94.0553589, 19.0439167 ], [ 94.0599442, 19.0448895 ], [ 94.0631638, 19.0375557 ], [ 94.0544205, 19.0225277 ], [ 94.046058699999989, 19.0128059 ], [ 94.0375824, 18.9959164 ], [ 94.0364151, 18.991333 ], [ 94.0389175, 18.9846935 ], [ 94.0409164, 18.9787216 ], [ 94.0400314, 18.9725285 ], [ 94.0442505, 18.9613056 ], [ 94.0461426, 18.9454727 ], [ 94.0526962, 18.9407215 ], [ 94.055191, 18.9352226 ], [ 94.0542526, 18.9333897 ], [ 94.0467758, 18.9321384 ], [ 94.0419693, 18.928194 ], [ 94.0361099, 18.9150276 ], [ 94.0352478, 18.905611 ], [ 94.0309753, 18.9004993 ], [ 94.0315018, 18.8963604 ], [ 94.0351639, 18.8936386 ], [ 94.0453339, 18.8903065 ], [ 94.0534134, 18.8899994 ], [ 94.0595856, 18.8897781 ], [ 94.0669174, 18.8797493 ], [ 94.0669479, 18.8779163 ], [ 94.0718079, 18.8742771 ], [ 94.074943499999989, 18.8738613 ], [ 94.086441, 18.8797493 ], [ 94.0911942, 18.8889713 ], [ 94.0965576, 18.9060268 ], [ 94.0970535, 18.9255562 ], [ 94.0995865, 18.9356937 ], [ 94.107223499999989, 18.9428883 ], [ 94.108833300000015, 18.9596386 ], [ 94.109169, 18.9631386 ], [ 94.112999, 18.9661675 ], [ 94.1161652, 18.9625282 ], [ 94.1174469, 18.9577217 ], [ 94.1123352, 18.9395008 ], [ 94.1085281, 18.934639 ], [ 94.1085815, 18.9295826 ], [ 94.1171417, 18.9195557 ], [ 94.1179962, 18.9071674 ], [ 94.1250305, 18.9053898 ], [ 94.12603, 18.9035835 ], [ 94.122917199999989, 18.8996391 ], [ 94.1251373, 18.8964443 ], [ 94.1333313, 18.8953896 ], [ 94.1353073, 18.8919449 ], [ 94.133667, 18.8882504 ], [ 94.1309738, 18.8919163 ], [ 94.1244431, 18.8920555 ], [ 94.1208038, 18.8950272 ], [ 94.1190567, 18.9002781 ], [ 94.1113358, 18.8988342 ], [ 94.1057205, 18.8996944 ], [ 94.1023865, 18.8974724 ], [ 94.0974731, 18.8882504 ], [ 94.090637199999989, 18.8806114 ], [ 94.0812531, 18.8716393 ], [ 94.0738297, 18.8676395 ], [ 94.0692215, 18.8684998 ], [ 94.0636139, 18.8730564 ], [ 94.059166, 18.8828888 ], [ 94.0521393, 18.8855553 ], [ 94.0439453, 18.8845558 ], [ 94.038085900000013, 18.8757496 ], [ 94.0337524, 18.869278 ], [ 94.0309143, 18.8632774 ], [ 94.0392761, 18.8498058 ], [ 94.0446396, 18.8455009 ], [ 94.0552521, 18.8460827 ], [ 94.064857500000016, 18.8505554 ], [ 94.0736694, 18.8591385 ], [ 94.0908356, 18.8565559 ], [ 94.0944138, 18.8588886 ], [ 94.101806599999989, 18.8683891 ], [ 94.1082764, 18.8705273 ], [ 94.1133041, 18.8758602 ], [ 94.1249466, 18.8779163 ], [ 94.1286926, 18.8785553 ], [ 94.1309204, 18.8760548 ], [ 94.1302185, 18.8735275 ], [ 94.1204147, 18.8640003 ], [ 94.11689, 18.8566113 ], [ 94.1270294, 18.8567219 ], [ 94.1296387, 18.8604164 ], [ 94.1358871, 18.8625565 ], [ 94.1389694, 18.8664722 ], [ 94.1466675, 18.8848057 ], [ 94.1568069, 18.8891945 ], [ 94.1652527, 18.8908882 ], [ 94.1696091, 18.8899994 ], [ 94.1715851, 18.8840561 ], [ 94.1703873, 18.8824158 ], [ 94.1566696, 18.8820553 ], [ 94.152336100000014, 18.8794994 ], [ 94.1497498, 18.8732491 ], [ 94.1506424, 18.8583336 ], [ 94.1458359, 18.8353062 ], [ 94.1468048, 18.8336945 ], [ 94.158165, 18.8315277 ], [ 94.1637192, 18.8320274 ], [ 94.1759415, 18.8395004 ], [ 94.1762238, 18.8346939 ], [ 94.1736145, 18.8309994 ], [ 94.1678619, 18.8284168 ], [ 94.1584702, 18.8262501 ], [ 94.1563034, 18.8269157 ], [ 94.146698, 18.8235836 ], [ 94.1440811, 18.8198891 ], [ 94.146553, 18.8143883 ], [ 94.1568069, 18.8034725 ], [ 94.1616135, 18.8037491 ], [ 94.1616364, 18.8019161 ], [ 94.1711121, 18.794445 ], [ 94.1799469, 18.7814159 ], [ 94.1831131, 18.7796116 ], [ 94.1873322, 18.7886105 ], [ 94.1916351, 18.7937222 ], [ 94.1971664, 18.7951393 ], [ 94.1993637, 18.7931118 ], [ 94.1974182, 18.7909451 ], [ 94.1943359, 18.7875271 ], [ 94.1920013, 18.7813053 ], [ 94.1916351, 18.7711945 ], [ 94.2001648, 18.7604713 ], [ 94.2038879, 18.7527218 ], [ 94.2074738, 18.7552776 ], [ 94.2054749, 18.7621384 ], [ 94.2094421, 18.7741394 ], [ 94.2129974, 18.7783051 ], [ 94.2243042, 18.7811661 ], [ 94.2248077, 18.7793331 ], [ 94.2185822, 18.7769718 ], [ 94.2154999, 18.7709713 ], [ 94.2141953, 18.7583332 ], [ 94.2073364, 18.7449169 ], [ 94.2063904, 18.743084 ], [ 94.2112808, 18.7360001 ], [ 94.2168884, 18.7310009 ], [ 94.2250824, 18.7306385 ], [ 94.2387772, 18.7346668 ], [ 94.2444992, 18.7409172 ], [ 94.2491684, 18.7552223 ], [ 94.2523346, 18.7534161 ], [ 94.2540588, 18.7499714 ], [ 94.2512207, 18.7426109 ], [ 94.25299840000001, 18.7341118 ], [ 94.2604446, 18.7374172 ], [ 94.272720299999989, 18.7386665 ], [ 94.2787781, 18.7378063 ], [ 94.2799988, 18.7350559 ], [ 94.2778625, 18.7313614 ], [ 94.2711105, 18.7311382 ], [ 94.2588348, 18.7307224 ], [ 94.2511673, 18.7265282 ], [ 94.2468338, 18.7262497 ], [ 94.241806, 18.7218342 ], [ 94.2352753, 18.7233887 ], [ 94.233139, 18.7212772 ], [ 94.22686, 18.7219162 ], [ 94.2196655, 18.7181664 ], [ 94.2156143, 18.7179718 ], [ 94.2141418, 18.7178898 ], [ 94.2070847, 18.7240276 ], [ 94.194252, 18.7294159 ], [ 94.1744995, 18.7282772 ], [ 94.1743088, 18.7232227 ], [ 94.177002, 18.7191391 ], [ 94.1752472, 18.7158604 ], [ 94.1743317, 18.714138 ], [ 94.1715012, 18.7142506 ], [ 94.163108799999989, 18.7243881 ], [ 94.151474, 18.7383881 ], [ 94.1416092, 18.7380562 ], [ 94.140892, 18.7360001 ], [ 94.143692, 18.7301674 ], [ 94.1719131, 18.7004719 ], [ 94.1820831, 18.6959724 ], [ 94.2158356, 18.6721668 ], [ 94.2318573, 18.658556 ], [ 94.2401962, 18.6457787 ], [ 94.2418365, 18.6341114 ], [ 94.2420273, 18.6329174 ], [ 94.2459412, 18.6265278 ], [ 94.2452469, 18.622139 ], [ 94.2472763, 18.6143608 ], [ 94.2511673, 18.6102505 ], [ 94.2579193, 18.6084728 ], [ 94.2567749, 18.6027222 ], [ 94.2549133, 18.6018333 ], [ 94.253418, 18.6010838 ], [ 94.2500305, 18.6028881 ], [ 94.2481384, 18.6012783 ], [ 94.247192399999989, 18.5973606 ], [ 94.2555008, 18.5864162 ], [ 94.257164, 18.5657501 ], [ 94.255806, 18.5572224 ], [ 94.2513351, 18.546833 ], [ 94.2554474, 18.5448055 ], [ 94.2626419, 18.5485554 ], [ 94.2626953, 18.5423603 ], [ 94.2599411, 18.5299168 ], [ 94.2510529, 18.5275555 ], [ 94.2491684, 18.5245285 ], [ 94.2499161, 18.5227222 ], [ 94.2535248, 18.5211391 ], [ 94.2608871, 18.5067215 ], [ 94.2767258, 18.4915562 ], [ 94.2801132, 18.488306 ], [ 94.2872238, 18.4764175 ], [ 94.2884979, 18.4686394 ], [ 94.2918854, 18.4647503 ], [ 94.2967529, 18.4622784 ], [ 94.299720799999989, 18.4521942 ], [ 94.303833, 18.4494724 ], [ 94.3098602, 18.4483891 ], [ 94.3225021, 18.4358616 ], [ 94.3262482, 18.4211941 ], [ 94.3301697, 18.4143333 ], [ 94.3295288, 18.4065285 ], [ 94.3370285, 18.4033604 ], [ 94.3391953, 18.3907509 ], [ 94.3398361, 18.3870831 ], [ 94.3376389, 18.3661671 ], [ 94.3405533, 18.3618336 ], [ 94.341774, 18.3611393 ], [ 94.3455582, 18.3669167 ], [ 94.3494186, 18.3665009 ], [ 94.35186, 18.3626118 ], [ 94.369194, 18.3602505 ], [ 94.3753891, 18.3651104 ], [ 94.3816376, 18.3656387 ], [ 94.3871918, 18.3629169 ], [ 94.3930283, 18.3570004 ], [ 94.3943329, 18.3522491 ], [ 94.394407582605865, 18.351968073995401 ], [ 94.395527457201908, 18.352175495123991 ], [ 94.398703768607717, 18.348328083374042 ], [ 94.402275100000011, 18.3462772 ], [ 94.3973084, 18.3375282 ], [ 94.398224067986376, 18.335979208116772 ], [ 94.399556, 18.334972 ], [ 94.399019729132078, 18.334633226085248 ], [ 94.4009705, 18.3313332 ], [ 94.3990021, 18.3284168 ], [ 94.3978882, 18.3267231 ], [ 94.4039688, 18.3201103 ], [ 94.4074173, 18.3107224 ], [ 94.4021683, 18.3069992 ], [ 94.3993073, 18.3028336 ], [ 94.3909149, 18.299778 ], [ 94.388580300000015, 18.2942505 ], [ 94.390156749819326, 18.291782896670512 ], [ 94.393778, 18.289972 ], [ 94.392216566965359, 18.288558682626146 ], [ 94.393692, 18.2862492 ], [ 94.3910828, 18.2834721 ], [ 94.384403978402617, 18.281487186823515 ], [ 94.384111, 18.281222 ], [ 94.383789143435848, 18.281340804884223 ], [ 94.3763351, 18.2818604 ], [ 94.3721085, 18.2821674 ], [ 94.3684692, 18.2858047 ], [ 94.3665009, 18.2906113 ], [ 94.3609161, 18.2956104 ], [ 94.3551407, 18.2976379 ], [ 94.3513336, 18.2918606 ], [ 94.3405304, 18.2901382 ], [ 94.3338623, 18.2941666 ], [ 94.3330307, 18.2946663 ], [ 94.332184203596213, 18.29696485993648 ], [ 94.330028, 18.297889 ], [ 94.329494928871512, 18.301987677292804 ], [ 94.328392, 18.3019714 ], [ 94.3224716, 18.293417 ], [ 94.3228073, 18.283083 ], [ 94.3207474, 18.2718048 ], [ 94.322052, 18.2642498 ], [ 94.3282242, 18.2470837 ], [ 94.333257172383597, 18.244018582894014 ], [ 94.336667, 18.242889 ], [ 94.340028, 18.247917 ], [ 94.348333, 18.251222 ], [ 94.360778, 18.247056 ], [ 94.369111, 18.252056 ], [ 94.375, 18.252083 ], [ 94.376222, 18.247472 ], [ 94.3825, 18.24375 ], [ 94.4, 18.252917 ], [ 94.405833, 18.250417 ], [ 94.414972, 18.242889 ], [ 94.418722, 18.243333 ], [ 94.417917, 18.24 ], [ 94.427056, 18.2225 ], [ 94.426529350744232, 18.220193007930572 ], [ 94.4267807, 18.2196941 ], [ 94.426323236495875, 18.209936160781204 ], [ 94.429583, 18.206694 ], [ 94.426213395700813, 18.207593198354328 ], [ 94.425972, 18.2024441 ], [ 94.425445599999989, 18.2016945 ], [ 94.4240799, 18.1997776 ], [ 94.420305385482024, 18.194378785331587 ], [ 94.424583, 18.191639 ], [ 94.428786006121001, 18.18372552259186 ], [ 94.432620486109926, 18.178006945472379 ], [ 94.439972, 18.172056 ], [ 94.444556, 18.174167 ], [ 94.434111, 18.182083 ], [ 94.444194, 18.176222 ], [ 94.452917, 18.182472 ], [ 94.44512170172851, 18.168512999196203 ], [ 94.4469147, 18.1691113 ], [ 94.4462814, 18.1603603 ], [ 94.446917581478587, 18.158221387588679 ], [ 94.449972, 18.15375 ], [ 94.45625, 18.153306 ], [ 94.454556, 18.148306 ], [ 94.45875, 18.144167 ], [ 94.455788627375711, 18.144497986300834 ], [ 94.458252, 18.1411667 ], [ 94.457871285781792, 18.139964923410837 ], [ 94.460833, 18.13875 ], [ 94.461222, 18.135806 ], [ 94.457069988245649, 18.137435517956966 ], [ 94.453197946725695, 18.125212888413706 ], [ 94.462091000952483, 18.109079409377895 ], [ 94.4686966, 18.0983047 ], [ 94.470916114760371, 18.093069185558569 ], [ 94.480417, 18.075833 ], [ 94.483694, 18.060833 ], [ 94.483694, 18.059701483417292 ], [ 94.4846954, 18.0557213 ], [ 94.4862747, 18.0380287 ], [ 94.485852983215864, 18.035936394359375 ], [ 94.48875, 18.031639 ], [ 94.484111, 18.024556 ], [ 94.485389, 18.033333 ], [ 94.484567348764784, 18.033597900358231 ], [ 94.4824982, 18.0315838 ], [ 94.481857300000016, 18.0238895 ], [ 94.4807816, 18.0106659 ], [ 94.478292943330928, 18.00731077618164 ], [ 94.483306, 18.00625 ], [ 94.489556, 17.997472 ], [ 94.492028, 17.992472 ], [ 94.490417, 17.978306 ], [ 94.486278, 17.981667 ], [ 94.489583, 17.992472 ], [ 94.479972, 18.002028 ], [ 94.470417, 17.997444 ], [ 94.471278, 17.990833 ], [ 94.475417, 17.989139 ], [ 94.473333, 17.987083 ], [ 94.469556, 17.990861 ], [ 94.467721529791106, 18.003223773345688 ], [ 94.4676361, 18.0031948 ], [ 94.4614716, 17.994194 ], [ 94.4547806, 17.9936676 ], [ 94.450844159759981, 17.994770518544765 ], [ 94.450861, 17.99375 ], [ 94.457917, 17.993361 ], [ 94.458306, 17.982056 ], [ 94.447056, 17.993306 ], [ 94.44856762462156, 17.995408362045204 ], [ 94.4396133, 17.9979172 ], [ 94.4374695, 17.9955826 ], [ 94.4382477, 17.9896107 ], [ 94.4453354, 17.9749718 ], [ 94.4461365, 17.9674168 ], [ 94.4590302, 17.9470825 ], [ 94.4731979, 17.9192219 ], [ 94.481498699999989, 17.9029446 ], [ 94.4849701, 17.8885002 ], [ 94.4833603, 17.881361 ], [ 94.485289455761148, 17.876890342574189 ], [ 94.486194, 17.876667 ], [ 94.486244112653395, 17.874678004923478 ], [ 94.487999, 17.8706112 ], [ 94.487220799999989, 17.8508339 ], [ 94.484169, 17.8446102 ], [ 94.484385199269695, 17.841002969884148 ], [ 94.484583, 17.840806 ], [ 94.485215670261624, 17.838790018302436 ], [ 94.4885864, 17.8333893 ], [ 94.493248, 17.8201103 ], [ 94.4889145, 17.7991104 ], [ 94.4884186, 17.7966385 ], [ 94.4897537, 17.7824173 ], [ 94.490294995413862, 17.781406589230084 ], [ 94.494139, 17.779556 ], [ 94.497472, 17.784583 ], [ 94.503361, 17.785389 ], [ 94.504194, 17.780417 ], [ 94.500833, 17.78375 ], [ 94.496264246346755, 17.779157747981166 ], [ 94.4981689, 17.7788048 ], [ 94.5030518, 17.766222 ], [ 94.504786351720995, 17.764593420635958 ], [ 94.51, 17.762056 ], [ 94.518306, 17.76125 ], [ 94.53375, 17.745806 ], [ 94.534130556059921, 17.744457916727331 ], [ 94.5447769, 17.7348614 ], [ 94.5469971, 17.7291393 ], [ 94.5453644, 17.7220268 ], [ 94.5404129, 17.7123337 ], [ 94.5359192, 17.7083893 ], [ 94.5354691, 17.7044716 ], [ 94.537491864170832, 17.700278405823166 ], [ 94.539583, 17.699972 ], [ 94.539328717662386, 17.698700588311951 ], [ 94.5407791, 17.6976395 ], [ 94.542305, 17.6873055 ], [ 94.5416412, 17.6813335 ], [ 94.5443344, 17.6753883 ], [ 94.544795327096324, 17.675124768755531 ], [ 94.550417, 17.679972 ], [ 94.546306, 17.675806 ], [ 94.549028100769803, 17.672704715513664 ], [ 94.5510864, 17.6715279 ], [ 94.551918, 17.6703339 ], [ 94.5554428, 17.6653614 ], [ 94.5576935, 17.6539173 ], [ 94.5608368, 17.649334 ], [ 94.5585022, 17.642889 ], [ 94.558733943429544, 17.637827243610769 ], [ 94.565806, 17.652889 ], [ 94.56875, 17.645806 ], [ 94.568625228369243, 17.644602337787251 ], [ 94.569252, 17.645277 ], [ 94.572293183993736, 17.640104720467502 ], [ 94.573722, 17.654139 ], [ 94.57625, 17.656639 ], [ 94.577056, 17.638333 ], [ 94.575463849445015, 17.635650873347341 ], [ 94.5789185, 17.6327229 ], [ 94.5883865, 17.6192493 ], [ 94.5853043, 17.6148605 ], [ 94.5846634, 17.6035824 ], [ 94.5808868, 17.5971394 ], [ 94.5775528, 17.5943604 ], [ 94.5768585, 17.591362 ], [ 94.5782471, 17.5895824 ], [ 94.5846939, 17.5812778 ], [ 94.586051900000015, 17.5795002 ], [ 94.587511574099992, 17.579045847293116 ], [ 94.589111, 17.579583 ], [ 94.590627060740957, 17.578076089873566 ], [ 94.596138, 17.5763607 ], [ 94.5980835, 17.5731659 ], [ 94.597724899999989, 17.5612221 ], [ 94.6001358, 17.5561676 ], [ 94.6073303, 17.5541668 ], [ 94.6111374, 17.5501118 ], [ 94.6112747, 17.5401936 ], [ 94.6098633, 17.5365009 ], [ 94.604805, 17.5410557 ], [ 94.6018906, 17.5467777 ], [ 94.5982742, 17.5488052 ], [ 94.592308, 17.5487785 ], [ 94.588981287880245, 17.553612771830185 ], [ 94.584972, 17.55375 ], [ 94.580361, 17.564167 ], [ 94.570444, 17.574167 ], [ 94.566222, 17.589194 ], [ 94.561031252741302, 17.592128183230756 ], [ 94.559639, 17.591444 ], [ 94.5560837, 17.586834 ], [ 94.552108800000013, 17.5762501 ], [ 94.5483322, 17.571167 ], [ 94.5471954, 17.5621948 ], [ 94.5427246, 17.5552769 ], [ 94.5418091, 17.5500278 ], [ 94.541580200000013, 17.5488338 ], [ 94.543525699999989, 17.5440273 ], [ 94.5589981, 17.5253048 ], [ 94.5619431, 17.5177498 ], [ 94.562027, 17.505806 ], [ 94.5654449, 17.4982777 ], [ 94.5617752, 17.4803333 ], [ 94.5640259, 17.4672508 ], [ 94.5637589, 17.4660835 ], [ 94.559639, 17.4481659 ], [ 94.5628586, 17.4373894 ], [ 94.5624466, 17.4319725 ], [ 94.561554, 17.4199448 ], [ 94.5633316, 17.4084721 ], [ 94.5624161, 17.4022503 ], [ 94.56317689212996, 17.399458191360544 ], [ 94.563333, 17.399556 ], [ 94.56494049980661, 17.39751814591445 ], [ 94.5689468, 17.394722 ], [ 94.5716629, 17.3828049 ], [ 94.5700531, 17.3740826 ], [ 94.5742798, 17.3573608 ], [ 94.5702744, 17.3313065 ], [ 94.5715027, 17.3171387 ], [ 94.576082970569018, 17.312109295010476 ], [ 94.585, 17.310389 ], [ 94.587056, 17.314972 ], [ 94.583778, 17.320861 ], [ 94.59, 17.322056 ], [ 94.587861, 17.310833 ], [ 94.592472, 17.306194 ], [ 94.598306, 17.310417 ], [ 94.602111, 17.3075 ], [ 94.5925, 17.300417 ], [ 94.589553708400544, 17.300950883163441 ], [ 94.5815277, 17.2885284 ], [ 94.576002323992569, 17.298087266739799 ], [ 94.574611, 17.296639 ], [ 94.57625, 17.2925 ], [ 94.573306, 17.291222 ], [ 94.570444, 17.302472 ], [ 94.567056, 17.302444 ], [ 94.568666409207353, 17.306418587184261 ], [ 94.567209616540552, 17.307747464208564 ], [ 94.566971928674576, 17.307907116274588 ], [ 94.552475, 17.3052769 ], [ 94.550515175376702, 17.306878963140903 ], [ 94.550028, 17.305389 ], [ 94.542472, 17.305389 ], [ 94.542056, 17.311639 ], [ 94.545417, 17.315 ], [ 94.543102274806614, 17.319338103642433 ], [ 94.5408859, 17.3189716 ], [ 94.5366974, 17.3095284 ], [ 94.5369415, 17.3060837 ], [ 94.5463867, 17.2903061 ], [ 94.5376358, 17.2817497 ], [ 94.5312195, 17.2775555 ], [ 94.5264435, 17.2768326 ], [ 94.523779486358023, 17.281011498036129 ], [ 94.520833, 17.281222 ], [ 94.519139, 17.278722 ], [ 94.517056, 17.286639 ], [ 94.518903495272426, 17.289350259295912 ], [ 94.517892505292053, 17.29360391518318 ], [ 94.516639, 17.294583 ], [ 94.513333, 17.292083 ], [ 94.514571006196419, 17.29739256097519 ], [ 94.5111923, 17.3005829 ], [ 94.5083313, 17.2998886 ], [ 94.5094452, 17.2826672 ], [ 94.5082779, 17.2773895 ], [ 94.5041217, 17.2695924 ], [ 94.499953139306697, 17.270072527590113 ], [ 94.49875, 17.2675 ], [ 94.492472, 17.267889 ], [ 94.490417, 17.263333 ], [ 94.497472, 17.256278 ], [ 94.502889, 17.256639 ], [ 94.504556, 17.248306 ], [ 94.497111, 17.2375 ], [ 94.494556, 17.229139 ], [ 94.496222, 17.220806 ], [ 94.492056, 17.215861 ], [ 94.4975, 17.217083 ], [ 94.5075, 17.212861 ], [ 94.511667, 17.217083 ], [ 94.515806, 17.207917 ], [ 94.519111, 17.210361 ], [ 94.520806, 17.205361 ], [ 94.526667, 17.205444 ], [ 94.527472, 17.20875 ], [ 94.529583, 17.2025 ], [ 94.522917, 17.199167 ], [ 94.532917, 17.1875 ], [ 94.53, 17.182056 ], [ 94.519556, 17.184139 ], [ 94.52125, 17.178333 ], [ 94.512889, 17.169167 ], [ 94.517056, 17.160806 ], [ 94.514139, 17.15625 ], [ 94.507083, 17.154167 ], [ 94.50875, 17.161667 ], [ 94.506667, 17.165361 ], [ 94.500833, 17.161222 ], [ 94.489528, 17.161639 ], [ 94.485417, 17.168333 ], [ 94.487944, 17.171639 ], [ 94.487528, 17.182028 ], [ 94.479139, 17.179556 ], [ 94.47875, 17.170861 ], [ 94.47125, 17.166667 ], [ 94.466639, 17.157917 ], [ 94.462472, 17.157083 ], [ 94.477056, 17.175861 ], [ 94.475833, 17.178722 ], [ 94.462889, 17.181639 ], [ 94.463278, 17.194556 ], [ 94.440389, 17.183361 ], [ 94.442972, 17.165833 ], [ 94.451306, 17.154167 ], [ 94.445806, 17.156222 ], [ 94.445444, 17.1525 ], [ 94.452083, 17.149167 ], [ 94.455028, 17.14125 ], [ 94.466667, 17.146194 ], [ 94.470806, 17.145417 ], [ 94.480417, 17.1375 ], [ 94.487917, 17.123333 ], [ 94.477056, 17.093333 ], [ 94.466639, 17.08125 ], [ 94.457111, 17.075 ], [ 94.458333, 17.072056 ], [ 94.464556, 17.074139 ], [ 94.462917, 17.064111 ], [ 94.462917, 17.069167 ], [ 94.459139, 17.068722 ], [ 94.455028, 17.072889 ], [ 94.449583, 17.067472 ], [ 94.451222, 17.056611 ], [ 94.447917, 17.051667 ], [ 94.452028, 17.035778 ], [ 94.45125, 17.004972 ], [ 94.454556, 16.997444 ], [ 94.450417, 16.977528 ], [ 94.452083, 16.969972 ], [ 94.435417, 16.952472 ], [ 94.436667, 16.949556 ], [ 94.447528, 16.950389 ], [ 94.4575, 16.945389 ], [ 94.470417, 16.949139 ], [ 94.458306, 16.942917 ], [ 94.449972, 16.944583 ], [ 94.4475, 16.941194 ], [ 94.437083, 16.938306 ], [ 94.433722, 16.924139 ], [ 94.427889, 16.919139 ], [ 94.432917, 16.914167 ], [ 94.423694, 16.915833 ], [ 94.421278, 16.905806 ], [ 94.408722, 16.896667 ], [ 94.414194, 16.894556 ], [ 94.414194, 16.892028 ], [ 94.391639, 16.90125 ], [ 94.385417, 16.913361 ], [ 94.38125, 16.914972 ], [ 94.382944, 16.906639 ], [ 94.372889, 16.881639 ], [ 94.37625, 16.8675 ], [ 94.384611, 16.859167 ], [ 94.391222, 16.843306 ], [ 94.388694, 16.833333 ], [ 94.394556, 16.817444 ], [ 94.402889, 16.810778 ], [ 94.399556, 16.81 ], [ 94.40125, 16.790833 ], [ 94.392889, 16.779167 ], [ 94.395806, 16.776222 ], [ 94.38, 16.76625 ], [ 94.37125, 16.769167 ], [ 94.37125, 16.742472 ], [ 94.36625, 16.742528 ], [ 94.36625, 16.735806 ], [ 94.356194, 16.7275 ], [ 94.357917, 16.709167 ], [ 94.352083, 16.701639 ], [ 94.350444, 16.693333 ], [ 94.362056, 16.680806 ], [ 94.362889, 16.671667 ], [ 94.35125, 16.634139 ], [ 94.351667, 16.631222 ], [ 94.354556, 16.632472 ], [ 94.352083, 16.627472 ], [ 94.355417, 16.625 ], [ 94.344167, 16.626222 ], [ 94.329194, 16.604556 ], [ 94.32, 16.607889 ], [ 94.317056, 16.603333 ], [ 94.318278, 16.592917 ], [ 94.3225, 16.599556 ], [ 94.336611, 16.585417 ], [ 94.342472, 16.58875 ], [ 94.347111, 16.586667 ], [ 94.344583, 16.585 ], [ 94.347056, 16.578278 ], [ 94.345417, 16.564167 ], [ 94.329528, 16.541667 ], [ 94.33125, 16.535 ], [ 94.326639, 16.536222 ], [ 94.31375, 16.528333 ], [ 94.316639, 16.52625 ], [ 94.305833, 16.521194 ], [ 94.297444, 16.520389 ], [ 94.288306, 16.524583 ], [ 94.284944, 16.519556 ], [ 94.282889, 16.5225 ], [ 94.294611, 16.532472 ], [ 94.291667, 16.540417 ], [ 94.284139, 16.542861 ], [ 94.277528, 16.539583 ], [ 94.2775, 16.537056 ], [ 94.2725, 16.536222 ], [ 94.270778, 16.53875 ], [ 94.259167, 16.533722 ], [ 94.258278, 16.53625 ], [ 94.254583, 16.534944 ], [ 94.257917, 16.532472 ], [ 94.257083, 16.525806 ], [ 94.266278, 16.515833 ], [ 94.27125, 16.500806 ], [ 94.261194, 16.473333 ], [ 94.264556, 16.468306 ], [ 94.260417, 16.47 ], [ 94.263722, 16.459139 ], [ 94.261194, 16.435861 ], [ 94.264583, 16.434167 ], [ 94.257944, 16.434139 ], [ 94.25125, 16.415833 ], [ 94.252889, 16.401639 ], [ 94.241222, 16.378306 ], [ 94.243722, 16.363306 ], [ 94.237917, 16.354139 ], [ 94.246194, 16.350028 ], [ 94.241222, 16.348333 ], [ 94.242472, 16.343722 ], [ 94.239194, 16.351278 ], [ 94.23125, 16.355 ], [ 94.232889, 16.341667 ], [ 94.227083, 16.332472 ], [ 94.227083, 16.313278 ], [ 94.234583, 16.295861 ], [ 94.237889, 16.275806 ], [ 94.235389, 16.256639 ], [ 94.238778, 16.254972 ], [ 94.235806, 16.253722 ], [ 94.228278, 16.259556 ], [ 94.222944, 16.257472 ], [ 94.227861, 16.240806 ], [ 94.224556, 16.231694 ], [ 94.224611, 16.214139 ], [ 94.212056, 16.2025 ], [ 94.217083, 16.183361 ], [ 94.219139, 16.182083 ], [ 94.220806, 16.18625 ], [ 94.223694, 16.181639 ], [ 94.21875, 16.1775 ], [ 94.21875, 16.1575 ], [ 94.211667, 16.157083 ], [ 94.206639, 16.14875 ], [ 94.20125, 16.149972 ], [ 94.207889, 16.130833 ], [ 94.203778, 16.114139 ], [ 94.19875, 16.11 ], [ 94.197917, 16.096667 ], [ 94.203722, 16.091639 ], [ 94.203778, 16.084139 ], [ 94.19875, 16.081639 ], [ 94.202889, 16.079139 ], [ 94.203722, 16.071667 ], [ 94.199528, 16.064972 ], [ 94.201222, 16.058306 ], [ 94.190417, 16.040806 ], [ 94.201306, 16.036611 ], [ 94.199583, 16.0325 ], [ 94.203306, 16.032083 ], [ 94.206278, 16.027472 ], [ 94.207083, 16.016611 ], [ 94.212889, 16.012444 ], [ 94.221222, 15.995806 ], [ 94.227056, 15.990833 ], [ 94.235444, 15.973333 ], [ 94.23875, 15.956639 ], [ 94.2425, 15.952861 ], [ 94.26375, 15.966639 ], [ 94.264528, 15.976667 ], [ 94.275389, 15.985861 ], [ 94.272944, 15.991667 ], [ 94.276667, 16.001222 ], [ 94.294167, 16.002111 ], [ 94.297083, 16.005028 ], [ 94.295, 16.011222 ], [ 94.300861, 16.007917 ], [ 94.315806, 16.017861 ], [ 94.318361, 16.01625 ], [ 94.323722, 16.020806 ], [ 94.322472, 16.028722 ], [ 94.329167, 16.020361 ], [ 94.339139, 16.020417 ], [ 94.351278, 16.049167 ], [ 94.357472, 16.055444 ], [ 94.389972, 16.059583 ], [ 94.398306, 16.055389 ], [ 94.421667, 16.065417 ], [ 94.437917, 16.08 ], [ 94.442889, 16.096667 ], [ 94.452083, 16.110833 ], [ 94.451306, 16.114167 ], [ 94.466222, 16.130806 ], [ 94.468722, 16.138306 ], [ 94.502111, 16.170861 ], [ 94.508778, 16.181639 ], [ 94.507111, 16.1975 ], [ 94.510417, 16.207472 ], [ 94.519167, 16.21125 ], [ 94.522056, 16.218278 ], [ 94.506222, 16.23 ], [ 94.506194, 16.234194 ], [ 94.517889, 16.245806 ], [ 94.520389, 16.241667 ], [ 94.508722, 16.231639 ], [ 94.519167, 16.227083 ], [ 94.525417, 16.220833 ], [ 94.52375, 16.206694 ], [ 94.531611, 16.202889 ], [ 94.5425, 16.209528 ], [ 94.544972, 16.207056 ], [ 94.54875, 16.209139 ], [ 94.551222, 16.230806 ], [ 94.557917, 16.24 ], [ 94.557139, 16.247472 ], [ 94.550389, 16.254972 ], [ 94.553722, 16.256611 ], [ 94.547056, 16.262472 ], [ 94.548694, 16.265444 ], [ 94.553111, 16.265361 ], [ 94.560833, 16.25875 ], [ 94.569194, 16.264528 ], [ 94.577167, 16.262806 ], [ 94.579167, 16.257056 ], [ 94.571222, 16.253333 ], [ 94.57125, 16.235833 ], [ 94.578306, 16.22625 ], [ 94.588306, 16.227028 ], [ 94.596639, 16.231222 ], [ 94.612083, 16.245806 ], [ 94.618306, 16.25625 ], [ 94.622722, 16.256278 ], [ 94.628528, 16.251111 ], [ 94.627528, 16.236222 ], [ 94.606667, 16.227944 ], [ 94.600417, 16.216667 ], [ 94.596639, 16.217056 ], [ 94.572111, 16.1925 ], [ 94.565417, 16.179972 ], [ 94.567056, 16.176639 ], [ 94.563333, 16.176278 ], [ 94.548778, 16.158306 ], [ 94.549583, 16.151639 ], [ 94.546694, 16.154583 ], [ 94.537056, 16.138306 ], [ 94.527111, 16.130778 ], [ 94.528333, 16.127056 ], [ 94.525, 16.12875 ], [ 94.507917, 16.110778 ], [ 94.50625, 16.099944 ], [ 94.49125, 16.079167 ], [ 94.491222, 16.074972 ], [ 94.502917, 16.065833 ], [ 94.49, 16.072917 ], [ 94.48625, 16.070833 ], [ 94.486278, 16.0675 ], [ 94.500389, 16.053333 ], [ 94.484139, 16.064583 ], [ 94.472972, 16.049167 ], [ 94.480833, 16.040389 ], [ 94.492083, 16.036639 ], [ 94.480806, 16.038722 ], [ 94.470833, 16.045389 ], [ 94.459583, 16.033306 ], [ 94.473306, 16.027861 ], [ 94.475, 16.023722 ], [ 94.455833, 16.03125 ], [ 94.446667, 16.017028 ], [ 94.441722, 16.020389 ], [ 94.431611, 16.02125 ], [ 94.424139, 16.015389 ], [ 94.400028, 16.009583 ], [ 94.394167, 16.004583 ], [ 94.390861, 16.007056 ], [ 94.382083, 16.0 ], [ 94.377083, 15.985806 ], [ 94.377056, 15.974944 ], [ 94.389583, 15.920806 ], [ 94.3925, 15.912861 ], [ 94.395833, 15.916222 ], [ 94.397056, 15.913306 ], [ 94.393778, 15.899944 ], [ 94.398722, 15.89 ], [ 94.407083, 15.886667 ], [ 94.405417, 15.880028 ], [ 94.41125, 15.866667 ], [ 94.402944, 15.8475 ], [ 94.392917, 15.837444 ], [ 94.394167, 15.829583 ], [ 94.412944, 15.852472 ], [ 94.418722, 15.855833 ], [ 94.425389, 15.878333 ], [ 94.43375, 15.885 ], [ 94.432139, 15.895861 ], [ 94.436278, 15.907472 ], [ 94.443694, 15.918333 ], [ 94.451194, 15.922472 ], [ 94.44875, 15.934139 ], [ 94.457083, 15.946639 ], [ 94.452889, 15.96 ], [ 94.454556, 15.969167 ], [ 94.457889, 15.970806 ], [ 94.455389, 15.961639 ], [ 94.459556, 15.945833 ], [ 94.451222, 15.933306 ], [ 94.45125, 15.929139 ], [ 94.461667, 15.924583 ], [ 94.475417, 15.937444 ], [ 94.474583, 15.941639 ], [ 94.47875, 15.95 ], [ 94.477083, 15.964139 ], [ 94.479167, 15.970444 ], [ 94.483333, 15.96875 ], [ 94.491667, 15.972917 ], [ 94.513333, 15.987917 ], [ 94.539944, 15.995361 ], [ 94.542472, 16.002083 ], [ 94.5525, 15.99625 ], [ 94.565806, 16.001222 ], [ 94.575806, 16.000389 ], [ 94.587889, 16.017528 ], [ 94.594583, 16.038306 ], [ 94.58, 16.039556 ], [ 94.571667, 16.044556 ], [ 94.569556, 16.049167 ], [ 94.581667, 16.042083 ], [ 94.593333, 16.040389 ], [ 94.601222, 16.054944 ], [ 94.626222, 16.079167 ], [ 94.63675, 16.094111 ], [ 94.642056, 16.09 ], [ 94.638722, 16.082444 ], [ 94.624167, 16.064583 ], [ 94.609583, 16.053333 ], [ 94.608722, 16.043306 ], [ 94.614167, 16.04125 ], [ 94.629583, 16.060833 ], [ 94.633833, 16.061528 ], [ 94.637111, 16.058306 ], [ 94.633722, 16.050806 ], [ 94.633333, 16.04875 ], [ 94.632944, 16.052472 ], [ 94.630389, 16.051639 ], [ 94.615389, 16.028333 ], [ 94.617917, 16.025778 ], [ 94.598722, 16.014167 ], [ 94.575444, 15.979972 ], [ 94.548778, 15.965 ], [ 94.547056, 15.954167 ], [ 94.551222, 15.945833 ], [ 94.573361, 15.932917 ], [ 94.579167, 15.932889 ], [ 94.591639, 15.94375 ], [ 94.608278, 15.948722 ], [ 94.638333, 15.967028 ], [ 94.64475, 15.967167 ], [ 94.651056, 15.9635 ], [ 94.651944, 15.957361 ], [ 94.648333, 15.95125 ], [ 94.608306, 15.935417 ], [ 94.601222, 15.926694 ], [ 94.600361, 15.915 ], [ 94.604583, 15.906639 ], [ 94.625833, 15.885417 ], [ 94.629556, 15.886639 ], [ 94.62875, 15.898306 ], [ 94.631222, 15.903278 ], [ 94.637778, 15.907361 ], [ 94.63375, 15.9 ], [ 94.63625, 15.885806 ], [ 94.633722, 15.867444 ], [ 94.645, 15.857889 ], [ 94.673306, 15.842861 ], [ 94.688333, 15.840417 ], [ 94.695833, 15.842056 ], [ 94.699167, 15.848694 ], [ 94.711667, 15.849583 ], [ 94.721194, 15.855806 ], [ 94.732056, 15.878333 ], [ 94.746222, 15.896639 ], [ 94.764583, 15.929944 ], [ 94.787056, 15.954139 ], [ 94.768778, 15.964167 ], [ 94.75625, 15.993306 ], [ 94.759583, 15.995 ], [ 94.758722, 15.990028 ], [ 94.767083, 15.978306 ], [ 94.770444, 15.966694 ], [ 94.786722, 15.960417 ], [ 94.798278, 15.964556 ], [ 94.807028, 15.980833 ], [ 94.811556, 15.982917 ], [ 94.817528, 15.978917 ], [ 94.821056, 15.972 ], [ 94.820139, 15.956639 ], [ 94.799583, 15.935806 ], [ 94.774528, 15.894167 ], [ 94.77125, 15.8875 ], [ 94.772917, 15.869972 ], [ 94.750389, 15.850806 ], [ 94.739139, 15.832889 ], [ 94.72875, 15.829139 ], [ 94.729583, 15.809139 ], [ 94.733722, 15.795806 ], [ 94.737528, 15.792917 ], [ 94.753306, 15.794556 ], [ 94.799139, 15.787056 ], [ 94.8125, 15.789583 ], [ 94.814611, 15.799167 ], [ 94.812083, 15.814167 ], [ 94.817972, 15.834139 ], [ 94.830417, 15.858306 ], [ 94.842944, 15.865833 ], [ 94.842111, 15.874167 ], [ 94.831278, 15.890833 ], [ 94.835417, 15.891667 ], [ 94.841639, 15.884556 ], [ 94.844583, 15.899167 ], [ 94.847972, 15.867444 ], [ 94.837889, 15.851639 ], [ 94.837889, 15.830806 ], [ 94.841639, 15.827917 ], [ 94.856667, 15.829556 ], [ 94.874111, 15.827056 ], [ 94.876278, 15.835806 ], [ 94.873778, 15.853278 ], [ 94.879778, 15.855139 ], [ 94.887111, 15.833306 ], [ 94.895806, 15.825389 ], [ 94.887444, 15.824583 ], [ 94.869972, 15.814583 ], [ 94.846667, 15.812028 ], [ 94.844167, 15.806194 ], [ 94.84, 15.807889 ], [ 94.83125, 15.795806 ], [ 94.837889, 15.778306 ], [ 94.846722, 15.769556 ], [ 94.858306, 15.763722 ], [ 94.906667, 15.75125 ], [ 94.912083, 15.752472 ], [ 94.906667, 15.757056 ], [ 94.918306, 15.760389 ], [ 94.926222, 15.755861 ], [ 94.925417, 15.749139 ], [ 94.935861, 15.739583 ], [ 94.942472, 15.742111 ], [ 94.955806, 15.74125 ], [ 94.964167, 15.749556 ], [ 94.979167, 15.754583 ], [ 94.987889, 15.763333 ], [ 94.980417, 15.782444 ], [ 94.982083, 15.810833 ], [ 94.97875, 15.841667 ], [ 94.982444, 15.848694 ], [ 94.986278, 15.805806 ], [ 94.983778, 15.782472 ], [ 94.987444, 15.777917 ], [ 94.999139, 15.773722 ], [ 95.004944, 15.782083 ], [ 95.027444, 15.792917 ], [ 95.03625, 15.802472 ], [ 95.042083, 15.828333 ], [ 95.037083, 15.8425 ], [ 95.044972, 15.839556 ], [ 95.052028, 15.851667 ], [ 95.067944, 15.944167 ], [ 95.067944, 15.955 ], [ 95.060861, 15.964611 ], [ 95.06875, 15.966639 ], [ 95.06875, 15.979167 ], [ 95.049583, 16.034194 ], [ 95.052917, 16.035028 ], [ 95.053722, 16.044139 ], [ 95.046278, 16.050806 ], [ 95.0525, 16.047083 ], [ 95.056278, 16.049167 ], [ 95.057944, 16.055806 ], [ 95.052889, 16.060833 ], [ 95.056222, 16.061667 ], [ 95.054528, 16.065806 ], [ 95.060833, 16.05875 ], [ 95.066278, 16.07 ], [ 95.085361, 16.092472 ], [ 95.081667, 16.097056 ], [ 95.089139, 16.094556 ], [ 95.110028, 16.109556 ], [ 95.115444, 16.117472 ], [ 95.12775, 16.120111 ], [ 95.136111, 16.118944 ], [ 95.139944, 16.111111 ], [ 95.139944, 16.102028 ], [ 95.119944, 16.091222 ], [ 95.11375, 16.084972 ], [ 95.093694, 16.049139 ], [ 95.090389, 16.034139 ], [ 95.093333, 16.012944 ], [ 95.09625, 16.019167 ], [ 95.095389, 16.0275 ], [ 95.098722, 16.030833 ], [ 95.094583, 16.000833 ], [ 95.098722, 15.980806 ], [ 95.101694, 15.978722 ], [ 95.105444, 15.981667 ], [ 95.109528, 15.992472 ], [ 95.125417, 15.9925 ], [ 95.127083, 15.988333 ], [ 95.125389, 15.961667 ], [ 95.127889, 15.957472 ], [ 95.123722, 15.954111 ], [ 95.117861, 15.923306 ], [ 95.124194, 15.920389 ], [ 95.127056, 15.929139 ], [ 95.133417, 15.930222 ], [ 95.12875, 15.926639 ], [ 95.126667, 15.919556 ], [ 95.113722, 15.915833 ], [ 95.110389, 15.900833 ], [ 95.107889, 15.8575 ], [ 95.112861, 15.853306 ], [ 95.115389, 15.845028 ], [ 95.109139, 15.84875 ], [ 95.107083, 15.842528 ], [ 95.109583, 15.8325 ], [ 95.108694, 15.811639 ], [ 95.11375, 15.804139 ], [ 95.138333, 15.782889 ], [ 95.155833, 15.777889 ], [ 95.164194, 15.771222 ], [ 95.180806, 15.770417 ], [ 95.200833, 15.77625 ], [ 95.216667, 15.789556 ], [ 95.223333, 15.791222 ], [ 95.22625, 15.799167 ], [ 95.21875, 15.822472 ], [ 95.213722, 15.855806 ], [ 95.203278, 15.86125 ], [ 95.187083, 15.857444 ], [ 95.199167, 15.864556 ], [ 95.213361, 15.859583 ], [ 95.222861, 15.879972 ], [ 95.222944, 15.884167 ], [ 95.213361, 15.886222 ], [ 95.20875, 15.894972 ], [ 95.201222, 15.900806 ], [ 95.200417, 15.913306 ], [ 95.202917, 15.9025 ], [ 95.216667, 15.887889 ], [ 95.224583, 15.89 ], [ 95.229583, 15.908306 ], [ 95.235861, 15.908417 ], [ 95.245389, 15.901667 ], [ 95.232944, 15.878333 ], [ 95.231194, 15.866639 ], [ 95.233333, 15.861222 ], [ 95.240806, 15.861194 ], [ 95.249194, 15.852917 ], [ 95.252444, 15.852944 ], [ 95.261667, 15.85875 ], [ 95.273778, 15.873306 ], [ 95.300417, 15.921667 ], [ 95.307778, 15.92325 ], [ 95.314889, 15.918472 ], [ 95.318278, 15.911167 ], [ 95.307028, 15.899972 ], [ 95.296278, 15.875028 ], [ 95.303306, 15.87375 ], [ 95.318333, 15.887917 ], [ 95.334139, 15.882083 ], [ 95.335389, 15.891306 ], [ 95.339556, 15.883333 ], [ 95.333333, 15.877889 ], [ 95.319194, 15.882917 ], [ 95.306667, 15.867056 ], [ 95.300389, 15.864139 ], [ 95.299556, 15.858278 ], [ 95.303333, 15.857056 ], [ 95.310833, 15.867056 ], [ 95.317083, 15.867444 ], [ 95.304556, 15.854972 ], [ 95.304583, 15.846639 ], [ 95.297056, 15.829972 ], [ 95.305806, 15.817889 ], [ 95.304167, 15.814583 ], [ 95.292917, 15.825833 ], [ 95.300389, 15.8475 ], [ 95.299556, 15.8525 ], [ 95.2875, 15.855389 ], [ 95.281222, 15.851667 ], [ 95.269556, 15.829972 ], [ 95.272889, 15.810778 ], [ 95.27125, 15.800806 ], [ 95.277056, 15.775806 ], [ 95.287472, 15.758778 ], [ 95.305028, 15.759556 ], [ 95.315806, 15.752917 ], [ 95.327528, 15.755417 ], [ 95.328806, 15.753333 ], [ 95.320806, 15.750389 ], [ 95.304972, 15.756222 ], [ 95.289194, 15.754556 ], [ 95.282917, 15.748333 ], [ 95.280444, 15.7375 ], [ 95.28375, 15.727472 ], [ 95.292917, 15.723306 ], [ 95.284944, 15.722889 ], [ 95.277472, 15.732083 ], [ 95.277917, 15.723306 ], [ 95.285, 15.717028 ], [ 95.301611, 15.719556 ], [ 95.320806, 15.70875 ], [ 95.350833, 15.710417 ], [ 95.366639, 15.707889 ], [ 95.417472, 15.715361 ], [ 95.455833, 15.734556 ], [ 95.471222, 15.748333 ], [ 95.470028, 15.751278 ], [ 95.46375, 15.751694 ], [ 95.461639, 15.758778 ], [ 95.465833, 15.75625 ], [ 95.482444, 15.760417 ], [ 95.491667, 15.77375 ], [ 95.548778, 15.825 ], [ 95.565417, 15.849167 ], [ 95.579111, 15.859556 ], [ 95.597056, 15.880806 ], [ 95.621611, 15.90125 ], [ 95.649556, 15.93 ], [ 95.659583, 15.944167 ], [ 95.661222, 15.954972 ], [ 95.674556, 15.965833 ], [ 95.691222, 15.9925 ], [ 95.688778, 15.994944 ], [ 95.68875, 16.005778 ], [ 95.69375, 16.015028 ], [ 95.69375, 16.045806 ], [ 95.712083, 16.076611 ], [ 95.717944, 16.075806 ], [ 95.730417, 16.099139 ], [ 95.72875, 16.1025 ], [ 95.735389, 16.115833 ], [ 95.735389, 16.125 ], [ 95.724556, 16.156639 ], [ 95.719583, 16.213306 ], [ 95.713722, 16.232472 ], [ 95.7175, 16.247056 ], [ 95.72125, 16.243333 ], [ 95.725444, 16.228306 ], [ 95.724556, 16.220806 ], [ 95.734556, 16.176639 ], [ 95.734556, 16.159139 ], [ 95.740417, 16.139972 ], [ 95.749167, 16.129583 ], [ 95.760778, 16.132889 ], [ 95.771611, 16.13125 ], [ 95.786694, 16.13875 ], [ 95.811639, 16.167889 ], [ 95.844583, 16.1925 ], [ 95.847056, 16.200778 ], [ 95.864556, 16.224111 ], [ 95.887083, 16.243306 ], [ 95.891694, 16.252889 ], [ 95.894611, 16.240806 ], [ 95.891278, 16.230806 ], [ 95.882472, 16.219583 ], [ 95.867083, 16.209111 ], [ 95.866222, 16.204139 ], [ 95.878306, 16.201222 ], [ 95.889139, 16.208778 ], [ 95.904167, 16.212917 ], [ 95.925, 16.235389 ], [ 95.937917, 16.244972 ], [ 95.942083, 16.252472 ], [ 95.951667, 16.298722 ], [ 95.954167, 16.294556 ], [ 95.961667, 16.299556 ], [ 95.962917, 16.296694 ], [ 95.955389, 16.284972 ], [ 95.95125, 16.25 ], [ 95.941694, 16.23625 ], [ 95.925361, 16.225806 ], [ 95.917917, 16.215833 ], [ 95.919972, 16.210417 ], [ 95.930806, 16.208722 ], [ 96.0, 16.229583 ], [ 96.027944, 16.254167 ], [ 96.031194, 16.265806 ], [ 96.05125, 16.284139 ], [ 96.057056, 16.295806 ], [ 96.079528, 16.316639 ], [ 96.079556, 16.3275 ], [ 96.074556, 16.339972 ], [ 96.068278, 16.34625 ], [ 96.026611, 16.368722 ], [ 96.005444, 16.387528 ], [ 96.002472, 16.394583 ], [ 96.037472, 16.37375 ], [ 96.056667, 16.36875 ], [ 96.060361, 16.359972 ], [ 96.074167, 16.351222 ], [ 96.078694, 16.353333 ], [ 96.080389, 16.360028 ], [ 96.099139, 16.384583 ], [ 96.096194, 16.374167 ], [ 96.084556, 16.358361 ], [ 96.082889, 16.349972 ], [ 96.104972, 16.323722 ], [ 96.112444, 16.319583 ], [ 96.121611, 16.318722 ], [ 96.143306, 16.329556 ], [ 96.160833, 16.33375 ], [ 96.234111, 16.370417 ], [ 96.252472, 16.371222 ], [ 96.275, 16.379556 ], [ 96.306667, 16.399556 ], [ 96.312083, 16.404972 ], [ 96.31625, 16.416667 ], [ 96.323722, 16.420833 ], [ 96.331194, 16.439167 ], [ 96.330417, 16.454167 ], [ 96.322472, 16.465444 ], [ 96.291639, 16.483722 ], [ 96.26125, 16.519167 ], [ 96.237028, 16.58 ], [ 96.233722, 16.603278 ], [ 96.202861, 16.603278 ], [ 96.205, 16.605361 ], [ 96.220806, 16.604556 ], [ 96.234167, 16.609556 ], [ 96.245417, 16.63 ], [ 96.245417, 16.635 ], [ 96.239583, 16.655833 ], [ 96.221639, 16.662889 ], [ 96.211222, 16.674167 ], [ 96.195361, 16.725833 ], [ 96.187889, 16.736694 ], [ 96.192889, 16.745028 ], [ 96.172444, 16.755389 ], [ 96.169972, 16.753694 ], [ 96.161639, 16.760417 ], [ 96.139167, 16.767056 ], [ 96.134944, 16.767111 ], [ 96.122472, 16.757861 ], [ 96.12125, 16.759972 ], [ 96.129583, 16.767472 ], [ 96.115389, 16.7775 ], [ 96.113722, 16.786639 ], [ 96.117472, 16.800389 ], [ 96.118722, 16.781667 ], [ 96.130833, 16.772083 ], [ 96.159972, 16.765389 ], [ 96.193333, 16.763778 ], [ 96.192472, 16.76875 ], [ 96.178722, 16.776639 ], [ 96.201667, 16.767028 ], [ 96.234139, 16.801194 ], [ 96.249139, 16.807083 ], [ 96.27, 16.808722 ], [ 96.270417, 16.816639 ], [ 96.276639, 16.823722 ], [ 96.283306, 16.827083 ], [ 96.294139, 16.825389 ], [ 96.308389, 16.837917 ], [ 96.307111, 16.829972 ], [ 96.300028, 16.822028 ], [ 96.282444, 16.820417 ], [ 96.278722, 16.806667 ], [ 96.270806, 16.797917 ], [ 96.228333, 16.774556 ], [ 96.215389, 16.756667 ], [ 96.21625, 16.747444 ], [ 96.226194, 16.729111 ], [ 96.224528, 16.709139 ], [ 96.230417, 16.6825 ], [ 96.262083, 16.65 ], [ 96.262889, 16.632472 ], [ 96.257056, 16.615 ], [ 96.257917, 16.606639 ], [ 96.276639, 16.581194 ], [ 96.279583, 16.596667 ], [ 96.291194, 16.6025 ], [ 96.280389, 16.593306 ], [ 96.282083, 16.559139 ], [ 96.296639, 16.545389 ], [ 96.320806, 16.533722 ], [ 96.338306, 16.527917 ], [ 96.342444, 16.529583 ], [ 96.3475, 16.521222 ], [ 96.352472, 16.522083 ], [ 96.353333, 16.517111 ], [ 96.386667, 16.492917 ], [ 96.41, 16.494583 ], [ 96.450778, 16.489583 ], [ 96.473306, 16.494556 ], [ 96.497472, 16.495417 ], [ 96.534139, 16.507083 ], [ 96.584972, 16.52875 ], [ 96.606639, 16.544583 ], [ 96.617472, 16.548722 ], [ 96.636667, 16.565417 ], [ 96.643306, 16.566222 ], [ 96.671278, 16.591667 ], [ 96.67625, 16.601667 ], [ 96.678722, 16.6175 ], [ 96.715389, 16.681639 ], [ 96.734972, 16.70125 ], [ 96.768278, 16.718722 ], [ 96.776222, 16.726667 ], [ 96.782083, 16.737444 ], [ 96.78375, 16.750833 ], [ 96.792028, 16.765778 ], [ 96.791222, 16.773333 ], [ 96.784139, 16.783722 ], [ 96.775806, 16.772889 ], [ 96.766222, 16.774167 ], [ 96.766222, 16.779167 ], [ 96.778722, 16.788306 ], [ 96.779583, 16.799139 ], [ 96.793722, 16.805833 ], [ 96.79125, 16.839944 ], [ 96.783694, 16.8475 ], [ 96.786222, 16.8675 ], [ 96.792917, 16.875028 ], [ 96.782917, 16.883333 ], [ 96.782083, 16.887472 ], [ 96.790806, 16.896222 ], [ 96.790361, 16.888306 ], [ 96.79375, 16.880806 ], [ 96.800389, 16.8775 ], [ 96.795389, 16.874194 ], [ 96.788722, 16.862472 ], [ 96.789556, 16.851639 ], [ 96.8, 16.835389 ], [ 96.80625, 16.859167 ], [ 96.822917, 16.888306 ], [ 96.825389, 16.897444 ], [ 96.809944, 16.902056 ], [ 96.8, 16.913694 ], [ 96.790833, 16.910389 ], [ 96.775417, 16.914972 ], [ 96.793306, 16.91375 ], [ 96.804139, 16.919528 ], [ 96.810417, 16.906639 ], [ 96.821667, 16.902056 ], [ 96.841667, 16.905361 ], [ 96.843778, 16.909167 ], [ 96.838694, 16.919972 ], [ 96.840444, 16.919111 ], [ 96.846194, 16.905028 ], [ 96.844139, 16.902056 ], [ 96.837472, 16.902917 ], [ 96.83375, 16.899944 ], [ 96.83375, 16.885833 ], [ 96.81875, 16.866694 ], [ 96.820778, 16.86125 ], [ 96.825, 16.86125 ], [ 96.835389, 16.870833 ], [ 96.837028, 16.878306 ], [ 96.852028, 16.894111 ], [ 96.854556, 16.903333 ], [ 96.852917, 16.923333 ], [ 96.861278, 16.964139 ], [ 96.870806, 16.977889 ], [ 96.880361, 16.982472 ], [ 96.878694, 16.9875 ], [ 96.872889, 16.990833 ], [ 96.872844399070061, 16.991409389475844 ], [ 96.874689577535634, 16.99036609096343 ], [ 96.879220183234452, 16.987741413984114 ], [ 96.881788472790589, 16.986217406812653 ], [ 96.88375, 16.984111 ], [ 96.864528, 16.959139 ], [ 96.860361, 16.9425 ], [ 96.86375, 16.928306 ], [ 96.868306, 16.925389 ], [ 96.879583, 16.936694 ], [ 96.877056, 16.945833 ], [ 96.879111, 16.951194 ], [ 96.881222, 16.938306 ], [ 96.89375, 16.933333 ], [ 96.879111, 16.928778 ], [ 96.872917, 16.923306 ], [ 96.871222, 16.915833 ], [ 96.873694, 16.907472 ], [ 96.871222, 16.899139 ], [ 96.875833, 16.893722 ], [ 96.885389, 16.8975 ], [ 96.882472, 16.91125 ], [ 96.886667, 16.90125 ], [ 96.897472, 16.904583 ], [ 96.904944, 16.91125 ], [ 96.905444, 16.909139 ], [ 96.898306, 16.902056 ], [ 96.890833, 16.899556 ], [ 96.878722, 16.884194 ], [ 96.878722, 16.869167 ], [ 96.867056, 16.84 ], [ 96.878306, 16.825389 ], [ 96.890028, 16.817917 ], [ 96.892917, 16.819167 ], [ 96.897917, 16.850833 ], [ 96.904528, 16.861611 ], [ 96.918694, 16.874167 ], [ 96.913722, 16.894194 ], [ 96.918722, 16.910806 ], [ 96.91625, 16.923306 ], [ 96.919139, 16.92625 ], [ 96.917917, 16.921639 ], [ 96.921611, 16.917028 ], [ 96.940361, 16.942472 ], [ 96.939361197978414, 16.946293085944653 ], [ 96.939516359352567, 16.946169732949567 ], [ 96.943580595837972, 16.942868627220463 ], [ 96.947610041012155, 16.939525142686012 ], [ 96.951604253001079, 16.936139645996963 ], [ 96.955562793794357, 16.932712508411186 ], [ 96.959485229293406, 16.929244105752932 ], [ 96.963371129358947, 16.925734818371645 ], [ 96.967220067858278, 16.922185031100224 ], [ 96.971031622711905, 16.91859513321285 ], [ 96.97480537593988, 16.914965518382285 ], [ 96.978540913707633, 16.911296584636688 ], [ 96.982237826371374, 16.907588734315997 ], [ 96.985895708522946, 16.903842374027779 ], [ 96.989514159034357, 16.900057914602655 ], [ 96.993092781101737, 16.896235771049259 ], [ 96.996631182288851, 16.892376362508692 ], [ 97.000128974570117, 16.888480112208594 ], [ 97.003585774373221, 16.884547447416722 ], [ 97.007001202621083, 16.880578799394083 ], [ 97.01037488477354, 16.87657460334766 ], [ 97.013706450868284, 16.872535298382665 ], [ 97.016995535561591, 16.868461327454416 ], [ 97.020241778168227, 16.864353137319725 ], [ 97.023444822701137, 16.86021117848794 ], [ 97.026604317910369, 16.856035905171527 ], [ 97.029719917321671, 16.851827775236249 ], [ 97.032791279274477, 16.847587250150976 ], [ 97.035818066959322, 16.843314794937072 ], [ 97.038799948454823, 16.839010878117399 ], [ 97.041736596764096, 16.834675971664932 ], [ 97.044627689850529, 16.830310550951019 ], [ 97.047472910673207, 16.825915094693233 ], [ 97.050271947221603, 16.82149008490288 ], [ 97.05302449254981, 16.817036006832158 ], [ 97.055730244810221, 16.812553348920911 ], [ 97.058388907286599, 16.8080426027431 ], [ 97.061000188426647, 16.803504262952874 ], [ 97.063563801873968, 16.798938827230334 ], [ 97.066079466499446, 16.794346796226954 ], [ 97.068546906432118, 16.789728673510677 ], [ 97.070965851089397, 16.785084965510706 ], [ 97.073336035206722, 16.780416181461952 ], [ 97.075657198866708, 16.775722833349196 ], [ 97.077929087527593, 16.771005435850949 ], [ 97.080151452051183, 16.766264506283004 ], [ 97.082324048730186, 16.76150056454172 ], [ 97.084446639314862, 16.756714133046991 ], [ 97.086518991039256, 16.751905736684968 ], [ 97.088540876646647, 16.747075902750495 ], [ 97.090512074414491, 16.742225160889294 ], [ 97.09243236817872, 16.737354043039872 ], [ 97.094301547357517, 16.732463083375194 ], [ 97.096119406974296, 16.727552818244103 ], [ 97.097885747680266, 16.7226237861125 ], [ 97.099600375776276, 16.717676527504313 ], [ 97.101263103234032, 16.712711584942191 ], [ 97.102873747716728, 16.707729502888036 ], [ 97.10443213259903, 16.702730827683293 ], [ 97.105938086986498, 16.697716107489025 ], [ 97.107391445734265, 16.692685892225814 ], [ 97.108792049465137, 16.687640733513444 ], [ 97.110139744587158, 16.682581184610427 ], [ 97.111434383310353, 16.677507800353315 ], [ 97.112675823663025, 16.672421137095863 ], [ 97.113863929507218, 16.667321752648018 ], [ 97.114998570553752, 16.662210206214752 ], [ 97.116079622376446, 16.657087058334728 ], [ 97.117106966425794, 16.65195287081885 ], [ 97.118080490041933, 16.646808206688629 ], [ 97.119000086467025, 16.641653630114469 ], [ 97.11986565485698, 16.636489706353778 ], [ 97.12067710029244, 16.631317001688981 ], [ 97.121434333789296, 16.626136083365445 ], [ 97.12213727230835, 16.620947519529238 ], [ 97.122785838764472, 16.615751879164865 ], [ 97.123379962035045, 16.610549732032833 ], [ 97.123919576967751, 16.605341648607201 ], [ 97.124404624387736, 16.600128200013007 ], [ 97.124835051104085, 16.59490995796364 ], [ 97.125210809915657, 16.589687494698143 ], [ 97.12553185961626, 16.584461382918466 ], [ 97.125798164999182, 16.579232195726661 ], [ 97.126009696861047, 16.574000506562026 ], [ 97.126166432004979, 16.568766889138235 ], [ 97.126268353243205, 16.56353191738042 ], [ 97.12631544939893, 16.558296165362226 ], [ 97.126307715307533, 16.553060207242858 ], [ 97.126245151817116, 16.547824617204132 ], [ 97.126127765788496, 16.542589969387496 ], [ 97.125955570094376, 16.537356837831069 ], [ 97.125728583617928, 16.532125796406703 ], [ 97.125446831250798, 16.526897418757034 ], [ 97.125110343890313, 16.521672278232593 ], [ 97.124719158436093, 16.516450947828918 ], [ 97.12427331778602, 16.511234000123729 ], [ 97.123772870831573, 16.506022007214128 ], [ 97.123217872452372, 16.500815540653875 ], [ 97.122608383510268, 16.4956151713907 ], [ 97.121944470842564, 16.490421469703694 ], [ 97.121226207254807, 16.485235005140776 ], [ 97.120453671512649, 16.48005634645623 ], [ 97.119626948333362, 16.474886061548336 ], [ 97.118746128376472, 16.469724717397106 ], [ 97.117811308233783, 16.464572880002081 ], [ 97.116822590418877, 16.459431114320292 ], [ 97.115780083355801, 16.454299984204287 ], [ 97.114683901367201, 16.449180052340306 ], [ 97.113534164661772, 16.444071880186577 ], [ 97.112330999321131, 16.438976027911735 ], [ 97.111074537285901, 16.43389305433341 ], [ 97.109764916341291, 16.428823516856937 ], [ 97.108402280101998, 16.423767971414225 ], [ 97.106986777996468, 16.418726972402805 ], [ 97.105518565250421, 16.413701072625024 ], [ 97.103997802869955, 16.408690823227428 ], [ 97.1024246576238, 16.403696773640327 ], [ 97.100799302025052, 16.398719471517534 ], [ 97.099121914312278, 16.393759462676318 ], [ 97.097392678429927, 16.388817291037544 ], [ 97.095611784008213, 16.383893498566017 ], [ 97.093779426342266, 16.378988625211075 ], [ 97.091895806370772, 16.374103208847355 ], [ 97.089961130653876, 16.369237785215812 ], [ 97.087975611350572, 16.364392887864977 ], [ 97.085939466195427, 16.359569048092435 ], [ 97.083852918474705, 16.354766794886586 ], [ 97.081716197001882, 16.349986654868609 ], [ 97.079529536092537, 16.345229152234719 ], [ 97.077293175538671, 16.340494808698697 ], [ 97.075007360582433, 16.335784143434662 ], [ 97.072672341889202, 16.331097673020142 ], [ 97.070288375520079, 16.326435911379431 ], [ 97.067855722903829, 16.321799369727227 ], [ 97.065374650808252, 16.317188556512569 ], [ 97.062845431310834, 16.312603977363089 ], [ 97.060268341769017, 16.308046135029553 ], [ 97.057643664789708, 16.303515529330731 ], [ 97.054971688198293, 16.299012657098601 ], [ 97.052252705007149, 16.294538012123837 ], [ 97.049487013383398, 16.290092085101691 ], [ 97.046674916616297, 16.285675363578161 ], [ 97.04381672308395, 16.281288331896533 ], [ 97.04091274621949, 16.27693147114427 ], [ 97.037963304476705, 16.272605259100246 ], [ 97.034968721295115, 16.268310170182371 ], [ 97.03192932506451, 16.264046675395541 ], [ 97.028845449088948, 16.259815242280006 ], [ 97.025717431550163, 16.25561633486009 ], [ 97.022545615470548, 16.251450413593311 ], [ 97.019330348675467, 16.247317935319881 ], [ 97.016071983755154, 16.243219353212609 ], [ 97.01277087802606, 16.239155116727215 ], [ 97.009427393491606, 16.235125671553025 ], [ 97.006041896802557, 16.231131459564107 ], [ 97.002614759216783, 16.227172918770826 ], [ 96.999146356558526, 16.22325048327178 ], [ 96.995637069177235, 16.219364583206229 ], [ 96.99208728190581, 16.215515644706901 ], [ 96.988497384018444, 16.211704089853281 ], [ 96.984867769187872, 16.207930336625306 ], [ 96.981198835442285, 16.204194798857547 ], [ 96.977490985121591, 16.200497886193812 ], [ 96.973744624833373, 16.19684000404224 ], [ 96.969960165408253, 16.193221553530826 ], [ 96.966138021854846, 16.189642931463446 ], [ 96.962278613314282, 16.186104530276335 ], [ 96.958382363014181, 16.182606737995062 ], [ 96.954449698222319, 16.179149938191966 ], [ 96.945602716536925, 16.171455207312167 ], [ 96.941691742665711, 16.168088897832341 ], [ 96.937746235817528, 16.164763129974194 ], [ 96.933766616232361, 16.161478257968678 ], [ 96.929753307783557, 16.158234631690874 ], [ 96.925706737932714, 16.155032596622735 ], [ 96.921627337684143, 16.151872493816306 ], [ 96.917515541538933, 16.148754659857367 ], [ 96.913371787448696, 16.145679426829609 ], [ 96.909196516768944, 16.142647122279254 ], [ 96.904990174212031, 16.139658069180165 ], [ 96.900753207799809, 16.136712585899449 ], [ 96.896486068815904, 16.133810986163549 ], [ 96.892189211757668, 16.13095357902483 ], [ 96.887863094287752, 16.128140668828649 ], [ 96.883508177185362, 16.125372555180952 ], [ 96.879124924297173, 16.122649532916363 ], [ 96.874713802487932, 16.119971892066772 ], [ 96.870275281590764, 16.117339917830446 ], [ 96.865809834357066, 16.114753890541664 ], [ 96.862872265997837, 16.113092933281081 ], [ 96.858654089450496, 16.11030273460803 ], [ 96.854300105412733, 16.107487170361789 ], [ 96.849917158284043, 16.104716908010886 ], [ 96.845505719399171, 16.101992245464665 ], [ 96.841066263156819, 16.099313475728753 ], [ 96.836599266968648, 16.096680886873532 ], [ 96.832105211207903, 16.094094762003181 ], [ 96.827584579157772, 16.091555379225206 ], [ 96.823037856959417, 16.08906301162056 ], [ 96.818465533559674, 16.086617927214256 ], [ 96.813868100658524, 16.084220388946552 ], [ 96.809246052656135, 16.081870654644682 ], [ 96.804599886599775, 16.079568976995112 ], [ 96.799930102130332, 16.077315603516382 ], [ 96.795237201428549, 16.07511077653248 ], [ 96.790521689161068, 16.072954733146787 ], [ 96.785784072426139, 16.070847705216579 ], [ 96.781024860699091, 16.06878991932809 ], [ 96.73019186069908, 16.047122919328089 ], [ 96.725331753850483, 16.045081559661263 ], [ 96.720450395707147, 16.043091551986507 ], [ 96.715548328837627, 16.041153117495476 ], [ 96.710626098112343, 16.039266471647391 ], [ 96.705684250642861, 16.037431824145116 ], [ 96.70072333572125, 16.035649378911824 ], [ 96.695743904758913, 16.033919334068365 ], [ 96.690746511225313, 16.032241881911212 ], [ 96.685731710586523, 16.030617208891101 ], [ 96.649064710586529, 16.018951208891103 ], [ 96.644064216414449, 16.017389048843693 ], [ 96.639047629181178, 16.015879367251582 ], [ 96.634015499613369, 16.014422329849349 ], [ 96.628968380143988, 16.013018096592219 ], [ 96.623906824851574, 16.011666821638531 ], [ 96.621364282607715, 16.01101650349576 ], [ 96.620924545019037, 16.010657304452426 ], [ 96.616794228661732, 16.00735566593259 ], [ 96.612629227265643, 16.00409789161602 ], [ 96.608430006650039, 16.000884345856495 ], [ 96.604197036461301, 15.99771538806122 ], [ 96.599930790120382, 15.994591372650619 ], [ 96.595631744769918, 15.9915126490187 ], [ 96.591300381220819, 15.988479561493978 ], [ 96.586937183898513, 15.98549244930097 ], [ 96.582542640788731, 15.982551646522245 ], [ 96.578117243382991, 15.979657482061072 ], [ 96.573661486623578, 15.976810279604624 ], [ 96.54199448662358, 15.956810279604621 ], [ 96.537562621859351, 15.954043521214308 ], [ 96.533102089061572, 15.951323222620628 ], [ 96.528613375255802, 15.948649680840765 ], [ 96.524096970544534, 15.946023187786741 ], [ 96.519553368053707, 15.943444030233536 ], [ 96.514983063878901, 15.940912489787783 ], [ 96.510386557031069, 15.938428842857011 ], [ 96.505764349382176, 15.935993360619475 ], [ 96.50111694561032, 15.933606308994547 ], [ 96.496444853144624, 15.931267948613669 ], [ 96.491748582109906, 15.928978534791913 ], [ 96.487028645270897, 15.926738317500092 ], [ 96.482285557976311, 15.924547541337471 ], [ 96.477519838102538, 15.922406445505061 ], [ 96.47273200599713, 15.920315263779498 ], [ 96.467922584421999, 15.918274224487529 ], [ 96.463092098496247, 15.916283550481063 ], [ 96.458241075638966, 15.914343459112857 ], [ 96.453370045511562, 15.912454162212775 ], [ 96.448479539959919, 15.910615866064658 ], [ 96.425951539959925, 15.90228186606466 ], [ 96.421088617036986, 15.900511434515217 ], [ 96.416207630251449, 15.898791430089288 ], [ 96.411309102502415, 15.897122037050583 ], [ 96.406393558568112, 15.895503434240828 ], [ 96.40146152504974, 15.893935795060601 ], [ 96.396513530314991, 15.892419287450755 ], [ 96.395740693593311, 15.892191144453207 ], [ 96.384576472984961, 15.886604768227784 ], [ 96.379908392702816, 15.884299254854213 ], [ 96.375216559070068, 15.882042473385214 ], [ 96.370501480800939, 15.879834668513361 ], [ 96.365763669129961, 15.877676079620919 ], [ 96.361003637756568, 15.875566940753885 ], [ 96.356221902789343, 15.873507480596611 ], [ 96.351418982690106, 15.87149792244702 ], [ 96.348682844349426, 15.8703864473261 ], [ 96.330263066977054, 15.854181472844186 ], [ 96.326319849265744, 15.850748793551857 ], [ 96.322340955327647, 15.847357531829097 ], [ 96.318326820171336, 15.844008058439199 ], [ 96.314277882658232, 15.84070073957678 ], [ 96.310194585454653, 15.837435936827744 ], [ 96.306077374983474, 15.83421400712975 ], [ 96.301926701375237, 15.831035302733191 ], [ 96.297743018418998, 15.827900171162677 ], [ 96.293526783512675, 15.824808955179044 ], [ 96.289278457613051, 15.821761992741886 ], [ 96.284998505185428, 15.818759616972594 ], [ 96.28068739415275, 15.815802156117943 ], [ 96.276345595844546, 15.812889933514212 ], [ 96.271973584945343, 15.810023267551816 ], [ 96.267571839442738, 15.807202471640517 ], [ 96.263140840575261, 15.804427854175144 ], [ 96.258681072779609, 15.801699718501883 ], [ 96.254193023637811, 15.799018362885112 ], [ 96.249677183823835, 15.796384080474793 ], [ 96.245134047049987, 15.793797159274421 ], [ 96.24056411001294, 15.791257882109532 ], [ 96.235967872339359, 15.788766526596792 ], [ 96.231345836531403, 15.786323365113638 ], [ 96.226698507911678, 15.783928664768501 ], [ 96.222026394568005, 15.781582687371605 ], [ 96.217330007297946, 15.779285689406342 ], [ 96.21260985955287, 15.777037922001229 ], [ 96.207866467381876, 15.774839630902456 ], [ 96.203100349375347, 15.772691056447018 ], [ 96.198312026608235, 15.770592433536438 ], [ 96.193502022583161, 15.768543991611086 ], [ 96.188670863173101, 15.766545954625093 ], [ 96.18381907656395, 15.764598541021869 ], [ 96.178947193196734, 15.762701963710221 ], [ 96.174055745709651, 15.76085643004107 ], [ 96.169145268879831, 15.759062141784794 ], [ 96.164216299564856, 15.75731929510915 ], [ 96.159269376644062, 15.755628080557846 ], [ 96.154305040959656, 15.7539886830297 ], [ 96.149323835257547, 15.752401281758422 ], [ 96.144326304128029, 15.750866050293025 ], [ 96.125832587749912, 15.745290459672978 ], [ 96.123332465304998, 15.740943752266219 ], [ 96.120677664511746, 15.736437835245482 ], [ 96.117975879112166, 15.731959932711463 ], [ 96.115227404695133, 15.727510534569186 ], [ 96.098561404695147, 15.700843534569186 ], [ 96.09572805384343, 15.696362962590815 ], [ 96.092847357521052, 15.691912682711923 ], [ 96.089919639557465, 15.687493195204535 ], [ 96.086945229068036, 15.683104996879189 ], [ 96.083924460416952, 15.678748581029099 ], [ 96.08085767317975, 15.674424437374693 ], [ 96.078218284668296, 15.670785312912843 ], [ 96.076661934051231, 15.668404125829646 ], [ 96.073721957042537, 15.664008251680904 ], [ 96.070735650848192, 15.659643718526397 ], [ 96.06770334954237, 15.655311014620761 ], [ 96.057676349542362, 15.641144014620771 ], [ 96.054664345687769, 15.636934771332196 ], [ 96.051608930590902, 15.632756932791944 ], [ 96.048510431668802, 15.628610946695456 ], [ 96.045369180955319, 15.624497257324883 ], [ 96.042185515065583, 15.620416305501472 ], [ 96.038959775159896, 15.616368528538327 ], [ 96.035692306907208, 15.612354360193546 ], [ 96.032383460448074, 15.608374230623745 ], [ 96.029033590357102, 15.604428566337958 ], [ 96.025643055604974, 15.600517790151933 ], [ 96.022212219520014, 15.596642321142824 ], [ 96.018741449749157, 15.59280257460428 ], [ 96.015231118218665, 15.588998962001947 ], [ 96.011681601094224, 15.585231890929377 ], [ 96.008093278740603, 15.581501765064342 ], [ 95.980148278740614, 15.552751765064336 ], [ 95.976458694206272, 15.548995668704421 ], [ 95.972729762323041, 15.545278632127893 ], [ 95.968961896574186, 15.541601067499002 ], [ 95.965155514760184, 15.537963382605145 ], [ 95.961311038952317, 15.534365980811653 ], [ 95.957428895445986, 15.530809261017056 ], [ 95.953509514713346, 15.527293617608851 ], [ 95.949870936252822, 15.524098349557512 ], [ 95.947238782752834, 15.521204207385434 ], [ 95.943665783028081, 15.517357504720794 ], [ 95.940052589755496, 15.513548530738452 ], [ 95.939333793695042, 15.512806547992264 ], [ 95.939151864676276, 15.51257681619683 ], [ 95.935919218284269, 15.508579904074713 ], [ 95.932645650586664, 15.504616437948092 ], [ 95.929331507603621, 15.500686836760242 ], [ 95.925977139644147, 15.496791515874865 ], [ 95.922582901269067, 15.4929308870322 ], [ 95.919149151253592, 15.489105358305487 ], [ 95.915676252549346, 15.485315334057848 ], [ 95.912164572246027, 15.48156121489953 ], [ 95.908614481532553, 15.477843397645573 ], [ 95.905026355657938, 15.474162275273859 ], [ 95.901400573891507, 15.470518236883576 ], [ 95.897737519482874, 15.466911667654088 ], [ 95.89403757962144, 15.463342948804222 ], [ 95.890301145395412, 15.459812457551978 ], [ 95.886528611750506, 15.456320567074645 ], [ 95.882720377448194, 15.452867646469363 ], [ 95.859409878564861, 15.431949380850286 ], [ 95.858372994448246, 15.430754458704921 ], [ 95.854913368121146, 15.42685056012416 ], [ 95.851413203064638, 15.42298296616546 ], [ 95.847872880228849, 15.419152097769063 ], [ 95.844292784934566, 15.415358371878076 ], [ 95.843147607028143, 15.414169945444923 ], [ 95.841854527950161, 15.412726788458453 ], [ 95.83831815097399, 15.408862211948831 ], [ 95.834741480182601, 15.405034896993625 ], [ 95.831124908164441, 15.401245263692914 ], [ 95.827468831887685, 15.397493728010698 ], [ 95.823773652656641, 15.393780701729247 ], [ 95.820039776067659, 15.390106592403894 ], [ 95.816267611964705, 15.38647180331831 ], [ 95.812457574394273, 15.382876733440225 ], [ 95.808610081560033, 15.379321777377653 ], [ 95.804725555776855, 15.375807325335561 ], [ 95.789336555776856, 15.362030325335567 ], [ 95.785350551508913, 15.358499909439603 ], [ 95.781327177226927, 15.35501214141267 ], [ 95.777266889214829, 15.351567416796494 ], [ 95.773170147942807, 15.348166126251318 ], [ 95.769037418015202, 15.344808655511603 ], [ 95.764869168117741, 15.341495385342284 ], [ 95.760665870964417, 15.338226691495585 ], [ 95.756428003243869, 15.335002944668407 ], [ 95.752156045565343, 15.331824510460283 ], [ 95.747850482404118, 15.328691749331927 ], [ 95.743511802046669, 15.325605016564346 ], [ 95.7391404965352, 15.322564662218548 ], [ 95.734737061611895, 15.319571031095849 ], [ 95.730301996662675, 15.316624462698758 ], [ 95.725835804660548, 15.313725291192492 ], [ 95.721338992108628, 15.310873845367061 ], [ 95.716812068982605, 15.30807044859999 ], [ 95.712255548672971, 15.305315418819644 ], [ 95.707669947926831, 15.302609068469176 ], [ 95.703055786789179, 15.299951704471081 ], [ 95.698413588544042, 15.297343628192404 ], [ 95.693743879655059, 15.294785135410553 ], [ 95.689047189705832, 15.292276516279756 ], [ 95.684324051339814, 15.289818055298158 ], [ 95.679575000199947, 15.287410031275554 ], [ 95.641214000199952, 15.268215031275547 ], [ 95.636461712659298, 15.265868502009873 ], [ 95.631684819052197, 15.263572478506021 ], [ 95.626883856118766, 15.261327218749202 ], [ 95.622059363303578, 15.259132975020719 ], [ 95.617211882695059, 15.256989993869633 ], [ 95.61234195896462, 15.254898516085044 ], [ 95.607450139305371, 15.252858776669049 ], [ 95.602536973370718, 15.25087100481033 ], [ 95.597603013212549, 15.248935423858402 ], [ 95.59264881321927, 15.247052251298522 ], [ 95.58767493005341, 15.245221698727242 ], [ 95.582681922589188, 15.243443971828651 ], [ 95.577670351849633, 15.241719270351243 ], [ 95.572640780943573, 15.240047788085489 ], [ 95.567593775002393, 15.238429712842054 ], [ 95.562529901116477, 15.236865226430696 ], [ 95.557449728271536, 15.23535450463984 ], [ 95.552353827284676, 15.233897717216825 ], [ 95.547242770740212, 15.232495027848829 ], [ 95.542117132925384, 15.231146594144478 ], [ 95.536977489765817, 15.229852567616138 ], [ 95.531824418760777, 15.228613093662887 ], [ 95.526658498918323, 15.227428311554183 ], [ 95.521480310690222, 15.226298354414213 ], [ 95.516290435906754, 15.225223349206933 ], [ 95.511089457711293, 15.224203416721807 ], [ 95.505877960494857, 15.223238671560226 ], [ 95.500656529830351, 15.222329222122644 ], [ 95.495425752406845, 15.221475170596387 ], [ 95.490186215963618, 15.220676612944173 ], [ 95.439353215963607, 15.213204612944176 ], [ 95.434154398893867, 15.212468299067751 ], [ 95.428948136264538, 15.211786619902941 ], [ 95.423735002219289, 15.211159650624937 ], [ 95.418515571659555, 15.21058746037555 ], [ 95.41329042018117, 15.210070112255593 ], [ 95.408060124010845, 15.209607663317923 ], [ 95.402825259942645, 15.209200164561144 ], [ 95.397586405274396, 15.208847660923986 ], [ 95.392344137743976, 15.208550191280349 ], [ 95.387099035465667, 15.208307788435011 ], [ 95.381851676866361, 15.208120479120025 ], [ 95.376602640621741, 15.207988283991751 ], [ 95.371352505592526, 15.207911217628595 ], [ 95.366101850760614, 15.20788928852939 ], [ 95.360851255165201, 15.207922499112465 ], [ 95.355601297838987, 15.208010845715375 ], [ 95.350352557744259, 15.208154318595307 ], [ 95.34510561370908, 15.208352901930157 ], [ 95.339861044363417, 15.208606573820264 ], [ 95.334619428075385, 15.208915306290839 ], [ 95.334296098261092, 15.208937759940801 ], [ 95.332751473231383, 15.208892714698203 ], [ 95.327491318846242, 15.208794695485759 ], [ 95.322230424293835, 15.208752028988682 ], [ 95.316969372035828, 15.208764719930809 ], [ 95.311708744551339, 15.208832766907056 ], [ 95.306449124272476, 15.208956162383581 ], [ 95.301191093519805, 15.209134892698613 ], [ 95.295935234437934, 15.209368938063966 ], [ 95.290682128931024, 15.209658272567232 ], [ 95.285432358598371, 15.210002864174648 ], [ 95.280186504670013, 15.210402674734636 ], [ 95.274945147942404, 15.210857659982045 ], [ 95.269708868714048, 15.211367769543029 ], [ 95.264478246721325, 15.211932946940646 ], [ 95.259253861074271, 15.212553129601091 ], [ 95.254036290192431, 15.21322824886064 ], [ 95.248826111740911, 15.21395822997324 ], [ 95.243623902566299, 15.214742992118797 ], [ 95.238430238632901, 15.215582448412109 ], [ 95.23324569495891, 15.2164765059125 ], [ 95.228070845552779, 15.217425065634099 ], [ 95.222906263349671, 15.218428022556809 ], [ 95.217752520147982, 15.219485265637921 ], [ 95.212610186546087, 15.220596677824425 ], [ 95.207479831879127, 15.221762136065953 ], [ 95.202362024156002, 15.222981511328417 ], [ 95.197257329996489, 15.224254668608284 ], [ 95.192166314568453, 15.225581466947528 ], [ 95.190369004495253, 15.226070126494884 ], [ 95.18899404551091, 15.226331702171453 ], [ 95.183880638064466, 15.227359872957049 ], [ 95.17877823405118, 15.228441327608381 ], [ 95.173687388695683, 15.229575948445577 ], [ 95.170363605898928, 15.23035321630177 ], [ 95.168714228998169, 15.229949944275617 ], [ 95.163685789885591, 15.228775392518457 ], [ 95.158645488811729, 15.227652834357848 ], [ 95.153593863370503, 15.226582389524815 ], [ 95.148531452363642, 15.225564172192026 ], [ 95.143458795743314, 15.224598290961614 ], [ 95.138376434554417, 15.223684848853589 ], [ 95.119265434554421, 15.220351848853593 ], [ 95.114119574728406, 15.219482047237397 ], [ 95.10896491660192, 15.21866600324385 ], [ 95.103802021752841, 15.217903805777448 ], [ 95.098631452656434, 15.217195537876337 ], [ 95.093453772624031, 15.216541276703268 ], [ 95.088269545741682, 15.215941093537191 ], [ 95.083079336808694, 15.215395053765489 ], [ 95.077883711276044, 15.214903216876856 ], [ 95.072683235184883, 15.214465636454808 ], [ 95.067478475104792, 15.214082360171858 ], [ 95.06226999807204, 15.213753429784317 ], [ 95.057058371527901, 15.213478881127736 ], [ 95.051844163256717, 15.213258744113016 ], [ 95.046627941324147, 15.213093042723141 ], [ 95.041410274015192, 15.212981795010569 ], [ 95.036191729772355, 15.212925013095257 ], [ 95.030972877133635, 15.212922703163354 ], [ 95.025754284670654, 15.212974865466517 ], [ 95.020536520926711, 15.213081494321886 ], [ 95.015320154354768, 15.213242578112705 ], [ 95.01010575325563, 15.213458099289586 ], [ 95.004893885715916, 15.213728034372419 ], [ 94.999685119546257, 15.214052353952935 ], [ 94.994480022219406, 15.214431022697907 ], [ 94.98927916080838, 15.214863999352998 ], [ 94.984083101924753, 15.215351236747258 ], [ 94.978892411656872, 15.215892681798261 ], [ 94.97370765550815, 15.216488275517889 ], [ 94.968529398335576, 15.217137953018764 ], [ 94.963358204288056, 15.217841643521302 ], [ 94.95819463674502, 15.218599270361443 ], [ 94.953039258255004, 15.219410750998989 ], [ 94.947892630474385, 15.220275997026606 ], [ 94.942755314106222, 15.221194914179447 ], [ 94.937627868839087, 15.222167402345429 ], [ 94.932510853286161, 15.223193355576134 ], [ 94.927404824924352, 15.224272662098356 ], [ 94.922310340033562, 15.225405204326277 ], [ 94.917227953636086, 15.226590858874278 ], [ 94.912158219436122, 15.227829496570379 ], [ 94.907101689759486, 15.229120982470311 ], [ 94.902058915493399, 15.230465175872224 ], [ 94.897030446026506, 15.231861930332009 ], [ 94.892016829188975, 15.233311093679255 ], [ 94.8870186111929, 15.23481250803383 ], [ 94.876129611192894, 15.238145508033826 ], [ 94.871093328174197, 15.239716163094101 ], [ 94.86607389729771, 15.241339868005403 ], [ 94.86107187734865, 15.243016442009729 ], [ 94.856087825173958, 15.244745698463463 ], [ 94.851122295620328, 15.246527444858135 ], [ 94.849626098652806, 15.247082202263655 ], [ 94.847596468733443, 15.247435285873143 ], [ 94.842465093839607, 15.248383239502832 ], [ 94.837343891487549, 15.249384693872427 ], [ 94.832233419470924, 15.250439539905022 ], [ 94.827134234414686, 15.251547662708372 ], [ 94.822046891714393, 15.252708941587407 ], [ 94.816971945475771, 15.253923250057376 ], [ 94.811909948454343, 15.255190455857624 ], [ 94.806861451995218, 15.256510420966 ], [ 94.801827005973053, 15.257883001613887 ], [ 94.796807158732136, 15.259308048301865 ], [ 94.791802457026677, 15.260785405815987 ], [ 94.786813445961272, 15.262314913244694 ], [ 94.781840668931537, 15.263896403996334 ], [ 94.776884667564829, 15.265529705817311 ], [ 94.771945981661403, 15.267214640810844 ], [ 94.767025149135506, 15.268951025456346 ], [ 94.762122705956813, 15.270738670629409 ], [ 94.757239186092065, 15.272577381622408 ], [ 94.752375121446917, 15.274466958165705 ], [ 94.750872813554366, 15.275068689041284 ], [ 94.733444504319195, 15.279563341194484 ], [ 94.728267637491101, 15.280928022949739 ], [ 94.723105679460588, 15.282348056660684 ], [ 94.71795922204214, 15.283823279521551 ], [ 94.712828855273145, 15.285353522399181 ], [ 94.707715167346151, 15.286938609852413 ], [ 94.702618744541553, 15.288578360152197 ], [ 94.697540171160242, 15.290272585302432 ], [ 94.692480029456746, 15.292021091061516 ], [ 94.687438899572385, 15.293823676964617 ], [ 94.682417359468815, 15.295680136346657 ], [ 94.681345199809741, 15.29608961449809 ], [ 94.679630833618745, 15.29628039429617 ], [ 94.674441585548834, 15.296912862606272 ], [ 94.669259233659716, 15.297599550739047 ], [ 94.664084344451112, 15.298340383630386 ], [ 94.658917483606942, 15.29913528029744 ], [ 94.653759215933547, 15.299984153847475 ], [ 94.648610105297919, 15.300886911487366 ], [ 94.64347071456605, 15.301843454533744 ], [ 94.638341605541441, 15.302853678423784 ], [ 94.633223338903662, 15.303917472726631 ], [ 94.628116474147021, 15.305034721155478 ], [ 94.623021569519508, 15.30620530158027 ], [ 94.617939181961702, 15.30742908604106 ], [ 94.612869867045859, 15.308705940761996 ], [ 94.607814178915277, 15.310035726165944 ], [ 94.602772670223615, 15.311418296889743 ], [ 94.597745892074585, 15.312853501800095 ], [ 94.592734393961607, 15.314341184010098 ], [ 94.58773872370783, 15.315881180896374 ], [ 94.58275942740616, 15.317473324116866 ], [ 94.57779704935966, 15.319117439629228 ], [ 94.572852132021993, 15.320813347709857 ], [ 94.567925215938118, 15.322560862973532 ], [ 94.563016839685233, 15.324359794393686 ], [ 94.558127539813881, 15.326209945323287 ], [ 94.553257850789308, 15.328111113516329 ], [ 94.548408304933034, 15.330063091149944 ], [ 94.543579432364638, 15.332065664847118 ], [ 94.538771760943888, 15.334118615700019 ], [ 94.533985816212947, 15.336221719293924 ], [ 94.529222121338975, 15.33837474573175 ], [ 94.524481197056929, 15.340577459659189 ], [ 94.519763561612621, 15.342829620290429 ], [ 94.51602264263434, 15.344663773618725 ], [ 94.514960491138709, 15.344393415921235 ], [ 94.509865270545745, 15.34315324125499 ], [ 94.504757323464133, 15.341966572512062 ], [ 94.499637211753921, 15.340833540222716 ], [ 94.494505498613137, 15.33975426901736 ], [ 94.489362748516029, 15.338728877612832 ], [ 94.484209527150796, 15.33775747879934 ], [ 94.479046401357508, 15.336840179428057 ], [ 94.473873939065669, 15.335977080399369 ], [ 94.46869270923176, 15.335168276651771 ], [ 94.463503281776696, 15.334413857151432 ], [ 94.458306227523096, 15.333713904882403 ], [ 94.453102118132477, 15.333068496837489 ], [ 94.447891526042454, 15.332477704009788 ], [ 94.442675024403684, 15.331941591384865 ], [ 94.437453187016871, 15.331460217933627 ], [ 94.432226588269643, 15.331033636605813 ], [ 94.426995803073325, 15.330661894324187 ], [ 94.421761406799803, 15.330345031979366 ], [ 94.416523975218112, 15.330083084425333 ], [ 94.411284084431216, 15.329876080475586 ], [ 94.406042310812538, 15.32972404289999 ], [ 94.400799230942624, 15.329626988422254 ], [ 94.395555421545723, 15.3295849277181 ], [ 94.390311459426314, 15.329597865414092 ], [ 94.38506792140565, 15.329665800087117 ], [ 94.379825384258382, 15.329788724264549 ], [ 94.374584424649044, 15.329966624425071 ], [ 94.369345619068639, 15.330199481000159 ], [ 94.364109543771235, 15.330487268376237 ], [ 94.358876774710595, 15.330829954897489 ], [ 94.353647887476782, 15.331227502869353 ], [ 94.348423457232869, 15.331679868562652 ], [ 94.343204058651708, 15.332187002218419 ], [ 94.337990265852639, 15.332748848053356 ], [ 94.332782652338395, 15.333365344265982 ], [ 94.32758179093203, 15.334036423043425 ], [ 94.322388253713825, 15.334762010568882 ], [ 94.317202611958493, 15.33554202702974 ], [ 94.312025436072219, 15.336376386626352 ], [ 94.30685729552998, 15.337264997581478 ], [ 94.301698758812904, 15.338207762150381 ], [ 94.296550393345697, 15.339204576631575 ], [ 94.291412765434274, 15.340255331378232 ], [ 94.28628644020344, 15.341359910810247 ], [ 94.281171981534754, 15.342518193426951 ], [ 94.276069952004462, 15.343730051820467 ], [ 94.270980912821656, 15.344995352689738 ], [ 94.265905423766526, 15.34631395685518 ], [ 94.26084404312877, 15.347685719273993 ], [ 94.255797327646221, 15.349110489056123 ], [ 94.250765832443577, 15.350588109480844 ], [ 94.245750110971329, 15.352118418014012 ], [ 94.240750714944923, 15.353701246325937 ], [ 94.235768194284049, 15.355336420309895 ], [ 94.230803097052132, 15.35702376010129 ], [ 94.225855969396122, 15.358763080097425 ], [ 94.22092735548631, 15.360554188977932 ], [ 94.21601779745653, 15.362396889725805 ], [ 94.21112783534457, 15.364290979649072 ], [ 94.206258007032673, 15.366236250403103 ], [ 94.201408848188436, 15.368232488013513 ], [ 94.196580892205873, 15.370279472899705 ], [ 94.191774670146742, 15.372376979899025 ], [ 94.186990710682124, 15.374524778291523 ], [ 94.182229540034299, 15.376722631825338 ], [ 94.177491681918795, 15.378970298742683 ], [ 94.17277765748689, 15.381267531806433 ], [ 94.168087985268158, 15.38361407832733 ], [ 94.163423181113529, 15.386009680191769 ], [ 94.158783758138526, 15.388454073890193 ], [ 94.154170226666793, 15.390946990546082 ], [ 94.149583094173991, 15.393488155945521 ], [ 94.145022865231951, 15.396077290567371 ], [ 94.140490041453205, 15.39871410961401 ], [ 94.135985121435795, 15.40139832304266 ], [ 94.131508600708401, 15.404129635597297 ], [ 94.127060971675888, 15.406907746841117 ], [ 94.122642723565107, 15.4097323511896 ], [ 94.118254342371088, 15.412603137944101 ], [ 94.113896310803568, 15.415519791326052 ], [ 94.109569108233941, 15.418481990511671 ], [ 94.10527321064248, 15.421489409667272 ], [ 94.101009090565981, 15.424541717985095 ], [ 94.096777217045812, 15.427638579719698 ], [ 94.09257805557634, 15.430779654224883 ], [ 94.088412068053657, 15.433964595991176 ], [ 94.084279712724822, 15.437193054683823 ], [ 94.080181444137452, 15.440464675181326 ], [ 94.076117713089729, 15.443779097614513 ], [ 94.072088966580765, 15.447135957406116 ], [ 94.068095647761524, 15.450534885310876 ], [ 94.064138195885974, 15.453975507456155 ], [ 94.060217046262849, 15.457457445383069 ], [ 94.056332630207706, 15.460980316088111 ], [ 94.052485374995541, 15.464543732065279 ], [ 94.048675703813743, 15.46814730134871 ], [ 94.044904035715575, 15.47179062755578 ], [ 94.041170785574053, 15.475473309930724 ], [ 94.037476364036337, 15.479194943388698 ], [ 94.033821177478544, 15.482955118560355 ], [ 94.030205627961024, 15.486753421836861 ], [ 94.026630113184225, 15.4905894354154 ], [ 94.023095026444821, 15.494462737345122 ], [ 94.019600756592567, 15.498372901573571 ], [ 94.016147687987413, 15.502319497993531 ], [ 94.012736200457354, 15.506302092490349 ], [ 94.009366669256536, 15.510320246989689 ], [ 94.009046121108454, 15.51071074571111 ], [ 94.004870906302259, 15.512937809171882 ], [ 94.000267081707406, 15.515455909385523 ], [ 93.995689937643775, 15.518022187197229 ], [ 93.991139978256868, 15.520636359946593 ], [ 93.986617704697935, 15.523298139697864 ], [ 93.982123615068829, 15.526007233271654 ], [ 93.97765820436706, 15.528763342277244 ], [ 93.973221964431389, 15.531566163145435 ], [ 93.968815383887531, 15.534415387161994 ], [ 93.964438948094411, 15.537310700501655 ], [ 93.960093139090702, 15.540251784262681 ], [ 93.955778435541717, 15.543238314501997 ], [ 93.951495312686646, 15.546269962270859 ], [ 93.947244242286288, 15.549346393651099 ], [ 93.943025692571055, 15.552467269791894 ], [ 93.938840128189383, 15.555632246947093 ], [ 93.934688010156563, 15.558840976513078 ], [ 93.93056979580399, 15.562093105067161 ], [ 93.926485938728732, 15.565388274406509 ], [ 93.922436888743647, 15.568726121587598 ], [ 93.918423091827762, 15.572106278966197 ], [ 93.9144449900772, 15.575528374237848 ], [ 93.910503021656481, 15.578992030478888 ], [ 93.906597620750233, 15.582496866187951 ], [ 93.902729217515386, 15.586042495327998 ], [ 93.898898238033823, 15.589628527368836 ], [ 93.895105104265397, 15.593254567330126 ], [ 93.891350234001479, 15.596920215824893 ], [ 93.887634040818938, 15.600625069103513 ], [ 93.883884040818941, 15.604403069103515 ], [ 93.880216562414688, 15.608136813302032 ], [ 93.876588366717328, 15.611908741133689 ], [ 93.872999851250029, 15.615718439327315 ], [ 93.869451409188386, 15.619565490473423 ], [ 93.865943429317383, 15.623449473069954 ], [ 93.862476295988728, 15.627369961568453 ], [ 93.859050389078789, 15.6313265264207 ], [ 93.855666083946986, 15.63531873412577 ], [ 93.852323751394607, 15.639346147277525 ], [ 93.849023757624252, 15.643408324612546 ], [ 93.845766464199642, 15.647504821058481 ], [ 93.842552228006042, 15.6516351877828 ], [ 93.83938140121117, 15.655798972241977 ], [ 93.83625433122657, 15.659995718231078 ], [ 93.83317136066961, 15.664224965933734 ], [ 93.830132827325841, 15.668486251972531 ], [ 93.827139064112131, 15.672779109459771 ], [ 93.824190399040035, 15.677103068048636 ], [ 93.821287155179988, 15.681457653984712 ], [ 93.818429650625816, 15.685842390157903 ], [ 93.815618198459958, 15.690256796154705 ], [ 93.812853106719061, 15.694700388310837 ], [ 93.810134678360356, 15.699172679764237 ], [ 93.807463211228367, 15.703673180508407 ], [ 93.804838998022319, 15.7082013974461 ], [ 93.802262326264071, 15.712756834443342 ], [ 93.799733478266603, 15.717338992383796 ], [ 93.797252731103072, 15.721947369223443 ], [ 93.79482035657648, 15.726581460045598 ], [ 93.792436621189879, 15.731240757116213 ], [ 93.790101786117177, 15.735924749939526 ], [ 93.787816107174521, 15.740632925313983 ], [ 93.785579834792259, 15.745364767388473 ], [ 93.783393213987523, 15.750119757718839 ], [ 93.783044173804399, 15.75090019361719 ], [ 93.782801136559456, 15.751238550393488 ], [ 93.779796440678581, 15.75551534774765 ], [ 93.776836616086868, 15.75982332074331 ], [ 93.77392198622438, 15.764161998619084 ], [ 93.771052869592452, 15.768530907258263 ], [ 93.768229579718891, 15.772929569240612 ], [ 93.765452425123712, 15.777357503894549 ], [ 93.762721709285401, 15.781814227349674 ], [ 93.760037730607763, 15.786299252589631 ], [ 93.757400782387322, 15.790812089505339 ], [ 93.754811152781272, 15.795352244948553 ], [ 93.752269124775978, 15.799919222785739 ], [ 93.749774976156047, 15.804512523952305 ], [ 93.747328979473991, 15.809131646507124 ], [ 93.744931402020427, 15.813776085687399 ], [ 93.7425825057949, 15.818445333963806 ], [ 93.740282547477179, 15.82313888109597 ], [ 93.738031778399304, 15.827856214188209 ], [ 93.735830444518044, 15.832596817745594 ], [ 93.733678786388055, 15.837360173730271 ], [ 93.731746519274026, 15.841759862649161 ], [ 93.732713051534674, 15.845873205957707 ], [ 93.733995291084042, 15.851294499197298 ], [ 93.735285063061923, 15.856714598785505 ], [ 93.736582664325653, 15.862131533618767 ], [ 93.737887407344061, 15.86754237944494 ], [ 93.739200225285018, 15.872952284474449 ], [ 93.74052064773548, 15.878357491319331 ], [ 93.741848686854041, 15.883758028620067 ], [ 93.743185503267355, 15.889157298165449 ], [ 93.744529653797827, 15.894549666470601 ], [ 93.745880318263403, 15.899931986116153 ], [ 93.747238293950986, 15.905307247472878 ], [ 93.748604422756799, 15.910679529081055 ], [ 93.749978340572341, 15.916047353597872 ], [ 93.751359708430783, 15.921409258714224 ], [ 93.752749241783036, 15.926768179758707 ], [ 93.754146367896624, 15.932122297820792 ], [ 93.755551527926784, 15.937472240946185 ], [ 93.75696414377434, 15.942816212641763 ], [ 93.758384700114732, 15.948156832508655 ], [ 93.759813373205802, 15.953494388779815 ], [ 93.761249604994461, 15.958827024672537 ], [ 93.762693570876692, 15.964154255414435 ], [ 93.764146973131858, 15.969484700918931 ], [ 93.765607071113706, 15.974806476960664 ], [ 93.767073956566847, 15.980119684895541 ], [ 93.768548950652885, 15.985431076757337 ], [ 93.770031166504225, 15.990736532316712 ], [ 93.771522043853039, 15.996043030057125 ], [ 93.773021104647356, 16.001348937481392 ], [ 93.774525844307277, 16.0066422284876 ], [ 93.776037865795772, 16.011930916327806 ], [ 93.777556560543402, 16.017212384660169 ], [ 93.779082937256319, 16.022491874191104 ], [ 93.780615813942362, 16.027764069964839 ], [ 93.782155697199016, 16.033031896598004 ], [ 93.783702164556217, 16.038293626926357 ], [ 93.785255678594623, 16.04355181356091 ], [ 93.786815305942696, 16.048802574610725 ], [ 93.78838177474772, 16.054049974726347 ], [ 93.789954433010095, 16.059291068890431 ], [ 93.791534029127561, 16.064529981971276 ], [ 93.793119533876194, 16.069762733358768 ], [ 93.794711873754011, 16.074992654094149 ], [ 93.796310100371755, 16.080217687516608 ], [ 93.797914508185613, 16.085438764353807 ], [ 93.799524740078454, 16.090654365792158 ], [ 93.801140764304677, 16.095866113813141 ], [ 93.802761292987753, 16.101068659957324 ], [ 93.804387689872016, 16.106268600277723 ], [ 93.806018894315386, 16.111461988335314 ], [ 93.807654612236277, 16.116647432684186 ], [ 93.809295445140037, 16.12182904232392 ], [ 93.810940866424929, 16.127005615829152 ], [ 93.812591095992161, 16.132176612081505 ], [ 93.81424656085062, 16.137344637107233 ], [ 93.815906676362644, 16.142508295148787 ], [ 93.817570518855263, 16.147665148195241 ], [ 93.819237368319079, 16.152814407955162 ], [ 93.820908277414347, 16.157957911939452 ], [ 93.822582870135918, 16.163095902285605 ], [ 93.824260975178703, 16.168228290892319 ], [ 93.825942664915544, 16.173354799850909 ], [ 93.82762802649404, 16.178478239280437 ], [ 93.829315914047015, 16.183593220224623 ], [ 93.83100678223046, 16.188703929905888 ], [ 93.83269999440644, 16.193807727317761 ], [ 93.834395652462391, 16.198904325280097 ], [ 93.836093798011888, 16.203996670053012 ], [ 93.837794159399039, 16.209083239494834 ], [ 93.839497150890466, 16.214164971588414 ], [ 93.841202396475779, 16.219243466828676 ], [ 93.842908683405298, 16.224313549875959 ], [ 93.844616811407448, 16.229377515656498 ], [ 93.846326088754907, 16.234435842735522 ], [ 93.848036617041956, 16.239488274446604 ], [ 93.849748586156139, 16.244536075314482 ], [ 93.851461513192589, 16.249578029021968 ], [ 93.853175254614271, 16.254615607104558 ], [ 93.85488991911879, 16.259647065777404 ], [ 93.856604340547548, 16.264670264844813 ], [ 93.858318742812216, 16.269686576459499 ], [ 93.860033343186643, 16.27469874999321 ], [ 93.861747971544617, 16.279705330347188 ], [ 93.863462486774736, 16.284710978904251 ], [ 93.865176706880575, 16.289709814250418 ], [ 93.866891170893396, 16.294702730956875 ], [ 93.868604716805677, 16.29969048500174 ], [ 93.870317578307095, 16.304671409712512 ], [ 93.872029551051213, 16.309648502426842 ], [ 93.873740678721731, 16.314615924561469 ], [ 93.875450668247609, 16.319579532978292 ], [ 93.877159752223079, 16.324539173953898 ], [ 93.878867490196669, 16.329493625050116 ], [ 93.880573447912099, 16.334441660168793 ], [ 93.882277852544732, 16.339384705506159 ], [ 93.883980590246864, 16.34432284618623 ], [ 93.885681202853647, 16.34925482571435 ], [ 93.887380932455031, 16.354185994528702 ], [ 93.889078639938987, 16.359112363283067 ], [ 93.89077465890233, 16.364033904057049 ], [ 93.892467855524984, 16.368952480066525 ], [ 93.894157599887862, 16.373862652501664 ], [ 93.895845251521024, 16.37877004650834 ], [ 93.897530355564442, 16.383673422672494 ], [ 93.899212606619969, 16.38857002111116 ], [ 93.900892222814861, 16.393467144907849 ], [ 93.902568685815893, 16.398359271882768 ], [ 93.904242610680072, 16.403249338674392 ], [ 93.90591321823814, 16.40813471707952 ], [ 93.907580945109203, 16.413015401604287 ], [ 93.909245721372741, 16.417891520602648 ], [ 93.91090718048757, 16.422766165842326 ], [ 93.91256555032686, 16.427636522172815 ], [ 93.914220466672731, 16.432505718967537 ], [ 93.915871703719986, 16.437371059770967 ], [ 93.917520010940748, 16.442233982510551 ], [ 93.919164358169581, 16.447094889655069 ], [ 93.920805512963966, 16.451955193036859 ], [ 93.922442736945612, 16.4568123206402 ], [ 93.92407683373284, 16.46166768919446 ], [ 93.925707077709504, 16.46652308190292 ], [ 93.927334620195523, 16.471381100097478 ], [ 93.928958167855868, 16.476234964147974 ], [ 93.930576939826224, 16.481086604895427 ], [ 93.932192010083568, 16.485935988699811 ], [ 93.933802952738475, 16.490786318970848 ], [ 93.935409920654706, 16.495636271632481 ], [ 93.937013094040736, 16.500484556534424 ], [ 93.938612676252404, 16.505337024753935 ], [ 93.940208364894559, 16.510188089019966 ], [ 93.941799693231985, 16.51504100060729 ], [ 93.943386219202068, 16.519891725003458 ], [ 93.944969151964443, 16.524743115517069 ], [ 93.946547902779258, 16.529595489899997 ], [ 93.948122121264049, 16.534447645024745 ], [ 93.949692049573727, 16.539298328493384 ], [ 93.951257801524434, 16.544153508253263 ], [ 93.952819554330844, 16.5490089780725 ], [ 93.954376735915829, 16.553868018021173 ], [ 93.955929594170456, 16.558729274229698 ], [ 93.957478393446905, 16.563591458584835 ], [ 93.959022828579307, 16.568459199874539 ], [ 93.960562868326761, 16.573326873506563 ], [ 93.962098471631933, 16.578200568099362 ], [ 93.963630195063914, 16.583080181581348 ], [ 93.96515774541966, 16.587961577680819 ], [ 93.966679884835756, 16.592845282756972 ], [ 93.968197514397175, 16.597732815684548 ], [ 93.969710948779976, 16.602622912169451 ], [ 93.971218798667039, 16.607519003494062 ], [ 93.972721278790715, 16.612422964997823 ], [ 93.974219052273185, 16.61733199969197 ], [ 93.975712156251831, 16.622243367492302 ], [ 93.977200466074436, 16.627163139114643 ], [ 93.978684356873785, 16.632087068519503 ], [ 93.980162786992025, 16.637017047654801 ], [ 93.981636635511322, 16.641954614157047 ], [ 93.983104849061732, 16.646901688237879 ], [ 93.984567331964413, 16.651855763289369 ], [ 93.986025365116419, 16.656816669765458 ], [ 93.987478698431659, 16.661780200866922 ], [ 93.988927580783255, 16.666750767117065 ], [ 93.99037130105161, 16.671728647364223 ], [ 93.991809479886498, 16.676712634848712 ], [ 93.993241498235633, 16.681710280823847 ], [ 93.994667704851423, 16.686714823671977 ], [ 93.996090350993626, 16.691722983389113 ], [ 93.997507816862125, 16.696740775566116 ], [ 93.998919370562859, 16.701765601827169 ], [ 94.000325262537331, 16.706799038383757 ], [ 94.001724522688249, 16.711844258070752 ], [ 94.003117902419135, 16.716898624006024 ], [ 94.00450499628667, 16.721960992181739 ], [ 94.005885576907289, 16.727034447314335 ], [ 94.007260451966999, 16.732116228761953 ], [ 94.008629572967351, 16.737206379896257 ], [ 94.009993186796365, 16.742306370768823 ], [ 94.011349603111967, 16.747416593842171 ], [ 94.012699955703994, 16.752535592507002 ], [ 94.014044010539834, 16.757666337904261 ], [ 94.015380821156, 16.762809048735168 ], [ 94.016711182047274, 16.767960877100183 ], [ 94.018034506313171, 16.773123453227111 ], [ 94.019350664456994, 16.778296904034676 ], [ 94.02066091935653, 16.783483910284712 ], [ 94.021963512140644, 16.788684621266185 ], [ 94.023257281906226, 16.793890926673296 ], [ 94.024544129335595, 16.799108425224922 ], [ 94.025822315563872, 16.804337510384329 ], [ 94.027092324272743, 16.809581070503917 ], [ 94.028354559268195, 16.814834779330209 ], [ 94.02960823241834, 16.8201031336833 ], [ 94.030853433643358, 16.825380415809526 ], [ 94.032089517183806, 16.830668311257966 ], [ 94.03331665813036, 16.835968276769645 ], [ 94.034534812932606, 16.84127745685764 ], [ 94.035743481963507, 16.846601785627001 ], [ 94.036942611470437, 16.851938397865226 ], [ 94.038131995359763, 16.857287362681586 ], [ 94.039311599888819, 16.862645783258927 ], [ 94.040481056566193, 16.868016639763692 ], [ 94.041639962374404, 16.873402895575868 ], [ 94.04278843334076, 16.878798750760701 ], [ 94.043926439589939, 16.884208516731182 ], [ 94.045053000786012, 16.88962949324624 ], [ 94.046168424907435, 16.895067367869103 ], [ 94.047272436024059, 16.900514874799391 ], [ 94.048364411256657, 16.905977945420485 ], [ 94.049444465393265, 16.911450703010576 ], [ 94.050511587387675, 16.916937719451816 ], [ 94.051566283987341, 16.922434482938041 ], [ 94.052607872686124, 16.927946939826317 ], [ 94.053636284015468, 16.933472118040743 ], [ 94.054650862768753, 16.939008665762287 ], [ 94.055652017921318, 16.944559352657006 ], [ 94.056638523509505, 16.950124420579986 ], [ 94.057610898500513, 16.955699220580623 ], [ 94.0585695465968, 16.961286473595539 ], [ 94.059512943196353, 16.966884886964362 ], [ 94.060442051217123, 16.972495573866048 ], [ 94.061355015665782, 16.978120403464544 ], [ 94.062251801551568, 16.983756283219808 ], [ 94.063132762303155, 16.989405965571574 ], [ 94.063997535388481, 16.995065017225503 ], [ 94.064845214028168, 17.000739422633114 ], [ 94.065675405117886, 17.006424707076686 ], [ 94.06648913465088, 17.012121984233907 ], [ 94.067284405237899, 17.017833098836974 ], [ 94.068061510337955, 17.023556285559735 ], [ 94.068820098213024, 17.029291471624081 ], [ 94.069560880670366, 17.035038394553688 ], [ 94.070281385619964, 17.040797428725142 ], [ 94.070983081539183, 17.046571111557927 ], [ 94.071664840480452, 17.052356515334914 ], [ 94.072326301666067, 17.058153575419503 ], [ 94.072967487828734, 17.063963579247574 ], [ 94.073588455023483, 17.069787863470371 ], [ 94.074187926852531, 17.075623392211007 ], [ 94.074763912428025, 17.081464545068823 ], [ 94.075316978245652, 17.08731874445828 ], [ 94.075848686711666, 17.093184106679825 ], [ 94.076357137566376, 17.09905480305056 ], [ 94.076841619429857, 17.104938428405266 ], [ 94.077302926595323, 17.110834705074588 ], [ 94.077740714881784, 17.116739031387326 ], [ 94.078153759812736, 17.122657536861468 ], [ 94.07854173071911, 17.128585582742076 ], [ 94.078905016534861, 17.134526001408094 ], [ 94.079243677320122, 17.14047560562884 ], [ 94.079555665635908, 17.146437629501424 ], [ 94.079841443590993, 17.152410334316762 ], [ 94.080100636060934, 17.158393653579001 ], [ 94.080333720568717, 17.164385875685493 ], [ 94.080538270857019, 17.170388814466278 ], [ 94.080715139550676, 17.176402226195869 ], [ 94.080863030081133, 17.182427810693273 ], [ 94.080982436515825, 17.188463843804374 ], [ 94.081073874657207, 17.194508592251495 ], [ 94.081135556032677, 17.200566829406707 ], [ 94.081167280290671, 17.206633875954182 ], [ 94.08116904527536, 17.212711146725638 ], [ 94.081141395321893, 17.218796904001305 ], [ 94.081082510460092, 17.224895877394445 ], [ 94.08099349319788, 17.23100320311643 ], [ 94.080871795570658, 17.237120720227946 ], [ 94.080719631139246, 17.243247961022888 ], [ 94.080534429833705, 17.249386786194091 ], [ 94.080317753555576, 17.255533767830798 ], [ 94.08006894481079, 17.261687350633014 ], [ 94.079786470678528, 17.267853862728732 ], [ 94.079470234759711, 17.274028608214568 ], [ 94.079120642182346, 17.280214503321513 ], [ 94.078736638940072, 17.286408565499073 ], [ 94.078318651766509, 17.292613702410929 ], [ 94.077866362379439, 17.298829841751274 ], [ 94.077378708865197, 17.305053980555588 ], [ 94.076856151415598, 17.31128904783548 ], [ 94.076296635192591, 17.317533801460005 ], [ 94.075702245058721, 17.323786273671381 ], [ 94.075071712201463, 17.330048168187808 ], [ 94.074403741806805, 17.336321208067652 ], [ 94.073700107128303, 17.342601881502755 ], [ 94.072959546410843, 17.348891887068806 ], [ 94.072180777148404, 17.355192954928508 ], [ 94.071365283917743, 17.361500070953308 ], [ 94.07051144931674, 17.367819704922162 ], [ 94.069619741624223, 17.37414859834389 ], [ 94.06869098217895, 17.38048495936328 ], [ 94.067722890350282, 17.386832267895741 ], [ 94.066716622443153, 17.393190206404118 ], [ 94.065670296305953, 17.399557523161331 ], [ 94.064585025519108, 17.405934022104059 ], [ 94.063460935959739, 17.412321173622715 ], [ 94.062297865539037, 17.418718858418579 ], [ 94.061097236555156, 17.425120308832252 ], [ 94.059856359557884, 17.431533863207441 ], [ 94.058575887321567, 17.437956098661157 ], [ 94.057255714701753, 17.444386952693588 ], [ 94.055895201616991, 17.450823422847726 ], [ 94.05449517563099, 17.457270014292828 ], [ 94.053056051399025, 17.463721781486164 ], [ 94.051577322063807, 17.470183515590591 ], [ 94.050057205443181, 17.476653804804009 ], [ 94.048498188650427, 17.483130503978352 ], [ 94.046898381894337, 17.489618694939896 ], [ 94.045259331688797, 17.496111490445923 ], [ 94.043580314898946, 17.502612119266168 ], [ 94.041861367217351, 17.509120491888936 ], [ 94.040102172270124, 17.515634827125261 ], [ 94.038304627553316, 17.522156425736306 ], [ 94.036898131930414, 17.527152753032041 ], [ 94.036785317936747, 17.529341254844159 ] ], [ [ 89.1733322, 23.9946938 ], [ 89.1671982, 23.9980831 ], [ 89.1567764, 23.9990559 ], [ 89.1485291, 23.9986115 ], [ 89.1427231, 23.9967232 ], [ 89.1391373, 23.9933891 ], [ 89.141777, 23.9903336 ], [ 89.1539688, 23.9895287 ], [ 89.1721954, 23.990612 ], [ 89.17733, 23.9952774 ], [ 89.1733322, 23.9946938 ] ], [ [ 86.385980257545626, 19.964817175693938 ], [ 86.385833, 19.967917 ], [ 86.38301699445465, 19.963849186122889 ], [ 86.385980257545626, 19.964817175693938 ] ], [ [ 86.799583, 20.360833 ], [ 86.794964414128884, 20.352107366233557 ], [ 86.803448914390358, 20.360096441904396 ], [ 86.805, 20.364556 ], [ 86.801667, 20.358778 ], [ 86.799583, 20.360833 ] ], [ [ 86.805030740014416, 20.392908868415827 ], [ 86.805191, 20.3924999 ], [ 86.8075562, 20.3865547 ], [ 86.807193367463597, 20.384949342953067 ], [ 86.80875, 20.386667 ], [ 86.810584697789992, 20.392525088335969 ], [ 86.8079453, 20.395277 ], [ 86.805793492420307, 20.394594943729714 ], [ 86.807111, 20.393306 ], [ 86.805030740014416, 20.392908868415827 ] ], [ [ 86.789496943654825, 20.35368726087383 ], [ 86.790833, 20.352889 ], [ 86.79031629628065, 20.354372497786564 ], [ 86.789496943654825, 20.35368726087383 ] ], [ [ 86.781622287985513, 20.347101568011446 ], [ 86.781667, 20.347083 ], [ 86.781834137905477, 20.34727874128281 ], [ 86.781622287985513, 20.347101568011446 ] ], [ [ 86.776169299287062, 20.375978548061781 ], [ 86.775417, 20.375833 ], [ 86.775417, 20.375500824468642 ], [ 86.776169299287062, 20.375978548061781 ] ], [ [ 94.372568873313412, 18.34737503380984 ], [ 94.377457248037103, 18.34849401988193 ], [ 94.380841391481766, 18.349231468223032 ], [ 94.3805847, 18.3497772 ], [ 94.376747099999989, 18.3504162 ], [ 94.3726959, 18.3476391 ], [ 94.372568873313412, 18.34737503380984 ] ], [ [ 94.448722, 18.133333 ], [ 94.449583678458453, 18.1317697720031 ], [ 94.4506073, 18.1328335 ], [ 94.4520264, 18.1374435 ], [ 94.451041889450025, 18.138235095771645 ], [ 94.448722, 18.133333 ] ], [ [ 94.5905304, 17.5606937 ], [ 94.5928574, 17.5687504 ], [ 94.592413942345701, 17.570376884657225 ], [ 94.589975910181664, 17.561991738277481 ], [ 94.5905304, 17.5606937 ] ], [ [ 94.313306, 16.003722 ], [ 94.300028, 15.998722 ], [ 94.280833, 15.996222 ], [ 94.27625, 15.989167 ], [ 94.287472, 15.982917 ], [ 94.298333, 15.983722 ], [ 94.323278, 15.978722 ], [ 94.337056, 15.997472 ], [ 94.33125, 15.995833 ], [ 94.33125, 15.996639 ], [ 94.348722, 16.0125 ], [ 94.346667, 16.01625 ], [ 94.341694, 16.017889 ], [ 94.336667, 16.013722 ], [ 94.335806, 16.016194 ], [ 94.327528, 16.017917 ], [ 94.313306, 16.003722 ] ], [ [ 95.048306, 15.750361 ], [ 95.045806, 15.745389 ], [ 95.039194, 15.74375 ], [ 95.018694, 15.724139 ], [ 95.018778, 15.721667 ], [ 95.022472, 15.71625 ], [ 95.033361, 15.712917 ], [ 95.052472, 15.71625 ], [ 95.062944, 15.722444 ], [ 95.066222, 15.741639 ], [ 95.058306, 15.75125 ], [ 95.048306, 15.750361 ] ], [ [ 95.114611, 15.990806 ], [ 95.108778, 15.974972 ], [ 95.102861, 15.967528 ], [ 95.100444, 15.948333 ], [ 95.100444, 15.944139 ], [ 95.106639, 15.942083 ], [ 95.115806, 15.946222 ], [ 95.11875, 15.950833 ], [ 95.12375, 15.980806 ], [ 95.123694, 15.987444 ], [ 95.119139, 15.992028 ], [ 95.114611, 15.990806 ] ], [ [ 95.052056, 15.824972 ], [ 95.052083, 15.819972 ], [ 95.056611, 15.812083 ], [ 95.061667, 15.812028 ], [ 95.067861, 15.817472 ], [ 95.069556, 15.8375 ], [ 95.066694, 15.843778 ], [ 95.06125, 15.841639 ], [ 95.052056, 15.824972 ] ], [ [ 95.862889, 16.215833 ], [ 95.868333, 16.21375 ], [ 95.882528, 16.222111 ], [ 95.892056, 16.241639 ], [ 95.889167, 16.242889 ], [ 95.880833, 16.237889 ], [ 95.862917, 16.2175 ], [ 95.862889, 16.215833 ] ], [ [ 95.029583, 15.689139 ], [ 95.0375, 15.68375 ], [ 95.044139, 15.685389 ], [ 95.053778, 15.694139 ], [ 95.055389, 15.702444 ], [ 95.049139, 15.705361 ], [ 95.029611, 15.692472 ], [ 95.029583, 15.689139 ] ], [ [ 94.514556, 16.138278 ], [ 94.514528, 16.135806 ], [ 94.517528, 16.133722 ], [ 94.525, 16.135389 ], [ 94.538722, 16.147528 ], [ 94.542917, 16.154944 ], [ 94.538333, 16.15625 ], [ 94.524167, 16.152111 ], [ 94.514556, 16.138278 ] ], [ [ 95.185389, 15.674972 ], [ 95.185389, 15.6725 ], [ 95.196667, 15.667111 ], [ 95.208333, 15.669583 ], [ 95.211222, 15.673333 ], [ 95.21125, 15.683306 ], [ 95.199167, 15.680389 ], [ 95.194972, 15.683694 ], [ 95.185389, 15.674972 ] ], [ [ 94.0825806, 18.0583324 ], [ 94.082192387645861, 18.055369652565954 ], [ 94.083333, 18.053722 ], [ 94.091667, 18.052083 ], [ 94.097972, 18.0575 ], [ 94.09861547314479, 18.061900722586824 ], [ 94.0957489, 18.063055 ], [ 94.084747299999989, 18.060194 ], [ 94.0825806, 18.0583324 ] ], [ [ 95.0825, 15.722889 ], [ 95.087917, 15.726639 ], [ 95.088694, 15.733278 ], [ 95.080861, 15.737083 ], [ 95.072056, 15.727472 ], [ 95.072083, 15.724139 ], [ 95.0825, 15.722889 ] ], [ [ 95.078333, 16.047917 ], [ 95.072917, 16.036667 ], [ 95.072083, 16.024167 ], [ 95.072083, 16.0175 ], [ 95.077083, 16.013333 ], [ 95.078333, 16.047917 ] ], [ [ 94.23875, 16.519139 ], [ 94.243333, 16.517917 ], [ 94.248722, 16.522472 ], [ 94.247083, 16.540806 ], [ 94.244167, 16.54375 ], [ 94.242861, 16.5275 ], [ 94.23875, 16.52 ], [ 94.23875, 16.519139 ] ], [ [ 95.080833, 16.060389 ], [ 95.090389, 16.071667 ], [ 95.095833, 16.082917 ], [ 95.086222, 16.0775 ], [ 95.078722, 16.063333 ], [ 95.078694, 16.061611 ], [ 95.080833, 16.060389 ] ], [ [ 94.44840965202242, 18.138222656712003 ], [ 94.444831799999989, 18.1371384 ], [ 94.443617061423566, 18.135610249738946 ], [ 94.446667, 18.136222 ], [ 94.44840965202242, 18.138222656712003 ] ], [ [ 94.452745664132181, 18.148613068877921 ], [ 94.452889, 18.15 ], [ 94.452057071909181, 18.149544271009791 ], [ 94.452745664132181, 18.148613068877921 ] ], [ [ 94.5855026, 17.5618057 ], [ 94.58189185760267, 17.565130401452116 ], [ 94.582889, 17.559972 ], [ 94.586573374934289, 17.557967926286395 ], [ 94.5855026, 17.5618057 ] ], [ [ 94.588028, 17.5735283 ], [ 94.5871124, 17.5686951 ], [ 94.588880075366575, 17.564557043335839 ], [ 94.591531127108155, 17.572511177530934 ], [ 94.588028, 17.5735283 ] ], [ [ 95.107083, 15.664944 ], [ 95.107111, 15.663333 ], [ 95.113306, 15.661222 ], [ 95.121694, 15.663722 ], [ 95.122111, 15.666639 ], [ 95.1125, 15.666222 ], [ 95.11375, 15.673306 ], [ 95.110833, 15.674556 ], [ 95.107083, 15.664944 ] ], [ [ 95.26125, 15.673333 ], [ 95.268333, 15.67125 ], [ 95.279583, 15.674167 ], [ 95.273306, 15.677056 ], [ 95.267528, 15.675389 ], [ 95.265806, 15.67875 ], [ 95.261222, 15.676667 ], [ 95.26125, 15.673333 ] ], [ [ 94.521639, 15.942944 ], [ 94.517111, 15.938306 ], [ 94.514556, 15.924972 ], [ 94.514556, 15.916639 ], [ 94.517056, 15.917472 ], [ 94.521639, 15.942944 ] ], [ [ 94.472944, 16.079972 ], [ 94.465861, 16.078722 ], [ 94.462083, 16.074139 ], [ 94.462056, 16.070806 ], [ 94.467528, 16.071222 ], [ 94.472944, 16.079972 ] ], [ [ 94.229611, 16.384167 ], [ 94.225, 16.392917 ], [ 94.222083, 16.380806 ], [ 94.222083, 16.379139 ], [ 94.225806, 16.377917 ], [ 94.229611, 16.384167 ] ], [ [ 95.062917, 15.871639 ], [ 95.061667, 15.882889 ], [ 95.057917, 15.876611 ], [ 95.057917, 15.870833 ], [ 95.060861, 15.867917 ], [ 95.062917, 15.871639 ] ], [ [ 94.275, 15.858722 ], [ 94.279611, 15.8625 ], [ 94.279611, 15.866667 ], [ 94.275861, 15.867917 ], [ 94.27125, 15.861611 ], [ 94.27125, 15.860806 ], [ 94.275, 15.858722 ] ], [ [ 96.246667, 16.804583 ], [ 96.246194, 16.804111 ], [ 96.261667, 16.802889 ], [ 96.266222, 16.805806 ], [ 96.246667, 16.804583 ] ], [ [ 94.424611, 16.9475 ], [ 94.424583, 16.945778 ], [ 94.432917, 16.950778 ], [ 94.430028, 16.955389 ], [ 94.424611, 16.9475 ] ], [ [ 94.54125, 16.165806 ], [ 94.541222, 16.162472 ], [ 94.544611, 16.162444 ], [ 94.550389, 16.172472 ], [ 94.54125, 16.165806 ] ], [ [ 95.062111, 15.674944 ], [ 95.062083, 15.674167 ], [ 95.069167, 15.67375 ], [ 95.072083, 15.678306 ], [ 95.062111, 15.674944 ] ], [ [ 94.293306, 16.525417 ], [ 94.292917, 16.525028 ], [ 94.299167, 16.522056 ], [ 94.307944, 16.524111 ], [ 94.293306, 16.525417 ] ], [ [ 95.069583, 16.006639 ], [ 95.069583, 16.005833 ], [ 95.075389, 16.005833 ], [ 95.072444, 16.013722 ], [ 95.069583, 16.006639 ] ], [ [ 95.170417, 15.674139 ], [ 95.170389, 15.671667 ], [ 95.17625, 15.670806 ], [ 95.173361, 15.677889 ], [ 95.170417, 15.674139 ] ], [ [ 94.299556, 16.6125 ], [ 94.297528, 16.61625 ], [ 94.29125, 16.617472 ], [ 94.29125, 16.616611 ], [ 94.294139, 16.611278 ], [ 94.299556, 16.6125 ] ], [ [ 94.817861, 15.739167 ], [ 94.817889, 15.7375 ], [ 94.820806, 15.736278 ], [ 94.825417, 15.743306 ], [ 94.817861, 15.739167 ] ], [ [ 94.514583, 17.159972 ], [ 94.5125, 17.16625 ], [ 94.509528, 17.162472 ], [ 94.509583, 17.160806 ], [ 94.510806, 17.158722 ], [ 94.514583, 17.159972 ] ], [ [ 96.802028, 16.914972 ], [ 96.802056, 16.913333 ], [ 96.807889, 16.908278 ], [ 96.806222, 16.913306 ], [ 96.802028, 16.914972 ] ], [ [ 94.42375, 16.918306 ], [ 94.422528, 16.922917 ], [ 94.418722, 16.920806 ], [ 94.418722, 16.919139 ], [ 94.419944, 16.915417 ], [ 94.42375, 16.918306 ] ], [ [ 94.462889, 16.063361 ], [ 94.4575, 16.064583 ], [ 94.454556, 16.061694 ], [ 94.462889, 16.063361 ] ], [ [ 94.511222, 16.199139 ], [ 94.511222, 16.198333 ], [ 94.514139, 16.197917 ], [ 94.517056, 16.202472 ], [ 94.511222, 16.199139 ] ], [ [ 94.26875, 16.847472 ], [ 94.268694, 16.844944 ], [ 94.272917, 16.8425 ], [ 94.272056, 16.8475 ], [ 94.26875, 16.847472 ] ], [ [ 94.91625, 15.749111 ], [ 94.916222, 15.7475 ], [ 94.919194, 15.746222 ], [ 94.921222, 15.749972 ], [ 94.91625, 15.749111 ] ], [ [ 94.923778, 15.7525 ], [ 94.917917, 15.754944 ], [ 94.917917, 15.754139 ], [ 94.923778, 15.7525 ] ], [ [ 95.305417, 15.679139 ], [ 95.305389, 15.676667 ], [ 95.30875, 15.674972 ], [ 95.307917, 15.679167 ], [ 95.305417, 15.679139 ] ], [ [ 94.211222, 16.376639 ], [ 94.211222, 16.375028 ], [ 94.213722, 16.375 ], [ 94.213361, 16.380417 ], [ 94.211222, 16.376639 ] ], [ [ 96.057889, 16.361639 ], [ 96.05375, 16.365833 ], [ 96.05375, 16.364972 ], [ 96.057889, 16.361639 ] ], [ [ 94.270417, 16.888333 ], [ 94.270417, 16.886667 ], [ 94.272472, 16.882056 ], [ 94.272917, 16.887444 ], [ 94.270417, 16.888333 ] ], [ [ 94.192889, 16.353306 ], [ 94.192889, 16.352444 ], [ 94.197083, 16.355833 ], [ 94.194194, 16.35625 ], [ 94.192889, 16.353306 ] ], [ [ 94.52125, 15.936611 ], [ 94.52125, 15.935806 ], [ 94.524556, 15.934139 ], [ 94.523333, 15.937917 ], [ 94.52125, 15.936611 ] ], [ [ 94.194556, 16.092444 ], [ 94.190389, 16.091611 ], [ 94.190389, 16.090806 ], [ 94.194556, 16.092444 ] ], [ [ 95.111278, 15.941694 ], [ 95.107889, 15.94 ], [ 95.107889, 15.938333 ], [ 95.111278, 15.941694 ] ], [ [ 94.280389, 16.620833 ], [ 94.277944, 16.619972 ], [ 94.277917, 16.617444 ], [ 94.280389, 16.620833 ] ], [ [ 94.267944, 16.5475 ], [ 94.264972, 16.548722 ], [ 94.263722, 16.547472 ], [ 94.267944, 16.5475 ] ], [ [ 94.226278, 15.988333 ], [ 94.222889, 15.986667 ], [ 94.222889, 15.985806 ], [ 94.226278, 15.988333 ] ], [ [ 94.270417, 16.544167 ], [ 94.266222, 16.542444 ], [ 94.266222, 16.541639 ], [ 94.270417, 16.544167 ] ], [ [ 94.457056, 17.989111 ], [ 94.453722, 17.991667 ], [ 94.453694, 17.990806 ], [ 94.457056, 17.989111 ] ], [ [ 94.390389, 15.824167 ], [ 94.387056, 15.8225 ], [ 94.387111, 15.821639 ], [ 94.390389, 15.824167 ] ], [ [ 94.319528, 16.618333 ], [ 94.319583, 16.617472 ], [ 94.322028, 16.617472 ], [ 94.321667, 16.62125 ], [ 94.319528, 16.618333 ] ], [ [ 94.591222, 17.306667 ], [ 94.587889, 17.308306 ], [ 94.587889, 17.307444 ], [ 94.591222, 17.306667 ] ], [ [ 94.291222, 16.630806 ], [ 94.287944, 16.629167 ], [ 94.287944, 16.628361 ], [ 94.291222, 16.630806 ] ], [ [ 94.574583, 16.2275 ], [ 94.57125, 16.226639 ], [ 94.57125, 16.225778 ], [ 94.574583, 16.2275 ] ], [ [ 94.230417, 16.419167 ], [ 94.227917, 16.420778 ], [ 94.227917, 16.418306 ], [ 94.230417, 16.419167 ] ], [ [ 94.225444, 16.418333 ], [ 94.222944, 16.417472 ], [ 94.222889, 16.415806 ], [ 94.225444, 16.418333 ] ], [ [ 94.419583, 16.939167 ], [ 94.416194, 16.941667 ], [ 94.416194, 16.940861 ], [ 94.419583, 16.939167 ] ], [ [ 94.390389, 16.818333 ], [ 94.387889, 16.820028 ], [ 94.387889, 16.818306 ], [ 94.390389, 16.818333 ] ], [ [ 94.915417, 15.748306 ], [ 94.912917, 15.75 ], [ 94.912861, 15.748278 ], [ 94.915417, 15.748306 ] ], [ [ 94.331278, 16.650806 ], [ 94.328694, 16.6525 ], [ 94.328778, 16.651694 ], [ 94.331278, 16.650806 ] ], [ [ 94.34625, 16.676639 ], [ 94.34375, 16.675806 ], [ 94.343722, 16.675 ], [ 94.34625, 16.676639 ] ], [ [ 94.312056, 16.593306 ], [ 94.309583, 16.595 ], [ 94.309583, 16.594139 ], [ 94.312056, 16.593306 ] ], [ [ 94.194583, 16.109139 ], [ 94.192083, 16.108306 ], [ 94.192083, 16.1075 ], [ 94.194583, 16.109139 ] ], [ [ 94.419583, 16.923333 ], [ 94.417111, 16.925 ], [ 94.417083, 16.924139 ], [ 94.419583, 16.923333 ] ], [ [ 94.359583, 16.744167 ], [ 94.357028, 16.745861 ], [ 94.357083, 16.745 ], [ 94.359583, 16.744167 ] ], [ [ 94.447889, 17.076611 ], [ 94.445361, 17.076639 ], [ 94.445444, 17.075833 ], [ 94.447889, 17.076611 ] ], [ [ 94.29375, 16.553306 ], [ 94.29125, 16.555 ], [ 94.29125, 16.554111 ], [ 94.29375, 16.553306 ] ], [ [ 94.189556, 16.043333 ], [ 94.187889, 16.0425 ], [ 94.187889, 16.041639 ], [ 94.189556, 16.043333 ] ], [ [ 93.9065552, 18.4303894 ], [ 93.910888700000015, 18.4304161 ], [ 93.9073868, 18.4400272 ], [ 93.9054413, 18.4413891 ], [ 93.904335, 18.4342499 ], [ 93.9065552, 18.4303894 ] ], [ [ 94.234108, 18.5377216 ], [ 94.235084500000013, 18.5354443 ], [ 94.2435532, 18.530695 ], [ 94.2478333, 18.5369453 ], [ 94.24199680000001, 18.5407772 ], [ 94.2352753, 18.5402508 ], [ 94.234108, 18.5377216 ] ], [ [ 93.798385599999989, 18.6225548 ], [ 93.8023911, 18.6313324 ], [ 93.7962189, 18.6424999 ], [ 93.793502800000013, 18.6656952 ], [ 93.7877808, 18.660778 ], [ 93.7875824, 18.656889 ], [ 93.7905273, 18.6529999 ], [ 93.7913589, 18.6445274 ], [ 93.7897186, 18.6408329 ], [ 93.7878647, 18.6361942 ], [ 93.7809143, 18.6331387 ], [ 93.7754135, 18.6205826 ], [ 93.782753, 18.6048889 ], [ 93.7858887, 18.602417 ], [ 93.7923889, 18.6031666 ], [ 93.8007507, 18.6078606 ], [ 93.8023911, 18.6113338 ], [ 93.798385599999989, 18.6225548 ] ], [ [ 93.5423355, 18.874527 ], [ 93.5388336, 18.8740005 ], [ 93.5335007, 18.875555 ], [ 93.5080032, 18.8708324 ], [ 93.4891968, 18.8725281 ], [ 93.4857788, 18.8728333 ], [ 93.4829178, 18.870472 ], [ 93.4824753, 18.8677216 ], [ 93.504303, 18.8280277 ], [ 93.5170593, 18.8128338 ], [ 93.5237503, 18.8014164 ], [ 93.5231094, 18.7968063 ], [ 93.5248642, 18.7915554 ], [ 93.540802, 18.7743053 ], [ 93.5447769, 18.766777 ], [ 93.5511093, 18.7622776 ], [ 93.5569153, 18.760973 ], [ 93.5722809, 18.7478619 ], [ 93.595916699999989, 18.7309437 ], [ 93.6038055, 18.7234173 ], [ 93.6296387, 18.6987495 ], [ 93.6373062, 18.6853046 ], [ 93.6455002, 18.685194 ], [ 93.6523056, 18.6820564 ], [ 93.6640244, 18.6693325 ], [ 93.6835556, 18.6700554 ], [ 93.691307099999989, 18.6669445 ], [ 93.7091675, 18.6713886 ], [ 93.7146149, 18.6727505 ], [ 93.720108, 18.675806 ], [ 93.7309723, 18.692028 ], [ 93.7473907, 18.7241669 ], [ 93.752861, 18.748806 ], [ 93.7505569, 18.7573051 ], [ 93.7435532, 18.7661114 ], [ 93.7402802, 18.7702503 ], [ 93.7391663, 18.7799168 ], [ 93.7388916, 18.7821941 ], [ 93.7418365, 18.7960281 ], [ 93.7420807, 18.8146381 ], [ 93.7427216, 18.8199158 ], [ 93.7472229, 18.8259449 ], [ 93.7462235, 18.8279991 ], [ 93.7433319, 18.8291111 ], [ 93.741333, 18.8343887 ], [ 93.7416687, 18.8451939 ], [ 93.7403336, 18.8543053 ], [ 93.7395248, 18.8598614 ], [ 93.7415314, 18.8723049 ], [ 93.7385559, 18.8777771 ], [ 93.7356415, 18.8791103 ], [ 93.7298584, 18.8778896 ], [ 93.7195587, 18.8733883 ], [ 93.7102509, 18.8666115 ], [ 93.703476, 18.8681393 ], [ 93.6938324, 18.8673325 ], [ 93.6749725, 18.869833 ], [ 93.6662521, 18.8734169 ], [ 93.6532211, 18.8729992 ], [ 93.6429977, 18.879528 ], [ 93.6386414, 18.880167 ], [ 93.6347809, 18.8860836 ], [ 93.6255569, 18.9002228 ], [ 93.6223907, 18.9088898 ], [ 93.6215591, 18.9111938 ], [ 93.6190796, 18.9139175 ], [ 93.6152191, 18.9145565 ], [ 93.6114426, 18.9087772 ], [ 93.595726, 18.8943062 ], [ 93.5842514, 18.8865833 ], [ 93.5765839, 18.8837223 ], [ 93.5589752, 18.883028 ], [ 93.5455856, 18.8750286 ], [ 93.5423355, 18.874527 ] ], [ [ 93.8085251, 18.7131939 ], [ 93.8181686, 18.714695 ], [ 93.815834, 18.7252502 ], [ 93.8110275, 18.7247219 ], [ 93.8065567, 18.7159443 ], [ 93.8085251, 18.7131939 ] ], [ [ 93.9990845, 18.7420559 ], [ 93.996109, 18.7475548 ], [ 93.994194, 18.7482224 ], [ 93.9891663, 18.7447224 ], [ 93.984581, 18.7439728 ], [ 93.9836655, 18.7411938 ], [ 93.9915009, 18.7311668 ], [ 93.9956131, 18.7296104 ], [ 94.0064697, 18.7290554 ], [ 94.0091095, 18.7306938 ], [ 94.0027237, 18.739584 ], [ 93.9990845, 18.7420559 ] ], [ [ 93.9393311, 18.8167496 ], [ 93.9445267, 18.8062496 ], [ 93.9424438, 18.7993336 ], [ 93.9448853, 18.7957783 ], [ 93.9458923, 18.7943058 ], [ 93.9570847, 18.7852497 ], [ 93.9607773, 18.7800007 ], [ 93.9660797, 18.7793884 ], [ 93.9903641, 18.7851658 ], [ 93.9923019, 18.7854176 ], [ 93.9893341, 18.7911396 ], [ 93.983696, 18.7977219 ], [ 93.9749756, 18.8024445 ], [ 93.9749451, 18.804306 ], [ 93.9794998, 18.8066387 ], [ 93.9773636, 18.8243065 ], [ 93.972641, 18.8366661 ], [ 93.9692535, 18.8361664 ], [ 93.9645004, 18.8310547 ], [ 93.9493637, 18.8263054 ], [ 93.9407501, 18.8204441 ], [ 93.9393311, 18.8167496 ] ], [ [ 94.1227188, 18.8084164 ], [ 94.1303635, 18.8169994 ], [ 94.134613, 18.8248615 ], [ 94.1386414, 18.8543053 ], [ 94.1376419, 18.8563614 ], [ 94.1304169, 18.8546658 ], [ 94.1287537, 18.8523617 ], [ 94.1236954, 18.8520832 ], [ 94.1215591, 18.8488331 ], [ 94.1131134, 18.8492222 ], [ 94.1122742, 18.8590832 ], [ 94.1155243, 18.8696938 ], [ 94.1073914, 18.8654728 ], [ 94.1016693, 18.8594437 ], [ 94.0997772, 18.855278 ], [ 94.0863647, 18.8475552 ], [ 94.0773315, 18.8543606 ], [ 94.0746918, 18.8536396 ], [ 94.0677795, 18.8475838 ], [ 94.0696106, 18.8358898 ], [ 94.0732803, 18.8313332 ], [ 94.0999146, 18.821722 ], [ 94.1157227, 18.8094997 ], [ 94.1191406, 18.8079166 ], [ 94.1227188, 18.8084164 ] ], [ [ 93.5365829, 18.8948898 ], [ 93.5329132, 18.8996658 ], [ 93.5278091, 18.9016666 ], [ 93.5249176, 18.9009438 ], [ 93.522552499999989, 18.898138 ], [ 93.5252533, 18.8954163 ], [ 93.5339737, 18.8936939 ], [ 93.5365829, 18.8948898 ] ], [ [ 94.0447464, 19.0228882 ], [ 94.0545273, 19.033556 ], [ 94.0559464, 19.0356388 ], [ 94.0542221, 19.038166 ], [ 94.0440521, 19.0405827 ], [ 94.040947, 19.0389442 ], [ 94.0313873, 19.0280285 ], [ 94.0331421, 19.0227776 ], [ 94.039444, 19.0214443 ], [ 94.0447464, 19.0228882 ] ], [ [ 94.037529, 19.0623341 ], [ 94.0346375, 19.0609169 ], [ 94.0186386, 19.0453606 ], [ 94.0198898, 19.0421658 ], [ 94.0266647, 19.0408611 ], [ 94.034584, 19.0443897 ], [ 94.040275600000015, 19.0527229 ], [ 94.040947, 19.0593891 ], [ 94.037529, 19.0623341 ] ], [ [ 94.0167465, 19.1014175 ], [ 94.0164719, 19.1060009 ], [ 94.0101395, 19.1091385 ], [ 93.9971695, 19.1030273 ], [ 94.0006409, 19.097084 ], [ 94.0030518, 19.0961952 ], [ 94.0110016, 19.0978889 ], [ 94.0167465, 19.1014175 ] ], [ [ 93.8230591, 19.2628059 ], [ 93.8194427, 19.2597771 ], [ 93.8263092, 19.2521114 ], [ 93.830833399999989, 19.2529449 ], [ 93.8359146, 19.2585831 ], [ 93.8353882, 19.2629452 ], [ 93.8276367, 19.2639999 ], [ 93.8230591, 19.2628059 ] ], [ [ 93.8002472, 19.267334 ], [ 93.8046112, 19.2660275 ], [ 93.8089752, 19.2663059 ], [ 93.8127747, 19.2678337 ], [ 93.8326416, 19.2757778 ], [ 93.834358200000011, 19.2845268 ], [ 93.8274689, 19.2950287 ], [ 93.8075256, 19.3012218 ], [ 93.8033905, 19.3036938 ], [ 93.795669600000011, 19.303833 ], [ 93.788414, 19.3016663 ], [ 93.785553, 19.2988892 ], [ 93.7766418, 19.2976112 ], [ 93.7747498, 19.2932224 ], [ 93.7764969, 19.2881947 ], [ 93.7868347, 19.2761383 ], [ 93.8002472, 19.267334 ] ], [ [ 93.8653641, 19.2832775 ], [ 93.8622742, 19.2975006 ], [ 93.859108, 19.2981663 ], [ 93.8540802, 19.2953339 ], [ 93.8501968, 19.2959728 ], [ 93.8483047, 19.2922783 ], [ 93.8499756, 19.2764454 ], [ 93.8485565, 19.2720547 ], [ 93.8531647, 19.2711945 ], [ 93.863945, 19.2796116 ], [ 93.8653641, 19.2832775 ] ], [ [ 93.845108, 19.2768326 ], [ 93.8432465, 19.2896938 ], [ 93.8366699, 19.2933064 ], [ 93.8392258, 19.2841396 ], [ 93.8351364, 19.27425 ], [ 93.836975099999989, 19.2716942 ], [ 93.839386, 19.2714996 ], [ 93.845108, 19.2768326 ] ], [ [ 93.7439423, 19.2818336 ], [ 93.7517776, 19.2754726 ], [ 93.7546692, 19.2752781 ], [ 93.7604141, 19.2792778 ], [ 93.753807099999989, 19.2865276 ], [ 93.745864900000015, 19.2839165 ], [ 93.7439423, 19.2818336 ] ], [ [ 93.6445313, 19.3665009 ], [ 93.6422195, 19.3591118 ], [ 93.6508865, 19.3455563 ], [ 93.653389, 19.3392773 ], [ 93.6570587, 19.3361111 ], [ 93.6616669, 19.3366947 ], [ 93.6630859, 19.3368607 ], [ 93.6691132, 19.3399162 ], [ 93.6721954, 19.3436394 ], [ 93.6756668, 19.3549442 ], [ 93.681198099999989, 19.3568611 ], [ 93.6854706, 19.360445 ], [ 93.6879196, 19.3624725 ], [ 93.6863861, 19.366806 ], [ 93.6746368, 19.3770008 ], [ 93.669555699999989, 19.3757782 ], [ 93.6666946, 19.3732224 ], [ 93.6660538, 19.3672218 ], [ 93.6626663, 19.3665009 ], [ 93.6565552, 19.3721676 ], [ 93.6526642, 19.3732777 ], [ 93.6445313, 19.3665009 ] ], [ [ 94.0419464, 19.3425827 ], [ 94.040275600000015, 19.3418064 ], [ 94.0420303, 19.3376675 ], [ 94.0466385, 19.3370285 ], [ 94.050224300000011, 19.339138 ], [ 94.0554733, 19.3460827 ], [ 94.0544739, 19.3488331 ], [ 94.0419464, 19.3425827 ] ], [ [ 93.6899185, 19.3918896 ], [ 93.690864600000012, 19.3944435 ], [ 93.6891098, 19.3978615 ], [ 93.6681366, 19.4079437 ], [ 93.6630859, 19.4074173 ], [ 93.6643295, 19.4030552 ], [ 93.6724167, 19.3960552 ], [ 93.6736908, 19.3910007 ], [ 93.6776123, 19.3885269 ], [ 93.6826935, 19.3881397 ], [ 93.6899185, 19.3918896 ] ], [ [ 93.63414, 19.4318619 ], [ 93.627388, 19.4313049 ], [ 93.6261978, 19.4294453 ], [ 93.631858799999989, 19.4230843 ], [ 93.6362534, 19.403862 ], [ 93.6391144, 19.4057217 ], [ 93.642860399999989, 19.4154167 ], [ 93.6405563, 19.424139 ], [ 93.63414, 19.4318619 ] ], [ [ 93.6615524, 19.4290009 ], [ 93.6531143, 19.4272785 ], [ 93.6528854, 19.4245281 ], [ 93.6551132, 19.4217777 ], [ 93.6618881, 19.4218884 ], [ 93.6665268, 19.4201107 ], [ 93.6674728, 19.4217224 ], [ 93.6659698, 19.4253616 ], [ 93.6615524, 19.4290009 ] ], [ [ 93.6139984, 19.4361954 ], [ 93.617332499999989, 19.4389992 ], [ 93.6169968, 19.4461117 ], [ 93.6157227, 19.4504452 ], [ 93.6139984, 19.4515839 ], [ 93.6099167, 19.4506111 ], [ 93.60392, 19.4466114 ], [ 93.5998611, 19.4419727 ], [ 93.6089172, 19.4347496 ], [ 93.6139984, 19.4361954 ] ], [ [ 93.6203079, 19.4693604 ], [ 93.6258926, 19.4676113 ], [ 93.6314468, 19.4599171 ], [ 93.6367493, 19.4525833 ], [ 93.6411667, 19.449194 ], [ 93.644058199999989, 19.449667 ], [ 93.6452255, 19.4540558 ], [ 93.643669100000011, 19.4613895 ], [ 93.6272507, 19.4905834 ], [ 93.617500299999989, 19.4950562 ], [ 93.6064148, 19.4912491 ], [ 93.603141799999989, 19.4878063 ], [ 93.5998611, 19.4771938 ], [ 93.5998306, 19.4771385 ], [ 93.602111799999989, 19.4702778 ], [ 93.6058044, 19.4668884 ], [ 93.6118622, 19.4664993 ], [ 93.6203079, 19.4693604 ] ], [ [ 93.5902252, 19.4721947 ], [ 93.5966644, 19.4614716 ], [ 93.598114, 19.4617214 ], [ 93.5978317, 19.4656105 ], [ 93.5945816, 19.4729176 ], [ 93.590637199999989, 19.4760838 ], [ 93.5853043, 19.4767227 ], [ 93.5826645, 19.4750557 ], [ 93.5839157, 19.4725552 ], [ 93.5902252, 19.4721947 ] ], [ [ 93.5372467, 19.4682503 ], [ 93.5522232, 19.4705276 ], [ 93.5497513, 19.4732494 ], [ 93.5310593, 19.4768887 ], [ 93.528442399999989, 19.4734173 ], [ 93.5287476, 19.4697495 ], [ 93.5324478, 19.4645004 ], [ 93.5365829, 19.4636383 ], [ 93.5372467, 19.4682503 ] ], [ [ 93.566391, 19.4783058 ], [ 93.5715256, 19.4758339 ], [ 93.5751419, 19.4765835 ], [ 93.5768051, 19.4793606 ], [ 93.5721359, 19.4838886 ], [ 93.5593033, 19.482111 ], [ 93.5534439, 19.4854717 ], [ 93.5458069, 19.4948063 ], [ 93.5387192, 19.499527 ], [ 93.5182495, 19.5238342 ], [ 93.516334500000013, 19.5214996 ], [ 93.5243073, 19.5071392 ], [ 93.5375824, 19.4946938 ], [ 93.5416412, 19.4894714 ], [ 93.5489426, 19.4801388 ], [ 93.555748, 19.4783897 ], [ 93.566391, 19.4783058 ] ], [ [ 93.5254745, 19.4931393 ], [ 93.523941, 19.498167 ], [ 93.5195313, 19.5017776 ], [ 93.514946, 19.5021954 ], [ 93.5116119, 19.4977779 ], [ 93.5174408, 19.496027 ], [ 93.5196915, 19.4923611 ], [ 93.5205002, 19.4864159 ], [ 93.5167236, 19.4801388 ], [ 93.5196686, 19.4767494 ], [ 93.5247192, 19.4786396 ], [ 93.5280304, 19.4842224 ], [ 93.5331116, 19.4847507 ], [ 93.5338364, 19.4865837 ], [ 93.5254745, 19.4931393 ] ], [ [ 93.8359146, 19.4826393 ], [ 93.8476944, 19.4887505 ], [ 93.8584747, 19.4983063 ], [ 93.859169, 19.5001392 ], [ 93.857696499999989, 19.5026665 ], [ 93.8498611, 19.5076103 ], [ 93.8435593, 19.5091667 ], [ 93.837280299999989, 19.5067787 ], [ 93.8111115, 19.5266953 ], [ 93.7972488, 19.5308895 ], [ 93.7773361, 19.5345554 ], [ 93.7743073, 19.5342216 ], [ 93.772720299999989, 19.5340271 ], [ 93.768890399999989, 19.5314732 ], [ 93.7684479, 19.5277786 ], [ 93.7709198, 19.5239162 ], [ 93.8041687, 19.5013332 ], [ 93.8100815, 19.4938335 ], [ 93.8176651, 19.4876938 ], [ 93.830108600000017, 19.4818897 ], [ 93.8359146, 19.4826393 ] ], [ [ 93.530998200000013, 19.528389 ], [ 93.533416699999989, 19.5293331 ], [ 93.5319138, 19.5332222 ], [ 93.5250244, 19.5390835 ], [ 93.5248337, 19.5358887 ], [ 93.530998200000013, 19.528389 ] ], [ [ 93.6404724, 19.549612 ], [ 93.6322479, 19.548584 ], [ 93.6303329, 19.5460281 ], [ 93.6320801, 19.5432777 ], [ 93.6361923, 19.5433331 ], [ 93.6398621, 19.5408611 ], [ 93.6429977, 19.5408897 ], [ 93.6468353, 19.5436935 ], [ 93.6502533, 19.5430565 ], [ 93.6530533, 19.549305 ], [ 93.6569138, 19.550972 ], [ 93.6603622, 19.5466385 ], [ 93.662056, 19.5473614 ], [ 93.6626358, 19.5572491 ], [ 93.666168200000016, 19.5655556 ], [ 93.654029799999989, 19.5672493 ], [ 93.648941, 19.5667229 ], [ 93.6467743, 19.5643883 ], [ 93.6397247, 19.5665836 ], [ 93.6380844, 19.5638046 ], [ 93.6398926, 19.5558052 ], [ 93.6423645, 19.5530834 ], [ 93.6404724, 19.549612 ] ], [ [ 93.48983, 19.5599728 ], [ 93.493804900000015, 19.5531387 ], [ 93.501442, 19.5447502 ], [ 93.5031128, 19.546833 ], [ 93.4998627, 19.5532227 ], [ 93.4902496, 19.5638886 ], [ 93.48983, 19.5599728 ] ], [ [ 93.6006927, 19.5511398 ], [ 93.6021423, 19.5529995 ], [ 93.5986633, 19.5568619 ], [ 93.5891953, 19.5590286 ], [ 93.5877533, 19.5576382 ], [ 93.6006927, 19.5511398 ] ], [ [ 93.6596909, 19.5781116 ], [ 93.6589966, 19.5753613 ], [ 93.6680527, 19.5678883 ], [ 93.673385599999989, 19.5695553 ], [ 93.6743088, 19.5716381 ], [ 93.6728363, 19.5734444 ], [ 93.6648331, 19.5738049 ], [ 93.6596909, 19.5781116 ] ], [ [ 93.7027206, 19.6018887 ], [ 93.706695599999989, 19.5966396 ], [ 93.7139969, 19.5928326 ], [ 93.7169189, 19.5928612 ], [ 93.7183609, 19.5938053 ], [ 93.7034149, 19.6041946 ], [ 93.7027206, 19.6018887 ] ], [ [ 93.6013336, 19.6074448 ], [ 93.6099472, 19.615612 ], [ 93.6133347, 19.6154175 ], [ 93.6164474, 19.6182213 ], [ 93.6224976, 19.6185284 ], [ 93.6335297, 19.6108608 ], [ 93.6349716, 19.6108894 ], [ 93.6354141, 19.6136398 ], [ 93.6304169, 19.6241665 ], [ 93.6265259, 19.6261673 ], [ 93.6192245, 19.6270008 ], [ 93.6155548, 19.6299438 ], [ 93.6094971, 19.6291676 ], [ 93.6066971, 19.622694 ], [ 93.5995255, 19.6159439 ], [ 93.5988312, 19.6120281 ], [ 93.6013336, 19.6074448 ] ], [ [ 93.653862, 19.629055 ], [ 93.6609192, 19.627306 ], [ 93.6613922, 19.6300831 ], [ 93.6549454, 19.6391659 ], [ 93.6513596, 19.6340828 ], [ 93.653862, 19.629055 ] ], [ [ 93.5393906, 19.6491394 ], [ 93.5452499, 19.6466942 ], [ 93.5469131, 19.6490002 ], [ 93.5373077, 19.6578331 ], [ 93.5359192, 19.655056 ], [ 93.5393906, 19.6491394 ] ], [ [ 93.5818863, 19.6609726 ], [ 93.586525, 19.6587219 ], [ 93.5894165, 19.6599159 ], [ 93.5905838, 19.6633892 ], [ 93.5890808, 19.6672783 ], [ 93.58564, 19.6699715 ], [ 93.5800552, 19.6701393 ], [ 93.565361, 19.6639729 ], [ 93.5627747, 19.6584167 ], [ 93.5635529, 19.6540546 ], [ 93.5687256, 19.6490841 ], [ 93.5745544, 19.6480007 ], [ 93.5791397, 19.6499176 ], [ 93.5810242, 19.653389 ], [ 93.5818863, 19.6609726 ] ], [ [ 93.6883621, 19.6593609 ], [ 93.6920853, 19.6539173 ], [ 93.6952515, 19.6530285 ], [ 93.7000275, 19.657917 ], [ 93.6973038, 19.6615562 ], [ 93.6885529, 19.662138 ], [ 93.6883621, 19.6593609 ] ], [ [ 93.4406357, 19.7463608 ], [ 93.43566890000001, 19.7393894 ], [ 93.4325256, 19.7386665 ], [ 93.4283066, 19.7434444 ], [ 93.4251099, 19.7470551 ], [ 93.4229431, 19.7463341 ], [ 93.422058100000015, 19.7405834 ], [ 93.4164429, 19.7434731 ], [ 93.407753, 19.740612 ], [ 93.4078064, 19.7369175 ], [ 93.422142, 19.7191944 ], [ 93.4338913, 19.7131672 ], [ 93.4399414, 19.7137222 ], [ 93.4465561, 19.7098885 ], [ 93.4570313, 19.6907501 ], [ 93.4589691, 19.6903057 ], [ 93.4616089, 19.6931114 ], [ 93.471054099999989, 19.6943893 ], [ 93.4801636, 19.6878052 ], [ 93.4891968, 19.6813049 ], [ 93.4952469, 19.6809444 ], [ 93.5016632, 19.674139 ], [ 93.503334, 19.6769161 ], [ 93.5010834, 19.6810284 ], [ 93.5039444, 19.6840553 ], [ 93.5050812, 19.6881943 ], [ 93.5, 19.7046661 ], [ 93.4950027, 19.7144718 ], [ 93.4903641, 19.7164993 ], [ 93.4833298, 19.71525 ], [ 93.4782257, 19.7169991 ], [ 93.467613200000017, 19.7294998 ], [ 93.4571381, 19.731638 ], [ 93.4406357, 19.7463608 ] ], [ [ 93.5471115, 19.7501392 ], [ 93.5451965, 19.7473335 ], [ 93.5401917, 19.7408333 ], [ 93.5388031, 19.7373886 ], [ 93.5403061, 19.7332497 ], [ 93.5372467, 19.7279453 ], [ 93.5354157, 19.726778 ], [ 93.533165, 19.7253609 ], [ 93.5203018, 19.7242508 ], [ 93.5162201, 19.7214451 ], [ 93.5138855, 19.716362 ], [ 93.5137253, 19.7108326 ], [ 93.5211639, 19.6844997 ], [ 93.5246124, 19.6804161 ], [ 93.529472399999989, 19.6791115 ], [ 93.5386658, 19.6817493 ], [ 93.5416641, 19.6842785 ], [ 93.5420532, 19.6846104 ], [ 93.5456085, 19.6876106 ], [ 93.5506973, 19.6857224 ], [ 93.550972, 19.6856117 ], [ 93.5513611, 19.6858063 ], [ 93.5513916, 19.685833 ], [ 93.5538635, 19.687027 ], [ 93.547554, 19.6919727 ], [ 93.5459137, 19.6932507 ], [ 93.543808, 19.6949158 ], [ 93.5444717, 19.6975269 ], [ 93.545166, 19.700222 ], [ 93.5456696, 19.700861 ], [ 93.5472794, 19.7029171 ], [ 93.5489731, 19.7051106 ], [ 93.5564423, 19.708416 ], [ 93.5719757, 19.7093334 ], [ 93.5762482, 19.714222 ], [ 93.577774, 19.7271118 ], [ 93.5891418, 19.7461109 ], [ 93.5865021, 19.7607784 ], [ 93.5824738, 19.7696667 ], [ 93.5739136, 19.7578335 ], [ 93.566864, 19.7542782 ], [ 93.5654984, 19.7535839 ], [ 93.5601425, 19.7542229 ], [ 93.5471115, 19.7501392 ] ], [ [ 93.8138351, 19.7245827 ], [ 93.8120804, 19.7273331 ], [ 93.810417199999989, 19.7263889 ], [ 93.8093643, 19.7148895 ], [ 93.8111115, 19.7096119 ], [ 93.814003, 19.7108059 ], [ 93.8138351, 19.7245827 ] ], [ [ 93.6413879, 19.7727509 ], [ 93.6531143, 19.785305 ], [ 93.6615295, 19.7897778 ], [ 93.6742477, 19.7998333 ], [ 93.6750031, 19.8010273 ], [ 93.6785278, 19.806778 ], [ 93.675308199999989, 19.8106384 ], [ 93.672142, 19.8115273 ], [ 93.670639, 19.8147221 ], [ 93.6734695, 19.8221111 ], [ 93.6832504, 19.8334999 ], [ 93.6848907, 19.838583 ], [ 93.6956635, 19.8476658 ], [ 93.7007523, 19.8500271 ], [ 93.7011948, 19.8521118 ], [ 93.6911926, 19.8547497 ], [ 93.682724, 19.8539448 ], [ 93.6766357, 19.8552494 ], [ 93.6698914, 19.8526382 ], [ 93.6623306, 19.8536949 ], [ 93.6498337, 19.861805 ], [ 93.6464462, 19.8622227 ], [ 93.6429977, 19.860445 ], [ 93.642334, 19.8600826 ], [ 93.6360016, 19.8278332 ], [ 93.6301422, 19.8134995 ], [ 93.6196136, 19.8034992 ], [ 93.5996704, 19.7896671 ], [ 93.5929718, 19.7817783 ], [ 93.5915833, 19.7776108 ], [ 93.5933609, 19.7726116 ], [ 93.6015244, 19.7607498 ], [ 93.600166300000012, 19.7548885 ], [ 93.598114, 19.7460003 ], [ 93.5933914, 19.7376385 ], [ 93.5966415, 19.7303333 ], [ 93.5984726, 19.7204723 ], [ 93.5968628, 19.7142506 ], [ 93.5996094, 19.7099171 ], [ 93.6094971, 19.7123604 ], [ 93.6143036, 19.7170277 ], [ 93.6256943, 19.7516384 ], [ 93.6318359, 19.7618332 ], [ 93.6413879, 19.7727509 ] ], [ [ 93.6872787, 19.7882786 ], [ 93.6788864, 19.7812786 ], [ 93.6663361, 19.7599716 ], [ 93.6624146, 19.7622223 ], [ 93.665168799999989, 19.773056 ], [ 93.66436, 19.7783337 ], [ 93.6628876, 19.7796936 ], [ 93.6558914, 19.7784443 ], [ 93.6489182, 19.7720833 ], [ 93.636886600000011, 19.748806 ], [ 93.6364441, 19.7451115 ], [ 93.6386948, 19.7414722 ], [ 93.6324463, 19.7374725 ], [ 93.630806, 19.733305 ], [ 93.631752, 19.7183609 ], [ 93.6371384, 19.718277 ], [ 93.638778699999989, 19.7182503 ], [ 93.6475296, 19.7181396 ], [ 93.655166600000015, 19.7194443 ], [ 93.6593628, 19.7201386 ], [ 93.6703033, 19.7179718 ], [ 93.6856918, 19.7117214 ], [ 93.6900253, 19.7131672 ], [ 93.6945572, 19.718277 ], [ 93.693222, 19.7451668 ], [ 93.6994171, 19.7518616 ], [ 93.703971900000013, 19.7567787 ], [ 93.704635599999989, 19.7611675 ], [ 93.6933594, 19.7878895 ], [ 93.6911392, 19.7894726 ], [ 93.6872787, 19.7882786 ] ], [ [ 93.4966965, 19.7301388 ], [ 93.484970100000012, 19.7345562 ], [ 93.479805, 19.7395554 ], [ 93.472557099999989, 19.7380829 ], [ 93.471389800000011, 19.7357502 ], [ 93.4829407, 19.725111 ], [ 93.4892807, 19.7245274 ], [ 93.5022202, 19.7175827 ], [ 93.5041657, 19.7178326 ], [ 93.5048599, 19.7199173 ], [ 93.4966965, 19.7301388 ] ], [ [ 93.4446106, 19.7875557 ], [ 93.449585, 19.7802773 ], [ 93.4635315, 19.7733326 ], [ 93.4691925, 19.7672215 ], [ 93.4850845, 19.7605286 ], [ 93.4897537, 19.7571659 ], [ 93.4997253, 19.7554436 ], [ 93.5043869, 19.7511673 ], [ 93.5070038, 19.7376385 ], [ 93.5084457, 19.7358055 ], [ 93.5094986, 19.7344437 ], [ 93.5111923, 19.7344723 ], [ 93.514473, 19.7411671 ], [ 93.5155258, 19.7513046 ], [ 93.5174408, 19.7538605 ], [ 93.5203629, 19.7543602 ], [ 93.5212479, 19.7591953 ], [ 93.5192184, 19.7646942 ], [ 93.5145798, 19.7669163 ], [ 93.5102463, 19.7799721 ], [ 93.50914, 19.7895832 ], [ 93.506691, 19.7955837 ], [ 93.5066681, 19.7956657 ], [ 93.5030823, 19.8044453 ], [ 93.49897, 19.8213062 ], [ 93.4940033, 19.8248615 ], [ 93.4940033, 19.8248882 ], [ 93.4839706, 19.8320007 ], [ 93.4791641, 19.8289452 ], [ 93.4749146, 19.829277 ], [ 93.4691925, 19.8297215 ], [ 93.4752197, 19.8334713 ], [ 93.4821701, 19.8390827 ], [ 93.48703, 19.8384724 ], [ 93.4919434, 19.835556 ], [ 93.4953308, 19.8349724 ], [ 93.49697110000001, 19.8346939 ], [ 93.501915, 19.8338604 ], [ 93.5050583, 19.8348064 ], [ 93.5081406, 19.839222 ], [ 93.5102234, 19.846611 ], [ 93.5090866, 19.8571663 ], [ 93.5114746, 19.8611107 ], [ 93.4995804, 19.8749447 ], [ 93.5040588, 19.8846664 ], [ 93.498642, 19.8896389 ], [ 93.497779799999989, 19.8995285 ], [ 93.4916382, 19.9028893 ], [ 93.4773331, 19.9022217 ], [ 93.4762192, 19.9024162 ], [ 93.4710007, 19.9032784 ], [ 93.460220299999989, 19.909111 ], [ 93.4440842, 19.9318619 ], [ 93.4389191, 19.936388 ], [ 93.4311371, 19.9505272 ], [ 93.4274445, 19.9541397 ], [ 93.422081, 19.956583 ], [ 93.4104691, 19.9549713 ], [ 93.4092255, 19.9548054 ], [ 93.4003906, 19.9613342 ], [ 93.3981934, 19.9606113 ], [ 93.3958054, 19.9582787 ], [ 93.3930283, 19.9492779 ], [ 93.3968353, 19.938694 ], [ 93.4004135, 19.9287224 ], [ 93.3965836, 19.9247494 ], [ 93.398582499999989, 19.9217777 ], [ 93.4046936, 19.9191113 ], [ 93.408416699999989, 19.9136658 ], [ 93.4092789, 19.9044724 ], [ 93.414718600000015, 19.8983612 ], [ 93.4312515, 19.8675556 ], [ 93.4272232, 19.8447495 ], [ 93.4280243, 19.8390274 ], [ 93.4333038, 19.8285275 ], [ 93.4337235, 19.8268051 ], [ 93.4387512, 19.8060837 ], [ 93.4435272, 19.7955837 ], [ 93.4446106, 19.7875557 ] ], [ [ 93.5685272, 19.7773056 ], [ 93.5733643, 19.7787495 ], [ 93.5771942, 19.7820282 ], [ 93.5814743, 19.7889729 ], [ 93.5806427, 19.7960835 ], [ 93.566719100000014, 19.8011665 ], [ 93.5592499, 19.7983341 ], [ 93.5537186, 19.793417 ], [ 93.5455551, 19.7889442 ], [ 93.544136, 19.7850285 ], [ 93.5449982, 19.7809162 ], [ 93.5461121, 19.7673607 ], [ 93.5488586, 19.7621117 ], [ 93.5518036, 19.7607498 ], [ 93.5583038, 19.7629166 ], [ 93.5685272, 19.7773056 ] ], [ [ 93.7529755, 19.8302498 ], [ 93.7544708, 19.8254452 ], [ 93.7518921, 19.8203335 ], [ 93.7520294, 19.8095551 ], [ 93.7469482, 19.790638 ], [ 93.7388077, 19.7827225 ], [ 93.7334747, 19.7817497 ], [ 93.7268906, 19.7844162 ], [ 93.7128906, 19.7791939 ], [ 93.7040863, 19.7836666 ], [ 93.7036667, 19.7795277 ], [ 93.7123642, 19.764473 ], [ 93.7170029, 19.7624722 ], [ 93.7245255, 19.7630005 ], [ 93.7348862, 19.7665825 ], [ 93.7416916, 19.7657509 ], [ 93.7502518, 19.7621937 ], [ 93.7674408, 19.7651672 ], [ 93.772552499999989, 19.7636108 ], [ 93.7771149, 19.7661953 ], [ 93.7794724, 19.7712784 ], [ 93.7796631, 19.7947216 ], [ 93.7816696, 19.8076115 ], [ 93.7913589, 19.826334 ], [ 93.792503400000015, 19.8314171 ], [ 93.7900009, 19.8378334 ], [ 93.7836075, 19.8437214 ], [ 93.7818604, 19.8478336 ], [ 93.7827759, 19.8521938 ], [ 93.7817764, 19.85425 ], [ 93.7764969, 19.8529167 ], [ 93.7752533, 19.8525829 ], [ 93.7727814, 19.8550835 ], [ 93.7710037, 19.8603325 ], [ 93.763443, 19.863472 ], [ 93.7588577, 19.8599453 ], [ 93.7565537, 19.8518887 ], [ 93.7543869, 19.8493328 ], [ 93.7442245, 19.8485279 ], [ 93.74086, 19.8452492 ], [ 93.7409134, 19.8415833 ], [ 93.7529755, 19.8302498 ] ], [ [ 93.7285309, 19.7897224 ], [ 93.7333908, 19.7874718 ], [ 93.7367783, 19.7886658 ], [ 93.7422791, 19.7949448 ], [ 93.745224, 19.8096943 ], [ 93.7429428, 19.8176937 ], [ 93.7474136, 19.8262787 ], [ 93.7434692, 19.8326397 ], [ 93.7387238, 19.8233891 ], [ 93.7353897, 19.8192215 ], [ 93.7264481, 19.8142776 ], [ 93.7212524, 19.807333 ], [ 93.719223, 19.8072491 ], [ 93.712280299999989, 19.8069725 ], [ 93.6995316, 19.7987785 ], [ 93.6990585, 19.7962494 ], [ 93.7015533, 19.7919159 ], [ 93.7078857, 19.7901382 ], [ 93.7105865, 19.786972 ], [ 93.7179184, 19.7833881 ], [ 93.7244186, 19.7889729 ], [ 93.7285309, 19.7897224 ] ], [ [ 92.9822464, 20.0667782 ], [ 92.9876938, 20.0625 ], [ 92.993698099999989, 20.0533886 ], [ 93.0045242, 20.0457783 ], [ 93.009552, 20.0413055 ], [ 93.0195847, 20.032444 ], [ 93.0206146, 20.0301666 ], [ 93.0221405, 20.0272217 ], [ 93.0349426, 20.0173054 ], [ 93.0421371, 20.0089169 ], [ 93.0432205, 20.0070286 ], [ 93.0471649, 20.0 ], [ 93.0479202, 19.9853611 ], [ 93.052223200000014, 19.9615269 ], [ 93.056778, 19.9512501 ], [ 93.0719452, 19.932888 ], [ 93.0786133, 19.9213047 ], [ 93.0857239, 19.9089718 ], [ 93.0948868, 19.898777 ], [ 93.111946100000011, 19.8675842 ], [ 93.1201401, 19.8573608 ], [ 93.1233368, 19.8553333 ], [ 93.1323853, 19.8377781 ], [ 93.1350555, 19.8371391 ], [ 93.1358871, 19.8318615 ], [ 93.142334, 19.823473 ], [ 93.1513901, 19.8195553 ], [ 93.1535797, 19.8185825 ], [ 93.1733093, 19.7869453 ], [ 93.1750031, 19.7876663 ], [ 93.1739426, 19.7924728 ], [ 93.1496964, 19.8343887 ], [ 93.1395798, 19.8425007 ], [ 93.1350555, 19.8516102 ], [ 93.1363907, 19.8592224 ], [ 93.1357803, 19.8616657 ], [ 93.1340256, 19.8686104 ], [ 93.1295853, 19.8726673 ], [ 93.125946, 19.8871117 ], [ 93.1212769, 19.8902493 ], [ 93.1190262, 19.8936386 ], [ 93.1156387, 19.9066944 ], [ 93.118248, 19.9097214 ], [ 93.1101379, 19.9295826 ], [ 93.1051407, 19.9366398 ], [ 93.1030273, 19.946722 ], [ 93.109581, 19.9746113 ], [ 93.1136398, 19.978611 ], [ 93.1133347, 19.9815826 ], [ 93.1215286, 19.9853897 ], [ 93.1244431, 19.984972 ], [ 93.1400299, 19.998333 ], [ 93.1395569, 20.0 ], [ 93.1381912, 20.0047226 ], [ 93.1336975, 20.0131664 ], [ 93.1309738, 20.0151939 ], [ 93.1218033, 20.0396385 ], [ 93.1185837, 20.0425549 ], [ 93.1149139, 20.0436668 ], [ 93.0913086, 20.0736103 ], [ 93.0864182, 20.0742226 ], [ 93.0828018, 20.0723324 ], [ 93.0786667, 20.0731659 ], [ 93.0739746, 20.0765553 ], [ 93.086525, 20.081583 ], [ 93.0871964, 20.0864162 ], [ 93.0831909, 20.0911675 ], [ 93.0821381, 20.0962219 ], [ 93.0739136, 20.1068897 ], [ 93.0746079, 20.1089726 ], [ 93.0681686, 20.1159725 ], [ 93.0563889, 20.1217499 ], [ 93.0342789, 20.120945 ], [ 93.0175018, 20.1208897 ], [ 93.0107498, 20.1175556 ], [ 93.00103, 20.1169453 ], [ 92.996749900000012, 20.1115837 ], [ 92.9863358, 20.1219997 ], [ 92.9801941, 20.125555 ], [ 92.9745865, 20.1263886 ], [ 92.9745255, 20.1160564 ], [ 92.9768295, 20.111166 ], [ 92.981636, 20.1009998 ], [ 92.9842758, 20.0886383 ], [ 92.984642, 20.0833607 ], [ 92.979248, 20.0713062 ], [ 92.9822464, 20.0667782 ] ], [ [ 93.731025699999989, 19.8354721 ], [ 93.7365036, 19.8456669 ], [ 93.7339706, 19.8509159 ], [ 93.7264709, 19.850584 ], [ 93.7196426, 19.8528061 ], [ 93.7133865, 19.8481388 ], [ 93.7084198, 19.8393326 ], [ 93.6872482, 19.8261948 ], [ 93.6826935, 19.8215561 ], [ 93.6825562, 19.8137226 ], [ 93.6843033, 19.8093891 ], [ 93.6805801, 19.7980843 ], [ 93.6753311, 19.791584 ], [ 93.6780548, 19.7890835 ], [ 93.6876678, 19.7949448 ], [ 93.7044449, 19.8098602 ], [ 93.7232208, 19.817028 ], [ 93.7326355, 19.8242493 ], [ 93.731025699999989, 19.8354721 ] ], [ [ 93.3998337, 19.795639 ], [ 93.4018021, 19.7931385 ], [ 93.4053879, 19.7977772 ], [ 93.4035263, 19.8074169 ], [ 93.3996964, 19.8053055 ], [ 93.3998337, 19.795639 ] ], [ [ 93.5924454, 19.8187504 ], [ 93.5964203, 19.8282223 ], [ 93.5946655, 19.8321114 ], [ 93.5829697, 19.8358612 ], [ 93.5665283, 19.8314991 ], [ 93.5622482, 19.8252506 ], [ 93.5492477, 19.8179436 ], [ 93.5472794, 19.8128052 ], [ 93.5446396, 19.8058891 ], [ 93.5506973, 19.8014164 ], [ 93.5618057, 19.8052502 ], [ 93.582222, 19.8034439 ], [ 93.5877533, 19.807888 ], [ 93.5924988, 19.8150826 ], [ 93.5924454, 19.8187504 ] ], [ [ 93.1358032, 20.0301952 ], [ 93.1446381, 20.0117226 ], [ 93.1467743, 20.0018616 ], [ 93.1462479, 20.0 ], [ 93.1446915, 19.9942493 ], [ 93.1453018, 19.9880562 ], [ 93.154640199999989, 19.977972 ], [ 93.1561966, 19.9762783 ], [ 93.158721899999989, 19.9715004 ], [ 93.1575851, 19.9664173 ], [ 93.1587524, 19.9561119 ], [ 93.1622238, 19.9506397 ], [ 93.1633072, 19.9446945 ], [ 93.170196499999989, 19.9395008 ], [ 93.1748352, 19.9237213 ], [ 93.1814194, 19.909111 ], [ 93.1858368, 19.9061947 ], [ 93.1943359, 19.8925285 ], [ 93.2039185, 19.8717785 ], [ 93.2025299, 19.8666935 ], [ 93.2036133, 19.8658619 ], [ 93.2121353, 19.8592491 ], [ 93.2114716, 19.8558064 ], [ 93.217140199999989, 19.8352222 ], [ 93.2253037, 19.8259163 ], [ 93.2271957, 19.8160553 ], [ 93.2298889, 19.8140278 ], [ 93.2350006, 19.8134174 ], [ 93.2507248, 19.8161945 ], [ 93.2491684, 19.8221397 ], [ 93.2459412, 19.8271389 ], [ 93.2365799, 19.834362 ], [ 93.2314453, 19.8363609 ], [ 93.228141799999989, 19.8457222 ], [ 93.2231979, 19.8516102 ], [ 93.224113500000016, 19.854166 ], [ 93.216247600000017, 19.8735828 ], [ 93.2044983, 19.8945274 ], [ 93.2031631, 19.901638 ], [ 93.1946106, 19.9175835 ], [ 93.1928024, 19.9244728 ], [ 93.1808853, 19.9394436 ], [ 93.182724, 19.9449997 ], [ 93.1778641, 19.960083 ], [ 93.1736374, 19.9648342 ], [ 93.1691971, 19.9698334 ], [ 93.168998699999989, 19.9808617 ], [ 93.1672211, 19.9856396 ], [ 93.1612778, 19.9913063 ], [ 93.1623917, 20.0 ], [ 93.1638641, 20.0113335 ], [ 93.1575546, 20.0248051 ], [ 93.1545563, 20.026638 ], [ 93.1511078, 20.031805 ], [ 93.1508026, 20.0354996 ], [ 93.1380844, 20.0532227 ], [ 93.1339417, 20.0545273 ], [ 93.1266937, 20.0518894 ], [ 93.1238327, 20.0476952 ], [ 93.1358032, 20.0301952 ] ], [ [ 92.925972, 20.0476666 ], [ 92.9317245, 20.038805 ], [ 92.9337769, 20.033556 ], [ 92.9326401, 20.0291672 ], [ 92.935722399999989, 20.0200272 ], [ 92.9463043, 20.0 ], [ 92.9541092, 19.9851665 ], [ 92.9643631, 19.96875 ], [ 92.9864197, 19.9333057 ], [ 92.9912186, 19.9232769 ], [ 93.009330800000015, 19.9024448 ], [ 93.0133591, 19.8953896 ], [ 93.015892, 19.8894444 ], [ 93.0138321, 19.8829727 ], [ 93.0127258, 19.8774452 ], [ 93.0243073, 19.8413334 ], [ 93.0227814, 19.8309727 ], [ 93.023582499999989, 19.827528 ], [ 93.0263596, 19.8204441 ], [ 93.0290527, 19.8188896 ], [ 93.0332489, 19.8288326 ], [ 93.0303574, 19.8414173 ], [ 93.0311661, 19.8510838 ], [ 93.0298615, 19.8558884 ], [ 93.0359192, 19.8697777 ], [ 93.0358353, 19.8746109 ], [ 93.021331800000013, 19.9099998 ], [ 93.0199738, 19.9193897 ], [ 93.012085, 19.9381104 ], [ 93.006858799999989, 19.9440002 ], [ 92.9914169, 19.9784451 ], [ 92.9830017, 19.987278 ], [ 92.982559200000011, 19.9892769 ], [ 92.9802475, 20.0 ], [ 92.9782257, 20.0094719 ], [ 92.978775, 20.0179996 ], [ 92.9762192, 20.0250835 ], [ 92.9713058, 20.0286674 ], [ 92.9703903, 20.0302219 ], [ 92.9699478, 20.0309448 ], [ 92.964775100000011, 20.0395832 ], [ 92.9629745, 20.0453053 ], [ 92.9640808, 20.0499172 ], [ 92.960220299999989, 20.0615826 ], [ 92.9562225, 20.0677223 ], [ 92.9484177, 20.0709438 ], [ 92.9380798, 20.075222 ], [ 92.9286118, 20.0757504 ], [ 92.9260254, 20.0832787 ], [ 92.9213638, 20.0799446 ], [ 92.920753499999989, 20.0795269 ], [ 92.9145813, 20.0591946 ], [ 92.915863, 20.0553055 ], [ 92.925972, 20.0476666 ] ], [ [ 93.6140518, 19.901556 ], [ 93.6065292, 19.8891945 ], [ 93.6015015, 19.8809166 ], [ 93.5940552, 19.8746109 ], [ 93.588501, 19.8720284 ], [ 93.5727768, 19.8688335 ], [ 93.5562744, 19.8683605 ], [ 93.5507202, 19.865778 ], [ 93.5470581, 19.8668613 ], [ 93.5455246, 19.8546658 ], [ 93.5411148, 19.8419724 ], [ 93.5459137, 19.8271942 ], [ 93.5537186, 19.8262787 ], [ 93.5606079, 19.8370838 ], [ 93.5622787, 19.8397217 ], [ 93.5806961, 19.8415833 ], [ 93.585998500000017, 19.8435001 ], [ 93.5943069, 19.8401661 ], [ 93.5996094, 19.8429718 ], [ 93.6073914, 19.8598614 ], [ 93.6107254, 19.8626671 ], [ 93.6234436, 19.873167 ], [ 93.6535797, 19.8885002 ], [ 93.6595306, 19.896862 ], [ 93.6606979, 19.9012222 ], [ 93.6589203, 19.9055824 ], [ 93.6426926, 19.9033051 ], [ 93.6324692, 19.903389 ], [ 93.6266937, 19.9014721 ], [ 93.6242218, 19.9039726 ], [ 93.6183853, 19.9036675 ], [ 93.6140518, 19.901556 ] ], [ [ 93.6808624, 19.8645 ], [ 93.6839142, 19.8730278 ], [ 93.6901703, 19.8774719 ], [ 93.7006073, 19.877388 ], [ 93.7101364, 19.8715286 ], [ 93.7191696, 19.8705006 ], [ 93.7235565, 19.8673325 ], [ 93.729553200000012, 19.8733883 ], [ 93.7339706, 19.8695278 ], [ 93.7368927, 19.8695564 ], [ 93.7389755, 19.8764992 ], [ 93.7357254, 19.8838062 ], [ 93.7233582, 19.8811111 ], [ 93.7190018, 19.8819714 ], [ 93.7043076, 19.8907509 ], [ 93.6998596, 19.8948326 ], [ 93.6944733, 19.8948326 ], [ 93.6831131, 19.8948612 ], [ 93.6746368, 19.893362 ], [ 93.6720276, 19.8896675 ], [ 93.6642761, 19.8886395 ], [ 93.6546936, 19.8793335 ], [ 93.652114900000015, 19.8728619 ], [ 93.6548309, 19.8687496 ], [ 93.6606979, 19.8665276 ], [ 93.6632538, 19.8580551 ], [ 93.6743927, 19.8586674 ], [ 93.6782532, 19.8605556 ], [ 93.6808624, 19.8645 ] ], [ [ 93.5240021, 19.8670273 ], [ 93.526863100000014, 19.8702774 ], [ 93.5273056, 19.8723335 ], [ 93.529808, 19.8836384 ], [ 93.5275574, 19.8888893 ], [ 93.530998200000013, 19.902277 ], [ 93.5306931, 19.903223 ], [ 93.5299759, 19.905695 ], [ 93.5264435, 19.9143887 ], [ 93.5198593, 19.9156666 ], [ 93.5140533, 19.9146671 ], [ 93.5027237, 19.908083 ], [ 93.5011139, 19.903944 ], [ 93.5049133, 19.8913326 ], [ 93.5103302, 19.8875008 ], [ 93.5077744, 19.8791943 ], [ 93.5105591, 19.8723335 ], [ 93.5186691, 19.8667221 ], [ 93.5240021, 19.8670273 ] ], [ [ 93.5936127, 19.9043884 ], [ 93.56988530000001, 19.8837223 ], [ 93.575058, 19.8794174 ], [ 93.5854721, 19.8795547 ], [ 93.6032257, 19.8947506 ], [ 93.6057816, 19.9023609 ], [ 93.6035538, 19.9043884 ], [ 93.5936127, 19.9043884 ] ], [ [ 93.7113342, 19.8908615 ], [ 93.72258, 19.8863888 ], [ 93.7237473, 19.8882504 ], [ 93.7205582, 19.8914166 ], [ 93.7105865, 19.893362 ], [ 93.7113342, 19.8908615 ] ], [ [ 93.5093079, 19.923111 ], [ 93.5077744, 19.9272213 ], [ 93.5036087, 19.9303894 ], [ 93.4944687, 19.9236107 ], [ 93.489669800000016, 19.9216938 ], [ 93.4940796, 19.9173889 ], [ 93.4980011, 19.9160557 ], [ 93.5030823, 19.9166107 ], [ 93.5093079, 19.923111 ] ], [ [ 93.7264481, 19.9232216 ], [ 93.7222748, 19.9263897 ], [ 93.7142258, 19.9278889 ], [ 93.7113647, 19.9255562 ], [ 93.7097244, 19.9206944 ], [ 93.7111969, 19.9181938 ], [ 93.7233047, 19.9208603 ], [ 93.7264481, 19.9232216 ] ], [ [ 93.499420199999989, 19.9346943 ], [ 93.5031128, 19.9473896 ], [ 93.5017777, 19.9549446 ], [ 93.499054, 19.957222 ], [ 93.4942245, 19.9557781 ], [ 93.4885559, 19.9455833 ], [ 93.4830551, 19.9409161 ], [ 93.4714432, 19.9377499 ], [ 93.4678345, 19.9349442 ], [ 93.4739685, 19.9313602 ], [ 93.4841919, 19.9296665 ], [ 93.4943619, 19.9309444 ], [ 93.499420199999989, 19.9346943 ] ], [ [ 93.471054099999989, 19.9623337 ], [ 93.4668884, 19.9496384 ], [ 93.4611664, 19.9413052 ], [ 93.462913500000013, 19.9390278 ], [ 93.4779129, 19.9435825 ], [ 93.4875031, 19.9522228 ], [ 93.4788589, 19.9594727 ], [ 93.4751968, 19.962389 ], [ 93.471054099999989, 19.9623337 ] ], [ [ 93.4635544, 19.9764996 ], [ 93.4543076, 19.9926662 ], [ 93.449913, 19.993084 ], [ 93.4443893, 19.9893055 ], [ 93.4445038, 19.9835835 ], [ 93.4495544, 19.9707775 ], [ 93.4609146, 19.9580555 ], [ 93.4639969, 19.9622498 ], [ 93.464859, 19.969389 ], [ 93.4635544, 19.9764996 ] ], [ [ 93.4875031, 19.9830284 ], [ 93.4769135, 19.9913883 ], [ 93.4747467, 19.9908886 ], [ 93.4728622, 19.9864998 ], [ 93.4746704, 19.9807777 ], [ 93.4830856, 19.9700832 ], [ 93.4863892, 19.9611664 ], [ 93.4973602, 19.9746666 ], [ 93.4970016, 19.9808617 ], [ 93.4875031, 19.9830284 ] ], [ [ 93.3143311, 20.1414165 ], [ 93.3277206, 20.1259727 ], [ 93.3287201, 20.1248341 ], [ 93.3340302, 20.112278 ], [ 93.33564, 20.1026382 ], [ 93.3424454, 20.0878048 ], [ 93.350914, 20.0760002 ], [ 93.355583200000012, 20.072834 ], [ 93.3549194, 20.068222 ], [ 93.3597488, 20.0554447 ], [ 93.3584747, 20.0434723 ], [ 93.3635254, 20.0315838 ], [ 93.367195099999989, 20.0155563 ], [ 93.3733063, 20.0179443 ], [ 93.376358, 20.0191383 ], [ 93.3798904, 20.0274715 ], [ 93.3738022, 20.0429993 ], [ 93.3712769, 20.0641117 ], [ 93.3749161, 20.0795555 ], [ 93.3726959, 20.0818329 ], [ 93.366584800000012, 20.0840282 ], [ 93.3699417, 20.0866108 ], [ 93.3857193, 20.0877495 ], [ 93.3917236, 20.0938053 ], [ 93.3959427, 20.1023884 ], [ 93.3931427, 20.111084 ], [ 93.3925858, 20.1164722 ], [ 93.3896942, 20.1445827 ], [ 93.3866425, 20.1523342 ], [ 93.3806686, 20.1609993 ], [ 93.3796082, 20.1669445 ], [ 93.3821411, 20.1755009 ], [ 93.3813324, 20.1809998 ], [ 93.3839188, 20.1858616 ], [ 93.3861923, 20.1801395 ], [ 93.3868027, 20.1728058 ], [ 93.3840561, 20.1617222 ], [ 93.3873596, 20.1553059 ], [ 93.3937759, 20.1480827 ], [ 93.3970871, 20.1375561 ], [ 93.3979416, 20.1152782 ], [ 93.4011688, 20.1102772 ], [ 93.4036102, 20.1096115 ], [ 93.407692, 20.1133614 ], [ 93.4112244, 20.1214447 ], [ 93.4066925, 20.14575 ], [ 93.405357400000014, 20.1501389 ], [ 93.400528, 20.1663342 ], [ 93.3930588, 20.1770287 ], [ 93.3915253, 20.1818333 ], [ 93.3947525, 20.1938324 ], [ 93.390609700000013, 20.2091675 ], [ 93.377304099999989, 20.2346935 ], [ 93.3720856, 20.2413063 ], [ 93.3600006, 20.2654991 ], [ 93.3577499, 20.2700272 ], [ 93.3535843, 20.2720547 ], [ 93.3460312, 20.2714729 ], [ 93.340416, 20.273695 ], [ 93.3364182, 20.2789173 ], [ 93.3328857, 20.2862225 ], [ 93.33560940000001, 20.299139 ], [ 93.33461, 20.3014164 ], [ 93.3257217, 20.3079453 ], [ 93.3231659, 20.3152504 ], [ 93.3230591, 20.3223896 ], [ 93.320556599999989, 20.3269444 ], [ 93.3150024, 20.3234158 ], [ 93.2991943, 20.3227215 ], [ 93.2906418, 20.3237495 ], [ 93.2838898, 20.3204174 ], [ 93.2691116, 20.3011398 ], [ 93.2677231, 20.2971935 ], [ 93.2748032, 20.2952499 ], [ 93.2776108, 20.288166 ], [ 93.2762756, 20.2660828 ], [ 93.2713089, 20.2574997 ], [ 93.285614, 20.2462215 ], [ 93.2870255, 20.2423058 ], [ 93.2919693, 20.2288609 ], [ 93.3066635, 20.2079449 ], [ 93.3109741, 20.1845551 ], [ 93.3143311, 20.1414165 ] ], [ [ 93.2320023, 20.1498051 ], [ 93.2286682, 20.1451664 ], [ 93.2294693, 20.1396675 ], [ 93.2361679, 20.1183891 ], [ 93.2384186, 20.1152229 ], [ 93.2444153, 20.1192226 ], [ 93.246666, 20.1160278 ], [ 93.2413864, 20.1108894 ], [ 93.2410584, 20.1023884 ], [ 93.2360001, 20.1002502 ], [ 93.2320251, 20.104084 ], [ 93.2211914, 20.0970268 ], [ 93.2190247, 20.0970001 ], [ 93.2173615, 20.0941944 ], [ 93.211998, 20.0948048 ], [ 93.2079163, 20.0922222 ], [ 93.2015533, 20.0806389 ], [ 93.2016144, 20.0766945 ], [ 93.2017212, 20.0703049 ], [ 93.1996384, 20.0649719 ], [ 93.2041702, 20.0604172 ], [ 93.205719, 20.0497494 ], [ 93.2175827, 20.0388336 ], [ 93.2438049, 20.0401382 ], [ 93.2535858, 20.0368614 ], [ 93.2587509, 20.0334721 ], [ 93.2750244, 20.0332775 ], [ 93.2815247, 20.0372772 ], [ 93.287941, 20.0454159 ], [ 93.2908859, 20.0593891 ], [ 93.2911148, 20.0603886 ], [ 93.2893906, 20.0741386 ], [ 93.282692, 20.0834713 ], [ 93.2814713, 20.0837784 ], [ 93.2744141, 20.0854168 ], [ 93.274391200000011, 20.0874996 ], [ 93.2782211, 20.0898609 ], [ 93.2871094, 20.1113606 ], [ 93.2881928, 20.1194172 ], [ 93.285331700000015, 20.1313057 ], [ 93.2825851, 20.1358604 ], [ 93.2845001, 20.1445274 ], [ 93.280586200000016, 20.1526108 ], [ 93.2608643, 20.147583 ], [ 93.2585526, 20.1469994 ], [ 93.252777099999989, 20.1436939 ], [ 93.25103, 20.1459713 ], [ 93.254837, 20.1515274 ], [ 93.2647781, 20.1523895 ], [ 93.2746964, 20.156889 ], [ 93.2836685, 20.1579437 ], [ 93.297226, 20.1758614 ], [ 93.3003922, 20.190361 ], [ 93.2990799, 20.1972504 ], [ 93.2944412, 20.1978607 ], [ 93.2900009, 20.2019444 ], [ 93.2820282, 20.2266388 ], [ 93.2766418, 20.2438049 ], [ 93.260025, 20.2626114 ], [ 93.2512512, 20.2636395 ], [ 93.248611400000016, 20.2613049 ], [ 93.2549133, 20.247612 ], [ 93.2528076, 20.2427502 ], [ 93.2435837, 20.240778 ], [ 93.2297211, 20.2403336 ], [ 93.2263641, 20.2386665 ], [ 93.2166977, 20.2346115 ], [ 93.2080536, 20.2124176 ], [ 93.1955795, 20.2016392 ], [ 93.1878891, 20.1969452 ], [ 93.1828613, 20.1915836 ], [ 93.1976089, 20.1695004 ], [ 93.2044754, 20.1659451 ], [ 93.2190857, 20.1643333 ], [ 93.2291946, 20.1566658 ], [ 93.2316971, 20.1537228 ], [ 93.2320023, 20.1498051 ] ], [ [ 93.1772232, 20.0531387 ], [ 93.1742249, 20.0586109 ], [ 93.1680832, 20.0617218 ], [ 93.1618042, 20.0616112 ], [ 93.1585312, 20.0668602 ], [ 93.1525269, 20.0682507 ], [ 93.137275699999989, 20.071806 ], [ 93.1425247, 20.0640831 ], [ 93.1430588, 20.0611115 ], [ 93.1654968, 20.0426102 ], [ 93.1752243, 20.042778 ], [ 93.1780853, 20.0460281 ], [ 93.1772232, 20.0531387 ] ], [ [ 93.3125534, 20.0568047 ], [ 93.3292465, 20.0768051 ], [ 93.330864, 20.0821381 ], [ 93.3263321, 20.0914726 ], [ 93.316169699999989, 20.1070843 ], [ 93.310890199999989, 20.1151676 ], [ 93.304695099999989, 20.135973 ], [ 93.3032532, 20.1508884 ], [ 93.3059464, 20.163805 ], [ 93.3048859, 20.1688328 ], [ 93.3034134, 20.1704159 ], [ 93.3000031, 20.1703892 ], [ 93.2902756, 20.1555271 ], [ 93.28849790000001, 20.1464176 ], [ 93.2894135, 20.1423054 ], [ 93.2924194, 20.1286659 ], [ 93.2933578, 20.1158047 ], [ 93.2861633, 20.0945549 ], [ 93.294136, 20.0727501 ], [ 93.2956085, 20.0526104 ], [ 93.2990799, 20.048111 ], [ 93.3039474, 20.0484161 ], [ 93.3095016, 20.0519447 ], [ 93.3125534, 20.0568047 ] ], [ [ 93.3349152, 20.0720825 ], [ 93.3316422, 20.0642223 ], [ 93.3312531, 20.0589161 ], [ 93.3333054, 20.0520554 ], [ 93.3380814, 20.0574169 ], [ 93.3415833, 20.0659714 ], [ 93.3406143, 20.0686111 ], [ 93.3390579, 20.072834 ], [ 93.3349152, 20.0720825 ] ], [ [ 93.1230011, 20.0676937 ], [ 93.1187744, 20.0584164 ], [ 93.1217499, 20.0559444 ], [ 93.1258621, 20.0571671 ], [ 93.1284409, 20.062027 ], [ 93.1263885, 20.0691109 ], [ 93.1230011, 20.0676937 ] ], [ [ 93.1246109, 20.0734444 ], [ 93.1266937, 20.0790005 ], [ 93.1175537, 20.1013889 ], [ 93.1094971, 20.1297493 ], [ 93.109169, 20.1359444 ], [ 93.1064148, 20.1393604 ], [ 93.0954132, 20.1426106 ], [ 93.0876923, 20.1388054 ], [ 93.0841141, 20.1353054 ], [ 93.075973499999989, 20.1278324 ], [ 93.0736084, 20.123888 ], [ 93.0746918, 20.1186104 ], [ 93.0854721, 20.1001663 ], [ 93.0909195, 20.0951939 ], [ 93.097251899999989, 20.094862 ], [ 93.1023026, 20.0965271 ], [ 93.1058044, 20.0913048 ], [ 93.117775, 20.0889721 ], [ 93.1194992, 20.0869446 ], [ 93.1185837, 20.0846119 ], [ 93.0990524, 20.0886669 ], [ 93.0949478, 20.0879173 ], [ 93.0944748, 20.0858326 ], [ 93.0987473, 20.0778618 ], [ 93.1049728, 20.0701389 ], [ 93.111946100000011, 20.0615273 ], [ 93.1155243, 20.0636673 ], [ 93.1200562, 20.0699444 ], [ 93.1246109, 20.0734444 ] ], [ [ 93.1143875, 20.1286659 ], [ 93.1167755, 20.1167774 ], [ 93.1258316, 20.1003609 ], [ 93.1271973, 20.0921116 ], [ 93.1314468, 20.0865555 ], [ 93.132919300000012, 20.0846119 ], [ 93.1547775, 20.0720825 ], [ 93.183609, 20.0633602 ], [ 93.1892242, 20.0627499 ], [ 93.1956406, 20.0704441 ], [ 93.1972809, 20.0805283 ], [ 93.1978302, 20.0840282 ], [ 93.2035294, 20.0935268 ], [ 93.2119141, 20.100111 ], [ 93.2299728, 20.1102505 ], [ 93.231163, 20.1130276 ], [ 93.2236099, 20.1280842 ], [ 93.2217484, 20.1370277 ], [ 93.2241669, 20.1517773 ], [ 93.2184448, 20.1590271 ], [ 93.2154999, 20.1605835 ], [ 93.2118912, 20.1598606 ], [ 93.207695, 20.1630001 ], [ 93.1981659, 20.1642227 ], [ 93.190361, 20.167778 ], [ 93.1898346, 20.1679993 ], [ 93.1888046, 20.1718884 ], [ 93.1761093, 20.1877785 ], [ 93.1737518, 20.1881104 ], [ 93.1717224, 20.1884174 ], [ 93.1591644, 20.1829166 ], [ 93.126358, 20.1812496 ], [ 93.122970600000016, 20.1798325 ], [ 93.1035843, 20.1615829 ], [ 93.0981369, 20.1541672 ], [ 93.1089172, 20.1428051 ], [ 93.1112747, 20.1403332 ], [ 93.1143875, 20.1286659 ] ], [ [ 93.3118362, 20.1312504 ], [ 93.3213577, 20.1132507 ], [ 93.3280258, 20.1069164 ], [ 93.3294144, 20.1113052 ], [ 93.3256073, 20.1211109 ], [ 93.3129425, 20.1365547 ], [ 93.3118362, 20.1312504 ] ], [ [ 93.0875549, 20.1611118 ], [ 93.086280800000011, 20.1643047 ], [ 93.084053, 20.1651936 ], [ 93.078331, 20.159584 ], [ 93.0705261, 20.1474991 ], [ 93.0673904, 20.1456108 ], [ 93.0639191, 20.1368332 ], [ 93.0643082, 20.1276398 ], [ 93.0665283, 20.1258335 ], [ 93.0718308, 20.1291389 ], [ 93.0787506, 20.1366119 ], [ 93.0894699, 20.1485004 ], [ 93.0875549, 20.1611118 ] ], [ [ 93.0237808, 20.1373062 ], [ 93.0307236, 20.1424999 ], [ 93.0516968, 20.153389 ], [ 93.0581665, 20.158556 ], [ 93.0613022, 20.1595268 ], [ 93.0727463, 20.1721382 ], [ 93.0801697, 20.1803055 ], [ 93.096694900000017, 20.1938896 ], [ 93.1137238, 20.2075005 ], [ 93.128418, 20.2166939 ], [ 93.1309738, 20.2243061 ], [ 93.1265259, 20.2400837 ], [ 93.127166699999989, 20.2427502 ], [ 93.1291962, 20.241972 ], [ 93.1371918, 20.2290001 ], [ 93.1390305, 20.2228336 ], [ 93.1418076, 20.219944 ], [ 93.1429749, 20.21875 ], [ 93.1667252, 20.2533607 ], [ 93.1881409, 20.2677231 ], [ 93.1912231, 20.2719173 ], [ 93.1930008, 20.281805 ], [ 93.1963348, 20.285305 ], [ 93.2089462, 20.2891941 ], [ 93.213501, 20.292944 ], [ 93.2152481, 20.3051395 ], [ 93.2129135, 20.3129158 ], [ 93.1830292, 20.3230286 ], [ 93.1754684, 20.3242779 ], [ 93.1606369, 20.3224449 ], [ 93.1474152, 20.3132782 ], [ 93.1334152, 20.3059158 ], [ 93.1292191, 20.3093052 ], [ 93.1388626, 20.3145275 ], [ 93.140274, 20.3166103 ], [ 93.1336365, 20.3204174 ], [ 93.1287766, 20.3210278 ], [ 93.122612, 20.3250561 ], [ 93.1198578, 20.3296108 ], [ 93.121719399999989, 20.3337784 ], [ 93.1320801, 20.3408337 ], [ 93.1322479, 20.3447495 ], [ 93.1259689, 20.355444 ], [ 93.1238022, 20.3680553 ], [ 93.1200256, 20.3744164 ], [ 93.1134415, 20.3745556 ], [ 93.1108093, 20.3726673 ], [ 93.1054459, 20.3725834 ], [ 93.0911407, 20.3689175 ], [ 93.0852509, 20.3584728 ], [ 93.0759201, 20.3491383 ], [ 93.0694199, 20.3453331 ], [ 93.044555699999989, 20.3320827 ], [ 93.0400314, 20.3262501 ], [ 93.0386658, 20.3076115 ], [ 93.0313339, 20.282444 ], [ 93.0343323, 20.2783604 ], [ 93.0399475, 20.2773056 ], [ 93.0378037, 20.2742786 ], [ 93.0283356, 20.2734451 ], [ 93.0220871, 20.2687492 ], [ 93.0158081, 20.2539158 ], [ 93.0156403, 20.2491112 ], [ 93.01297, 20.2476673 ], [ 93.009697, 20.2421112 ], [ 93.0011673, 20.2153053 ], [ 92.9957809, 20.1906395 ], [ 92.997139, 20.183527 ], [ 92.9993591, 20.1819725 ], [ 92.9960861, 20.1738606 ], [ 92.9957504, 20.1655827 ], [ 92.9983063, 20.1598892 ], [ 92.9979706, 20.1516113 ], [ 92.9948578, 20.1490269 ], [ 92.9954147, 20.1439724 ], [ 92.997718800000015, 20.1385002 ], [ 93.0046387, 20.1324158 ], [ 93.0092773, 20.1308613 ], [ 93.0187225, 20.1333332 ], [ 93.0237808, 20.1373062 ] ], [ [ 93.0984726, 20.1617508 ], [ 93.1024475, 20.171917 ], [ 93.1090012, 20.172472 ], [ 93.1137772, 20.1766949 ], [ 93.11302950000001, 20.1789722 ], [ 93.1105576, 20.1803341 ], [ 93.095024099999989, 20.1789169 ], [ 93.0907745, 20.1717224 ], [ 93.0918579, 20.1653061 ], [ 93.0953369, 20.160305 ], [ 93.0984726, 20.1617508 ] ], [ [ 92.9650269, 20.169445 ], [ 92.972030600000011, 20.1727772 ], [ 92.9754715, 20.1766949 ], [ 92.9779739, 20.1795273 ], [ 92.9806671, 20.192667 ], [ 92.9757767, 20.2092495 ], [ 92.9751968, 20.211195 ], [ 92.9516144, 20.1974716 ], [ 92.95047, 20.1923618 ], [ 92.9498367, 20.1893883 ], [ 92.9544144, 20.177084 ], [ 92.9650269, 20.169445 ] ], [ [ 92.9424744, 20.2055836 ], [ 92.9503632, 20.2119446 ], [ 92.950943, 20.2204437 ], [ 92.9488068, 20.230278 ], [ 92.9488297, 20.2424717 ], [ 92.9465256, 20.2488613 ], [ 92.9425812, 20.250639 ], [ 92.9341354, 20.2470551 ], [ 92.92733, 20.2466946 ], [ 92.9251938, 20.2443619 ], [ 92.9244461, 20.2328606 ], [ 92.927002, 20.2262497 ], [ 92.9222488, 20.2192783 ], [ 92.918998699999989, 20.2109451 ], [ 92.9164429, 20.2044716 ], [ 92.9200592, 20.1937218 ], [ 92.9237747, 20.1903324 ], [ 92.9286423, 20.1897221 ], [ 92.9308319, 20.1904449 ], [ 92.937027, 20.1974449 ], [ 92.9424744, 20.2055836 ] ], [ [ 92.9607773, 20.2150841 ], [ 92.957473800000017, 20.2099724 ], [ 92.96064, 20.2093334 ], [ 92.9743576, 20.2178612 ], [ 92.9804459, 20.2315006 ], [ 92.9762802, 20.2318897 ], [ 92.9674988, 20.2207222 ], [ 92.9607773, 20.2150841 ] ], [ [ 92.7364731, 20.2369175 ], [ 92.7337494, 20.2382507 ], [ 92.7321701, 20.2320271 ], [ 92.7343369, 20.2212505 ], [ 92.7385864, 20.2155838 ], [ 92.7405243, 20.2160835 ], [ 92.7416916, 20.2186394 ], [ 92.7371674, 20.2265835 ], [ 92.7364731, 20.2369175 ] ], [ [ 93.2391968, 20.2857494 ], [ 93.234726, 20.2757778 ], [ 93.2385025, 20.2684994 ], [ 93.2401962, 20.2684994 ], [ 93.256752, 20.268528 ], [ 93.2665558, 20.2652493 ], [ 93.272834800000012, 20.2683334 ], [ 93.2733307, 20.2809715 ], [ 93.2724991, 20.287611 ], [ 93.2660828, 20.2928047 ], [ 93.2635803, 20.296917 ], [ 93.2708359, 20.3147221 ], [ 93.2676697, 20.315361 ], [ 93.2548065, 20.3126392 ], [ 93.2444458, 20.3053608 ], [ 93.2411652, 20.2975006 ], [ 93.2391968, 20.2857494 ] ], [ [ 92.8411102, 20.2875004 ], [ 92.843223600000016, 20.2919159 ], [ 92.8531113, 20.296917 ], [ 92.8664474, 20.311388 ], [ 92.8663025, 20.3191948 ], [ 92.8633347, 20.3269157 ], [ 92.8598862, 20.3358612 ], [ 92.8409195, 20.3601112 ], [ 92.8343582, 20.371027 ], [ 92.8304749, 20.3831387 ], [ 92.8302536, 20.3946381 ], [ 92.8199692, 20.3969727 ], [ 92.8122482, 20.40625 ], [ 92.8116684, 20.410862 ], [ 92.8133316, 20.4136391 ], [ 92.8205261, 20.4190559 ], [ 92.8214417, 20.4215832 ], [ 92.8201981, 20.4236393 ], [ 92.8155289, 20.4251671 ], [ 92.8138351, 20.4263325 ], [ 92.8063889, 20.4314442 ], [ 92.8027496, 20.4306946 ], [ 92.7970581, 20.4356384 ], [ 92.7899475, 20.4368896 ], [ 92.7800293, 20.4341946 ], [ 92.77516940000001, 20.434166 ], [ 92.763946499999989, 20.4341393 ], [ 92.762275699999989, 20.4322491 ], [ 92.7661667, 20.4199162 ], [ 92.7653351, 20.4123325 ], [ 92.7674179, 20.405695 ], [ 92.7699203, 20.3790836 ], [ 92.765136700000014, 20.3613052 ], [ 92.7641678, 20.3493328 ], [ 92.762085, 20.3444729 ], [ 92.7640839, 20.3410549 ], [ 92.7626953, 20.3375835 ], [ 92.7649994, 20.3318882 ], [ 92.7647476, 20.3199444 ], [ 92.7724991, 20.2973061 ], [ 92.7731705, 20.2881393 ], [ 92.7757797, 20.280138 ], [ 92.780670199999989, 20.2786102 ], [ 92.7859192, 20.2837772 ], [ 92.7873611, 20.2900829 ], [ 92.7899399, 20.290287 ], [ 92.8011093, 20.3042583 ], [ 92.8020248, 20.3070278 ], [ 92.8055801, 20.3112507 ], [ 92.8143082, 20.3141384 ], [ 92.8103333, 20.3177509 ], [ 92.8098297, 20.3227215 ], [ 92.8117523, 20.3322506 ], [ 92.810722399999989, 20.3349991 ], [ 92.8128357, 20.3389454 ], [ 92.8166122, 20.3321114 ], [ 92.816307099999989, 20.3259163 ], [ 92.8177185, 20.3232231 ], [ 92.8233337, 20.3253326 ], [ 92.834198, 20.317028 ], [ 92.8357468, 20.3129158 ], [ 92.8271637, 20.3150558 ], [ 92.819725, 20.310112 ], [ 92.8126907, 20.3090553 ], [ 92.8025131, 20.3036289 ], [ 92.7916641, 20.289259 ], [ 92.7922745, 20.2824993 ], [ 92.7948074, 20.2772503 ], [ 92.8068314, 20.2855282 ], [ 92.825531, 20.2870007 ], [ 92.8315811, 20.288723 ], [ 92.8411102, 20.2875004 ] ], [ [ 86.705417, 20.291667 ], [ 86.698839968849697, 20.295432873039971 ], [ 86.6888885, 20.2951107 ], [ 86.6878586, 20.2919159 ], [ 86.690425911771712, 20.288376401729337 ], [ 86.705417, 20.291667 ] ], [ [ 93.286026, 20.3374729 ], [ 93.2881928, 20.34025 ], [ 93.2913895, 20.3530006 ], [ 93.2901917, 20.3543606 ], [ 93.2847214, 20.3436394 ], [ 93.286026, 20.3374729 ] ], [ [ 93.0624161, 20.3551102 ], [ 93.0778351, 20.3641109 ], [ 93.0796967, 20.369194 ], [ 93.077003499999989, 20.3978615 ], [ 93.0785294, 20.4073048 ], [ 93.0811691, 20.4101105 ], [ 93.0958862, 20.4172497 ], [ 93.1034164, 20.4191952 ], [ 93.1092758, 20.4186115 ], [ 93.1101913, 20.4209175 ], [ 93.109306300000014, 20.4305553 ], [ 93.1033325, 20.450222 ], [ 93.1013641, 20.4796104 ], [ 93.0990524, 20.4862213 ], [ 93.0945587, 20.4916668 ], [ 93.0928879, 20.5031395 ], [ 93.08992, 20.5060825 ], [ 93.0863647, 20.5055275 ], [ 93.085052499999989, 20.5053062 ], [ 93.0736084, 20.491333 ], [ 93.049057, 20.4465828 ], [ 93.0380249, 20.4229717 ], [ 93.0348358, 20.4109726 ], [ 93.03508, 20.3920841 ], [ 93.0353088, 20.3728333 ], [ 93.0397491, 20.3561115 ], [ 93.0435028, 20.3504448 ], [ 93.0541382, 20.3543053 ], [ 93.0624161, 20.3551102 ] ], [ [ 92.753501899999989, 20.3591671 ], [ 92.7521973, 20.3624172 ], [ 92.7446365, 20.3594723 ], [ 92.7418365, 20.3583603 ], [ 92.74189, 20.3553619 ], [ 92.7443924, 20.3533325 ], [ 92.7468338, 20.3513336 ], [ 92.7509689, 20.3509445 ], [ 92.7526703, 20.3521118 ], [ 92.753501899999989, 20.3591671 ] ], [ [ 92.8718338, 20.3863888 ], [ 92.8852234, 20.3866119 ], [ 92.8881912, 20.3848324 ], [ 92.890831, 20.3855839 ], [ 92.8916092, 20.3884716 ], [ 92.8905029, 20.3915272 ], [ 92.8766403, 20.4023342 ], [ 92.8567505, 20.3973885 ], [ 92.846054099999989, 20.3965282 ], [ 92.8453598, 20.3946667 ], [ 92.8483353, 20.392416 ], [ 92.8556366, 20.3927784 ], [ 92.8718338, 20.3863888 ] ], [ [ 86.801943484397924, 20.414202865502194 ], [ 86.80125, 20.414139 ], [ 86.801668053488456, 20.413274088592772 ], [ 86.801943484397924, 20.414202865502194 ] ], [ [ 86.802447403187045, 20.47412957806738 ], [ 86.805417, 20.469972 ], [ 86.80478886321535, 20.468594380111618 ], [ 86.8055573, 20.4667778 ], [ 86.80522160000001, 20.4621944 ], [ 86.8039474, 20.4590549 ], [ 86.802665425853291, 20.455866906412091 ], [ 86.804583, 20.449139 ], [ 86.802889, 20.439167 ], [ 86.802568656073049, 20.438845756591505 ], [ 86.802981579905591, 20.432445603481273 ], [ 86.810444, 20.445028 ], [ 86.812861127866668, 20.454808785645305 ], [ 86.8072205, 20.4793892 ], [ 86.805985796093864, 20.480590381951956 ], [ 86.801592070408802, 20.47615157980491 ], [ 86.802447403187045, 20.47412957806738 ] ], [ [ 86.791449037143423, 20.39988145497751 ], [ 86.792917, 20.394972 ], [ 86.792046293129374, 20.393530457704994 ], [ 86.792526200000012, 20.3916397 ], [ 86.79496440819608, 20.39027844474046 ], [ 86.797056, 20.393306 ], [ 86.797083, 20.4225 ], [ 86.8026170630107, 20.431830991056437 ], [ 86.793150605618578, 20.424259318937487 ], [ 86.793671765755562, 20.413310576563763 ], [ 86.7943573, 20.4115829 ], [ 86.791449037143423, 20.39988145497751 ] ], [ [ 92.8165817, 20.409111 ], [ 92.816864, 20.4065838 ], [ 92.825531, 20.3996105 ], [ 92.8325577, 20.4020271 ], [ 92.8277512, 20.4108887 ], [ 92.8192215, 20.4105282 ], [ 92.8165817, 20.409111 ] ], [ [ 92.7784195, 20.4414997 ], [ 92.786972, 20.440527 ], [ 92.789138799999989, 20.4416943 ], [ 92.7816925, 20.4482498 ], [ 92.7788925, 20.4548607 ], [ 92.7842255, 20.4675827 ], [ 92.7919693, 20.4700279 ], [ 92.7970276, 20.4737778 ], [ 92.8036652, 20.4826393 ], [ 92.804832499999989, 20.4858608 ], [ 92.8035584, 20.4897499 ], [ 92.7978897, 20.4919453 ], [ 92.7972488, 20.499527 ], [ 92.7877197, 20.4887772 ], [ 92.7842789, 20.4894161 ], [ 92.7768021, 20.4851379 ], [ 92.7758865, 20.4821396 ], [ 92.7768021, 20.4801102 ], [ 92.768333399999989, 20.4705276 ], [ 92.763916, 20.4684448 ], [ 92.7637482, 20.4683609 ], [ 92.7559204, 20.4700546 ], [ 92.7557526, 20.4663887 ], [ 92.7598038, 20.4572773 ], [ 92.76355740000001, 20.4416943 ], [ 92.7696915, 20.438139 ], [ 92.7728882, 20.4387226 ], [ 92.7752762, 20.439167 ], [ 92.7784195, 20.4414997 ] ], [ [ 92.7084427, 20.5985832 ], [ 92.7009964, 20.6048889 ], [ 92.6990585, 20.6048603 ], [ 92.6979446, 20.6000004 ], [ 92.699501, 20.5951939 ], [ 92.6979141, 20.5896664 ], [ 92.7007523, 20.5816669 ], [ 92.7069168, 20.5783329 ], [ 92.7161407, 20.5690842 ], [ 92.720726, 20.5712223 ], [ 92.7218628, 20.5749168 ], [ 92.7084427, 20.5985832 ] ], [ [ 92.3249969, 20.6189995 ], [ 92.3239746, 20.6323051 ], [ 92.3212204, 20.6345558 ], [ 92.314720200000011, 20.6311951 ], [ 92.3128586, 20.6270275 ], [ 92.3210297, 20.6106396 ], [ 92.3244705, 20.5881939 ], [ 92.3262482, 20.5852509 ], [ 92.3289185, 20.5860004 ], [ 92.3296127, 20.5991116 ], [ 92.3249969, 20.6189995 ] ], [ [ 92.6013641, 20.715416 ], [ 92.586525, 20.7130547 ], [ 92.5844193, 20.7086658 ], [ 92.5972748, 20.6893616 ], [ 92.6086121, 20.6838341 ], [ 92.6233063, 20.6928329 ], [ 92.6334686, 20.6964722 ], [ 92.6388626, 20.7200279 ], [ 92.637802100000016, 20.7236671 ], [ 92.6353302, 20.7243061 ], [ 92.6281967, 20.7206669 ], [ 92.6184692, 20.7141113 ], [ 92.6143341, 20.713583 ], [ 92.6088638, 20.7183056 ], [ 92.6013641, 20.715416 ] ], [ [ 92.3590851, 20.7198887 ], [ 92.3515549, 20.7183609 ], [ 92.3510818, 20.7186947 ], [ 92.3431091, 20.7243881 ], [ 92.3424759, 20.7206936 ], [ 92.3438873, 20.7185555 ], [ 92.3447189, 20.7173061 ], [ 92.3511963, 20.7130547 ], [ 92.3580017, 20.7138882 ], [ 92.3598633, 20.7178326 ], [ 92.3590851, 20.7198887 ] ], [ [ 92.5675583, 20.7437229 ], [ 92.5626907, 20.743166 ], [ 92.5601959, 20.7454166 ], [ 92.554557800000012, 20.758194 ], [ 92.5511703, 20.7569714 ], [ 92.5469742, 20.7469997 ], [ 92.5490799, 20.7401676 ], [ 92.5609436, 20.7330284 ], [ 92.5753632, 20.7211113 ], [ 92.5794754, 20.7230282 ], [ 92.5864182, 20.7293606 ], [ 92.5763855, 20.7294159 ], [ 92.5748901, 20.7316952 ], [ 92.5760574, 20.7333336 ], [ 92.580864, 20.7401104 ], [ 92.5836411, 20.7438889 ], [ 92.5806427, 20.7490273 ], [ 92.5771942, 20.7496662 ], [ 92.5675583, 20.7437229 ] ], [ [ 92.3386078, 20.9235287 ], [ 92.340332, 20.932972 ], [ 92.3446121, 20.9385834 ], [ 92.3491669, 20.9430275 ], [ 92.3552475, 20.9436111 ], [ 92.3464432, 20.9546947 ], [ 92.3420563, 20.965416 ], [ 92.3380814, 20.9892216 ], [ 92.3325806, 20.9939442 ], [ 92.3281937, 20.9932785 ], [ 92.3272476, 20.9931393 ], [ 92.3191147, 20.9851665 ], [ 92.3110275, 20.9854717 ], [ 92.306694, 20.9821663 ], [ 92.3062744, 20.9786949 ], [ 92.3108063, 20.9737492 ], [ 92.3080292, 20.9665546 ], [ 92.3127747, 20.961834 ], [ 92.3158875, 20.9543056 ], [ 92.3039474, 20.9313335 ], [ 92.3035583, 20.9269447 ], [ 92.3088074, 20.9121113 ], [ 92.3145294, 20.9071941 ], [ 92.3194199, 20.9070549 ], [ 92.32547, 20.9092503 ], [ 92.335556, 20.9172497 ], [ 92.3386078, 20.9235287 ] ], [ [ 92.299614, 20.9291668 ], [ 92.3098068, 20.9528065 ], [ 92.3077774, 20.9564438 ], [ 92.3033066, 20.9593334 ], [ 92.3024979, 20.9623051 ], [ 92.3055267, 20.9697227 ], [ 92.3006973, 20.9774437 ], [ 92.2978058, 20.9757786 ], [ 92.282196, 20.9526939 ], [ 92.2813339, 20.9476395 ], [ 92.2844162, 20.9405842 ], [ 92.2969437, 20.9277229 ], [ 92.299614, 20.9291668 ] ], [ [ 92.2606125, 21.0181942 ], [ 92.2623062, 21.0193882 ], [ 92.263832100000016, 21.0272217 ], [ 92.2613068, 21.0310841 ], [ 92.2565842, 21.0234165 ], [ 92.2606125, 21.0181942 ] ], [ [ 92.2109756, 21.108139 ], [ 92.2160034, 21.102972 ], [ 92.2194977, 21.1030273 ], [ 92.2200851, 21.1089725 ], [ 92.216774, 21.1148338 ], [ 92.2151108, 21.111166 ], [ 92.2109756, 21.108139 ] ], [ [ 92.2178879, 21.1303616 ], [ 92.210220299999989, 21.1334171 ], [ 92.2076111, 21.1317501 ], [ 92.2123642, 21.1256676 ], [ 92.217804, 21.1234722 ], [ 92.2194748, 21.1255836 ], [ 92.2178879, 21.1303616 ] ], [ [ 91.9144974, 21.7024727 ], [ 91.9097519, 21.6959438 ], [ 91.9003296, 21.6895275 ], [ 91.8891373, 21.6844444 ], [ 91.8850861, 21.6806946 ], [ 91.8842239, 21.6753883 ], [ 91.8916702, 21.6534996 ], [ 91.8913345, 21.6376381 ], [ 91.8902206, 21.6332493 ], [ 91.8783875, 21.6251659 ], [ 91.8755569, 21.6207504 ], [ 91.8749161, 21.6141396 ], [ 91.8741913, 21.606945 ], [ 91.8766632, 21.5869999 ], [ 91.8831635, 21.572916 ], [ 91.8816376, 21.5657501 ], [ 91.8821106, 21.5570278 ], [ 91.8783646, 21.540638 ], [ 91.8731079, 21.5343056 ], [ 91.8587189, 21.5220547 ], [ 91.8639755, 21.5083885 ], [ 91.8628616, 21.5042229 ], [ 91.86483, 21.4939175 ], [ 91.8684158, 21.4885006 ], [ 91.875946, 21.4817772 ], [ 91.8969421, 21.467083 ], [ 91.901336700000016, 21.4674168 ], [ 91.9090805, 21.4715004 ], [ 91.9114151, 21.4756947 ], [ 91.9094162, 21.4875832 ], [ 91.908859299999989, 21.488306 ], [ 91.9010315, 21.498888 ], [ 91.9017487, 21.5092506 ], [ 91.9140244, 21.5081387 ], [ 91.9262238, 21.5024452 ], [ 91.929580700000017, 21.5043602 ], [ 91.9367218, 21.5042782 ], [ 91.943222, 21.499361 ], [ 91.9454193, 21.4899998 ], [ 91.947891200000015, 21.4896107 ], [ 91.9605026, 21.495388 ], [ 91.9727478, 21.5057774 ], [ 91.9741364, 21.5090275 ], [ 91.9756699, 21.5254726 ], [ 91.976638799999989, 21.5361938 ], [ 91.9819183, 21.5606384 ], [ 91.9810028, 21.568222 ], [ 91.9859161, 21.5871658 ], [ 91.9890289, 21.6196117 ], [ 91.9875565, 21.6301384 ], [ 91.9824142, 21.6392231 ], [ 91.9755554, 21.6468048 ], [ 91.9677505, 21.6554451 ], [ 91.9585571, 21.670166 ], [ 91.9483871, 21.6933613 ], [ 91.9444427, 21.7128048 ], [ 91.9452515, 21.719944 ], [ 91.9430008, 21.730917 ], [ 91.9399414, 21.734972 ], [ 91.9322815, 21.728138 ], [ 91.918830899999989, 21.7248611 ], [ 91.9169464, 21.721611 ], [ 91.9169693, 21.7184715 ], [ 91.9169693, 21.7105827 ], [ 91.9144974, 21.7024727 ] ], [ [ 88.4996643, 21.5996952 ], [ 88.4963074, 21.5899715 ], [ 88.4961929, 21.5896664 ], [ 88.4878311, 21.5806942 ], [ 88.4869461, 21.5657768 ], [ 88.4850311, 21.559639 ], [ 88.4863892, 21.5467224 ], [ 88.4892807, 21.5445843 ], [ 88.4979477, 21.544138 ], [ 88.497139, 21.5379715 ], [ 88.50103, 21.5358887 ], [ 88.5056381, 21.5333881 ], [ 88.5156403, 21.530611 ], [ 88.5197525, 21.5307217 ], [ 88.523582499999989, 21.53825 ], [ 88.5252762, 21.5386105 ], [ 88.5233307, 21.5300274 ], [ 88.5248337, 21.5266953 ], [ 88.5304184, 21.5249443 ], [ 88.5402527, 21.5249176 ], [ 88.5475311, 21.5304718 ], [ 88.5488358, 21.5336666 ], [ 88.5391693, 21.5472221 ], [ 88.5378647, 21.5527782 ], [ 88.541748, 21.5772495 ], [ 88.5381927, 21.5821667 ], [ 88.523056, 21.585083 ], [ 88.5138626, 21.5894451 ], [ 88.504303, 21.5991116 ], [ 88.4996643, 21.5996952 ] ], [ [ 88.217804, 21.533556 ], [ 88.213836700000016, 21.5410004 ], [ 88.2136917, 21.5446663 ], [ 88.2165527, 21.5505829 ], [ 88.213974, 21.5547771 ], [ 88.2087479, 21.5523605 ], [ 88.1998901, 21.5700283 ], [ 88.1945801, 21.5637226 ], [ 88.194809, 21.5545273 ], [ 88.1918869, 21.5548325 ], [ 88.1875305, 21.5756111 ], [ 88.1804428, 21.5861111 ], [ 88.1738052, 21.5858059 ], [ 88.1736374, 21.5800838 ], [ 88.1763916, 21.5744991 ], [ 88.1790009, 21.5691662 ], [ 88.1769714, 21.5662231 ], [ 88.189888, 21.5445557 ], [ 88.1968308, 21.5375004 ], [ 88.1993866, 21.5328331 ], [ 88.2088623, 21.5284729 ], [ 88.2139969, 21.5283604 ], [ 88.217804, 21.533556 ] ], [ [ 88.8363647, 21.5633049 ], [ 88.8352509, 21.5591946 ], [ 88.8382797, 21.5540562 ], [ 88.8401642, 21.5527782 ], [ 88.842392, 21.5512772 ], [ 88.8632813, 21.537056 ], [ 88.8698349, 21.5341396 ], [ 88.8766632, 21.5332508 ], [ 88.8963852, 21.5363884 ], [ 88.9061127, 21.5411663 ], [ 88.9119186, 21.5463047 ], [ 88.9124146, 21.5623608 ], [ 88.9085312, 21.571888 ], [ 88.9026413, 21.5798607 ], [ 88.9015808, 21.5808048 ], [ 88.8959427, 21.5858059 ], [ 88.888443, 21.589222 ], [ 88.8612747, 21.5998325 ], [ 88.8512497, 21.6010284 ], [ 88.8438034, 21.6062775 ], [ 88.8365555, 21.6016674 ], [ 88.8356934, 21.5977783 ], [ 88.8388062, 21.5873604 ], [ 88.838913, 21.5747223 ], [ 88.8363647, 21.5633049 ] ], [ [ 88.5709152, 21.5592785 ], [ 88.575805699999989, 21.5667496 ], [ 88.5855865, 21.5740547 ], [ 88.5954971, 21.5862217 ], [ 88.5929184, 21.6069717 ], [ 88.5903854, 21.6103058 ], [ 88.5893631, 21.611639 ], [ 88.5743027, 21.6255836 ], [ 88.5670547, 21.6292229 ], [ 88.5579987, 21.6308327 ], [ 88.5422516, 21.6376667 ], [ 88.5354996, 21.6421947 ], [ 88.5301971, 21.6538334 ], [ 88.5265808, 21.656889 ], [ 88.5244141, 21.6241112 ], [ 88.5195312, 21.6161938 ], [ 88.5186081, 21.6097775 ], [ 88.5183334, 21.6093616 ], [ 88.5160522, 21.6059437 ], [ 88.5185852, 21.5996666 ], [ 88.5241394, 21.5970001 ], [ 88.5307465, 21.596138 ], [ 88.5459442, 21.5872498 ], [ 88.5428619, 21.5818329 ], [ 88.5498581, 21.5696945 ], [ 88.5530243, 21.5597496 ], [ 88.5556641, 21.5578327 ], [ 88.5608597, 21.5590839 ], [ 88.5654144, 21.5559731 ], [ 88.5709152, 21.5592785 ] ], [ [ 88.7066422, 21.6664715 ], [ 88.7232208, 21.6382504 ], [ 88.7252197, 21.6306114 ], [ 88.7234726, 21.6214714 ], [ 88.7198868, 21.6167221 ], [ 88.7133026, 21.6095562 ], [ 88.7115555, 21.5841103 ], [ 88.7125549, 21.5764999 ], [ 88.7165833, 21.571806 ], [ 88.7390823, 21.5608616 ], [ 88.7444687, 21.5602493 ], [ 88.7539444, 21.5652771 ], [ 88.7604141, 21.5640831 ], [ 88.767135599999989, 21.5628605 ], [ 88.772834800000012, 21.564333 ], [ 88.7888336, 21.5746937 ], [ 88.7996368, 21.5748615 ], [ 88.800415, 21.5759449 ], [ 88.803497299999989, 21.5802784 ], [ 88.806198099999989, 21.5886936 ], [ 88.8040009, 21.5974731 ], [ 88.7980576, 21.6033897 ], [ 88.7872238, 21.6108055 ], [ 88.7819977, 21.6162224 ], [ 88.7776642, 21.6271381 ], [ 88.7772522, 21.6303616 ], [ 88.7839203, 21.6398335 ], [ 88.7831421, 21.645834 ], [ 88.7786636, 21.6526108 ], [ 88.7733612, 21.6559715 ], [ 88.7684479, 21.6556396 ], [ 88.7620316, 21.6461658 ], [ 88.7541656, 21.6466103 ], [ 88.7408371, 21.6600552 ], [ 88.7155533, 21.6772499 ], [ 88.7103348, 21.6829166 ], [ 88.7091675, 21.6883888 ], [ 88.7047195, 21.7097225 ], [ 88.7010574, 21.7183056 ], [ 88.697113, 21.7184162 ], [ 88.6947479, 21.7129726 ], [ 88.69522090000001, 21.7037506 ], [ 88.6902237, 21.6843605 ], [ 88.6922531, 21.678556399999987 ], [ 88.7009201, 21.6728325 ], [ 88.704635599999989, 21.6686935 ], [ 88.7066422, 21.6664715 ] ], [ [ 92.0070801, 21.6241398 ], [ 92.0049133, 21.6227226 ], [ 92.0040588, 21.6176395 ], [ 92.007225, 21.6094437 ], [ 92.0081635, 21.6005001 ], [ 92.0109482, 21.598278 ], [ 92.0131073, 21.5999165 ], [ 92.0134964, 21.6135006 ], [ 92.0070801, 21.6241398 ] ], [ [ 88.46585850000001, 21.7046108 ], [ 88.4623642, 21.7131939 ], [ 88.4609985, 21.7171383 ], [ 88.4618912, 21.7223892 ], [ 88.459053, 21.7263603 ], [ 88.4586639, 21.7307491 ], [ 88.4619446, 21.750639 ], [ 88.4721111, 21.7759749 ], [ 88.4740829, 21.7808895 ], [ 88.4865036, 21.7931938 ], [ 88.4831085, 21.7955837 ], [ 88.4747467, 21.7951107 ], [ 88.4703598, 21.7876396 ], [ 88.4678574, 21.7863331 ], [ 88.4588623, 21.7902222 ], [ 88.4564133, 21.7928619 ], [ 88.4509201, 21.786972 ], [ 88.4505539, 21.7828617 ], [ 88.4409409, 21.7734451 ], [ 88.4366074, 21.7671108 ], [ 88.4357529, 21.7627773 ], [ 88.4392776, 21.7578602 ], [ 88.4319992, 21.7435837 ], [ 88.4325867, 21.7374725 ], [ 88.4374695, 21.7282772 ], [ 88.435279799999989, 21.7196102 ], [ 88.4356079, 21.7143059 ], [ 88.4436417, 21.7026386 ], [ 88.4391937, 21.6981659 ], [ 88.432281500000016, 21.6911945 ], [ 88.4273071, 21.6899452 ], [ 88.427002, 21.6870556 ], [ 88.4266357, 21.683527 ], [ 88.4287491, 21.6708336 ], [ 88.4269714, 21.6598606 ], [ 88.4289474, 21.651083 ], [ 88.4382782, 21.6430283 ], [ 88.447197, 21.6281109 ], [ 88.4482803, 21.6232777 ], [ 88.444358799999989, 21.6141663 ], [ 88.439804099999989, 21.6101666 ], [ 88.4321671, 21.6089726 ], [ 88.4276123, 21.6035557 ], [ 88.4294739, 21.6003056 ], [ 88.4396133, 21.6025829 ], [ 88.4525528, 21.6001949 ], [ 88.4547195, 21.6074715 ], [ 88.4604187, 21.6179161 ], [ 88.4649429, 21.6223888 ], [ 88.464386, 21.6288338 ], [ 88.4684982, 21.6346951 ], [ 88.4682465, 21.6429729 ], [ 88.473587, 21.6582508 ], [ 88.484108, 21.6749725 ], [ 88.4830246, 21.6798325 ], [ 88.4722214, 21.6973324 ], [ 88.4667206, 21.7024994 ], [ 88.46585850000001, 21.7046108 ] ], [ [ 88.3590851, 21.6649723 ], [ 88.3599701, 21.6704731 ], [ 88.3518295, 21.6872215 ], [ 88.3432236, 21.6954727 ], [ 88.3272247, 21.7038879 ], [ 88.3233032, 21.7035275 ], [ 88.321418799999989, 21.7005272 ], [ 88.3204727, 21.6989994 ], [ 88.3204727, 21.689806 ], [ 88.3239975, 21.6575546 ], [ 88.3209152, 21.6431675 ], [ 88.3156662, 21.6304436 ], [ 88.3159714, 21.6150284 ], [ 88.3204422, 21.6073608 ], [ 88.326416, 21.6021385 ], [ 88.333252, 21.6006107 ], [ 88.3363876, 21.6076393 ], [ 88.3465576, 21.611084 ], [ 88.3508301, 21.6151104 ], [ 88.357223499999989, 21.6289997 ], [ 88.3586655, 21.6321392 ], [ 88.3526917, 21.6385002 ], [ 88.348999, 21.646862 ], [ 88.3550568, 21.6465549 ], [ 88.3578339, 21.6464176 ], [ 88.3584976, 21.6532784 ], [ 88.3550034, 21.6588898 ], [ 88.3590851, 21.6649723 ] ], [ [ 88.2032471, 21.6972218 ], [ 88.2072754, 21.7005558 ], [ 88.2211075, 21.7034435 ], [ 88.2191391, 21.7126942 ], [ 88.2174454, 21.7157497 ], [ 88.2150803, 21.7157784 ], [ 88.2130814, 21.7086105 ], [ 88.2011948, 21.7027779 ], [ 88.1901932, 21.6882496 ], [ 88.1892242, 21.6869717 ], [ 88.1875839, 21.6808052 ], [ 88.1922226, 21.6607227 ], [ 88.1973648, 21.6511936 ], [ 88.2024689, 21.6494446 ], [ 88.2043915, 21.6468887 ], [ 88.2017746, 21.6416664 ], [ 88.2081375, 21.6316395 ], [ 88.211998, 21.6195831 ], [ 88.2143326, 21.6055279 ], [ 88.2218628, 21.6019173 ], [ 88.2239685, 21.6078339 ], [ 88.2199173, 21.612278 ], [ 88.2191391, 21.6198883 ], [ 88.2217789, 21.6271667 ], [ 88.2392502, 21.6469727 ], [ 88.2348633, 21.6574173 ], [ 88.2331085, 21.6742229 ], [ 88.2186127, 21.6736393 ], [ 88.214447, 21.6746674 ], [ 88.2093887, 21.6779995 ], [ 88.2025833, 21.6903324 ], [ 88.2032471, 21.6972218 ] ], [ [ 88.518165599999989, 21.7402496 ], [ 88.5215836, 21.7401676 ], [ 88.520752, 21.7363052 ], [ 88.5179749, 21.7340565 ], [ 88.5215302, 21.7286949 ], [ 88.5233078, 21.7224445 ], [ 88.531860400000014, 21.7213058 ], [ 88.5373306, 21.7236938 ], [ 88.539306599999989, 21.7149162 ], [ 88.5468903, 21.7055283 ], [ 88.5569458, 21.7045841 ], [ 88.5631638, 21.7078896 ], [ 88.5699158, 21.7091103 ], [ 88.5743332, 21.6965008 ], [ 88.5741959, 21.6894436 ], [ 88.58078, 21.6628609 ], [ 88.5783081, 21.6539726 ], [ 88.5752792, 21.650362 ], [ 88.5747223, 21.6500282 ], [ 88.5655289, 21.6444168 ], [ 88.564224200000012, 21.6419163 ], [ 88.568496700000011, 21.6374435 ], [ 88.5861664, 21.6278057 ], [ 88.5979462, 21.6192226 ], [ 88.60672, 21.6084442 ], [ 88.6125259, 21.6055279 ], [ 88.6180267, 21.6178055 ], [ 88.6098328, 21.6311111 ], [ 88.6105576, 21.6391106 ], [ 88.6053314, 21.6454716 ], [ 88.6033325, 21.6530838 ], [ 88.6016693, 21.6540546 ], [ 88.6132507, 21.6728325 ], [ 88.615387, 21.6789722 ], [ 88.612915, 21.6866112 ], [ 88.5957794, 21.6966953 ], [ 88.597084, 21.7001114 ], [ 88.595192, 21.711195 ], [ 88.5832748, 21.715416 ], [ 88.5800018, 21.7200832 ], [ 88.5797806, 21.7294998 ], [ 88.5829697, 21.7386112 ], [ 88.5666351, 21.7684441 ], [ 88.5707474, 21.780138 ], [ 88.5791702, 21.7877216 ], [ 88.577919, 21.7922783 ], [ 88.5657196, 21.8049717 ], [ 88.5549469, 21.8066387 ], [ 88.550140399999989, 21.810194 ], [ 88.5468903, 21.816473 ], [ 88.5445862, 21.7961121 ], [ 88.5331421, 21.7745552 ], [ 88.5197525, 21.7615833 ], [ 88.5158081, 21.7609997 ], [ 88.507667500000011, 21.7600555 ], [ 88.506858799999989, 21.7573338 ], [ 88.515892, 21.7467499 ], [ 88.518165599999989, 21.7402496 ] ], [ [ 88.1315308, 21.7347221 ], [ 88.13311, 21.7390556 ], [ 88.136833200000012, 21.7405834 ], [ 88.1442795, 21.7518883 ], [ 88.1453629, 21.7562218 ], [ 88.1329422, 21.7698326 ], [ 88.1330795, 21.7753334 ], [ 88.1239471, 21.7808056 ], [ 88.1179962, 21.7843609 ], [ 88.1146927, 21.7863331 ], [ 88.1111679, 21.7928333 ], [ 88.1075287, 21.7943058 ], [ 88.1046677, 21.7888603 ], [ 88.0998917, 21.7848339 ], [ 88.0900803, 21.7850552 ], [ 88.0806427, 21.7526665 ], [ 88.0713043, 21.7333603 ], [ 88.0666351, 21.7336941 ], [ 88.0652466, 21.7275276 ], [ 88.0617523, 21.7243881 ], [ 88.0604172, 21.7209721 ], [ 88.0609741, 21.7138329 ], [ 88.0638886, 21.7126102 ], [ 88.0598907, 21.6901951 ], [ 88.0564728, 21.6815548 ], [ 88.0534439, 21.6788616 ], [ 88.0537491, 21.671278 ], [ 88.0495834, 21.6523056 ], [ 88.050918600000017, 21.6469994 ], [ 88.0576401, 21.6411114 ], [ 88.069358799999989, 21.6389999 ], [ 88.0858307, 21.6303616 ], [ 88.0905304, 21.6313896 ], [ 88.0993347, 21.6389999 ], [ 88.1038895, 21.6347504 ], [ 88.1180801, 21.6337509 ], [ 88.1239166, 21.6308613 ], [ 88.13517, 21.6292229 ], [ 88.1414185, 21.6237774 ], [ 88.146553, 21.6231937 ], [ 88.148582499999989, 21.6256943 ], [ 88.1459732, 21.6294174 ], [ 88.1502533, 21.6334438 ], [ 88.1498642, 21.6469994 ], [ 88.1521683, 21.6593609 ], [ 88.1507492, 21.6708889 ], [ 88.148613, 21.6739159 ], [ 88.1418076, 21.6770554 ], [ 88.1361389, 21.6856937 ], [ 88.1367493, 21.6900558 ], [ 88.1437759, 21.6958618 ], [ 88.1448593, 21.7001953 ], [ 88.1338043, 21.7280006 ], [ 88.1315308, 21.7347221 ] ], [ [ 92.029892, 21.6556664 ], [ 92.0320816, 21.6658058 ], [ 92.030304, 21.6683064 ], [ 92.0276108, 21.6686935 ], [ 92.0219421, 21.6589165 ], [ 92.0154419, 21.654417 ], [ 92.0066681, 21.6510277 ], [ 92.0021362, 21.6463051 ], [ 92.0011139, 21.6373329 ], [ 92.0032196, 21.6316395 ], [ 92.0072479, 21.6280556 ], [ 92.0131073, 21.6295547 ], [ 92.017860399999989, 21.6360836 ], [ 92.0347214, 21.6491108 ], [ 92.029892, 21.6556664 ] ], [ [ 91.9062805, 21.7261944 ], [ 91.9121399, 21.7467499 ], [ 91.9111404, 21.7482777 ], [ 91.9093018, 21.7510548 ], [ 91.9025574, 21.7559719 ], [ 91.8883896, 21.7620831 ], [ 91.8859482, 21.7611103 ], [ 91.8811951, 21.7453613 ], [ 91.8710022, 21.7214718 ], [ 91.8678894, 21.7087784 ], [ 91.8587799, 21.6906662 ], [ 91.8546677, 21.6786118 ], [ 91.8534164, 21.6685009 ], [ 91.8524475, 21.6604176 ], [ 91.8540573, 21.6549454 ], [ 91.8671112, 21.6437492 ], [ 91.8710556, 21.6436119 ], [ 91.8734131, 21.6376953 ], [ 91.8806076, 21.6341953 ], [ 91.8830261, 21.6356106 ], [ 91.884697, 21.6476116 ], [ 91.878891, 21.6731949 ], [ 91.8798904, 21.6821671 ], [ 91.8930283, 21.6960278 ], [ 91.8988342, 21.6996117 ], [ 91.904502900000011, 21.7086945 ], [ 91.906082200000014, 21.7140007 ], [ 91.9062805, 21.7261944 ] ], [ [ 88.5228577, 21.7155552 ], [ 88.5217514, 21.7107773 ], [ 88.5301132, 21.6938057 ], [ 88.529197700000012, 21.6878338 ], [ 88.5319977, 21.6746674 ], [ 88.534668, 21.6734715 ], [ 88.5314178, 21.6629715 ], [ 88.5331955, 21.6558056 ], [ 88.54438780000001, 21.6438065 ], [ 88.5513611, 21.6385841 ], [ 88.5599136, 21.6376667 ], [ 88.5579147, 21.6446114 ], [ 88.5718918, 21.6690559 ], [ 88.5720825, 21.6764164 ], [ 88.5719986, 21.6819172 ], [ 88.5670853, 21.6982498 ], [ 88.5622482, 21.6991386 ], [ 88.5578308, 21.6975555 ], [ 88.5493927, 21.6978893 ], [ 88.5379181, 21.7098885 ], [ 88.5285034, 21.7156658 ], [ 88.5228577, 21.7155552 ] ], [ [ 89.2700806, 21.6968613 ], [ 89.262886, 21.694334 ], [ 89.2612534, 21.6969166 ], [ 89.2661133, 21.7022781 ], [ 89.2713318, 21.704195 ], [ 89.2843323, 21.7035828 ], [ 89.2852249, 21.7085552 ], [ 89.2864456, 21.7154446 ], [ 89.2911377, 21.7238064 ], [ 89.2905808, 21.7291107 ], [ 89.2939453, 21.7416668 ], [ 89.2916641, 21.7472496 ], [ 89.282608, 21.7550831 ], [ 89.2728577, 21.7581387 ], [ 89.240081800000013, 21.7551937 ], [ 89.2355576, 21.7514172 ], [ 89.2320862, 21.7508335 ], [ 89.230751, 21.7489452 ], [ 89.2271652, 21.7438602 ], [ 89.2217484, 21.7435551 ], [ 89.2199173, 21.7399445 ], [ 89.2300034, 21.7180557 ], [ 89.2303314, 21.7129726 ], [ 89.2271118, 21.7045841 ], [ 89.2277756, 21.7024727 ], [ 89.2319183, 21.7014446 ], [ 89.2301102, 21.6987495 ], [ 89.2227478, 21.6989441 ], [ 89.2214203, 21.687973 ], [ 89.1998367, 21.6591949 ], [ 89.2038345, 21.6544724 ], [ 89.2125015, 21.6491661 ], [ 89.2156982, 21.6493053 ], [ 89.2207489, 21.6535282 ], [ 89.2229462, 21.6527786 ], [ 89.226417500000011, 21.6462498 ], [ 89.2340012, 21.6457787 ], [ 89.2371368, 21.644083 ], [ 89.2398911, 21.6525002 ], [ 89.2458038, 21.6463604 ], [ 89.2516937, 21.6457214 ], [ 89.2562485, 21.6474171 ], [ 89.2631378, 21.6499729 ], [ 89.2692184, 21.6560001 ], [ 89.2665253, 21.6634445 ], [ 89.290947, 21.6663895 ], [ 89.2952805, 21.6710835 ], [ 89.2939758, 21.6897221 ], [ 89.2937775, 21.6924992 ], [ 89.2925797, 21.6939163 ], [ 89.2854691, 21.6938896 ], [ 89.2789459, 21.6973057 ], [ 89.2778625, 21.6972504 ], [ 89.2700806, 21.6968613 ] ], [ [ 88.640419, 21.644083 ], [ 88.6458588, 21.6462498 ], [ 88.6418076, 21.6580563 ], [ 88.6478882, 21.6733055 ], [ 88.6511688, 21.6761951 ], [ 88.6520309, 21.6798611 ], [ 88.6508636, 21.6828613 ], [ 88.6447754, 21.6839447 ], [ 88.6402512, 21.6806107 ], [ 88.6323624, 21.6546383 ], [ 88.6341095, 21.6474724 ], [ 88.6362534, 21.6448898 ], [ 88.640419, 21.644083 ] ], [ [ 88.1296692, 21.785305 ], [ 88.1410522, 21.7799721 ], [ 88.1384201, 21.7729168 ], [ 88.1413574, 21.7680283 ], [ 88.1421967, 21.7666397 ], [ 88.1523361, 21.7597218 ], [ 88.1524735, 21.7562771 ], [ 88.1386414, 21.7341118 ], [ 88.1392746, 21.7301674 ], [ 88.1442795, 21.7247772 ], [ 88.1468353, 21.7191944 ], [ 88.1511917, 21.7066936 ], [ 88.1515274, 21.7009449 ], [ 88.1438065, 21.6875839 ], [ 88.1454697, 21.6850281 ], [ 88.1542206, 21.6820564 ], [ 88.1616135, 21.6830273 ], [ 88.1647491, 21.6898327 ], [ 88.1654739, 21.6962509 ], [ 88.1660309, 21.7013054 ], [ 88.1713867, 21.7179451 ], [ 88.1725311, 21.7189732 ], [ 88.175415, 21.7215271 ], [ 88.1800537, 21.7303886 ], [ 88.1794434, 21.7630005 ], [ 88.1767197, 21.7809715 ], [ 88.178833, 21.795639 ], [ 88.1832809, 21.805639299999989 ], [ 88.1828613, 21.8088608 ], [ 88.1761703, 21.8154449 ], [ 88.1790848, 21.8238888 ], [ 88.1772537, 21.8287506 ], [ 88.1695251, 21.844305 ], [ 88.1574478, 21.8613606 ], [ 88.1505814, 21.880806 ], [ 88.1461945, 21.8823051 ], [ 88.1332245, 21.8747768 ], [ 88.1296692, 21.8711948 ], [ 88.1213303, 21.8555279 ], [ 88.107193, 21.8290005 ], [ 88.1014175, 21.8153324 ], [ 88.0943909, 21.790472 ], [ 88.09758, 21.7903881 ], [ 88.1024704, 21.7983341 ], [ 88.105468800000011, 21.8005562 ], [ 88.11380770000001, 21.7999172 ], [ 88.121109, 21.7931938 ], [ 88.1296692, 21.785305 ] ], [ [ 88.3799438, 21.6915836 ], [ 88.3862534, 21.6969452 ], [ 88.395195, 21.7006111 ], [ 88.4033356, 21.7103062 ], [ 88.4047241, 21.7166939 ], [ 88.4021149, 21.7194996 ], [ 88.3952484, 21.7201386 ], [ 88.3863297, 21.7176113 ], [ 88.3789978, 21.7189446 ], [ 88.3724747, 21.7232227 ], [ 88.3713608, 21.7271671 ], [ 88.3724136, 21.7312222 ], [ 88.390831, 21.7386112 ], [ 88.3936386, 21.7417774 ], [ 88.3943329, 21.7493324 ], [ 88.400528, 21.7601948 ], [ 88.3927536, 21.7647781 ], [ 88.3837814, 21.7645283 ], [ 88.367691, 21.7642231 ], [ 88.3600311, 21.7616673 ], [ 88.3559418, 21.7566948 ], [ 88.3530273, 21.7482777 ], [ 88.3533325, 21.7416115 ], [ 88.3578873, 21.7201386 ], [ 88.357330300000015, 21.717638 ], [ 88.3486099, 21.7125549 ], [ 88.3605576, 21.6915836 ], [ 88.3648911, 21.6880283 ], [ 88.3743591, 21.6845837 ], [ 88.3778076, 21.6847496 ], [ 88.3795853, 21.6903896 ], [ 88.3799438, 21.6915836 ] ], [ [ 89.354248, 21.7008057 ], [ 89.3532486, 21.7075005 ], [ 89.3421631, 21.7213898 ], [ 89.3396912, 21.7212219 ], [ 89.3352814, 21.6995277 ], [ 89.3365555, 21.6932774 ], [ 89.3396683, 21.6911392 ], [ 89.3448334, 21.6914444 ], [ 89.3516083, 21.6951389 ], [ 89.354248, 21.7008057 ] ], [ [ 88.595024099999989, 21.7642498 ], [ 88.5968018, 21.7582493 ], [ 88.6050797, 21.755500799999989 ], [ 88.6081085, 21.749445 ], [ 88.6186142, 21.7468891 ], [ 88.6277466, 21.7411671 ], [ 88.6301651, 21.7314453 ], [ 88.6267242, 21.7275562 ], [ 88.6195297, 21.7236118 ], [ 88.615303, 21.7184715 ], [ 88.610862700000013, 21.7176666 ], [ 88.6068344, 21.7143326 ], [ 88.6055298, 21.7109165 ], [ 88.6073608, 21.7071953 ], [ 88.617775, 21.7021103 ], [ 88.6220551, 21.7056675 ], [ 88.6257248, 21.7131672 ], [ 88.6340561, 21.7207508 ], [ 88.6373901, 21.7259445 ], [ 88.6376953, 21.7532768 ], [ 88.632888799999989, 21.7736111 ], [ 88.6294174, 21.7803612 ], [ 88.6249695, 21.7841396 ], [ 88.6205292, 21.7879448 ], [ 88.6168594, 21.7880287 ], [ 88.6067505, 21.7869167 ], [ 88.5997772, 21.784111 ], [ 88.5941925, 21.7780552 ], [ 88.5966644, 21.769722 ], [ 88.595024099999989, 21.7642498 ] ], [ [ 88.3487244, 21.7358055 ], [ 88.347168, 21.7413063 ], [ 88.347168, 21.7502499 ], [ 88.3493347, 21.7566395 ], [ 88.3558884, 21.7636108 ], [ 88.3683853, 21.7708607 ], [ 88.3752747, 21.7709446 ], [ 88.3828049, 21.7672787 ], [ 88.3867493, 21.7680283 ], [ 88.3872757, 21.7701664 ], [ 88.3834686, 21.7748604 ], [ 88.387580899999989, 21.7896938 ], [ 88.3864136, 21.7918053 ], [ 88.3603058, 21.7984161 ], [ 88.3467255, 21.7983894 ], [ 88.3418579, 21.7898884 ], [ 88.3376083, 21.7867775 ], [ 88.3309174, 21.7846394 ], [ 88.3144455, 21.7843609 ], [ 88.3103638, 21.7791672 ], [ 88.3097763, 21.7752781 ], [ 88.3152771, 21.7521954 ], [ 88.3143616, 21.7455559 ], [ 88.3158646, 21.7278328 ], [ 88.3143311, 21.7168331 ], [ 88.3176651, 21.7137775 ], [ 88.3324738, 21.7065277 ], [ 88.3344727, 21.7054157 ], [ 88.3369141, 21.7073326 ], [ 88.3327484, 21.7175274 ], [ 88.3339462, 21.724638 ], [ 88.3365021, 21.7284718 ], [ 88.3404465, 21.728138 ], [ 88.350029, 21.7210274 ], [ 88.3528061, 21.7212219 ], [ 88.3487244, 21.7358055 ] ], [ [ 89.5905533, 21.7061939 ], [ 89.6061401, 21.7096119 ], [ 89.6231384, 21.7109165 ], [ 89.623497, 21.7141113 ], [ 89.6179199, 21.7227783 ], [ 89.5983582, 21.7394714 ], [ 89.5930023, 21.747694 ], [ 89.5921631, 21.7518616 ], [ 89.5946121, 21.758667 ], [ 89.5960007, 21.7630005 ], [ 89.6088867, 21.773138 ], [ 89.61203, 21.7854443 ], [ 89.6102219, 21.7967777 ], [ 89.60392, 21.8063889 ], [ 89.5965271, 21.813055 ], [ 89.5930023, 21.8154449 ], [ 89.5803299, 21.8239441 ], [ 89.5710831, 21.8301659 ], [ 89.56230930000001, 21.8396111 ], [ 89.556694, 21.8476105 ], [ 89.5511093, 21.8496113 ], [ 89.5459137, 21.8493328 ], [ 89.5393906, 21.8446941 ], [ 89.5346375, 21.8378334 ], [ 89.533165, 21.8356953 ], [ 89.5315018, 21.8306942 ], [ 89.53125, 21.8231392 ], [ 89.5318604, 21.8206387 ], [ 89.535553, 21.8055286 ], [ 89.5454407, 21.7792778 ], [ 89.550224300000011, 21.775444 ], [ 89.5525818, 21.7734165 ], [ 89.5535583, 21.772583 ], [ 89.5623322, 21.7562218 ], [ 89.5646133, 21.7513332 ], [ 89.5645294, 21.7425003 ], [ 89.5645294, 21.7421398 ], [ 89.563446, 21.7391949 ], [ 89.5599747, 21.7383881 ], [ 89.5571671, 21.7350273 ], [ 89.5554428, 21.7284164 ], [ 89.557724, 21.7199726 ], [ 89.5580521, 21.7186947 ], [ 89.5610809, 21.7135277 ], [ 89.5709686, 21.7088604 ], [ 89.5809708, 21.7062492 ], [ 89.5905533, 21.7061939 ] ], [ [ 88.2144699, 21.7307224 ], [ 88.2120285, 21.7319164 ], [ 88.199943499999989, 21.7108326 ], [ 88.2010803, 21.7082787 ], [ 88.2052536, 21.7079716 ], [ 88.2071075, 21.7127495 ], [ 88.2152252, 21.7219715 ], [ 88.2153854, 21.7281666 ], [ 88.2144699, 21.7307224 ] ], [ [ 88.6056137, 21.7221661 ], [ 88.610580399999989, 21.7250271 ], [ 88.6157532, 21.7248898 ], [ 88.626136800000012, 21.732111 ], [ 88.6271973, 21.735445 ], [ 88.6224136, 21.7420559 ], [ 88.6081696, 21.7427769 ], [ 88.601059, 21.7521667 ], [ 88.5908585, 21.7565556 ], [ 88.5883636, 21.7637501 ], [ 88.591774, 21.7705555 ], [ 88.5896912, 21.7749729 ], [ 88.5870285, 21.776638 ], [ 88.5825806, 21.7756119 ], [ 88.5796661, 21.7730274 ], [ 88.5729446, 21.7717781 ], [ 88.5758591, 21.766695 ], [ 88.5905304, 21.7450829 ], [ 88.5855865, 21.7270565 ], [ 88.5866699, 21.7212772 ], [ 88.593277, 21.7211113 ], [ 88.5957489, 21.7190552 ], [ 88.5992813, 21.7161388 ], [ 88.6022186, 21.7160549 ], [ 88.6056137, 21.7221661 ] ], [ [ 91.8398056, 21.8627224 ], [ 91.8455276, 21.8414993 ], [ 91.8459473, 21.8318615 ], [ 91.8467484, 21.8128052 ], [ 91.8429413, 21.7989445 ], [ 91.8431931, 21.7888336 ], [ 91.8382187, 21.7724171 ], [ 91.8314438, 21.7591667 ], [ 91.8278885, 21.7446117 ], [ 91.8310852, 21.7168884 ], [ 91.834747299999989, 21.7165279 ], [ 91.8406143, 21.7185001 ], [ 91.8481674, 21.7303886 ], [ 91.850914, 21.7472229 ], [ 91.8611145, 21.7715549 ], [ 91.8656387, 21.7863617 ], [ 91.8720245, 21.7961674 ], [ 91.8744736, 21.8058605 ], [ 91.8747482, 21.8141384 ], [ 91.8709717, 21.8276119 ], [ 91.8724136, 21.8318062 ], [ 91.873024, 21.8336105 ], [ 91.8667755, 21.837389 ], [ 91.860580399999989, 21.8491936 ], [ 91.8622208, 21.8519726 ], [ 91.8705292, 21.8544731 ], [ 91.8711929, 21.8572216 ], [ 91.8638916, 21.8641949 ], [ 91.85672, 21.8745842 ], [ 91.8586121, 21.877388 ], [ 91.8661652, 21.8805561 ], [ 91.8713913, 21.8877773 ], [ 91.8721085, 21.8790836 ], [ 91.8649139, 21.8720284 ], [ 91.8740311, 21.8618889 ], [ 91.8756943, 21.8543606 ], [ 91.8742752, 21.8520279 ], [ 91.8679428, 21.8503342 ], [ 91.8666916, 21.8500004 ], [ 91.868530299999989, 21.8463898 ], [ 91.8683853, 21.8415546 ], [ 91.8716354, 21.8395557 ], [ 91.8770523, 21.8390007 ], [ 91.8786087, 21.8367214 ], [ 91.8768616, 21.8274994 ], [ 91.8782501, 21.8215561 ], [ 91.8821411, 21.8237228 ], [ 91.8859177, 21.8297787 ], [ 91.893219, 21.8519993 ], [ 91.8940277, 21.8586674 ], [ 91.8904724, 21.8911953 ], [ 91.8842468, 21.9055271 ], [ 91.8795013, 21.9164448 ], [ 91.8724747, 21.9220276 ], [ 91.8680267, 21.9221668 ], [ 91.8627243, 21.9179173 ], [ 91.8536682, 21.9075832 ], [ 91.8409195, 21.8962784 ], [ 91.842308, 21.8806953 ], [ 91.8398361, 21.8712215 ], [ 91.8398056, 21.8627224 ] ], [ [ 88.3015518, 21.7348328 ], [ 88.3013611, 21.7281666 ], [ 88.3060837, 21.7207222 ], [ 88.3078079, 21.7303047 ], [ 88.3064423, 21.7344723 ], [ 88.3015518, 21.7348328 ] ], [ [ 91.9206696, 21.7299442 ], [ 91.9238892, 21.7286396 ], [ 91.9359131, 21.7395 ], [ 91.9415817, 21.748333 ], [ 91.9392471, 21.7524166 ], [ 91.9315262, 21.7570839 ], [ 91.9233627, 21.7589722 ], [ 91.9145279, 21.7585278 ], [ 91.91436, 21.7553062 ], [ 91.9187469, 21.7478333 ], [ 91.9181976, 21.7404728 ], [ 91.9206696, 21.7299442 ] ], [ [ 90.3541107, 21.7359447 ], [ 90.3603363, 21.740612 ], [ 90.362220800000017, 21.7465286 ], [ 90.3553925, 21.7449169 ], [ 90.3508072, 21.7388058 ], [ 90.3541107, 21.7359447 ] ], [ [ 88.2099991, 21.7763062 ], [ 88.2088318, 21.7409439 ], [ 88.2109985, 21.7397499 ], [ 88.2145844, 21.7444992 ], [ 88.215637199999989, 21.7564163 ], [ 88.2139969, 21.771389 ], [ 88.2123337, 21.775528 ], [ 88.2099991, 21.7763062 ] ], [ [ 91.9472809, 21.7661667 ], [ 91.9416656, 21.7736111 ], [ 91.917305, 21.774889 ], [ 91.8974991, 21.7712498 ], [ 91.8934174, 21.7676945 ], [ 91.8981705, 21.7643604 ], [ 91.9078064, 21.7618332 ], [ 91.9227753, 21.7626114 ], [ 91.9398575, 21.7579441 ], [ 91.944252, 21.7596664 ], [ 91.9472809, 21.7661667 ] ], [ [ 90.451889, 21.7672787 ], [ 90.4515305, 21.7690277 ], [ 90.4466934, 21.7712498 ], [ 90.4396133, 21.7701397 ], [ 90.4403305, 21.7679443 ], [ 90.4440308, 21.7664452 ], [ 90.4497223, 21.7657223 ], [ 90.451889, 21.7672787 ] ], [ [ 88.518692, 21.7850552 ], [ 88.5145264, 21.7764168 ], [ 88.5144196, 21.773222 ], [ 88.520774800000012, 21.7721386 ], [ 88.525558500000017, 21.7752228 ], [ 88.5304184, 21.7819996 ], [ 88.5323029, 21.7883606 ], [ 88.5298309, 21.7964725 ], [ 88.518692, 21.7850552 ] ], [ [ 89.3639145, 21.8789444 ], [ 89.3300247, 21.8565826 ], [ 89.3226089, 21.8485279 ], [ 89.320167500000011, 21.8414993 ], [ 89.3209991, 21.8299713 ], [ 89.3256073, 21.8208885 ], [ 89.3289719, 21.8185005 ], [ 89.3351669, 21.8194447 ], [ 89.3366928, 21.8216953 ], [ 89.3360519, 21.8242493 ], [ 89.329696700000014, 21.8255825 ], [ 89.3263855, 21.8291397 ], [ 89.3251114, 21.8349171 ], [ 89.3283615, 21.844223 ], [ 89.333252, 21.8429451 ], [ 89.334198, 21.8416672 ], [ 89.3376923, 21.836834 ], [ 89.340637199999989, 21.8291664 ], [ 89.3387527, 21.809 ], [ 89.3428345, 21.7918892 ], [ 89.3413925, 21.7857227 ], [ 89.3431931, 21.7813053 ], [ 89.3481674, 21.7823048 ], [ 89.3508072, 21.7875004 ], [ 89.3512802, 21.7943897 ], [ 89.3470306, 21.8142776 ], [ 89.3496399, 21.8190269 ], [ 89.3514481, 21.8205547 ], [ 89.3580017, 21.8261108 ], [ 89.3641968, 21.8348885 ], [ 89.3650589, 21.8387775 ], [ 89.362640399999989, 21.847805 ], [ 89.3615799, 21.8517494 ], [ 89.3642807, 21.8592491 ], [ 89.3728333, 21.8716106 ], [ 89.3753052, 21.8795834 ], [ 89.3746643, 21.8823605 ], [ 89.3690033, 21.8823051 ], [ 89.3639145, 21.8789444 ] ], [ [ 88.6516647, 21.7940273 ], [ 88.6570816, 21.8346939 ], [ 88.6617813, 21.8700275 ], [ 88.6536102, 21.8676949 ], [ 88.6485291, 21.8705826 ], [ 88.6420288, 21.8673058 ], [ 88.6383896, 21.8685551 ], [ 88.6360245, 21.8723049 ], [ 88.638916, 21.8784161 ], [ 88.6271973, 21.8978062 ], [ 88.6242218, 21.8974171 ], [ 88.6180267, 21.8874722 ], [ 88.6116943, 21.8807507 ], [ 88.6010284, 21.8612499 ], [ 88.604248, 21.853138 ], [ 88.6080551, 21.8493614 ], [ 88.6141663, 21.8480549 ], [ 88.6162796, 21.8443336 ], [ 88.6157532, 21.8434448 ], [ 88.6205826, 21.8353882 ], [ 88.626976, 21.8318882 ], [ 88.6263351, 21.8263893 ], [ 88.6193924, 21.8162231 ], [ 88.6250839, 21.8094158 ], [ 88.6271973, 21.7976379 ], [ 88.6406631, 21.7874165 ], [ 88.6450577, 21.7856941 ], [ 88.648750299999989, 21.7862778 ], [ 88.6516647, 21.7940273 ] ], [ [ 88.3075027, 21.7911949 ], [ 88.3009415, 21.7952213 ], [ 88.2979736, 21.7928047 ], [ 88.3022537, 21.7881107 ], [ 88.3091354, 21.7864723 ], [ 88.3118057, 21.7867222 ], [ 88.3183365, 21.7913895 ], [ 88.3134155, 21.7921944 ], [ 88.3075027, 21.7911949 ] ], [ [ 88.6216125, 21.7991657 ], [ 88.6196365, 21.8077221 ], [ 88.612442, 21.8141117 ], [ 88.6130295, 21.8173046 ], [ 88.6221695, 21.8271675 ], [ 88.6220016, 21.8301659 ], [ 88.612999, 21.832695 ], [ 88.6111374, 21.8371105 ], [ 88.6103058, 21.837862 ], [ 88.607223499999989, 21.8426952 ], [ 88.6049423, 21.8439446 ], [ 88.6002502, 21.8509445 ], [ 88.595253, 21.8478603 ], [ 88.5915833, 21.8412228 ], [ 88.5838089, 21.8270283 ], [ 88.5834427, 21.814167 ], [ 88.5876694, 21.8073883 ], [ 88.5950851, 21.8000832 ], [ 88.5989685, 21.7984161 ], [ 88.6018906, 21.7971668 ], [ 88.6136703, 21.7970829 ], [ 88.6216125, 21.7991657 ] ], [ [ 88.4925308, 21.7983341 ], [ 88.4986954, 21.7993336 ], [ 88.5054703, 21.8035278 ], [ 88.5087204, 21.8061943 ], [ 88.5095825, 21.8100834 ], [ 88.5071945, 21.821167 ], [ 88.4961929, 21.8335838 ], [ 88.492500299999989, 21.8356953 ], [ 88.490303, 21.8353062 ], [ 88.48703, 21.8347492 ], [ 88.4846649, 21.8330002 ], [ 88.4824753, 21.8254719 ], [ 88.4756699, 21.8194447 ], [ 88.4669724, 21.8161945 ], [ 88.4605865, 21.8159161 ], [ 88.4599686, 21.812027 ], [ 88.4613876, 21.8096943 ], [ 88.4664688, 21.8072491 ], [ 88.4734421, 21.8011112 ], [ 88.479805, 21.8002777 ], [ 88.4857483, 21.8021946 ], [ 88.4925308, 21.7983341 ] ], [ [ 89.7733307, 21.8198338 ], [ 89.7773361, 21.8151112 ], [ 89.7829742, 21.8144722 ], [ 89.79039, 21.8225002 ], [ 89.7879715, 21.8239441 ], [ 89.7805862, 21.8232784 ], [ 89.7733307, 21.8198338 ] ], [ [ 90.4141922, 21.8271942 ], [ 90.4150543, 21.8237782 ], [ 90.4243622, 21.8178616 ], [ 90.4280548, 21.8174992 ], [ 90.4438324, 21.8237495 ], [ 90.4445038, 21.8258343 ], [ 90.442916900000014, 21.8287773 ], [ 90.4404144, 21.8300552 ], [ 90.438774099999989, 21.8346119 ], [ 90.4365311, 21.8359165 ], [ 90.4326096, 21.8351116 ], [ 90.4275818, 21.8312778 ], [ 90.4215851, 21.8336105 ], [ 90.4182205, 21.8319168 ], [ 90.4141922, 21.8271942 ] ], [ [ 90.3173065, 21.8476105 ], [ 90.3074417, 21.8413334 ], [ 90.297691300000011, 21.8389454 ], [ 90.2963638, 21.8349991 ], [ 90.2981949, 21.8316116 ], [ 90.3042526, 21.8269997 ], [ 90.3152237, 21.8231945 ], [ 90.3244705, 21.8257771 ], [ 90.3256073, 21.8285828 ], [ 90.3241959, 21.8335838 ], [ 90.3255539, 21.8363895 ], [ 90.3294144, 21.838583 ], [ 90.3281403, 21.8406105 ], [ 90.3200836, 21.838499099999989 ], [ 90.3190842, 21.8456116 ], [ 90.3173065, 21.8476105 ] ], [ [ 90.0684204, 21.8463058 ], [ 90.0695267, 21.849556 ], [ 90.0753632, 21.8513336 ], [ 90.0822525, 21.8579998 ], [ 90.0901413, 21.8704453 ], [ 90.0914154, 21.8757782 ], [ 90.1035538, 21.8864994 ], [ 90.1032257, 21.8890286 ], [ 90.0904465, 21.8955002 ], [ 90.0873032, 21.8999729 ], [ 90.090637199999989, 21.9125824 ], [ 90.0962524, 21.9238338 ], [ 90.0952759, 21.9351673 ], [ 90.0941925, 21.9401951 ], [ 90.0868912, 21.9460278 ], [ 90.081665, 21.9483891 ], [ 90.0787201, 21.9525547 ], [ 90.077003499999989, 21.9720268 ], [ 90.0740585, 21.9716949 ], [ 90.0660553, 21.9619999 ], [ 90.0571136, 21.9575825 ], [ 90.0309143, 21.9601669 ], [ 90.0276413, 21.9559174 ], [ 90.0245285, 21.9466381 ], [ 90.0227509, 21.9286385 ], [ 90.020195, 21.9246674 ], [ 90.0224991, 21.9157772 ], [ 90.0234146, 21.9157505 ], [ 90.0271683, 21.9156952 ], [ 90.0294418, 21.9139442 ], [ 90.0200806, 21.9078884 ], [ 90.0197525, 21.9039726 ], [ 90.0217209, 21.8907223 ], [ 90.0265808, 21.886055 ], [ 90.0271378, 21.8852215 ], [ 90.0359421, 21.8725548 ], [ 90.038002, 21.8572502 ], [ 90.0345535, 21.8502502 ], [ 90.04142, 21.8442497 ], [ 90.0355835, 21.8429165 ], [ 90.0293884, 21.8440838 ], [ 90.0243073, 21.8479996 ], [ 90.0225296, 21.8493881 ], [ 90.0193863, 21.848362 ], [ 90.0214996, 21.8445282 ], [ 90.0309143, 21.8361111 ], [ 90.0426407, 21.8318882 ], [ 90.0593338, 21.832222 ], [ 90.0643616, 21.836277 ], [ 90.0684204, 21.8463058 ] ], [ [ 88.1838074, 21.8625832 ], [ 88.1810837, 21.8621941 ], [ 88.1931686, 21.8361664 ], [ 88.197052, 21.8344727 ], [ 88.1990585, 21.8355827 ], [ 88.1996079, 21.8380833 ], [ 88.1916962, 21.8543606 ], [ 88.1838074, 21.8625832 ] ], [ [ 89.7647476, 21.854805 ], [ 89.7552795, 21.8507214 ], [ 89.75914, 21.8490009 ], [ 89.7679749, 21.8484993 ], [ 89.776413, 21.85075 ], [ 89.7779999, 21.8534451 ], [ 89.7771149, 21.8560009 ], [ 89.7647476, 21.854805 ] ], [ [ 90.510025, 21.8505554 ], [ 90.5309753, 21.856945 ], [ 90.5381699, 21.8629169 ], [ 90.538002, 21.8672771 ], [ 90.5254135, 21.8680286 ], [ 90.518165599999989, 21.8717232 ], [ 90.5028076, 21.8680286 ], [ 90.5001373, 21.8663616 ], [ 90.4981079, 21.8612213 ], [ 90.503608700000015, 21.851305 ], [ 90.510025, 21.8505554 ] ], [ [ 90.3573074, 21.8706951 ], [ 90.352417, 21.8840828 ], [ 90.356163, 21.8956947 ], [ 90.3572464, 21.907444 ], [ 90.3632813, 21.9248619 ], [ 90.3819427, 21.9659443 ], [ 90.3854141, 21.9735546 ], [ 90.3898926, 21.9865551 ], [ 90.3850555, 21.9976673 ], [ 90.3796082, 21.9986382 ], [ 90.371559100000013, 21.9963341 ], [ 90.3640518, 21.9860001 ], [ 90.3580017, 21.9830551 ], [ 90.352836599999989, 21.97575 ], [ 90.3534698, 21.9718895 ], [ 90.3504181, 21.967638 ], [ 90.3514709, 21.9589443 ], [ 90.3495865, 21.9563618 ], [ 90.3444748, 21.9552784 ], [ 90.3382797, 21.956028 ], [ 90.3366089, 21.9548054 ], [ 90.3338623, 21.9487495 ], [ 90.3328018, 21.9372215 ], [ 90.3336105, 21.9354172 ], [ 90.3309708, 21.9261398 ], [ 90.3330536, 21.9232216 ], [ 90.3224716, 21.909111 ], [ 90.321891799999989, 21.9049721 ], [ 90.3107529, 21.8862228 ], [ 90.3036118, 21.865778 ], [ 90.3128357, 21.8557491 ], [ 90.3202744, 21.8541393 ], [ 90.3295593, 21.8555832 ], [ 90.3349152, 21.8579159 ], [ 90.3550034, 21.8667221 ], [ 90.3573074, 21.8706951 ] ], [ [ 88.1093063, 21.8728046 ], [ 88.1056976, 21.8850555 ], [ 88.0953369, 21.8938065 ], [ 88.092247, 21.898222 ], [ 88.0898056, 21.898056 ], [ 88.0820541, 21.8750553 ], [ 88.0852509, 21.8648605 ], [ 88.090332, 21.8615284 ], [ 88.0934143, 21.8568611 ], [ 88.0991135, 21.8592777 ], [ 88.1051636, 21.8650837 ], [ 88.1093063, 21.8728046 ] ], [ [ 89.654747, 21.8592224 ], [ 89.658165, 21.8586674 ], [ 89.661026, 21.8629436 ], [ 89.6632767, 21.8709164 ], [ 89.6611404, 21.879694 ], [ 89.6540833, 21.8891106 ], [ 89.649025, 21.8853607 ], [ 89.6453629, 21.8785839 ], [ 89.6451645, 21.8735561 ], [ 89.6493073, 21.865139 ], [ 89.654747, 21.8592224 ] ], [ [ 89.5432205, 21.8909721 ], [ 89.539779700000011, 21.8775272 ], [ 89.5400543, 21.8713341 ], [ 89.5431366, 21.8680286 ], [ 89.5459137, 21.8700008 ], [ 89.5488892, 21.8772507 ], [ 89.5522232, 21.9026394 ], [ 89.5634689, 21.921833 ], [ 89.564971899999989, 21.9288883 ], [ 89.5624466, 21.9406948 ], [ 89.549469, 21.9638329 ], [ 89.5465012, 21.9636936 ], [ 89.5446091, 21.9589443 ], [ 89.5449753, 21.9443893 ], [ 89.5453033, 21.9299717 ], [ 89.5432205, 21.8909721 ] ], [ [ 90.5223312, 21.9292774 ], [ 90.518364, 21.9234161 ], [ 90.5138092, 21.9198341 ], [ 90.5093307, 21.9068336 ], [ 90.5045853, 21.8800278 ], [ 90.5061417, 21.8777771 ], [ 90.533859299999989, 21.8731117 ], [ 90.5354691, 21.876833 ], [ 90.5431137, 21.8756943 ], [ 90.5469971, 21.8774166 ], [ 90.5550537, 21.8934994 ], [ 90.5563354, 21.8992786 ], [ 90.5549698, 21.903389 ], [ 90.5493622, 21.9087219 ], [ 90.545639, 21.9173336 ], [ 90.5527496, 21.9320278 ], [ 90.5695572, 21.9444714 ], [ 90.570694, 21.9475002 ], [ 90.5666656, 21.9568062 ], [ 90.5606689, 21.9596119 ], [ 90.5498886, 21.9561386 ], [ 90.5465546, 21.9550552 ], [ 90.5244141, 21.9405842 ], [ 90.5227814, 21.9378052 ], [ 90.5223312, 21.9292774 ] ], [ [ 88.667305, 21.8985825 ], [ 88.6738052, 21.9103603 ], [ 88.6735001, 21.9170284 ], [ 88.6545868, 21.9177494 ], [ 88.6453857, 21.9232769 ], [ 88.6414413, 21.9224453 ], [ 88.6391678, 21.9124165 ], [ 88.6365814, 21.9081116 ], [ 88.6281357, 21.9055824 ], [ 88.6271133, 21.9037781 ], [ 88.6324158, 21.9004173 ], [ 88.636528, 21.8894997 ], [ 88.6425247, 21.8838329 ], [ 88.6434174, 21.8813057 ], [ 88.6408081, 21.8760834 ], [ 88.6434479, 21.8737221 ], [ 88.64866640000001, 21.875639 ], [ 88.6569977, 21.8745003 ], [ 88.659751899999989, 21.8762779 ], [ 88.6623917, 21.8840828 ], [ 88.667305, 21.8985825 ] ], [ [ 90.5541916, 21.8824444 ], [ 90.5553894, 21.8769722 ], [ 90.5595245, 21.8777771 ], [ 90.5625534, 21.8831673 ], [ 90.5638046, 21.8896389 ], [ 90.5613022, 21.8976116 ], [ 90.5541916, 21.8824444 ] ], [ [ 88.1289139, 21.8895836 ], [ 88.1299973, 21.8929996 ], [ 88.1279144, 21.8976383 ], [ 88.1171646, 21.9100552 ], [ 88.1079178, 21.913723 ], [ 88.0966949, 21.9268341 ], [ 88.0937195, 21.9266663 ], [ 88.0924454, 21.9248619 ], [ 88.0910263, 21.9175549 ], [ 88.0921631, 21.9133892 ], [ 88.10186, 21.898695 ], [ 88.1066971, 21.8953896 ], [ 88.1161652, 21.8816109 ], [ 88.1227188, 21.8876667 ], [ 88.1289139, 21.8895836 ] ], [ [ 90.307663, 21.9587231 ], [ 90.3053894, 21.9671669 ], [ 90.294555699999989, 21.9806118 ], [ 90.2883606, 21.9812508 ], [ 90.2861633, 21.981472 ], [ 90.2778625, 21.9796104 ], [ 90.2728043, 21.9762497 ], [ 90.2678909, 21.9696388 ], [ 90.2645264, 21.9601383 ], [ 90.2652206, 21.9541664 ], [ 90.272552499999989, 21.9488888 ], [ 90.2752533, 21.9425564 ], [ 90.272583, 21.934639 ], [ 90.2603912, 21.9117508 ], [ 90.2558365, 21.9076939 ], [ 90.2500305, 21.9056664 ], [ 90.2464752, 21.9018898 ], [ 90.2458344, 21.8986664 ], [ 90.2478867, 21.8959713 ], [ 90.2612228, 21.8900833 ], [ 90.2649155, 21.8884716 ], [ 90.2712479, 21.8833885 ], [ 90.2743912, 21.8846397 ], [ 90.2868042, 21.9020271 ], [ 90.2836914, 21.9060555 ], [ 90.2862778, 21.9098053 ], [ 90.2868576, 21.9139729 ], [ 90.2921143, 21.912056 ], [ 90.2955246, 21.9128609 ], [ 90.3035583, 21.9223061 ], [ 90.307663, 21.9587231 ] ], [ [ 90.4533615, 22.0296383 ], [ 90.447525, 22.034277 ], [ 90.4417496, 22.0308895 ], [ 90.4358902, 22.0295563 ], [ 90.4260254, 22.0294724 ], [ 90.4167786, 22.033556 ], [ 90.4128876, 22.0320549 ], [ 90.4120026, 22.0292778 ], [ 90.4215851, 22.0160275 ], [ 90.415168799999989, 21.988945 ], [ 90.411026, 21.9798603 ], [ 90.4082489, 21.9545002 ], [ 90.4003601, 21.947361 ], [ 90.39883420000001, 21.9422779 ], [ 90.4003296, 21.9347496 ], [ 90.3999176, 21.9253063 ], [ 90.3946915, 21.920084 ], [ 90.3944702, 21.9049168 ], [ 90.4000854, 21.8995838 ], [ 90.4113922, 21.9003887 ], [ 90.4176407, 21.8969173 ], [ 90.424026500000011, 21.8978062 ], [ 90.4384995, 21.9058056 ], [ 90.4579163, 21.9206657 ], [ 90.4582748, 21.921917 ], [ 90.4658356, 21.9473057 ], [ 90.4631119, 21.9690552 ], [ 90.4660034, 21.9778614 ], [ 90.4714966, 21.9968891 ], [ 90.468277, 22.0045834 ], [ 90.4574203, 22.0198898 ], [ 90.4543076, 22.0273342 ], [ 90.4533615, 22.0296383 ] ], [ [ 88.144195599999989, 21.9000282 ], [ 88.1448593, 21.9064445 ], [ 88.1482239, 21.9130287 ], [ 88.1535263, 21.918417 ], [ 88.1556702, 21.9241104 ], [ 88.154274, 21.9280281 ], [ 88.1419449, 21.9361382 ], [ 88.1405258, 21.938694 ], [ 88.13517, 21.9493885 ], [ 88.1285858, 21.9518337 ], [ 88.1255798, 21.9596939 ], [ 88.1212463, 21.9632492 ], [ 88.1175537, 21.9628887 ], [ 88.1064987, 21.9447498 ], [ 88.1078873, 21.9412785 ], [ 88.1100006, 21.9377785 ], [ 88.1013336, 21.9356937 ], [ 88.099029500000015, 21.9318333 ], [ 88.1025543, 21.925333 ], [ 88.1126099, 21.9152222 ], [ 88.1244965, 21.9089718 ], [ 88.1288071, 21.9033604 ], [ 88.1421661, 21.8975563 ], [ 88.144195599999989, 21.9000282 ] ], [ [ 88.4887772, 21.9004173 ], [ 88.4916687, 21.897583 ], [ 88.499054, 21.8985558 ], [ 88.5039444, 21.905777 ], [ 88.5027771, 21.908083 ], [ 88.496109, 21.9075832 ], [ 88.4887772, 21.9004173 ] ], [ [ 90.6248322, 21.932806 ], [ 90.6221924, 21.9239998 ], [ 90.62117, 21.9137497 ], [ 90.6208878, 21.9110832 ], [ 90.623024, 21.9063339 ], [ 90.629837, 21.9012508 ], [ 90.6378021, 21.8985004 ], [ 90.6426926, 21.8991108 ], [ 90.649086, 21.9073334 ], [ 90.6555252, 21.9128056 ], [ 90.6516113, 21.9198055 ], [ 90.6385803, 21.9265556 ], [ 90.6351395, 21.9309998 ], [ 90.635025, 21.931139 ], [ 90.6326675, 21.9341946 ], [ 90.6281967, 21.9358883 ], [ 90.6248322, 21.932806 ] ], [ [ 89.9603577, 21.9150009 ], [ 89.9674759, 21.9147491 ], [ 89.9715805, 21.919445 ], [ 89.9725037, 21.9237785 ], [ 89.9684753, 21.9349442 ], [ 89.9605865, 21.9471397 ], [ 89.9534988, 21.9418602 ], [ 89.9434204, 21.9295826 ], [ 89.9449997, 21.9256115 ], [ 89.9550018, 21.9169998 ], [ 89.9603577, 21.9150009 ] ], [ [ 90.5681381, 21.9285831 ], [ 90.565109299999989, 21.923666 ], [ 90.568779, 21.916666 ], [ 90.572998, 21.9154167 ], [ 90.5763626, 21.9185009 ], [ 90.5781403, 21.9242783 ], [ 90.5727463, 21.9301109 ], [ 90.5681381, 21.9285831 ] ], [ [ 90.3869476, 21.9301949 ], [ 90.38797, 21.9224167 ], [ 90.3911972, 21.9211388 ], [ 90.3954468, 21.9265556 ], [ 90.3971939, 21.9325829 ], [ 90.394058199999989, 21.9377499 ], [ 90.3869476, 21.9301949 ] ], [ [ 90.6568298, 21.9328327 ], [ 90.6494446, 21.9475555 ], [ 90.645668, 21.9499722 ], [ 90.640274, 21.9495831 ], [ 90.6301117, 21.9440002 ], [ 90.6287766, 21.9402771 ], [ 90.6367493, 21.933527 ], [ 90.643219, 21.9280548 ], [ 90.6539993, 21.9221668 ], [ 90.6556931, 21.9226952 ], [ 90.6560593, 21.925972 ], [ 90.6568298, 21.9328327 ] ], [ [ 90.5202789, 21.974472 ], [ 90.5186386, 21.97925 ], [ 90.5146408, 21.9811935 ], [ 90.5033646, 21.9730282 ], [ 90.4955826, 21.9700546 ], [ 90.4897537, 21.9609165 ], [ 90.4891357, 21.9567509 ], [ 90.4906921, 21.9547501 ], [ 90.4977493, 21.9570274 ], [ 90.5012207, 21.9561939 ], [ 90.5011139, 21.9527493 ], [ 90.4936676, 21.9472504 ], [ 90.492363, 21.9402504 ], [ 90.4915848, 21.9361668 ], [ 90.49319460000001, 21.9323063 ], [ 90.4964142, 21.931694 ], [ 90.4997787, 21.9338894 ], [ 90.5049438, 21.9411659 ], [ 90.5185013, 21.9691391 ], [ 90.5202789, 21.974472 ] ], [ [ 88.6949463, 22.0092506 ], [ 88.6878586, 22.0030003 ], [ 88.6834183, 22.0024452 ], [ 88.6771927, 22.0090275 ], [ 88.6638641, 22.0153332 ], [ 88.6571121, 22.0123062 ], [ 88.654747, 22.007555 ], [ 88.6556396, 22.0036106 ], [ 88.6470261, 22.0036106 ], [ 88.6411362, 21.9879169 ], [ 88.6406403, 21.9867229 ], [ 88.635582, 21.9742775 ], [ 88.634086599999989, 21.9658337 ], [ 88.6359482, 21.9601116 ], [ 88.6377258, 21.9546947 ], [ 88.641777, 21.9509163 ], [ 88.6461945, 21.9503613 ], [ 88.6561661, 21.9551392 ], [ 88.659690900000015, 21.9548607 ], [ 88.6652527, 21.9544449 ], [ 88.6712494, 21.9518051 ], [ 88.673027, 21.9510269 ], [ 88.680725099999989, 21.9453049 ], [ 88.6871414, 21.9453888 ], [ 88.6934738, 21.9511948 ], [ 88.7010803, 21.9599438 ], [ 88.7006683, 21.9705276 ], [ 88.7033081, 21.9766388 ], [ 88.7190247, 21.9996662 ], [ 88.718330400000013, 22.0017509 ], [ 88.7080307, 22.0029449 ], [ 88.6991119, 22.0091381 ], [ 88.6949463, 22.0092506 ] ], [ [ 90.392135599999989, 21.9645824 ], [ 90.3883362, 21.9603329 ], [ 90.3871078, 21.953167 ], [ 90.3881683, 21.9513607 ], [ 90.394195599999989, 21.9549999 ], [ 90.3960571, 21.9580269 ], [ 90.397361800000013, 21.9626675 ], [ 90.3957748, 21.9656105 ], [ 90.392135599999989, 21.9645824 ] ], [ [ 90.7098923, 21.9727497 ], [ 90.7036972, 21.966362 ], [ 90.7036362, 21.9613056 ], [ 90.7051697, 21.9592781 ], [ 90.71064, 21.9576111 ], [ 90.717247, 21.9584999 ], [ 90.715416, 21.9694729 ], [ 90.7138596, 21.9719448 ], [ 90.7098923, 21.9727497 ] ], [ [ 90.35219570000001, 21.9842224 ], [ 90.3565292, 21.9894447 ], [ 90.3672791, 21.9989452 ], [ 90.3796692, 22.0039444 ], [ 90.3862762, 22.0048332 ], [ 90.3888626, 22.0085831 ], [ 90.3881683, 22.0143051 ], [ 90.3897781, 22.0242214 ], [ 90.3973923, 22.038723 ], [ 90.4086914, 22.0466385 ], [ 90.4098053, 22.0496674 ], [ 90.4034729, 22.0616398 ], [ 90.3957748, 22.0705833 ], [ 90.3886108, 22.0639439 ], [ 90.377304099999989, 22.0498047 ], [ 90.3767242, 22.0492497 ], [ 90.3625259, 22.0353336 ], [ 90.3517761, 22.0193882 ], [ 90.3526077, 22.0164166 ], [ 90.3473358, 22.006361 ], [ 90.3452225, 21.9959717 ], [ 90.3410263, 21.9894161 ], [ 90.3390579, 21.9691391 ], [ 90.3402481, 21.9624996 ], [ 90.3447189, 21.9619446 ], [ 90.344223, 21.9688339 ], [ 90.3459167, 21.9766941 ], [ 90.35219570000001, 21.9842224 ] ], [ [ 90.3282776, 21.9809723 ], [ 90.3233643, 21.973917 ], [ 90.3228073, 21.9688606 ], [ 90.3247223, 21.9633884 ], [ 90.326973, 21.9623337 ], [ 90.330307, 21.9661102 ], [ 90.3330307, 21.9788342 ], [ 90.3317184, 21.9815273 ], [ 90.3282776, 21.9809723 ] ], [ [ 88.0964737, 21.9750824 ], [ 88.1020279, 21.9712772 ], [ 88.116302499999989, 21.9723053 ], [ 88.1215286, 21.9740276 ], [ 88.1241913, 21.9758053 ], [ 88.124527, 21.9760284 ], [ 88.1304169, 21.9841671 ], [ 88.1417465, 22.0135269 ], [ 88.1389694, 22.0197773 ], [ 88.134613, 22.0231113 ], [ 88.1301651, 22.0227509 ], [ 88.1184464, 22.0161381 ], [ 88.1053314, 22.0042496 ], [ 88.0953903, 21.9897213 ], [ 88.0964737, 21.9750824 ] ], [ [ 90.3085022, 21.9833336 ], [ 90.3174973, 22.0070553 ], [ 90.3290253, 22.0287781 ], [ 90.3508606, 22.0521946 ], [ 90.3562241, 22.0608616 ], [ 90.3757248, 22.0796108 ], [ 90.3789749, 22.0859165 ], [ 90.3751373, 22.0963612 ], [ 90.3701096, 22.0991936 ], [ 90.3606949, 22.1011944 ], [ 90.3502197, 22.0981102 ], [ 90.3371964, 22.1034451 ], [ 90.3360291, 22.1018047 ], [ 90.341835, 22.0983047 ], [ 90.3473358, 22.0893059 ], [ 90.3439178, 22.0882778 ], [ 90.3378067, 22.0938339 ], [ 90.3341141, 22.0939445 ], [ 90.3285294, 22.0841103 ], [ 90.3226395, 22.0834713 ], [ 90.3158875, 22.0860271 ], [ 90.314476, 22.0776939 ], [ 90.3106384, 22.0748329 ], [ 90.3037796, 22.073473 ], [ 90.3004684, 22.0696945 ], [ 90.2936096, 22.0690002 ], [ 90.2839966, 22.0553894 ], [ 90.2883911, 22.0499992 ], [ 90.2874985, 22.0472221 ], [ 90.2831421, 22.0450287 ], [ 90.2815247, 22.0419731 ], [ 90.2817535, 22.0353336 ], [ 90.2762527, 22.0243607 ], [ 90.2750854, 22.0153618 ], [ 90.2794189, 22.0049438 ], [ 90.2853088, 21.9989166 ], [ 90.2856979, 21.9945564 ], [ 90.2805557, 21.9868336 ], [ 90.2820816, 21.9850273 ], [ 90.294693, 21.9848881 ], [ 90.298111, 21.9848614 ], [ 90.3018036, 21.9773884 ], [ 90.3076096, 21.9736671 ], [ 90.3085022, 21.9833336 ] ], [ [ 90.637443499999989, 21.9970284 ], [ 90.648056, 22.0182495 ], [ 90.6462479, 22.0351944 ], [ 90.6467743, 22.0489998 ], [ 90.6454697, 22.0512505 ], [ 90.627388, 22.0178604 ], [ 90.6188583, 22.0076103 ], [ 90.6115265, 21.998806 ], [ 90.6116638, 21.9948883 ], [ 90.6158371, 21.9878883 ], [ 90.6173859, 21.9858894 ], [ 90.6220856, 21.9848614 ], [ 90.6283875, 21.9878063 ], [ 90.637443499999989, 21.9970284 ] ], [ [ 90.668663, 22.0055275 ], [ 90.6675568, 22.0015831 ], [ 90.6699448, 21.9968338 ], [ 90.6772537, 21.9915562 ], [ 90.6834717, 21.9898891 ], [ 90.6850815, 21.9926949 ], [ 90.679306, 22.0037785 ], [ 90.668663, 22.0055275 ] ], [ [ 90.5031128, 21.9946117 ], [ 90.5155258, 21.9906387 ], [ 90.5221405, 21.991972 ], [ 90.5240555, 21.993639 ], [ 90.5248032, 22.0008049 ], [ 90.5380859, 22.0151939 ], [ 90.5413361, 22.0210552 ], [ 90.5421982, 22.0249729 ], [ 90.5408859, 22.0270004 ], [ 90.5363922, 22.0284729 ], [ 90.521225, 22.0257225 ], [ 90.5159149, 22.022583 ], [ 90.5071945, 22.011528 ], [ 90.4995575, 21.9977226 ], [ 90.5031128, 21.9946117 ] ], [ [ 90.5479965, 21.9916115 ], [ 90.5519714, 21.9910564 ], [ 90.5536423, 21.9926949 ], [ 90.5576935, 22.0053616 ], [ 90.55233, 22.0016117 ], [ 90.5479965, 21.9916115 ] ], [ [ 90.5626678, 22.0092773 ], [ 90.561775200000014, 22.0205002 ], [ 90.5580292, 22.0226936 ], [ 90.5556946, 22.0116119 ], [ 90.5511703, 22.0073338 ], [ 90.5576935, 22.0053616 ], [ 90.5626678, 22.0092773 ] ], [ [ 90.555336, 22.079361 ], [ 90.5583344, 22.0923061 ], [ 90.5574188, 22.0982494 ], [ 90.5554428, 22.097723 ], [ 90.5503616, 22.0879173 ], [ 90.5440826, 22.0702782 ], [ 90.5346375, 22.0580559 ], [ 90.5323868, 22.0534992 ], [ 90.5314178, 22.051527 ], [ 90.526664700000012, 22.0467777 ], [ 90.514053300000015, 22.0404453 ], [ 90.4941635, 22.0179996 ], [ 90.491470299999989, 22.0105839 ], [ 90.4935532, 22.0071945 ], [ 90.498024, 22.0059452 ], [ 90.5092468, 22.0228329 ], [ 90.5200577, 22.0311947 ], [ 90.5446091, 22.0333061 ], [ 90.5476074, 22.0320282 ], [ 90.549110399999989, 22.0313892 ], [ 90.543693499999989, 22.0169716 ], [ 90.5387802, 22.0094719 ], [ 90.53936, 22.0069714 ], [ 90.5413361, 22.0070286 ], [ 90.549614, 22.0162506 ], [ 90.5571365, 22.0343895 ], [ 90.5538864, 22.042778 ], [ 90.555336, 22.079361 ] ], [ [ 88.6848297, 22.0170841 ], [ 88.6743088, 22.0170841 ], [ 88.6732483, 22.0151939 ], [ 88.6741638, 22.0140285 ], [ 88.6785583, 22.0126667 ], [ 88.6835861, 22.0086384 ], [ 88.6873322, 22.0101395 ], [ 88.6877213, 22.0147228 ], [ 88.6848297, 22.0170841 ] ], [ [ 90.3995285, 22.027277 ], [ 90.401413, 22.0151672 ], [ 90.4038925, 22.0147781 ], [ 90.4074173, 22.0266113 ], [ 90.4055252, 22.0318336 ], [ 90.401496900000012, 22.0337772 ], [ 90.3995285, 22.027277 ] ], [ [ 90.6795273, 22.0196381 ], [ 90.6854706, 22.0186672 ], [ 90.6938019, 22.0191383 ], [ 90.6965256, 22.026556 ], [ 90.697197, 22.0364723 ], [ 90.694252, 22.0428047 ], [ 90.6968307, 22.0539169 ], [ 90.7015305, 22.0616112 ], [ 90.6991653, 22.0656948 ], [ 90.6897202, 22.068388 ], [ 90.6690521, 22.067112 ], [ 90.6661682, 22.0578327 ], [ 90.6731644, 22.0277786 ], [ 90.6742249, 22.0231667 ], [ 90.6795273, 22.0196381 ] ], [ [ 90.5950851, 22.0692787 ], [ 90.595306400000013, 22.0664997 ], [ 90.596389800000011, 22.0532494 ], [ 90.5928574, 22.0409718 ], [ 90.5964966, 22.0348606 ], [ 90.6002502, 22.0333614 ], [ 90.6078339, 22.03475 ], [ 90.609413100000012, 22.031805 ], [ 90.6053925, 22.0273342 ], [ 90.606246900000016, 22.0236664 ], [ 90.6130295, 22.0195007 ], [ 90.6169205, 22.0216942 ], [ 90.6228333, 22.0354176 ], [ 90.6220245, 22.0379162 ], [ 90.6096649, 22.0467491 ], [ 90.6056976, 22.0544453 ], [ 90.6108322, 22.069973 ], [ 90.6113358, 22.0706673 ], [ 90.6237793, 22.0882778 ], [ 90.6311646, 22.0946941 ], [ 90.6322479, 22.0921936 ], [ 90.6127472, 22.0645275 ], [ 90.611969, 22.0583057 ], [ 90.6135254, 22.0482502 ], [ 90.6158371, 22.0457783 ], [ 90.6279144, 22.0452213 ], [ 90.6330032, 22.0481396 ], [ 90.6347809, 22.054388 ], [ 90.6311646, 22.0662231 ], [ 90.6315002, 22.070833199999988 ], [ 90.6334686, 22.0706387 ], [ 90.637580899999989, 22.0657215 ], [ 90.6418915, 22.0690556 ], [ 90.6511078, 22.0812778 ], [ 90.6613922, 22.0905285 ], [ 90.665863, 22.1033325 ], [ 90.6690292, 22.1123619 ], [ 90.668251, 22.1203613 ], [ 90.6644135, 22.1248608 ], [ 90.6480026, 22.1296387 ], [ 90.639389, 22.1289444 ], [ 90.6340561, 22.1264725 ], [ 90.6290283, 22.121973 ], [ 90.6162186, 22.1068897 ], [ 90.618309, 22.1037502 ], [ 90.615196200000014, 22.1013336 ], [ 90.609642, 22.0903893 ], [ 90.598526, 22.0767498 ], [ 90.5950851, 22.0692787 ] ], [ [ 90.6578903, 22.047945 ], [ 90.6556702, 22.0407505 ], [ 90.6566086, 22.034584 ], [ 90.6601639, 22.0236664 ], [ 90.6636963, 22.0212498 ], [ 90.6675262, 22.0250282 ], [ 90.6684189, 22.0280285 ], [ 90.6578903, 22.047945 ] ], [ [ 90.4400558, 22.0439167 ], [ 90.4135818, 22.0403614 ], [ 90.4141693, 22.0383053 ], [ 90.4315567, 22.0337772 ], [ 90.4398346, 22.0365829 ], [ 90.4430542, 22.0359726 ], [ 90.445694, 22.0376663 ], [ 90.4400558, 22.0439167 ] ], [ [ 90.5202484, 22.1037769 ], [ 90.5167465, 22.1057491 ], [ 90.5061646, 22.0976105 ], [ 90.5001373, 22.0866394 ], [ 90.4944153, 22.0818615 ], [ 90.482055699999989, 22.0755272 ], [ 90.482055699999989, 22.0749168 ], [ 90.481636, 22.052084 ], [ 90.4844131, 22.0436668 ], [ 90.4890518, 22.0445004 ], [ 90.4962235, 22.0504723 ], [ 90.5230255, 22.0806675 ], [ 90.5246964, 22.0894451 ], [ 90.5202484, 22.1037769 ] ], [ [ 90.5304184, 22.0666676 ], [ 90.5311356, 22.074028 ], [ 90.5353317, 22.073473 ], [ 90.5386353, 22.0774727 ], [ 90.5403366, 22.0862503 ], [ 90.5522232, 22.105444 ], [ 90.5419693, 22.1173058 ], [ 90.5375519, 22.1167221 ], [ 90.5252228, 22.1096935 ], [ 90.523613, 22.1064167 ], [ 90.5265579, 22.1009731 ], [ 90.5286102, 22.0971394 ], [ 90.5309753, 22.0857506 ], [ 90.5247498, 22.0736103 ], [ 90.5062256, 22.0539722 ], [ 90.5046082, 22.0502491 ], [ 90.5055542, 22.0443058 ], [ 90.5114136, 22.0458603 ], [ 90.5170822, 22.05269430000001 ], [ 90.5188599, 22.0585003 ], [ 90.524086, 22.0575008 ], [ 90.5304184, 22.0666676 ] ], [ [ 90.7628021, 22.0996952 ], [ 90.76017, 22.1055832 ], [ 90.7621918, 22.111166 ], [ 90.7675858, 22.1044159 ], [ 90.7699738, 22.1072502 ], [ 90.7829971, 22.1073895 ], [ 90.7848053, 22.1276665 ], [ 90.783859299999989, 22.1338329 ], [ 90.7864685, 22.1371117 ], [ 90.7920837, 22.1391106 ], [ 90.7958069, 22.1456661 ], [ 90.7992783, 22.1448326 ], [ 90.7999725, 22.1388893 ], [ 90.7891083, 22.131916 ], [ 90.7874985, 22.1279717 ], [ 90.7904434, 22.1138058 ], [ 90.7924194, 22.1134167 ], [ 90.7920837, 22.1104164 ], [ 90.7918625, 22.1083336 ], [ 90.7945862, 22.1077213 ], [ 90.8197784, 22.1359997 ], [ 90.821891799999989, 22.1394997 ], [ 90.8212204, 22.144556 ], [ 90.825058, 22.1481113 ], [ 90.8233871, 22.1533337 ], [ 90.8260803, 22.1619167 ], [ 90.8194199, 22.1775551 ], [ 90.8069458, 22.1742229 ], [ 90.79953, 22.1744728 ], [ 90.7799988, 22.1837769 ], [ 90.7784424, 22.1860275 ], [ 90.7811127, 22.1875 ], [ 90.799614, 22.1795273 ], [ 90.8062744, 22.1790276 ], [ 90.8141403, 22.1801662 ], [ 90.8209152, 22.1842785 ], [ 90.8212204, 22.1897774 ], [ 90.8185272, 22.1966114 ], [ 90.8150024, 22.199028 ], [ 90.8031693, 22.1989174 ], [ 90.799415599999989, 22.2011108 ], [ 90.798080399999989, 22.2038326 ], [ 90.7987747, 22.2206116 ], [ 90.791221600000014, 22.2330284 ], [ 90.7905579, 22.2382774 ], [ 90.7931976, 22.2399731 ], [ 90.7959747, 22.246027 ], [ 90.7975311, 22.243084 ], [ 90.7955551, 22.2361393 ], [ 90.7964478, 22.2311115 ], [ 90.802475, 22.2202492 ], [ 90.8038864, 22.214777 ], [ 90.8023911, 22.2080841 ], [ 90.805191, 22.2054157 ], [ 90.8128586, 22.2046947 ], [ 90.8212204, 22.2005005 ], [ 90.825386, 22.1984158 ], [ 90.8270264, 22.208334 ], [ 90.8075027, 22.2174168 ], [ 90.808197, 22.2192783 ], [ 90.8123627, 22.219389 ], [ 90.8211136, 22.2157497 ], [ 90.8248062, 22.2160835 ], [ 90.831863399999989, 22.2192497 ], [ 90.835197400000013, 22.2225838 ], [ 90.8406982, 22.2355843 ], [ 90.8461685, 22.2419453 ], [ 90.845024099999989, 22.2462769 ], [ 90.8471146, 22.2810001 ], [ 90.8507538, 22.298111 ], [ 90.8564758, 22.3037777 ], [ 90.8604202, 22.3192787 ], [ 90.8668594, 22.3336945 ], [ 90.8676682, 22.339222 ], [ 90.8660278, 22.3437786 ], [ 90.8666077, 22.3640003 ], [ 90.8725586, 22.385973 ], [ 90.8731079, 22.3893604 ], [ 90.8758316, 22.4067497 ], [ 90.883972200000017, 22.4228058 ], [ 90.8817749, 22.4294167 ], [ 90.8889465, 22.4449997 ], [ 90.8836975, 22.4691944 ], [ 90.8798599, 22.473444 ], [ 90.8828049, 22.4820271 ], [ 90.8789444, 22.4945278 ], [ 90.8695297, 22.5030003 ], [ 90.8708038, 22.5087776 ], [ 90.8678055, 22.5181103 ], [ 90.8588638, 22.5270271 ], [ 90.810997, 22.5853615 ], [ 90.7918091, 22.6063614 ], [ 90.785614, 22.6131115 ], [ 90.7779999, 22.6268883 ], [ 90.7706909, 22.6464443 ], [ 90.7612228, 22.6854172 ], [ 90.7483063, 22.7247505 ], [ 90.7453613, 22.7391396 ], [ 90.735527, 22.766861 ], [ 90.7338867, 22.7692223 ], [ 90.7308578, 22.7736111 ], [ 90.7260284, 22.7769165 ], [ 90.7050247, 22.7834167 ], [ 90.6593628, 22.7846107 ], [ 90.6511917, 22.7804718 ], [ 90.6356125, 22.7660275 ], [ 90.6147766, 22.7527771 ], [ 90.6065826, 22.7469997 ], [ 90.5913315, 22.7362499 ], [ 90.5792236, 22.7218895 ], [ 90.5569458, 22.6934452 ], [ 90.5525818, 22.683445 ], [ 90.552475, 22.6797504 ], [ 90.554832499999989, 22.6756935 ], [ 90.5591354, 22.6730843 ], [ 90.5549698, 22.6713333 ], [ 90.5487518, 22.6727505 ], [ 90.5448914, 22.6698895 ], [ 90.5389709, 22.6410275 ], [ 90.5400543, 22.6309452 ], [ 90.5416107, 22.6286945 ], [ 90.5438614, 22.6283054 ], [ 90.548385599999989, 22.6334991 ], [ 90.548690800000017, 22.6348896 ], [ 90.5507202, 22.6441116 ], [ 90.5545578, 22.6476669 ], [ 90.574943499999989, 22.6586113 ], [ 90.579559300000014, 22.6541672 ], [ 90.5834732, 22.6411953 ], [ 90.5885544, 22.6372223 ], [ 90.588913, 22.6337776 ], [ 90.583725, 22.6333885 ], [ 90.5789185, 22.6364727 ], [ 90.5733337, 22.6482506 ], [ 90.5647812, 22.6456947 ], [ 90.563446, 22.6408329 ], [ 90.574585, 22.6193619 ], [ 90.5707474, 22.6011105 ], [ 90.5729446, 22.5947227 ], [ 90.5784149, 22.5863056 ], [ 90.5875549, 22.5722218 ], [ 90.5913925, 22.5688896 ], [ 90.5986404, 22.5658894 ], [ 90.6055298, 22.560112 ], [ 90.6148071, 22.5482216 ], [ 90.6185532, 22.5467224 ], [ 90.619751, 22.5486107 ], [ 90.6193924, 22.5520287 ], [ 90.609726, 22.5666676 ], [ 90.6081924, 22.5831661 ], [ 90.6052246, 22.5906391 ], [ 90.5897522, 22.6021118 ], [ 90.5888367, 22.6066952 ], [ 90.5972748, 22.6062508 ], [ 90.6065826, 22.6012497 ], [ 90.6128311, 22.5915546 ], [ 90.614502, 22.5865555 ], [ 90.6141663, 22.5819435 ], [ 90.6192245, 22.5641937 ], [ 90.6231079, 22.5583324 ], [ 90.6233368, 22.574194 ], [ 90.6279449, 22.5692787 ], [ 90.6330795, 22.5558891 ], [ 90.6357803, 22.5421944 ], [ 90.643837, 22.5228882 ], [ 90.659668, 22.4974175 ], [ 90.6689148, 22.4825287 ], [ 90.6714172, 22.4738884 ], [ 90.667305, 22.4131393 ], [ 90.671058699999989, 22.3964996 ], [ 90.6708069, 22.3822498 ], [ 90.6723022, 22.3744717 ], [ 90.6711121, 22.3730831 ], [ 90.6731949, 22.333416 ], [ 90.6693039, 22.3020554 ], [ 90.6705856, 22.2784443 ], [ 90.6626358, 22.2499161 ], [ 90.6620026, 22.2476387 ], [ 90.6503296, 22.2208881 ], [ 90.6241379, 22.1863613 ], [ 90.6208344, 22.174778 ], [ 90.6110535, 22.1581936 ], [ 90.6198044, 22.1324997 ], [ 90.6333618, 22.1324444 ], [ 90.634697, 22.1363888 ], [ 90.6326981, 22.1443615 ], [ 90.6330261, 22.1454163 ], [ 90.6338043, 22.148056 ], [ 90.6382751, 22.1468334 ], [ 90.6445313, 22.1368885 ], [ 90.6482773, 22.1358604 ], [ 90.6521378, 22.1382771 ], [ 90.6596909, 22.1332226 ], [ 90.664001500000012, 22.1369991 ], [ 90.6665573, 22.1419163 ], [ 90.6718597, 22.1376953 ], [ 90.675140399999989, 22.1355 ], [ 90.685112, 22.1392498 ], [ 90.6922531, 22.1396675 ], [ 90.6957474, 22.1379452 ], [ 90.6950836, 22.1360836 ], [ 90.6721649, 22.128973 ], [ 90.6702805, 22.1263886 ], [ 90.6772537, 22.1169453 ], [ 90.6972809, 22.1145554 ], [ 90.6991119, 22.1113892 ], [ 90.6955032, 22.1092224 ], [ 90.6781387, 22.105278 ], [ 90.6781921, 22.1034451 ], [ 90.6838913, 22.1022224 ], [ 90.6829758, 22.1001396 ], [ 90.6783905, 22.0976944 ], [ 90.6759186, 22.0927219 ], [ 90.6723862, 22.0855827 ], [ 90.672081, 22.079834 ], [ 90.6748581, 22.0707226 ], [ 90.6841125, 22.0735283 ], [ 90.6920242, 22.0730553 ], [ 90.6990585, 22.0686665 ], [ 90.7027206, 22.0692501 ], [ 90.7058334, 22.0720825 ], [ 90.7127533, 22.0865269 ], [ 90.7160263, 22.0990276 ], [ 90.7150574, 22.1058884 ], [ 90.716835, 22.1116943 ], [ 90.723136900000014, 22.1146107 ], [ 90.7245865, 22.1238613 ], [ 90.7310028, 22.1302509 ], [ 90.7361145, 22.1317215 ], [ 90.737114, 22.1320286 ], [ 90.7376938, 22.1292782 ], [ 90.7295303, 22.1230831 ], [ 90.7252502, 22.1105556 ], [ 90.720474200000012, 22.1065006 ], [ 90.7190247, 22.0981941 ], [ 90.7194443, 22.0956383 ], [ 90.720253, 22.090889 ], [ 90.7130585, 22.0775833 ], [ 90.7085571, 22.0645828 ], [ 90.7099686, 22.0588894 ], [ 90.7130814, 22.0541382 ], [ 90.716835, 22.0526676 ], [ 90.7195282, 22.0529728 ], [ 90.7233582, 22.0567493 ], [ 90.7272491, 22.065361 ], [ 90.7378922, 22.071167 ], [ 90.7412186, 22.0749435 ], [ 90.7428055, 22.0789166 ], [ 90.7368317, 22.0881386 ], [ 90.7419968, 22.0880547 ], [ 90.7436142, 22.0915546 ], [ 90.7505569, 22.0908337 ], [ 90.7623901, 22.0976105 ], [ 90.7626114, 22.0987225 ], [ 90.7628021, 22.0996952 ] ], [ [ 90.7547531, 22.0751114 ], [ 90.7544708, 22.0686665 ], [ 90.7492218, 22.063694 ], [ 90.7485809, 22.0604725 ], [ 90.7527237, 22.0550842 ], [ 90.7704163, 22.078083 ], [ 90.777832, 22.0923061 ], [ 90.7763062, 22.0943336 ], [ 90.7711105, 22.0946388 ], [ 90.764808699999989, 22.0919437 ], [ 90.7607498, 22.0874729 ], [ 90.7572784, 22.0809174 ], [ 90.7644196, 22.0806675 ], [ 90.7652206, 22.0786381 ], [ 90.7608871, 22.0757504 ], [ 90.7547531, 22.0751114 ] ], [ [ 90.668998699999989, 22.0760555 ], [ 90.6673889, 22.0801392 ], [ 90.6558914, 22.0634995 ], [ 90.6550293, 22.0598049 ], [ 90.6560822, 22.0573063 ], [ 90.6587524, 22.0587502 ], [ 90.6646423, 22.0669727 ], [ 90.668998699999989, 22.0760555 ] ], [ [ 91.0413589, 22.0781116 ], [ 91.0490799, 22.0833607 ], [ 91.0463028, 22.0858326 ], [ 91.0366974, 22.0862503 ], [ 91.0362778, 22.0839443 ], [ 91.0413589, 22.0781116 ] ], [ [ 90.5930023, 22.1160831 ], [ 90.5851974, 22.1000004 ], [ 90.5862198, 22.0979729 ], [ 90.5901413, 22.0987778 ], [ 90.5934753, 22.1025276 ], [ 90.5977478, 22.1139164 ], [ 90.5964203, 22.1175556 ], [ 90.5930023, 22.1160831 ] ], [ [ 91.0428925, 22.100666 ], [ 91.0541916, 22.1016674 ], [ 91.0556107, 22.1027222 ], [ 91.0573349, 22.1040287 ], [ 91.0589142, 22.1077499 ], [ 91.0691376, 22.1121674 ], [ 91.0774689, 22.113306 ], [ 91.0815811, 22.1161671 ], [ 91.085083, 22.1220284 ], [ 91.0841675, 22.1279717 ], [ 91.0575867, 22.1272507 ], [ 91.052002, 22.1250286 ], [ 91.0509415, 22.1190281 ], [ 91.0430298, 22.1194992 ], [ 91.0343857, 22.1047783 ], [ 91.0355301, 22.1036663 ], [ 91.0369186, 22.1023331 ], [ 91.0428925, 22.100666 ] ], [ [ 91.0635529, 22.1019173 ], [ 91.0694427, 22.1018333 ], [ 91.0757217, 22.1063614 ], [ 91.0744171, 22.1086388 ], [ 91.0676422, 22.1052227 ], [ 91.0638046, 22.1058331 ], [ 91.0626678, 22.1060276 ], [ 91.0622253, 22.1052227 ], [ 91.0612793, 22.1034451 ], [ 91.0635529, 22.1019173 ] ], [ [ 90.9387512, 22.1988335 ], [ 90.9363632, 22.1956387 ], [ 90.9340286, 22.1924992 ], [ 90.9297791, 22.1714993 ], [ 90.9241943, 22.1685829 ], [ 90.9218597, 22.1646118 ], [ 90.9232788, 22.1508617 ], [ 90.921058699999989, 22.1356392 ], [ 90.9227524, 22.1294994 ], [ 90.9280243, 22.1257496 ], [ 90.9512253, 22.1167507 ], [ 90.9551086, 22.1264992 ], [ 90.9556427, 22.1405277 ], [ 90.9530029, 22.1461945 ], [ 90.9572754, 22.1586952 ], [ 90.9523621, 22.1976109 ], [ 90.9536362, 22.2114162 ], [ 90.9521103, 22.2129993 ], [ 90.9420242, 22.2124729 ], [ 90.9387512, 22.1988335 ] ], [ [ 90.5848618, 22.1307774 ], [ 90.5773315, 22.1280003 ], [ 90.5781937, 22.1239166 ], [ 90.5848312, 22.116972 ], [ 90.5887756, 22.1175556 ], [ 90.5953598, 22.1267223 ], [ 90.5933075, 22.1291676 ], [ 90.5848618, 22.1307774 ] ], [ [ 91.0442505, 22.128027 ], [ 91.0498581, 22.1295547 ], [ 91.0640259, 22.1416664 ], [ 91.0677185, 22.1422215 ], [ 91.0828018, 22.1398621 ], [ 91.0911636, 22.1329727 ], [ 91.09355930000001, 22.1348896 ], [ 91.0976944, 22.1450825 ], [ 91.1044693, 22.1487217 ], [ 91.1060867, 22.1524448 ], [ 91.1029968, 22.1569443 ], [ 91.0933914, 22.1649437 ], [ 91.0595551, 22.1670284 ], [ 91.0589752, 22.1673889 ], [ 91.0462189, 22.1753883 ], [ 91.0429153, 22.1706944 ], [ 91.043525699999989, 22.1594715 ], [ 91.0370865, 22.1367779 ], [ 91.0397186, 22.130888 ], [ 91.0442505, 22.128027 ] ], [ [ 91.075973499999989, 22.1380825 ], [ 91.0693054, 22.1388054 ], [ 91.0610809, 22.1333065 ], [ 91.0660553, 22.131834 ], [ 91.0838089, 22.1320839 ], [ 91.084198, 22.1350842 ], [ 91.075973499999989, 22.1380825 ] ], [ [ 90.5462799, 22.170723 ], [ 90.5449448, 22.173666 ], [ 90.5314713, 22.1785564 ], [ 90.5242767, 22.1796951 ], [ 90.5169144, 22.1788063 ], [ 90.5096664, 22.1748886 ], [ 90.5063629, 22.1708889 ], [ 90.51017, 22.1599731 ], [ 90.5161362, 22.1583328 ], [ 90.5164719, 22.1562786 ], [ 90.5100021, 22.1512508 ], [ 90.5087204, 22.1467495 ], [ 90.5078049, 22.1433887 ], [ 90.5086975, 22.1385841 ], [ 90.5107498, 22.1361103 ], [ 90.517860399999989, 22.137722 ], [ 90.5321121, 22.1455002 ], [ 90.538559, 22.1518898 ], [ 90.5462799, 22.170723 ] ], [ [ 91.1340256, 22.462944 ], [ 91.127471899999989, 22.4836674 ], [ 91.1222763, 22.4920273 ], [ 91.1163864, 22.4989719 ], [ 91.1111145, 22.5022774 ], [ 91.091667199999989, 22.5072784 ], [ 91.0767517, 22.5080547 ], [ 91.0624161, 22.5088062 ], [ 91.0547791, 22.509222 ], [ 91.0456696, 22.5096951 ], [ 91.0407791, 22.5079727 ], [ 91.0396423, 22.505167 ], [ 91.0406952, 22.5026951 ], [ 91.0455017, 22.499361 ], [ 91.0421143, 22.4965286 ], [ 91.0386963, 22.4957504 ], [ 91.026947, 22.4765835 ], [ 91.0498886, 22.429472 ], [ 91.051918, 22.4201107 ], [ 91.0513077, 22.4093609 ], [ 91.0504684, 22.395277 ], [ 91.0524979, 22.3776398 ], [ 91.0479202, 22.3501949 ], [ 91.0477219, 22.3409996 ], [ 91.0513306, 22.3201942 ], [ 91.0469131, 22.2841396 ], [ 91.045028699999989, 22.2688332 ], [ 91.040947, 22.2503338 ], [ 91.0428085, 22.2214451 ], [ 91.0445251, 22.2139168 ], [ 91.0506973, 22.1980286 ], [ 91.0548019, 22.1930828 ], [ 91.0492249, 22.1816673 ], [ 91.0505295, 22.1794167 ], [ 91.065109299999989, 22.1708603 ], [ 91.066169699999989, 22.170805 ], [ 91.0801392, 22.1703339 ], [ 91.0872498, 22.1716671 ], [ 91.0939713, 22.1695557 ], [ 91.1095581, 22.1596394 ], [ 91.1115265, 22.1596947 ], [ 91.1121674, 22.1629448 ], [ 91.1069183, 22.1731396 ], [ 91.1130295, 22.1907501 ], [ 91.1093369, 22.1993618 ], [ 91.1010818, 22.210638 ], [ 91.1093063, 22.2078609 ], [ 91.1191101, 22.1934452 ], [ 91.1194687, 22.1897774 ], [ 91.1128616, 22.1723614 ], [ 91.1152191, 22.1683064 ], [ 91.1222229, 22.1648617 ], [ 91.123222399999989, 22.164388699999989 ], [ 91.1308899, 22.1629715 ], [ 91.135025, 22.1644726 ], [ 91.1527252, 22.1830826 ], [ 91.1556396, 22.1843052 ], [ 91.1633072, 22.1992226 ], [ 91.1683884, 22.2023335 ], [ 91.1697769, 22.2058048 ], [ 91.1698074, 22.2064724 ], [ 91.1708603, 22.2347775 ], [ 91.175140399999989, 22.2566948 ], [ 91.1740036, 22.2610283 ], [ 91.1781387, 22.2629719 ], [ 91.1828308, 22.2711391 ], [ 91.1803894, 22.2784176 ], [ 91.1808853, 22.2940559 ], [ 91.183136, 22.3014717 ], [ 91.1816406, 22.3106117 ], [ 91.1811371, 22.3105564 ], [ 91.1797485, 22.3103886 ], [ 91.1767197, 22.3100281 ], [ 91.1755829, 22.314806 ], [ 91.1767807, 22.3225555 ], [ 91.1778336, 22.3295555 ], [ 91.1756668, 22.3359451 ], [ 91.1573639, 22.3542786 ], [ 91.1445313, 22.3785 ], [ 91.1417465, 22.3883057 ], [ 91.1368637, 22.3950558 ], [ 91.1315002, 22.4171944 ], [ 91.1320038, 22.424778 ], [ 91.1353302, 22.4361668 ], [ 91.1364746, 22.4400558 ], [ 91.1364975, 22.4474163 ], [ 91.1340256, 22.462944 ] ], [ [ 90.6112518, 22.1742783 ], [ 90.6128311, 22.1711121 ], [ 90.6152496, 22.1725559 ], [ 90.6168365, 22.1767216 ], [ 90.6161118, 22.1831398 ], [ 90.613945, 22.1819172 ], [ 90.6112518, 22.1742783 ] ], [ [ 90.9822769, 22.1871948 ], [ 90.9810867, 22.1853046 ], [ 90.977668799999989, 22.1847496 ], [ 90.978363, 22.1778889 ], [ 90.9818573, 22.1761398 ], [ 90.9861374, 22.1819992 ], [ 90.9878616, 22.1898613 ], [ 90.98703, 22.1951103 ], [ 90.9869461, 22.1956673 ], [ 90.9869461, 22.1957226 ], [ 90.9841385, 22.2141113 ], [ 90.9851913, 22.2191944 ], [ 90.9901657, 22.2255287 ], [ 90.9960556, 22.2300549 ], [ 90.9988327, 22.2321949 ], [ 91.0004196, 22.2370548 ], [ 90.9979706, 22.244112 ], [ 90.9954453, 22.2463341 ], [ 90.9928589, 22.243084 ], [ 90.9790802, 22.225666 ], [ 90.9751358, 22.2175274 ], [ 90.9739456, 22.2089996 ], [ 90.9747772, 22.2048893 ], [ 90.9777222, 22.1902771 ], [ 90.9822769, 22.1871948 ] ], [ [ 91.0333023, 22.1945553 ], [ 91.0395584, 22.1839447 ], [ 91.0433578, 22.1886387 ], [ 91.0460815, 22.1953602 ], [ 91.0439758, 22.1998882 ], [ 91.0381699, 22.2043343 ], [ 91.0333023, 22.1945553 ] ], [ [ 90.839447, 22.2206116 ], [ 90.831558199999989, 22.2132778 ], [ 90.8306961, 22.2095833 ], [ 90.8318024, 22.2052498 ], [ 90.830833399999989, 22.1971951 ], [ 90.8271103, 22.1904163 ], [ 90.8281937, 22.1879158 ], [ 90.832222, 22.1852779 ], [ 90.8362198, 22.1987228 ], [ 90.8368912, 22.2088337 ], [ 90.8405533, 22.2169724 ], [ 90.839447, 22.2206116 ] ], [ [ 90.5449142, 22.2030563 ], [ 90.5387192, 22.197361 ], [ 90.5369186, 22.1924992 ], [ 90.538749700000011, 22.189333 ], [ 90.5461655, 22.1888618 ], [ 90.5519409, 22.1927223 ], [ 90.5677185, 22.2145271 ], [ 90.5702209, 22.220583 ], [ 90.5695572, 22.2256107 ], [ 90.5654144, 22.2312508 ], [ 90.5631638, 22.2320843 ], [ 90.5585556, 22.2296658 ], [ 90.5511703, 22.2156658 ], [ 90.5478058, 22.2056675 ], [ 90.5449142, 22.2030563 ] ], [ [ 90.9366074, 22.2121105 ], [ 90.93477630000001, 22.2150269 ], [ 90.930336, 22.2156105 ], [ 90.9271927, 22.2134438 ], [ 90.9264755, 22.197361 ], [ 90.930641200000011, 22.1986103 ], [ 90.9348068, 22.2070007 ], [ 90.9366074, 22.2121105 ] ], [ [ 91.815109299999989, 22.2139721 ], [ 91.814476, 22.2100563 ], [ 91.8172531, 22.2084999 ], [ 91.8215256, 22.2134438 ], [ 91.8240585, 22.2213058 ], [ 91.8227463, 22.2235546 ], [ 91.819809, 22.2230282 ], [ 91.815109299999989, 22.2139721 ] ], [ [ 90.9804459, 22.2825279 ], [ 90.9848328, 22.2933617 ], [ 90.9910812, 22.3295841 ], [ 90.9909134, 22.3305283 ], [ 90.9897232, 22.3366947 ], [ 90.9881363, 22.3451118 ], [ 90.9810562, 22.3662777 ], [ 90.9714203, 22.3740273 ], [ 90.9680557, 22.3787785 ], [ 90.9651642, 22.3770828 ], [ 90.9580841, 22.3667774 ], [ 90.9522781, 22.3471107 ], [ 90.9505539, 22.3321381 ], [ 90.9518356, 22.3223057 ], [ 90.9417496, 22.2749443 ], [ 90.9299164, 22.2286663 ], [ 90.9308853, 22.2218056 ], [ 90.9351654, 22.2185001 ], [ 90.9519424, 22.2180271 ], [ 90.9577255, 22.2223339 ], [ 90.961975099999989, 22.2366943 ], [ 90.9804459, 22.2825279 ] ], [ [ 90.5685806, 22.2396107 ], [ 90.5681915, 22.2366104 ], [ 90.5750275, 22.2310562 ], [ 90.5786133, 22.2350826 ], [ 90.584053, 22.248333 ], [ 90.5824966, 22.2508049 ], [ 90.5771637, 22.2481384 ], [ 90.5685806, 22.2396107 ] ], [ [ 90.9912796, 22.2609158 ], [ 90.9890518, 22.2606392 ], [ 90.9827194, 22.2510281 ], [ 90.977165200000016, 22.2394161 ], [ 90.9792252, 22.2364731 ], [ 90.9871674, 22.2426662 ], [ 90.9890289, 22.245945 ], [ 90.9884415, 22.2491398 ], [ 90.9928589, 22.2573051 ], [ 90.9912796, 22.2609158 ] ], [ [ 89.8716125, 22.2411118 ], [ 89.8699417, 22.2496662 ], [ 89.8655853, 22.2576389 ], [ 89.861892700000013, 22.2579727 ], [ 89.8594131, 22.2516384 ], [ 89.861610399999989, 22.244194 ], [ 89.8675537, 22.2385006 ], [ 89.8707504, 22.2376938 ], [ 89.8716125, 22.2411118 ] ], [ [ 91.8118591, 22.2719994 ], [ 91.8165283, 22.2727776 ], [ 91.8201141, 22.2774715 ], [ 91.8094711, 22.2976666 ], [ 91.8059998, 22.2982502 ], [ 91.8035584, 22.2975273 ], [ 91.8009415, 22.2930832 ], [ 91.799469, 22.2838898 ], [ 91.8008041, 22.2800007 ], [ 91.8118591, 22.2719994 ] ], [ [ 91.3889999, 22.5770283 ], [ 91.3920822, 22.5639992 ], [ 91.3926086, 22.554388 ], [ 91.3852768, 22.5346947 ], [ 91.3851929, 22.5335007 ], [ 91.3841934, 22.517334 ], [ 91.3834152, 22.5052509 ], [ 91.379776, 22.4943619 ], [ 91.3928909, 22.4680824 ], [ 91.4007187, 22.4361115 ], [ 91.4154968, 22.4291382 ], [ 91.4177475, 22.4267502 ], [ 91.421608, 22.4226379 ], [ 91.4301376, 22.4093056 ], [ 91.431358300000014, 22.4085827 ], [ 91.4489746, 22.3980827 ], [ 91.4551392, 22.398695 ], [ 91.4585571, 22.3909721 ], [ 91.4667206, 22.3732491 ], [ 91.4695587, 22.3602505 ], [ 91.4760284, 22.3491669 ], [ 91.484863300000015, 22.3429451 ], [ 91.5160522, 22.3469162 ], [ 91.5189438, 22.3499718 ], [ 91.5161972, 22.3595562 ], [ 91.5258636, 22.3671398 ], [ 91.534637500000017, 22.3793049 ], [ 91.5398331, 22.3791943 ], [ 91.5458603, 22.384388 ], [ 91.5476685, 22.3906384 ], [ 91.5540543, 22.3993053 ], [ 91.5545578, 22.3999996 ], [ 91.558197, 22.4111118 ], [ 91.5514145, 22.4242496 ], [ 91.5516129, 22.4437771 ], [ 91.5496368, 22.4542217 ], [ 91.549583399999989, 22.4545002 ], [ 91.5454407, 22.4693336 ], [ 91.5189133, 22.516695 ], [ 91.51369480000001, 22.5260277 ], [ 91.5087814, 22.5347786 ], [ 91.500610400000014, 22.5534172 ], [ 91.493309, 22.5598335 ], [ 91.4925842, 22.5604725 ], [ 91.4907227, 22.5621109 ], [ 91.4728088, 22.5924168 ], [ 91.4646378, 22.601862 ], [ 91.4506378, 22.6246948 ], [ 91.438858, 22.6388607 ], [ 91.4325562, 22.6428337 ], [ 91.393364, 22.6560841 ], [ 91.3808365, 22.6624451 ], [ 91.3746109, 22.6636658 ], [ 91.3566666, 22.6599998 ], [ 91.353775, 22.6573887 ], [ 91.353447, 22.6521111 ], [ 91.358696, 22.6355553 ], [ 91.359169, 22.6341114 ], [ 91.3889999, 22.5770283 ] ], [ [ 90.2834702, 22.3636112 ], [ 90.2713318, 22.3514996 ], [ 90.2706909, 22.3484993 ], [ 90.2740021, 22.3456116 ], [ 90.2791977, 22.3455563 ], [ 90.28508, 22.3533058 ], [ 90.2892227, 22.3548336 ], [ 90.2864151, 22.3643894 ], [ 90.2834702, 22.3636112 ] ], [ [ 90.6314468, 22.3707504 ], [ 90.6326675, 22.3786106 ], [ 90.6370544, 22.3805828 ], [ 90.6347504, 22.3901386 ], [ 90.6353607, 22.3936119 ], [ 90.6291122, 22.3964176 ], [ 90.6241684, 22.4109726 ], [ 90.6280289, 22.4136105 ], [ 90.629776, 22.4198608 ], [ 90.6258316, 22.4422493 ], [ 90.6248856, 22.4443607 ], [ 90.6204758, 22.4544716 ], [ 90.6179199, 22.4566936 ], [ 90.6095276, 22.4569168 ], [ 90.6058578, 22.4629993 ], [ 90.6012497, 22.4608059 ], [ 90.5968323, 22.4523888 ], [ 90.5964737, 22.4487228 ], [ 90.5993576, 22.4435272 ], [ 90.6014175, 22.4418335 ], [ 90.603668200000016, 22.4399719 ], [ 90.6053314, 22.4347496 ], [ 90.6038055, 22.4220562 ], [ 90.6054459, 22.417305 ], [ 90.6166382, 22.4004173 ], [ 90.6261139, 22.3685284 ], [ 90.632164, 22.3574715 ], [ 90.6331635, 22.3639164 ], [ 90.6314468, 22.3707504 ] ], [ [ 90.6363907, 22.4003048 ], [ 90.640831, 22.3930836 ], [ 90.6444473, 22.3812504 ], [ 90.6455841, 22.368639 ], [ 90.648613, 22.3673611 ], [ 90.6508636, 22.3807507 ], [ 90.6489182, 22.3871117 ], [ 90.6436691, 22.396389 ], [ 90.6393356, 22.409111 ], [ 90.6359711, 22.4126949 ], [ 90.632026700000011, 22.4123325 ], [ 90.6314697, 22.4115276 ], [ 90.6296692, 22.4088326 ], [ 90.6295242, 22.405611 ], [ 90.6363907, 22.4003048 ] ], [ [ 90.6511917, 22.3998051 ], [ 90.65522, 22.4054451 ], [ 90.6504974, 22.413805 ], [ 90.6487198, 22.4075546 ], [ 90.6511917, 22.3998051 ] ], [ [ 91.1876678, 22.4078617 ], [ 91.1923065, 22.4061947 ], [ 91.1957245, 22.4071941 ], [ 91.199775699999989, 22.4123611 ], [ 91.2028351, 22.4248333 ], [ 91.2002258, 22.4298058 ], [ 91.1986923, 22.431139 ], [ 91.1814423, 22.4306946 ], [ 91.1714706, 22.4341106 ], [ 91.1685562, 22.4324169 ], [ 91.1669693, 22.4275551 ], [ 91.1680298, 22.4252777 ], [ 91.1724472, 22.4260826 ], [ 91.173667900000012, 22.4180832 ], [ 91.1776657, 22.4149437 ], [ 91.1858063, 22.4085274 ], [ 91.1876678, 22.4078617 ] ], [ [ 91.0330582, 22.4391117 ], [ 91.0282745, 22.4419727 ], [ 91.0254135, 22.4464722 ], [ 91.0224457, 22.4470825 ], [ 91.0183029, 22.4451389 ], [ 91.0165024, 22.439333 ], [ 91.0163345, 22.4214172 ], [ 91.0155029, 22.4168053 ], [ 91.0179749, 22.4086113 ], [ 91.0268326, 22.4090824 ], [ 91.0337753, 22.4076672 ], [ 91.035553, 22.4151115 ], [ 91.0381393, 22.4261665 ], [ 91.0330582, 22.4391117 ] ], [ [ 90.6423874, 22.4296112 ], [ 90.6408081, 22.4302769 ], [ 90.6392517, 22.4251938 ], [ 90.6445313, 22.4150009 ], [ 90.6471939, 22.4162216 ], [ 90.647552499999989, 22.4201393 ], [ 90.6455536, 22.4244175 ], [ 90.6433029, 22.4291935 ], [ 90.6423874, 22.4296112 ] ], [ [ 90.9912186, 22.451416 ], [ 90.9954758, 22.4486389 ], [ 91.0007248, 22.4545269 ], [ 91.001358, 22.4575272 ], [ 90.9983597, 22.4666386 ], [ 90.9896698, 22.4760284 ], [ 90.9837799, 22.4754162 ], [ 90.9775848, 22.4674168 ], [ 90.9744415, 22.4659729 ], [ 90.973526, 22.4629726 ], [ 90.9749451, 22.4596386 ], [ 90.975669900000014, 22.4579716 ], [ 90.9783859, 22.4582787 ], [ 90.981193499999989, 22.4551392 ], [ 90.9884186, 22.4532776 ], [ 90.9912186, 22.451416 ] ], [ [ 90.6521149, 22.4609165 ], [ 90.6556091, 22.4598885 ], [ 90.6594162, 22.4636669 ], [ 90.6607208, 22.46875 ], [ 90.6566391, 22.4803333 ], [ 90.651947, 22.4880009 ], [ 90.6378021, 22.5036659 ], [ 90.6286087, 22.5201664 ], [ 90.6334152, 22.5244446 ], [ 90.6307755, 22.528944 ], [ 90.6193619, 22.5380287 ], [ 90.6136398, 22.5392227 ], [ 90.6125565, 22.5348339 ], [ 90.6203308, 22.5156937 ], [ 90.6238861, 22.5069447 ], [ 90.6314468, 22.4952221 ], [ 90.6386414, 22.4871674 ], [ 90.6459427, 22.4678612 ], [ 90.6521149, 22.4609165 ] ], [ [ 91.1865845, 22.4726105 ], [ 91.1920242, 22.4720554 ], [ 91.194191, 22.4744167 ], [ 91.193222, 22.4817505 ], [ 91.19561, 22.4928341 ], [ 91.194191, 22.4985275 ], [ 91.1755524, 22.5186939 ], [ 91.162139900000014, 22.5210838 ], [ 91.1513062, 22.5198898 ], [ 91.1388321, 22.5158882 ], [ 91.1460266, 22.5068893 ], [ 91.1496124, 22.4945831 ], [ 91.1542206, 22.4887505 ], [ 91.1589966, 22.4851952 ], [ 91.1640854, 22.4814453 ], [ 91.1865845, 22.4726105 ] ], [ [ 91.0326691, 22.4987774 ], [ 91.0285034, 22.5053329 ], [ 91.0176926, 22.5036659 ], [ 91.0099411, 22.4990826 ], [ 91.0105286, 22.4956665 ], [ 91.0192795, 22.4851112 ], [ 91.0220261, 22.4838047 ], [ 91.0251923, 22.4845829 ], [ 91.0315552, 22.4948616 ], [ 91.0326691, 22.4987774 ] ], [ [ 91.2008591, 22.514555 ], [ 91.1974716, 22.5128613 ], [ 91.1975861, 22.5091667 ], [ 91.2078629, 22.4963608 ], [ 91.2105865, 22.4957504 ], [ 91.21194460000001, 22.499445 ], [ 91.2092743, 22.5065002 ], [ 91.2008591, 22.514555 ] ], [ [ 90.6460571, 22.5016117 ], [ 90.6495819, 22.4987221 ], [ 90.6511917, 22.5029163 ], [ 90.645195, 22.511694 ], [ 90.6436081, 22.5072784 ], [ 90.6460571, 22.5016117 ] ], [ [ 91.2337799, 22.5620003 ], [ 91.2416687, 22.5466118 ], [ 91.2517471, 22.5395279 ], [ 91.2582474, 22.538166 ], [ 91.2703857, 22.5356388 ], [ 91.2743073, 22.5366669 ], [ 91.280304, 22.5425549 ], [ 91.2858353, 22.5394993 ], [ 91.2912521, 22.540777199999987 ], [ 91.3018036, 22.5517502 ], [ 91.3039474, 22.5539722 ], [ 91.304832499999989, 22.5574169 ], [ 91.2979202, 22.5739994 ], [ 91.2908859, 22.5872784 ], [ 91.2782745, 22.6111393 ], [ 91.2662506, 22.6246109 ], [ 91.254364, 22.6337223 ], [ 91.2507248, 22.6313324 ], [ 91.2451401, 22.6359997 ], [ 91.2313919, 22.6418343 ], [ 91.225975, 22.6431103 ], [ 91.2252808, 22.6432781 ], [ 91.2216644, 22.6441116 ], [ 91.2173309, 22.6407776 ], [ 91.2149735, 22.6365833 ], [ 91.21499630000001, 22.6341381 ], [ 91.2152786, 22.6104164 ], [ 91.2151413, 22.6067505 ], [ 91.2186661, 22.596056 ], [ 91.2273636, 22.5790005 ], [ 91.2291641, 22.5754452 ], [ 91.2314148, 22.566555 ], [ 91.233696, 22.5647774 ], [ 91.2337799, 22.5620003 ] ], [ [ 90.8017807, 22.7834454 ], [ 90.7980957, 22.7782402 ], [ 90.7972794, 22.7771111 ], [ 90.7968903, 22.7738895 ], [ 90.8142776, 22.741806 ], [ 90.824585, 22.737278 ], [ 90.8337479, 22.7292786 ], [ 90.8347473, 22.7253342 ], [ 90.8357239, 22.7215271 ], [ 90.8336945, 22.71525 ], [ 90.8461075, 22.6914997 ], [ 90.8474426, 22.6727219 ], [ 90.8463058, 22.6699448 ], [ 90.8469467, 22.6670837 ], [ 90.8491974, 22.6569443 ], [ 90.8555527, 22.6438065 ], [ 90.8618317, 22.6338615 ], [ 90.8781357, 22.6187229 ], [ 90.8884201, 22.6066113 ], [ 90.9050293, 22.5974445 ], [ 90.9144135, 22.5898895 ], [ 90.9229202, 22.5862217 ], [ 90.929557800000012, 22.5870838 ], [ 90.9363022, 22.5930271 ], [ 90.9400864, 22.5910549 ], [ 90.9409409, 22.5867214 ], [ 90.9385834, 22.5836658 ], [ 90.9270248, 22.5810547 ], [ 90.9256363, 22.578722 ], [ 90.93853, 22.561861 ], [ 90.9550247, 22.5480843 ], [ 90.9721909, 22.5444164 ], [ 90.9799423, 22.5409718 ], [ 90.986915599999989, 22.5397778 ], [ 90.9943085, 22.5409164 ], [ 91.004303, 22.5448608 ], [ 91.014389, 22.5538616 ], [ 91.015274, 22.5546398 ], [ 91.0161972, 22.555584 ], [ 91.0172806, 22.5564442 ], [ 91.024971, 22.5628605 ], [ 91.0252075, 22.5629902 ], [ 91.0378647, 22.5698605 ], [ 91.043808, 22.5695839 ], [ 91.0451355, 22.5735283 ], [ 91.0432205, 22.5796661 ], [ 91.0356674, 22.5762501 ], [ 91.029274, 22.575388 ], [ 91.024780299999989, 22.5766392 ], [ 91.026886, 22.5783615 ], [ 91.0273361, 22.5785275 ], [ 91.0357513, 22.5815277 ], [ 91.044723499999989, 22.5872784 ], [ 91.0479965, 22.592638 ], [ 91.0511932, 22.5934162 ], [ 91.0533371, 22.5806103 ], [ 91.0553055, 22.5806675 ], [ 91.0567474, 22.5831108 ], [ 91.057663, 22.5846386 ], [ 91.0599976, 22.5964165 ], [ 91.0579987, 22.6053047 ], [ 91.0534439, 22.6162224 ], [ 91.0463028, 22.6235828 ], [ 91.0410538, 22.6333332 ], [ 91.029167199999989, 22.6419449 ], [ 91.0305023, 22.6465836 ], [ 91.0359421, 22.6460285 ], [ 91.0370255, 22.6467495 ], [ 91.0381393, 22.6474724 ], [ 91.03897090000001, 22.6525555 ], [ 91.0375519, 22.6658325 ], [ 91.0356979, 22.6705837 ], [ 91.0287476, 22.670639 ], [ 91.0173645, 22.6790562 ], [ 91.0126648, 22.686945 ], [ 90.9993362, 22.7017498 ], [ 90.9943619, 22.7029724 ], [ 90.987808199999989, 22.6993618 ], [ 90.9821091, 22.699667 ], [ 90.9834747, 22.7031384 ], [ 90.988281300000011, 22.7071667 ], [ 90.9849167, 22.7118893 ], [ 90.9756927, 22.7146397 ], [ 90.9703369, 22.7119713 ], [ 90.9678345, 22.7125835 ], [ 90.9657745, 22.7154999 ], [ 90.970253, 22.7220554 ], [ 90.9756927, 22.7221947 ], [ 90.9795532, 22.7177219 ], [ 90.9989471, 22.7141113 ], [ 91.007888799999989, 22.7051945 ], [ 91.012580899999989, 22.705555 ], [ 91.0188065, 22.711916 ], [ 91.0201645, 22.7153893 ], [ 91.0170593, 22.7208061 ], [ 91.0123596, 22.7247505 ], [ 91.0099182, 22.7268333 ], [ 90.9862518, 22.7638054 ], [ 90.9824982, 22.7653332 ], [ 90.9765015, 22.7589722 ], [ 90.9711075, 22.7578888 ], [ 90.9703064, 22.7596951 ], [ 90.972168, 22.763195 ], [ 90.9782257, 22.7674999 ], [ 90.9796143, 22.7705269 ], [ 90.977752700000011, 22.7739162 ], [ 90.9610825, 22.7851658 ], [ 90.9558029, 22.7900276 ], [ 90.9430542, 22.8017216 ], [ 90.9414444, 22.8032227 ], [ 90.934639, 22.8073883 ], [ 90.9095306, 22.8108063 ], [ 90.8963318, 22.8053894 ], [ 90.875053400000013, 22.8055 ], [ 90.8477478, 22.7930279 ], [ 90.8170547, 22.7852497 ], [ 90.816391, 22.7831669 ], [ 90.8156967, 22.7813053 ], [ 90.8054733, 22.7842503 ], [ 90.8017807, 22.7834454 ] ], [ [ 91.0241394, 22.5577774 ], [ 91.0188599, 22.553278 ], [ 91.023803700000016, 22.5529728 ], [ 91.0308914, 22.555666 ], [ 91.0325546, 22.5575562 ], [ 91.0317535, 22.5593891 ], [ 91.0278091, 22.5594997 ], [ 91.0241394, 22.5577774 ] ], [ [ 91.087944, 22.5558338 ], [ 91.0914154, 22.5701389 ], [ 91.0925522, 22.5748062 ], [ 91.0878906, 22.5893612 ], [ 91.0886078, 22.5983334 ], [ 91.0958023, 22.6132221 ], [ 91.107193, 22.6252232 ], [ 91.1125565, 22.630888 ], [ 91.1148071, 22.6389713 ], [ 91.1141129, 22.6449451 ], [ 91.1163864, 22.6514168 ], [ 91.1278305, 22.6650562 ], [ 91.1283875, 22.670805 ], [ 91.1258926, 22.6796951 ], [ 91.12397, 22.6832218 ], [ 91.1185532, 22.6932507 ], [ 91.1121674, 22.6999722 ], [ 91.0989685, 22.7028332 ], [ 91.089386, 22.7032509 ], [ 91.0662766, 22.7042503 ], [ 91.0618591, 22.7029724 ], [ 91.0553589, 22.6977501 ], [ 91.0549164, 22.6959171 ], [ 91.0587769, 22.6829166 ], [ 91.057861300000013, 22.673027 ], [ 91.0496979, 22.6735001 ], [ 91.0476074, 22.6686115 ], [ 91.0471115, 22.6560001 ], [ 91.0465012, 22.6408062 ], [ 91.0449142, 22.6359444 ], [ 91.0475006, 22.6328049 ], [ 91.0514984, 22.6313057 ], [ 91.058197, 22.6390553 ], [ 91.0581665, 22.6312504 ], [ 91.062027, 22.6270008 ], [ 91.0597763, 22.6195831 ], [ 91.0669708, 22.5976944 ], [ 91.0671692, 22.5971394 ], [ 91.070694, 22.5863609 ], [ 91.0658035, 22.5690269 ], [ 91.0708923, 22.564333 ], [ 91.07267, 22.5703602 ], [ 91.0801926, 22.5585556 ], [ 91.0822754, 22.5552216 ], [ 91.0853348, 22.5530281 ], [ 91.087944, 22.5558338 ] ], [ [ 91.1132202, 22.5611115 ], [ 91.117080700000017, 22.5641937 ], [ 91.1198578, 22.5624447 ], [ 91.1356659, 22.5711384 ], [ 91.1573868, 22.5797501 ], [ 91.1655807, 22.5866108 ], [ 91.1719437, 22.6049175 ], [ 91.1721954, 22.6072216 ], [ 91.1723328, 22.6083889 ], [ 91.1644135, 22.6324997 ], [ 91.1515274, 22.6499443 ], [ 91.141830399999989, 22.6630554 ], [ 91.140976, 22.6642494 ], [ 91.1380005, 22.6636944 ], [ 91.1258926, 22.6480007 ], [ 91.1204758, 22.6313324 ], [ 91.1151657, 22.6252232 ], [ 91.0944138, 22.6013889 ], [ 91.091835, 22.5984173 ], [ 91.0915527, 22.5970268 ], [ 91.0911942, 22.5949726 ], [ 91.098053, 22.5806942 ], [ 91.0991974, 22.5728893 ], [ 91.0996094, 22.5701675 ], [ 91.1038361, 22.5695839 ], [ 91.1050034, 22.5634174 ], [ 91.1132202, 22.5611115 ] ], [ [ 90.5685806, 22.6207771 ], [ 90.5674973, 22.6232777 ], [ 90.5574722, 22.628027 ], [ 90.557663, 22.6218338 ], [ 90.5631638, 22.6056938 ], [ 90.5670013, 22.6094723 ], [ 90.5695267, 22.6148338 ], [ 90.5685806, 22.6207771 ] ], [ [ 90.8063889, 22.6660557 ], [ 90.816864, 22.6553326 ], [ 90.8205795, 22.6551952 ], [ 90.8215561, 22.6595554 ], [ 90.8216629, 22.6600552 ], [ 90.8197479, 22.6733055 ], [ 90.8156967, 22.6837502 ], [ 90.8038635, 22.690527 ], [ 90.7969437, 22.6901112 ], [ 90.7930527, 22.6879444 ], [ 90.7937469, 22.6590271 ], [ 90.7963028, 22.6565838 ], [ 90.7978592, 22.6566944 ], [ 90.802475, 22.6569729 ], [ 90.8041382, 22.6664448 ], [ 90.8063889, 22.6660557 ] ], [ [ 91.293251, 22.6645565 ], [ 91.2981949, 22.672945 ], [ 91.2963638, 22.6763611 ], [ 91.285141, 22.6790562 ], [ 91.2820282, 22.675972 ], [ 91.2822189, 22.6697769 ], [ 91.2801132, 22.6656113 ], [ 91.2806396, 22.6642227 ], [ 91.2890244, 22.6653614 ], [ 91.290802, 22.6635838 ], [ 91.293251, 22.6645565 ] ], [ [ 91.1310806, 22.7360554 ], [ 91.1319199, 22.7333336 ], [ 91.1364136, 22.7316113 ], [ 91.1491699, 22.7349453 ], [ 91.1603851, 22.7320271 ], [ 91.1921692, 22.7121944 ], [ 91.2121964, 22.7042217 ], [ 91.217804, 22.7055836 ], [ 91.2357483, 22.7098885 ], [ 91.2341385, 22.7066383 ], [ 91.2211914, 22.7036953 ], [ 91.2206421, 22.7035561 ], [ 91.2193909, 22.7032776 ], [ 91.2164993, 22.7006664 ], [ 91.2206421, 22.6950283 ], [ 91.225524900000011, 22.6918602 ], [ 91.2274475, 22.6906395 ], [ 91.2358093, 22.6817493 ], [ 91.2371368, 22.6803341 ], [ 91.270668, 22.6674175 ], [ 91.2752762, 22.6703053 ], [ 91.2801971, 22.6793613 ], [ 91.297226, 22.6970272 ], [ 91.299583399999989, 22.7012215 ], [ 91.299469, 22.7044449 ], [ 91.2939453, 22.7159996 ], [ 91.2876129, 22.7208881 ], [ 91.2787247, 22.7253609 ], [ 91.268028300000012, 22.7306938 ], [ 91.2280273, 22.7450562 ], [ 91.189804099999989, 22.7493324 ], [ 91.1771088, 22.748333 ], [ 91.1762238, 22.7482777 ], [ 91.1479416, 22.7428341 ], [ 91.1388626, 22.7410831 ], [ 91.1310806, 22.7360554 ] ], [ [ 91.0194168, 22.6926384 ], [ 91.0344467, 22.678833 ], [ 91.0416641, 22.6769447 ], [ 91.0440521, 22.679306 ], [ 91.0465851, 22.6858063 ], [ 91.0446701, 22.692194 ], [ 91.0482788, 22.7023888 ], [ 91.0462494, 22.7046394 ], [ 91.0371933, 22.7089729 ], [ 91.0181122, 22.7024727 ], [ 91.0145569, 22.6980286 ], [ 91.0194168, 22.6926384 ] ], [ [ 90.5473022, 22.7142773 ], [ 90.548667900000012, 22.746666 ], [ 90.5501633, 22.7611942 ], [ 90.548194900000013, 22.7680283 ], [ 90.5458603, 22.7706947 ], [ 90.5353088, 22.7751942 ], [ 90.5089722, 22.7925549 ], [ 90.5005798, 22.7920551 ], [ 90.4941406, 22.7854443 ], [ 90.4901962, 22.7781944 ], [ 90.4885025, 22.7696667 ], [ 90.4973068, 22.744112 ], [ 90.4981384, 22.7417221 ], [ 90.5033646, 22.7191391 ], [ 90.5076675, 22.7167492 ], [ 90.5149994, 22.7188053 ], [ 90.5161133, 22.7153893 ], [ 90.5142746, 22.7114449 ], [ 90.5222778, 22.7015839 ], [ 90.525444, 22.6885834 ], [ 90.52883150000001, 22.6841106 ], [ 90.5324707, 22.6862774 ], [ 90.5420532, 22.7019444 ], [ 90.5473022, 22.7142773 ] ], [ [ 90.792305, 22.7182217 ], [ 90.7921371, 22.7154446 ], [ 90.7947464, 22.7132778 ], [ 90.7990036, 22.7096939 ], [ 90.8024979, 22.7088604 ], [ 90.8036652, 22.711195 ], [ 90.8020554, 22.7145824 ], [ 90.792305, 22.7182217 ] ], [ [ 91.3388596, 22.7194443 ], [ 91.3411102, 22.7183609 ], [ 91.3457489, 22.7200832 ], [ 91.3513031, 22.7245827 ], [ 91.3543625, 22.7303886 ], [ 91.3556137, 22.738472 ], [ 91.3537521, 22.7432213 ], [ 91.3483887, 22.7488327 ], [ 91.3474426, 22.7547779 ], [ 91.341972399999989, 22.7562504 ], [ 91.3278885, 22.7554169 ], [ 91.3124466, 22.7513618 ], [ 91.3098068, 22.7485275 ], [ 91.3103867, 22.7451115 ], [ 91.3162537, 22.7393055 ], [ 91.3311081, 22.7302494 ], [ 91.3362198, 22.725111 ], [ 91.3388596, 22.7194443 ] ], [ [ 90.4893341, 22.724472 ], [ 90.4833069, 22.7412777 ], [ 90.4776917, 22.7459164 ], [ 90.4747238, 22.7460556 ], [ 90.4722519, 22.7395554 ], [ 90.4785538, 22.728056 ], [ 90.4840012, 22.7215557 ], [ 90.4892502, 22.719862 ], [ 90.4893341, 22.724472 ] ], [ [ 90.6003342, 22.7771397 ], [ 90.5945587, 22.7799454 ], [ 90.5793915, 22.7820282 ], [ 90.5724716, 22.7799454 ], [ 90.5676117, 22.7784729 ], [ 90.5657196, 22.7763329 ], [ 90.575058, 22.7706394 ], [ 90.5763855, 22.7676945 ], [ 90.5743637, 22.7628326 ], [ 90.5772247, 22.7583332 ], [ 90.5712814, 22.7514439 ], [ 90.5700836, 22.7500839 ], [ 90.5710297, 22.7443619 ], [ 90.5747223, 22.7444725 ], [ 90.578476, 22.7509995 ], [ 90.5949478, 22.7678051 ], [ 90.5998917, 22.7757492 ], [ 90.6003342, 22.7771397 ] ], [ [ 90.4525528, 22.757555 ], [ 90.457580600000014, 22.7485275 ], [ 90.4622192, 22.7500553 ], [ 90.4765015, 22.7516384 ], [ 90.4795532, 22.7567787 ], [ 90.4680252, 22.7749996 ], [ 90.4634476, 22.7785549 ], [ 90.4603882, 22.788084 ], [ 90.4526978, 22.7883339 ], [ 90.434639, 22.7746944 ], [ 90.4347763, 22.7705555 ], [ 90.4370804, 22.7678604 ], [ 90.4469147, 22.762888 ], [ 90.4525528, 22.757555 ] ], [ [ 90.4511948, 22.9721394 ], [ 90.4489746, 22.9787216 ], [ 90.4407501, 22.9805279 ], [ 90.4309464, 22.9917221 ], [ 90.4179993, 22.9929161 ], [ 90.3802795, 23.0018616 ], [ 90.3686142, 23.0024166 ], [ 90.360527, 22.9994164 ], [ 90.353302, 22.9932213 ], [ 90.3531952, 22.9895554 ], [ 90.3581085, 22.9729176 ], [ 90.359108, 22.9695282 ], [ 90.3609161, 22.9680004 ], [ 90.36638640000001, 22.9741116 ], [ 90.3680573, 22.9622498 ], [ 90.3789749, 22.9407768 ], [ 90.3761139, 22.9168053 ], [ 90.3806686, 22.9075546 ], [ 90.3734131, 22.902277 ], [ 90.366333, 22.8995285 ], [ 90.3630829, 22.8934727 ], [ 90.3607483, 22.8826103 ], [ 90.3574753, 22.8776665 ], [ 90.3386688, 22.8697491 ], [ 90.3358307, 22.8664436 ], [ 90.335052499999989, 22.8535557 ], [ 90.3322754, 22.8477497 ], [ 90.3359756, 22.8411942 ], [ 90.3602753, 22.8199158 ], [ 90.3726959, 22.7973614 ], [ 90.3792801, 22.7791939 ], [ 90.392334, 22.7671947 ], [ 90.3998642, 22.7644444 ], [ 90.4052811, 22.7648335 ], [ 90.407692, 22.7665272 ], [ 90.4041367, 22.7696114 ], [ 90.41642, 22.7718334 ], [ 90.4199982, 22.7751675 ], [ 90.4174728, 22.7771397 ], [ 90.3986969, 22.7758884 ], [ 90.3922501, 22.7809715 ], [ 90.3905563, 22.7822781 ], [ 90.3843613, 22.7898884 ], [ 90.3894424, 22.7928047 ], [ 90.389808699999989, 22.7964993 ], [ 90.3925552, 22.7958889 ], [ 90.3979187, 22.7843609 ], [ 90.4029999, 22.7803612 ], [ 90.4150848, 22.781889 ], [ 90.3951416, 22.7998886 ], [ 90.3931427, 22.8069172 ], [ 90.3949738, 22.818222 ], [ 90.3930588, 22.8232231 ], [ 90.38797, 22.8271942 ], [ 90.3842773, 22.8403893 ], [ 90.3843308, 22.8434162 ], [ 90.3844757, 22.8560276 ], [ 90.3875275, 22.8673611 ], [ 90.3926392, 22.8769169 ], [ 90.4083023, 22.8917503 ], [ 90.414444, 22.8975563 ], [ 90.4169693, 22.903389 ], [ 90.4153595, 22.9069996 ], [ 90.4172516, 22.9162502 ], [ 90.4238892, 22.9106941 ], [ 90.4247513, 22.9072781 ], [ 90.4218369, 22.8989449 ], [ 90.4127502, 22.8875008 ], [ 90.408775300000016, 22.882473 ], [ 90.39814, 22.8686104 ], [ 90.390274, 22.8527508 ], [ 90.3897781, 22.8389721 ], [ 90.3919983, 22.8326111 ], [ 90.3951111, 22.8281116 ], [ 90.3987808, 22.8296108 ], [ 90.402359, 22.8355827 ], [ 90.4058075, 22.8412781 ], [ 90.4118576, 22.8446941 ], [ 90.4217758, 22.8440838 ], [ 90.427803, 22.8417492 ], [ 90.4321671, 22.8372784 ], [ 90.4330826, 22.8324718 ], [ 90.4255524, 22.8216953 ], [ 90.4274445, 22.8166943 ], [ 90.434082, 22.811388 ], [ 90.4491425, 22.8051949 ], [ 90.4502792, 22.8082218 ], [ 90.4441681, 22.8197498 ], [ 90.4446945, 22.826416 ], [ 90.4544754, 22.8370285 ], [ 90.4574203, 22.8452225 ], [ 90.4625854, 22.8595562 ], [ 90.4670563, 22.8658886 ], [ 90.4736099, 22.8699722 ], [ 90.489502, 22.8755283 ], [ 90.505691500000012, 22.8730278 ], [ 90.5150299, 22.8746662 ], [ 90.5235519, 22.8788338 ], [ 90.5374985, 22.8911953 ], [ 90.5431366, 22.8996105 ], [ 90.5453339, 22.9077225 ], [ 90.5419998, 22.9186382 ], [ 90.5383301, 22.9387226 ], [ 90.541275, 22.9532776 ], [ 90.538887, 22.957777 ], [ 90.5286102, 22.961834 ], [ 90.5107498, 22.9693336 ], [ 90.4773865, 22.9880829 ], [ 90.4598923, 23.0001659 ], [ 90.4551086, 23.0016384 ], [ 90.4500275, 22.9985008 ], [ 90.449943499999989, 22.9938889 ], [ 90.4558029, 22.9819164 ], [ 90.4545822, 22.9745274 ], [ 90.4511948, 22.9721394 ] ], [ [ 90.6440811, 22.7950554 ], [ 90.6494446, 22.7967491 ], [ 90.6514435, 22.7979717 ], [ 90.66008, 22.8032494 ], [ 90.6620026, 22.8051109 ], [ 90.6628036, 22.8097496 ], [ 90.6603851, 22.8158607 ], [ 90.651947, 22.8150558 ], [ 90.6361923, 22.8135548 ], [ 90.6041641, 22.8024998 ], [ 90.6015244, 22.8001385 ], [ 90.5967255, 22.7910557 ], [ 90.5954742, 22.7886944 ], [ 90.5970535, 22.7862225 ], [ 90.5985565, 22.7863064 ], [ 90.608413700000014, 22.7867775 ], [ 90.6133347, 22.7851391 ], [ 90.6196671, 22.7830009 ], [ 90.623558, 22.7856388 ], [ 90.6272507, 22.7859726 ], [ 90.6296082, 22.7903614 ], [ 90.640358, 22.7937775 ], [ 90.641944900000013, 22.7961388 ], [ 90.6440811, 22.7950554 ] ], [ [ 90.4823914, 22.8670273 ], [ 90.4753876, 22.8617783 ], [ 90.46492, 22.8493061 ], [ 90.4607773, 22.8402214 ], [ 90.4623642, 22.8374996 ], [ 90.470024099999989, 22.8374996 ], [ 90.476387, 22.839777 ], [ 90.484581, 22.8395557 ], [ 90.4908905, 22.8356113 ], [ 90.4940262, 22.8237782 ], [ 90.4996414, 22.8188896 ], [ 90.5167465, 22.8116112 ], [ 90.5237198, 22.810194 ], [ 90.5280533, 22.8061943 ], [ 90.5300522, 22.7982216 ], [ 90.5333862, 22.7951107 ], [ 90.5488052, 22.7932777 ], [ 90.5568314, 22.7903061 ], [ 90.5682755, 22.7950001 ], [ 90.5766907, 22.8023891 ], [ 90.5758591, 22.8048897 ], [ 90.578804, 22.8058891 ], [ 90.5811081, 22.8105564 ], [ 90.5949478, 22.8111954 ], [ 90.600502, 22.8154716 ], [ 90.6068878, 22.8243885 ], [ 90.6175308, 22.831583 ], [ 90.6237793, 22.8400002 ], [ 90.6267471, 22.8440285 ], [ 90.6438065, 22.8594437 ], [ 90.6479416, 22.8687496 ], [ 90.6505814, 22.8862782 ], [ 90.649559, 22.8940563 ], [ 90.6398315, 22.903389 ], [ 90.606025699999989, 22.9214439 ], [ 90.5907516, 22.924305 ], [ 90.5868301, 22.9250278 ], [ 90.577308699999989, 22.9286385 ], [ 90.5575256, 22.9422779 ], [ 90.553497299999989, 22.9442215 ], [ 90.5483093, 22.9438324 ], [ 90.5449448, 22.941 ], [ 90.5429153, 22.9347229 ], [ 90.5521088, 22.9053898 ], [ 90.5501633, 22.8970833 ], [ 90.5456696, 22.8911953 ], [ 90.5395813, 22.8878059 ], [ 90.5333862, 22.8811951 ], [ 90.5303345, 22.8760548 ], [ 90.5328903, 22.874527 ], [ 90.5299988, 22.8716946 ], [ 90.5228577, 22.8700829 ], [ 90.5001907, 22.8671112 ], [ 90.4861374, 22.8670559 ], [ 90.4823914, 22.8670273 ] ], [ [ 90.4578857, 22.8100548 ], [ 90.4636688, 22.8076954 ], [ 90.4705811, 22.8074436 ], [ 90.4767227, 22.8090286 ], [ 90.4912186, 22.8191109 ], [ 90.4873886, 22.8228893 ], [ 90.4875565, 22.8323059 ], [ 90.4842529, 22.8342781 ], [ 90.4681702, 22.8344727 ], [ 90.458168, 22.8300285 ], [ 90.4547195, 22.829916 ], [ 90.4526138, 22.826416 ], [ 90.4524994, 22.8225269 ], [ 90.4578857, 22.8100548 ] ], [ [ 90.6906967, 22.8126106 ], [ 90.696945200000016, 22.8180828 ], [ 90.7004166, 22.8174992 ], [ 90.7025528, 22.820528 ], [ 90.7020569, 22.8276386 ], [ 90.6685867, 22.8296394 ], [ 90.6664734, 22.8261395 ], [ 90.6698303, 22.8221111 ], [ 90.674614, 22.8199444 ], [ 90.67600250000001, 22.8151665 ], [ 90.6815262, 22.8128052 ], [ 90.6863632, 22.8159447 ], [ 90.6906967, 22.8126106 ] ], [ [ 90.68367, 22.8452225 ], [ 90.6902237, 22.8484173 ], [ 90.6937485, 22.8538055 ], [ 90.6911926, 22.8562508 ], [ 90.6874695, 22.8570557 ], [ 90.6796417, 22.8543053 ], [ 90.670028699999989, 22.8457508 ], [ 90.6691666, 22.8416119 ], [ 90.670753499999989, 22.8388882 ], [ 90.6744995, 22.837862 ], [ 90.6757813, 22.8436394 ], [ 90.68367, 22.8452225 ] ], [ [ 90.6433868, 22.8500271 ], [ 90.6389999, 22.8478336 ], [ 90.6356964, 22.8446674 ], [ 90.6313324, 22.8404999 ], [ 90.632164, 22.8379993 ], [ 90.6367493, 22.8387508 ], [ 90.6453018, 22.8443336 ], [ 90.6469727, 22.8466949 ], [ 90.6453857, 22.8491669 ], [ 90.6433868, 22.8500271 ] ], [ [ 90.6660309, 22.8688049 ], [ 90.6724701, 22.8754444 ], [ 90.6740799, 22.8793888 ], [ 90.6724472, 22.8818893 ], [ 90.6713638, 22.8821106 ], [ 90.6607742, 22.8845005 ], [ 90.6554184, 22.8820553 ], [ 90.6536407, 22.8767223 ], [ 90.6519699, 22.8592224 ], [ 90.6482239, 22.853611 ], [ 90.6511383, 22.8498898 ], [ 90.651947, 22.8488617 ], [ 90.6521149, 22.8486671 ], [ 90.6583633, 22.8536663 ], [ 90.662307700000014, 22.85425 ], [ 90.6660309, 22.8688049 ] ], [ [ 90.3223343, 22.9661102 ], [ 90.3240051, 22.9621868 ], [ 90.3250275, 22.9597778 ], [ 90.3293076, 22.9578342 ], [ 90.3414993, 22.9568329 ], [ 90.3518295, 22.951416 ], [ 90.354858400000012, 22.9361382 ], [ 90.3607483, 22.9312496 ], [ 90.3680267, 22.9211674 ], [ 90.3707199, 22.9290562 ], [ 90.369194, 22.937027 ], [ 90.3651962, 22.944973 ], [ 90.3564148, 22.9623337 ], [ 90.3485031, 22.9689732 ], [ 90.3411942, 22.9721947 ], [ 90.3335037, 22.9724159 ], [ 90.3331604, 22.9723263 ], [ 90.3226929, 22.9695549 ], [ 90.3223343, 22.9661102 ] ], [ [ 90.3010254, 22.951889 ], [ 90.3131409, 22.9458618 ], [ 90.327476499999989, 22.9427204 ], [ 90.3306427, 22.942028 ], [ 90.3368301, 22.9419994 ], [ 90.339111300000013, 22.9404716 ], [ 90.348053, 22.939806 ], [ 90.3494186, 22.9430828 ], [ 90.3475266, 22.9473896 ], [ 90.3263321, 22.9513054 ], [ 90.3225784, 22.9531326 ], [ 90.3210297, 22.9538879 ], [ 90.3135529, 22.9685841 ], [ 90.3078079, 22.9704723 ], [ 90.3033905, 22.9689446 ], [ 90.2948303, 22.9663887 ], [ 90.2932205, 22.9626675 ], [ 90.297226, 22.9549999 ], [ 90.3010254, 22.951889 ] ], [ [ 90.638809200000011, 22.9634991 ], [ 90.6318054, 22.9651394 ], [ 90.6311111, 22.9632778 ], [ 90.6342468, 22.9589996 ], [ 90.6418076, 22.9551106 ], [ 90.643219, 22.9567509 ], [ 90.638809200000011, 22.9634991 ] ], [ [ 90.6923904, 22.968277 ], [ 90.680336, 22.9807777 ], [ 90.6765518, 22.9820557 ], [ 90.6549759, 22.9828053 ], [ 90.6484756, 22.9846668 ], [ 90.6481094, 22.9807491 ], [ 90.6631927, 22.9681396 ], [ 90.668251, 22.9639168 ], [ 90.6883621, 22.9553051 ], [ 90.6934967, 22.957056 ], [ 90.6928024, 22.9640007 ], [ 90.6923904, 22.968277 ] ], [ [ 90.3608627, 23.0111389 ], [ 90.4178619, 23.0182228 ], [ 90.4223022, 23.0187492 ], [ 90.4420853, 23.0198326 ], [ 90.4459457, 23.0224724 ], [ 90.4477463, 23.0280285 ], [ 90.4460297, 23.0412769 ], [ 90.4453506, 23.0431194 ], [ 90.437706, 23.0638008 ], [ 90.4368668, 23.0650597 ], [ 90.4371948, 23.0651951 ], [ 90.4367218, 23.066473 ], [ 90.4326096, 23.0911388 ], [ 90.4338074, 23.100111 ], [ 90.437027, 23.1068611 ], [ 90.4441147, 23.1169453 ], [ 90.452858, 23.1293888 ], [ 90.4565277, 23.1377506 ], [ 90.4604187, 23.1543884 ], [ 90.465919500000012, 23.1671944 ], [ 90.4523926, 23.191555 ], [ 90.4511948, 23.1977215 ], [ 90.4534149, 23.2115555 ], [ 90.4559708, 23.2171383 ], [ 90.4646149, 23.2254162 ], [ 90.4649735, 23.2220001 ], [ 90.4603348, 23.2124443 ], [ 90.4617462, 23.2078896 ], [ 90.4598923, 23.2039452 ], [ 90.4621964, 23.2026386 ], [ 90.4797745, 23.2316113 ], [ 90.4856949, 23.2464714 ], [ 90.4859161, 23.2614174 ], [ 90.4826965, 23.2757492 ], [ 90.4791946, 23.2908058 ], [ 90.480026200000012, 23.2954159 ], [ 90.4838638, 23.2994175 ], [ 90.4784698, 23.3038616 ], [ 90.4673615, 23.309473 ], [ 90.4551926, 23.3093338 ], [ 90.4327469, 23.3054447 ], [ 90.4235306, 23.3063049 ], [ 90.4122238, 23.3025284 ], [ 90.4149704, 23.3092785 ], [ 90.4117508, 23.3160553 ], [ 90.3930283, 23.3395824 ], [ 90.3748627, 23.3543892 ], [ 90.3544693, 23.3624725 ], [ 90.3339157, 23.3673611 ], [ 90.327003499999989, 23.3659992 ], [ 90.3108368, 23.3597507 ], [ 90.3025818, 23.3546658 ], [ 90.2985306, 23.3499718 ], [ 90.2974472, 23.3453331 ], [ 90.2940292, 23.3300838 ], [ 90.2866135, 23.3160839 ], [ 90.2813873, 23.3161659 ], [ 90.278862, 23.3172226 ], [ 90.2648315, 23.3133602 ], [ 90.265358, 23.3058052 ], [ 90.2630539, 23.3013611 ], [ 90.2582245, 23.2977772 ], [ 90.2399979, 23.2930565 ], [ 90.239418, 23.2889175 ], [ 90.2510529, 23.2901936 ], [ 90.252609299999989, 23.2881947 ], [ 90.2512207, 23.2851658 ], [ 90.2450027, 23.2856388 ], [ 90.2426147, 23.2830563 ], [ 90.2434692, 23.2734451 ], [ 90.2399445, 23.2675838 ], [ 90.2330017, 23.2607231 ], [ 90.220024099999989, 23.2561951 ], [ 90.2137527, 23.2554169 ], [ 90.2123642, 23.2552509 ], [ 90.189666699999989, 23.258194 ], [ 90.1798019, 23.2629452 ], [ 90.172142, 23.2619991 ], [ 90.2107773, 23.2240009 ], [ 90.2106934, 23.2194176 ], [ 90.2070847, 23.2096672 ], [ 90.1948853, 23.1975555 ], [ 90.1922226, 23.1965828 ], [ 90.1819153, 23.1928062 ], [ 90.1780548, 23.1892223 ], [ 90.175308199999989, 23.1833897 ], [ 90.1841965, 23.1708336 ], [ 90.1908035, 23.1738052 ], [ 90.198196400000015, 23.1813889 ], [ 90.2026367, 23.1886387 ], [ 90.2082214, 23.1922493 ], [ 90.2141953, 23.1915283 ], [ 90.2258072, 23.1861382 ], [ 90.2407227, 23.1719437 ], [ 90.2462463, 23.1698055 ], [ 90.2541962, 23.1631947 ], [ 90.2657242, 23.1601105 ], [ 90.2460251, 23.1422787 ], [ 90.2444458, 23.1378613 ], [ 90.2479706, 23.130167 ], [ 90.25383, 23.1253052 ], [ 90.2676926, 23.1195564 ], [ 90.2794189, 23.1176109 ], [ 90.2904739, 23.1207218 ], [ 90.279892, 23.1254444 ], [ 90.2724152, 23.1256676 ], [ 90.2718048, 23.1290836 ], [ 90.2669754, 23.1328335 ], [ 90.269058199999989, 23.1363335 ], [ 90.269531300000011, 23.1441669 ], [ 90.2729187, 23.1467781 ], [ 90.2728043, 23.145195 ], [ 90.2724152, 23.1396675 ], [ 90.2747803, 23.136055 ], [ 90.2902527, 23.1271381 ], [ 90.29953, 23.1237507 ], [ 90.3168335, 23.1116657 ], [ 90.3228607, 23.1024437 ], [ 90.3250809, 23.102972 ], [ 90.3303299, 23.1088886 ], [ 90.3325577, 23.1087227 ], [ 90.3309708, 23.1047783 ], [ 90.3316116, 23.0868893 ], [ 90.327446, 23.0785007 ], [ 90.3258591, 23.0678883 ], [ 90.322525, 23.0638885 ], [ 90.3113632, 23.057556200000011 ], [ 90.3087463, 23.0538063 ], [ 90.3119431, 23.0339451 ], [ 90.3111649, 23.0279446 ], [ 90.3128357, 23.0234165 ], [ 90.3161926, 23.0193882 ], [ 90.3214188, 23.0193329 ], [ 90.3255539, 23.0139446 ], [ 90.3266373, 23.0048046 ], [ 90.3298035, 22.9998055 ], [ 90.3316422, 22.9969158 ], [ 90.3312531, 22.9936943 ], [ 90.3263931, 22.9886894 ], [ 90.3257523, 22.9880276 ], [ 90.3246307, 22.984724 ], [ 90.3244171, 22.9840832 ], [ 90.3259964, 22.9815826 ], [ 90.3396378, 22.9818344 ], [ 90.3425827, 22.9818897 ], [ 90.345665, 22.9994164 ], [ 90.351387, 23.005806 ], [ 90.3608627, 23.0111389 ] ], [ [ 90.4395294, 23.0082779 ], [ 90.4342804, 23.0095005 ], [ 90.4198303, 23.0042229 ], [ 90.4177475, 23.0004997 ], [ 90.4223633, 22.9962769 ], [ 90.4294739, 22.9978619 ], [ 90.4418335, 23.0055828 ], [ 90.4395294, 23.0082779 ] ], [ [ 90.5661392, 23.0015278 ], [ 90.566947900000017, 23.006834 ], [ 90.5656509, 23.0132713 ], [ 90.5621643, 23.0305557 ], [ 90.5611954, 23.0440559 ], [ 90.5591126, 23.0467491 ], [ 90.5551147, 23.0480003 ], [ 90.5506668, 23.0403061 ], [ 90.541748, 23.0326939 ], [ 90.5353317, 23.0249176 ], [ 90.5357208, 23.0212784 ], [ 90.5565567, 22.9989452 ], [ 90.5628357, 22.9968338 ], [ 90.5661392, 23.0015278 ] ], [ [ 90.4081116, 23.0135002 ], [ 90.3919144, 23.0088882 ], [ 90.3929749, 23.0066109 ], [ 90.3974991, 23.0051384 ], [ 90.4051971, 23.005167 ], [ 90.4147797, 23.0074997 ], [ 90.4171677, 23.0098896 ], [ 90.4081116, 23.0135002 ] ], [ [ 90.5002747, 23.0213604 ], [ 90.5001907, 23.0160828 ], [ 90.5004425, 23.0156116 ], [ 90.5033875, 23.010416 ], [ 90.5045547, 23.012167 ], [ 90.5066681, 23.0153618 ], [ 90.504364, 23.0251389 ], [ 90.5002747, 23.0213604 ] ], [ [ 90.4960022, 23.0157223 ], [ 90.4866257, 23.030386 ], [ 90.4815292, 23.0383606 ], [ 90.4800034, 23.0407219 ], [ 90.4772491, 23.0419998 ], [ 90.4739151, 23.0375271 ], [ 90.4737701, 23.0353336 ], [ 90.4732742, 23.0278893 ], [ 90.4756393, 23.0238342 ], [ 90.4830017, 23.0187778 ], [ 90.4883575, 23.0124435 ], [ 90.4886932, 23.0120564 ], [ 90.4929199, 23.0117226 ], [ 90.4960022, 23.0157223 ] ], [ [ 90.2884979, 23.0313892 ], [ 90.306221, 23.0351391 ], [ 90.3078613, 23.0375004 ], [ 90.2952805, 23.0492496 ], [ 90.2918091, 23.049612 ], [ 90.2801361, 23.0435009 ], [ 90.2750854, 23.0389996 ], [ 90.2762222, 23.0351391 ], [ 90.2797775, 23.0329437 ], [ 90.2884979, 23.0313892 ] ], [ [ 90.4930801, 23.0569439 ], [ 90.4909744, 23.053194 ], [ 90.4968033, 23.0354729 ], [ 90.5048065, 23.0334167 ], [ 90.5063858, 23.0378342 ], [ 90.5051956, 23.0508881 ], [ 90.5082779, 23.0619717 ], [ 90.505722, 23.0637493 ], [ 90.503891, 23.0633602 ], [ 90.5032806, 23.0632229 ], [ 90.4977493, 23.0582218 ], [ 90.4930801, 23.0569439 ] ], [ [ 90.519836400000017, 23.0648613 ], [ 90.519249, 23.0600281 ], [ 90.5217514, 23.0527496 ], [ 90.5237198, 23.0523605 ], [ 90.5265579, 23.0634441 ], [ 90.5234146, 23.068861 ], [ 90.519836400000017, 23.0648613 ] ], [ [ 90.4693298, 23.1824436 ], [ 90.4713364, 23.1797504 ], [ 90.4826126, 23.1646938 ], [ 90.4866638, 23.1551952 ], [ 90.4907227, 23.1312218 ], [ 90.4888611, 23.1277218 ], [ 90.4811401, 23.121973 ], [ 90.4745255, 23.1192493 ], [ 90.4554749, 23.118 ], [ 90.4489136, 23.1138897 ], [ 90.4434738, 23.1068325 ], [ 90.4410858, 23.0975838 ], [ 90.4421921, 23.0939446 ], [ 90.4480591, 23.0961952 ], [ 90.448082, 23.0954723 ], [ 90.4481659, 23.0934448 ], [ 90.444191, 23.0868893 ], [ 90.4477463, 23.0555553 ], [ 90.4506912, 23.0565834 ], [ 90.4537506, 23.0614719 ], [ 90.4587784, 23.0804443 ], [ 90.4652481, 23.0944176 ], [ 90.4683609, 23.0970268 ], [ 90.472168, 23.0946388 ], [ 90.4757538, 23.0844173 ], [ 90.4847488, 23.0892773 ], [ 90.4844971, 23.0826111 ], [ 90.4875565, 23.0801659 ], [ 90.492195099999989, 23.0819168 ], [ 90.4991379, 23.1206112 ], [ 90.4998856, 23.1248341 ], [ 90.5063858, 23.1369724 ], [ 90.5077438, 23.1432056 ], [ 90.5078888, 23.1438885 ], [ 90.5052795, 23.1688328 ], [ 90.5029449, 23.1721935 ], [ 90.4962769, 23.1742764 ], [ 90.4888916, 23.1765842 ], [ 90.4724426, 23.1854992 ], [ 90.4690247, 23.1916103 ], [ 90.4686966, 23.2012215 ], [ 90.4653625, 23.1972218 ], [ 90.4643021, 23.1914444 ], [ 90.4693298, 23.1824436 ] ], [ [ 90.5169983, 23.0819721 ], [ 90.5208588, 23.085083 ], [ 90.5241089, 23.0913887 ], [ 90.5237808, 23.0934162 ], [ 90.5235291, 23.0993614 ], [ 90.5223312, 23.128027 ], [ 90.5206375, 23.1344166 ], [ 90.5185089, 23.1366253 ], [ 90.516777, 23.1384163 ], [ 90.5111694, 23.1357231 ], [ 90.5054703, 23.1284447 ], [ 90.5034714, 23.1215 ], [ 90.5029449, 23.1081657 ], [ 90.5002518, 23.1000557 ], [ 90.5008926, 23.0964165 ], [ 90.5041275, 23.0919704 ], [ 90.5066147, 23.0885563 ], [ 90.5082474, 23.0842495 ], [ 90.513053900000017, 23.0811672 ], [ 90.5169983, 23.0819721 ] ], [ [ 90.4570541, 23.1226387 ], [ 90.461525, 23.1220837 ], [ 90.4748077, 23.1323338 ], [ 90.4773865, 23.1301384 ], [ 90.4789963, 23.1329441 ], [ 90.479248, 23.1471672 ], [ 90.4752502, 23.1555271 ], [ 90.472168, 23.151083 ], [ 90.4690552, 23.1551113 ], [ 90.4645309, 23.1499443 ], [ 90.4604187, 23.1330547 ], [ 90.4623032, 23.1283054 ], [ 90.4570541, 23.1226387 ] ], [ [ 90.5338058, 23.1690006 ], [ 90.529747, 23.1718616 ], [ 90.529335, 23.1768894 ], [ 90.5332794, 23.1916943 ], [ 90.537056, 23.1973057 ], [ 90.5339737, 23.2001953 ], [ 90.531723, 23.2003613 ], [ 90.529029799999989, 23.1927223 ], [ 90.5214691, 23.1812496 ], [ 90.5221405, 23.1766663 ], [ 90.5317764, 23.1631947 ], [ 90.538887, 23.1443615 ], [ 90.5411682, 23.1432781 ], [ 90.5439148, 23.149334 ], [ 90.5441971, 23.1633339 ], [ 90.5492249, 23.1827774 ], [ 90.5467529, 23.1966953 ], [ 90.5449448, 23.1982498 ], [ 90.543525699999989, 23.1892509 ], [ 90.538749700000011, 23.1911659 ], [ 90.5368042, 23.1897507 ], [ 90.5352249, 23.1715565 ], [ 90.5338058, 23.1690006 ] ], [ [ 90.5756073, 23.208334 ], [ 90.5726395, 23.20825 ], [ 90.5693893, 23.2019444 ], [ 90.5709457, 23.1925831 ], [ 90.5662766, 23.1917496 ], [ 90.5541382, 23.1764717 ], [ 90.5545807, 23.1712227 ], [ 90.552803, 23.1649723 ], [ 90.5546646, 23.1611385 ], [ 90.5569458, 23.1600552 ], [ 90.5703049, 23.1751385 ], [ 90.5761414, 23.1787491 ], [ 90.5767746, 23.2037773 ], [ 90.5756073, 23.208334 ] ], [ [ 90.4803619, 23.3137779 ], [ 90.4937744, 23.2990284 ], [ 90.4970016, 23.2848053 ], [ 90.4981918, 23.2794437 ], [ 90.5004196, 23.2448616 ], [ 90.495224, 23.2300282 ], [ 90.4862213, 23.2178059 ], [ 90.4760818, 23.1948051 ], [ 90.478775, 23.1889172 ], [ 90.4947205, 23.1802216 ], [ 90.4979248, 23.1799278 ], [ 90.5004425, 23.1796951 ], [ 90.5023575, 23.1805286 ], [ 90.5050812, 23.1816673 ], [ 90.5117493, 23.1970272 ], [ 90.5199738, 23.2101116 ], [ 90.5329742, 23.2288609 ], [ 90.5408859, 23.2371387 ], [ 90.552002, 23.2741661 ], [ 90.5519714, 23.2821941 ], [ 90.5494995, 23.2894726 ], [ 90.5456924, 23.2918606 ], [ 90.5445251, 23.2961941 ], [ 90.5379715, 23.3063335 ], [ 90.5299988, 23.314806 ], [ 90.524971, 23.3236103 ], [ 90.518837, 23.3284721 ], [ 90.5098343, 23.3302498 ], [ 90.4833603, 23.3271675 ], [ 90.4711914, 23.3277226 ], [ 90.4621353, 23.3308887 ], [ 90.4511414, 23.3395004 ], [ 90.4505005, 23.3365002 ], [ 90.456665, 23.3265553 ], [ 90.4618301, 23.3182774 ], [ 90.4735565, 23.3169994 ], [ 90.4803619, 23.3137779 ] ], [ [ 90.554832499999989, 23.1925564 ], [ 90.5566406, 23.1903324 ], [ 90.5660553, 23.204834 ], [ 90.5569153, 23.2114449 ], [ 90.5543594, 23.205862 ], [ 90.5573578, 23.1983891 ], [ 90.554832499999989, 23.1925564 ] ], [ [ 90.5962524, 23.2286663 ], [ 90.5954437, 23.2311668 ], [ 90.5855255, 23.2228603 ], [ 90.5834732, 23.2179718 ], [ 90.5867462, 23.2162228 ], [ 90.58992, 23.2108059 ], [ 90.5922775, 23.2221394 ], [ 90.5962524, 23.2286663 ] ], [ [ 90.6130829, 23.2231941 ], [ 90.6141129, 23.2223053 ], [ 90.6165314, 23.2235279 ], [ 90.6188049, 23.229805 ], [ 90.6161118, 23.2363606 ], [ 90.6137772, 23.231472 ], [ 90.6130829, 23.2231941 ] ], [ [ 90.5578079, 23.2282219 ], [ 90.5704422, 23.2356949 ], [ 90.5730591, 23.2392216 ], [ 90.5651398, 23.2391663 ], [ 90.5631409, 23.2391663 ], [ 90.5622482, 23.2373333 ], [ 90.5578079, 23.2282219 ] ], [ [ 90.620697, 23.2617493 ], [ 90.6198349, 23.2580547 ], [ 90.623222399999989, 23.2388611 ], [ 90.628418, 23.2461395 ], [ 90.6332779, 23.2495003 ], [ 90.6333923, 23.2533894 ], [ 90.620697, 23.2617493 ] ], [ [ 90.581558199999989, 23.2598896 ], [ 90.5792465, 23.2543335 ], [ 90.5713348, 23.2467499 ], [ 90.5728302, 23.2456398 ], [ 90.5797195, 23.2474442 ], [ 90.5791931, 23.2437229 ], [ 90.5789413, 23.2419167 ], [ 90.5802765, 23.2389717 ], [ 90.5849457, 23.247612 ], [ 90.5853043, 23.2496662 ], [ 90.5859756, 23.2533894 ], [ 90.5837784, 23.2599716 ], [ 90.581558199999989, 23.2598896 ] ], [ [ 90.2286148, 23.2651672 ], [ 90.2327194, 23.2682781 ], [ 90.2371674, 23.2762222 ], [ 90.2304993, 23.2896938 ], [ 90.2334442, 23.2960835 ], [ 90.2383041, 23.2991943 ], [ 90.2531128, 23.3017502 ], [ 90.2573853, 23.3069172 ], [ 90.255722, 23.3116951 ], [ 90.2409744, 23.3208618 ], [ 90.2163086, 23.3299446 ], [ 90.2118301, 23.3300285 ], [ 90.2005539, 23.3262501 ], [ 90.1945038, 23.3285561 ], [ 90.180748, 23.3377781 ], [ 90.1765518, 23.3369446 ], [ 90.1724701, 23.3318062 ], [ 90.1713638, 23.3303604 ], [ 90.1483078, 23.3222771 ], [ 90.1208649, 23.2927227 ], [ 90.11586, 23.2934723 ], [ 90.1062469, 23.2982216 ], [ 90.100502, 23.2991657 ], [ 90.0968628, 23.2967777 ], [ 90.0907516, 23.2878609 ], [ 90.0892487, 23.2811394 ], [ 90.0911407, 23.2770824 ], [ 90.095192, 23.2749176 ], [ 90.0999146, 23.2748337 ], [ 90.1080017, 23.277277 ], [ 90.1092529, 23.2776661 ], [ 90.1189728, 23.2763615 ], [ 90.124527, 23.2738056 ], [ 90.1289139, 23.2691116 ], [ 90.1311417, 23.2632217 ], [ 90.1262207, 23.2486115 ], [ 90.1275864, 23.2454453 ], [ 90.1328354, 23.2442226 ], [ 90.1566391, 23.2452221 ], [ 90.1801147, 23.2409172 ], [ 90.1825867, 23.2414722 ], [ 90.1825027, 23.2435284 ], [ 90.1725845, 23.2498608 ], [ 90.165748600000015, 23.260416 ], [ 90.1643906, 23.2640553 ], [ 90.1661911, 23.2686939 ], [ 90.175087, 23.2696667 ], [ 90.1947479, 23.2618065 ], [ 90.2089996, 23.2588062 ], [ 90.2286148, 23.2651672 ] ], [ [ 90.5698624, 23.3180561 ], [ 90.5655823, 23.3197784 ], [ 90.5656967, 23.316555 ], [ 90.5688019, 23.3127499 ], [ 90.5699463, 23.307972 ], [ 90.5747528, 23.3060551 ], [ 90.5751419, 23.3085842 ], [ 90.5698624, 23.3180561 ] ], [ [ 90.4206085, 23.3181667 ], [ 90.4352188, 23.311945 ], [ 90.4532242, 23.3159447 ], [ 90.4538879, 23.3184719 ], [ 90.4505844, 23.3271103 ], [ 90.4438019, 23.33675 ], [ 90.4372253, 23.3544445 ], [ 90.4310532, 23.3597775 ], [ 90.3996964, 23.3760281 ], [ 90.3738022, 23.3863049 ], [ 90.3701935, 23.3877506 ], [ 90.3607483, 23.3947773 ], [ 90.3527222, 23.3970547 ], [ 90.349029500000015, 23.3964996 ], [ 90.3478317, 23.3943882 ], [ 90.3548355, 23.3870277 ], [ 90.357223499999989, 23.3823051 ], [ 90.3667526, 23.3798332 ], [ 90.3673019, 23.378027 ], [ 90.3641968, 23.3751659 ], [ 90.3716125, 23.3623047 ], [ 90.3838577, 23.3599453 ], [ 90.4069138, 23.3402214 ], [ 90.4145813, 23.3300285 ], [ 90.4160309, 23.3281116 ], [ 90.4206085, 23.3181667 ] ], [ [ 90.5498352, 23.3300838 ], [ 90.5449142, 23.3285561 ], [ 90.5472794, 23.3244991 ], [ 90.5583344, 23.3138046 ], [ 90.5608368, 23.3131943 ], [ 90.561775200000014, 23.3148327 ], [ 90.5525818, 23.3294716 ], [ 90.5498352, 23.3300838 ] ], [ [ 90.2012253, 23.3957787 ], [ 90.1990814, 23.3860836 ], [ 90.2021103, 23.3579445 ], [ 90.2056427, 23.3502502 ], [ 90.2156982, 23.34025 ], [ 90.2450256, 23.3260269 ], [ 90.2487793, 23.325222 ], [ 90.2489166, 23.3279991 ], [ 90.2377472, 23.3353062 ], [ 90.2361908, 23.3363056 ], [ 90.2297211, 23.3432217 ], [ 90.2208023, 23.3498058 ], [ 90.2137756, 23.358305 ], [ 90.213913, 23.3613052 ], [ 90.218170200000017, 23.3602772 ], [ 90.2333908, 23.344944 ], [ 90.2358093, 23.3399715 ], [ 90.2502747, 23.3316936 ], [ 90.2628632, 23.327055 ], [ 90.2708359, 23.3263893 ], [ 90.2756653, 23.3299713 ], [ 90.2844696, 23.3474731 ], [ 90.2957764, 23.3707504 ], [ 90.2964478, 23.3733063 ], [ 90.2943573, 23.3755283 ], [ 90.286026, 23.3796387 ], [ 90.3159714, 23.3826103 ], [ 90.3233643, 23.3849163 ], [ 90.331558199999989, 23.3844719 ], [ 90.3337479, 23.3859158 ], [ 90.3299408, 23.3947506 ], [ 90.321891799999989, 23.3979435 ], [ 90.3086929, 23.398695 ], [ 90.3041382, 23.4008331 ], [ 90.2932816, 23.4060001 ], [ 90.2427521, 23.4160004 ], [ 90.2381973, 23.4168892 ], [ 90.2225266, 23.4244442 ], [ 90.2223892, 23.4245548 ], [ 90.2041092, 23.43852810000001 ], [ 90.1835556, 23.4498062 ], [ 90.1825562, 23.436945 ], [ 90.1874695, 23.410944 ], [ 90.1941681, 23.402195 ], [ 90.1953354, 23.4006386 ], [ 90.2015839, 23.3992214 ], [ 90.2012253, 23.3957787 ] ], [ [ 90.5874176, 23.3412781 ], [ 90.5909729, 23.3393326 ], [ 90.5856934, 23.3556938 ], [ 90.583221400000014, 23.3551674 ], [ 90.5829163, 23.3498611 ], [ 90.5874176, 23.3412781 ] ], [ [ 90.4825592, 23.3429718 ], [ 90.4849472, 23.3460274 ], [ 90.4706421, 23.3584175 ], [ 90.4683075, 23.360445 ], [ 90.4622498, 23.3627777 ], [ 90.4530563, 23.3698616 ], [ 90.4463577, 23.3698616 ], [ 90.4467239, 23.3666668 ], [ 90.4654999, 23.3518887 ], [ 90.4776077, 23.3423615 ], [ 90.4825592, 23.3429718 ] ], [ [ 90.6774139, 23.3462219 ], [ 90.6816406, 23.3461113 ], [ 90.6782532, 23.3581657 ], [ 90.6741638, 23.354166 ], [ 90.6733627, 23.3486385 ], [ 90.6774139, 23.3462219 ] ], [ [ 90.5382233, 23.3496952 ], [ 90.5419693, 23.3557777 ], [ 90.5398865, 23.3589172 ], [ 90.5292511, 23.3648052 ], [ 90.5274734, 23.3583336 ], [ 90.5382233, 23.3496952 ] ], [ [ 90.4708633, 23.370945 ], [ 90.4767761, 23.3661938 ], [ 90.4856949, 23.3671665 ], [ 90.4863892, 23.3685551 ], [ 90.482055699999989, 23.3728886 ], [ 90.4796982, 23.3752499 ], [ 90.4828644, 23.377388 ], [ 90.4646683, 23.3854446 ], [ 90.4429703, 23.3950005 ], [ 90.435279799999989, 23.3947773 ], [ 90.4237747, 23.3903065 ], [ 90.4378357, 23.3785553 ], [ 90.4521408, 23.3748608 ], [ 90.464859, 23.3665276 ], [ 90.4678345, 23.3661671 ], [ 90.4698868, 23.3717232 ], [ 90.4708633, 23.370945 ] ], [ [ 90.3462524, 23.376667 ], [ 90.3363647, 23.3818893 ], [ 90.3205261, 23.3806953 ], [ 90.3059692, 23.3772774 ], [ 90.3026123, 23.3746395 ], [ 90.2988586, 23.3678608 ], [ 90.3011398, 23.3672504 ], [ 90.3147812, 23.3750286 ], [ 90.3214188, 23.376833 ], [ 90.3415833, 23.37538910000001 ], [ 90.3441086, 23.3738613 ], [ 90.3462524, 23.376667 ] ], [ [ 90.552948, 23.3900547 ], [ 90.547111500000014, 23.3864441 ], [ 90.544281, 23.3824444 ], [ 90.5444183, 23.3781109 ], [ 90.5463638, 23.3721943 ], [ 90.5486145, 23.3724995 ], [ 90.5479736, 23.3766117 ], [ 90.5501099, 23.3791943 ], [ 90.55336, 23.3783607 ], [ 90.5574188, 23.3690834 ], [ 90.560195900000011, 23.3673325 ], [ 90.5605545, 23.3716946 ], [ 90.552948, 23.3900547 ] ], [ [ 90.5805588, 23.3750286 ], [ 90.5744476, 23.3796673 ], [ 90.571418799999989, 23.3878326 ], [ 90.5774155, 23.415556 ], [ 90.5797806, 23.4195271 ], [ 90.5836411, 23.4155006 ], [ 90.584747299999989, 23.411417 ], [ 90.5891418, 23.4140549 ], [ 90.5905304, 23.4175282 ], [ 90.5871658, 23.4282227 ], [ 90.5851135, 23.4300003 ], [ 90.5814438, 23.4285278 ], [ 90.573555, 23.4198055 ], [ 90.5671387, 23.4111118 ], [ 90.5655823, 23.4055557 ], [ 90.5654449, 23.4012222 ], [ 90.5652237, 23.3945274 ], [ 90.571891799999989, 23.3743324 ], [ 90.5747223, 23.3711948 ], [ 90.5794754, 23.3701954 ], [ 90.5817795, 23.3681946 ], [ 90.5845032, 23.3687229 ], [ 90.5805588, 23.3750286 ] ], [ [ 90.191391, 23.3729725 ], [ 90.1939468, 23.3710003 ], [ 90.19664, 23.3717785 ], [ 90.1896362, 23.3859997 ], [ 90.1883316, 23.3811398 ], [ 90.191391, 23.3729725 ] ], [ [ 90.4983597, 23.388195 ], [ 90.4985809, 23.3959999 ], [ 90.4972763, 23.3967495 ], [ 90.4971085, 23.3968334 ], [ 90.4947815, 23.3981667 ], [ 90.4726944, 23.3979721 ], [ 90.4579163, 23.4011936 ], [ 90.4534454, 23.4010563 ], [ 90.4505844, 23.3977509 ], [ 90.4739151, 23.3844719 ], [ 90.4818344, 23.3851662 ], [ 90.490448, 23.3803883 ], [ 90.5009995, 23.3839169 ], [ 90.5004425, 23.3848057 ], [ 90.4983597, 23.388195 ] ], [ [ 90.4176636, 23.3939991 ], [ 90.4093323, 23.4047775 ], [ 90.3924179, 23.4058609 ], [ 90.3922501, 23.4030838 ], [ 90.3948593, 23.3999729 ], [ 90.3986359, 23.3982506 ], [ 90.402359, 23.3988056 ], [ 90.4072189, 23.3943882 ], [ 90.4129715, 23.3934174 ], [ 90.4176636, 23.3939991 ] ], [ [ 90.177002, 23.39913940000001 ], [ 90.1816635, 23.3935547 ], [ 90.1839752, 23.3986664 ], [ 90.1681671, 23.422472 ], [ 90.1657791, 23.419889500000011 ], [ 90.177002, 23.39913940000001 ] ], [ [ 90.1702805, 23.4257774 ], [ 90.1764984, 23.4188614 ], [ 90.1768036, 23.4245834 ], [ 90.1685867, 23.4385548 ], [ 90.1670303, 23.4336948 ], [ 90.1702805, 23.4257774 ] ], [ [ 90.57228090000001, 23.4495831 ], [ 90.568557700000014, 23.4416676 ], [ 90.5690002, 23.4359436 ], [ 90.5713043, 23.434166 ], [ 90.5730286, 23.434473 ], [ 90.575386, 23.4453049 ], [ 90.5742188, 23.4500828 ], [ 90.57228090000001, 23.4495831 ] ], [ [ 90.555748, 23.4454174 ], [ 90.5591126, 23.4489727 ], [ 90.5598297, 23.4572506 ], [ 90.5630035, 23.4584713 ], [ 90.5636673, 23.4683609 ], [ 90.5615006, 23.4806938 ], [ 90.5431366, 23.4794445 ], [ 90.5400848, 23.4750004 ], [ 90.5397491, 23.4701672 ], [ 90.5440292, 23.4542503 ], [ 90.5469437, 23.4490547 ], [ 90.5494461, 23.4488888 ], [ 90.5497208, 23.4548607 ], [ 90.5514755, 23.4544716 ], [ 90.555748, 23.4454174 ] ], [ [ 90.2248306, 23.4765835 ], [ 90.230278, 23.4705563 ], [ 90.2390823, 23.4676113 ], [ 90.2394714, 23.4701672 ], [ 90.2376633, 23.4723892 ], [ 90.225502, 23.4788895 ], [ 90.2248306, 23.4765835 ] ], [ [ 90.1900253, 23.5032501 ], [ 90.1857758, 23.5040283 ], [ 90.1838303, 23.5030556 ], [ 90.1834183, 23.5004997 ], [ 90.1865311, 23.4971676 ], [ 90.2005539, 23.4875278 ], [ 90.2035294, 23.4880562 ], [ 90.2039185, 23.490612 ], [ 90.1989746, 23.4973335 ], [ 90.1900253, 23.5032501 ] ], [ [ 90.6579971, 23.4933891 ], [ 90.6611099, 23.490028399999989 ], [ 90.669136, 23.4877491 ], [ 90.6820526, 23.4876671 ], [ 90.6879425, 23.4905834 ], [ 90.6904984, 23.4950275 ], [ 90.6888046, 23.5013885 ], [ 90.6819992, 23.5046387 ], [ 90.670723, 23.5139446 ], [ 90.6636963, 23.5167217 ], [ 90.645195, 23.504694 ], [ 90.64355470000001, 23.5019169 ], [ 90.6691132, 23.4955273 ], [ 90.6661682, 23.4949722 ], [ 90.6579971, 23.4933891 ] ], [ [ 90.6669464, 23.523222 ], [ 90.6774139, 23.5221672 ], [ 90.6829147, 23.521389 ], [ 90.6869202, 23.520834 ], [ 90.689003, 23.5174446 ], [ 90.6945572, 23.5157776 ], [ 90.6945801, 23.5158653 ], [ 90.6960526, 23.5219994 ], [ 90.6941147, 23.5286102 ], [ 90.6842804, 23.5400276 ], [ 90.6819458, 23.5500278 ], [ 90.6737518, 23.5573616 ], [ 90.6669693, 23.5661106 ], [ 90.6668625, 23.569334 ], [ 90.6742249, 23.5654163 ], [ 90.682663, 23.5580826 ], [ 90.6840286, 23.562027 ], [ 90.6786118, 23.5678329 ], [ 90.6736679, 23.5816669 ], [ 90.6656952, 23.5819168 ], [ 90.6611633, 23.5836105 ], [ 90.6599426, 23.5895271 ], [ 90.6567764, 23.5958672 ], [ 90.6527786, 23.6038666 ], [ 90.6516953, 23.6060276 ], [ 90.6413956, 23.6093025 ], [ 90.6371079, 23.6106663 ], [ 90.6319199, 23.6098328 ], [ 90.6212463, 23.6012497 ], [ 90.6010284, 23.5960827 ], [ 90.5954437, 23.5924721 ], [ 90.591774, 23.583416 ], [ 90.5852814, 23.5917225 ], [ 90.5706406, 23.5905838 ], [ 90.5657806, 23.5872231 ], [ 90.5631638, 23.5830269 ], [ 90.5636368, 23.5768604 ], [ 90.5660858, 23.5711937 ], [ 90.5700836, 23.5774994 ], [ 90.5718308, 23.5773335 ], [ 90.5734177, 23.5746117 ], [ 90.5719147, 23.5679169 ], [ 90.5739136, 23.560194 ], [ 90.5800247, 23.5628891 ], [ 90.580642700000013, 23.5601387 ], [ 90.5776138, 23.5536385 ], [ 90.588974, 23.5200272 ], [ 90.5884705, 23.513361 ], [ 90.5883636, 23.509222 ], [ 90.5852814, 23.5045547 ], [ 90.5851135, 23.4882774 ], [ 90.628669699999989, 23.5085831 ], [ 90.6341095, 23.5091953 ], [ 90.6396103, 23.5079727 ], [ 90.6495285, 23.5163059 ], [ 90.6575851, 23.5208893 ], [ 90.6669464, 23.523222 ] ], [ [ 90.6083298, 23.4921665 ], [ 90.6086655, 23.4896393 ], [ 90.6184158, 23.4883327 ], [ 90.6256943, 23.4933605 ], [ 90.6263351, 23.4961395 ], [ 90.6132202, 23.4945831 ], [ 90.6083298, 23.4921665 ] ], [ [ 90.6946411, 23.4978886 ], [ 90.6983337, 23.4920273 ], [ 90.7055588, 23.4991112 ], [ 90.7068329, 23.5051117 ], [ 90.7020264, 23.5148335 ], [ 90.6986923, 23.5035 ], [ 90.6946411, 23.4978886 ] ], [ [ 90.577446, 23.5153332 ], [ 90.5755539, 23.5198612 ], [ 90.5608063, 23.5363884 ], [ 90.5572815, 23.5383606 ], [ 90.5553589, 23.5359993 ], [ 90.5606689, 23.526083 ], [ 90.5726089, 23.5117493 ], [ 90.5753021, 23.5125275 ], [ 90.577446, 23.5153332 ] ], [ [ 90.7019196, 23.5256119 ], [ 90.7032471, 23.5522499 ], [ 90.694358799999989, 23.5503883 ], [ 90.6911926, 23.5484715 ], [ 90.6905518, 23.5452499 ], [ 90.7019196, 23.5256119 ] ], [ [ 90.550972, 23.5622501 ], [ 90.5541916, 23.5552502 ], [ 90.5594177, 23.5478325 ], [ 90.5667801, 23.5436935 ], [ 90.5565796, 23.5649452 ], [ 90.5520554, 23.5666389 ], [ 90.550972, 23.5622501 ] ], [ [ 90.4531937, 23.5489998 ], [ 90.4665833, 23.5500832 ], [ 90.469696, 23.5533886 ], [ 90.4749146, 23.5680008 ], [ 90.4730835, 23.5702496 ], [ 90.4698029, 23.5717506 ], [ 90.4602509, 23.5675564 ], [ 90.4530258, 23.5680275 ], [ 90.4397812, 23.5559444 ], [ 90.4393616, 23.5536385 ], [ 90.4434738, 23.5500832 ], [ 90.4531937, 23.5489998 ] ], [ [ 90.698555, 23.5587769 ], [ 90.6992188, 23.5613327 ], [ 90.696418799999989, 23.5637493 ], [ 90.6936417, 23.5641384 ], [ 90.6900253, 23.5605831 ], [ 90.6894989, 23.5578194 ], [ 90.6891937, 23.5562229 ], [ 90.6904984, 23.5544167 ], [ 90.6906509, 23.5544453 ], [ 90.6949463, 23.5552216 ], [ 90.698555, 23.5587769 ] ], [ [ 90.4428864, 23.5993614 ], [ 90.431030299999989, 23.6061382 ], [ 90.425087, 23.6052494 ], [ 90.4244461, 23.6027222 ], [ 90.4304733, 23.5894451 ], [ 90.4309158, 23.5884724 ], [ 90.4337769, 23.5706673 ], [ 90.433471700000013, 23.5580273 ], [ 90.4381409, 23.5597782 ], [ 90.4425812, 23.5674992 ], [ 90.4436417, 23.5734997 ], [ 90.4392776, 23.5907784 ], [ 90.443222, 23.5991669 ], [ 90.4428864, 23.5993614 ] ], [ [ 90.6804428, 23.579361 ], [ 90.6788635, 23.5747223 ], [ 90.682991, 23.5697613 ], [ 90.6848297, 23.5675564 ], [ 90.6863174, 23.5671082 ], [ 90.6883316, 23.5664997 ], [ 90.6905289, 23.5679436 ], [ 90.6804428, 23.579361 ] ], [ [ 90.418808, 23.5801105 ], [ 90.4257507, 23.5722504 ], [ 90.428497299999989, 23.5723324 ], [ 90.4281921, 23.5808048 ], [ 90.4257813, 23.5856953 ], [ 90.419891400000012, 23.5975285 ], [ 90.4121704, 23.6044159 ], [ 90.4039459, 23.6053047 ], [ 90.4035263, 23.6025562 ], [ 90.4067535, 23.5962219 ], [ 90.4080276, 23.5882225 ], [ 90.4174728, 23.5816383 ], [ 90.418808, 23.5801105 ] ], [ [ 90.6584702, 23.6553059 ], [ 90.659683199999989, 23.6541939 ], [ 90.6633301, 23.650861699999989 ], [ 90.6573639, 23.6442776 ], [ 90.657608, 23.6362495 ], [ 90.6535797, 23.6235275 ], [ 90.6554718, 23.6202507 ], [ 90.6639709, 23.6056118 ], [ 90.6654739, 23.6030006 ], [ 90.6684189, 23.5900269 ], [ 90.6819992, 23.5849171 ], [ 90.6955795, 23.5733604 ], [ 90.6990814, 23.573 ], [ 90.7075806, 23.5785275 ], [ 90.7152786, 23.5938892 ], [ 90.7174149, 23.5893612 ], [ 90.7284164, 23.5956383 ], [ 90.7289734, 23.5991116 ], [ 90.7329407, 23.6235275 ], [ 90.7358093, 23.6270561 ], [ 90.7480545, 23.6328888 ], [ 90.7516632, 23.6362228 ], [ 90.7558899, 23.6292229 ], [ 90.7598038, 23.6309452 ], [ 90.7599411, 23.6419449 ], [ 90.7396393, 23.6464176 ], [ 90.7324066, 23.6522446 ], [ 90.732223499999989, 23.6523895 ], [ 90.724220300000013, 23.6496105 ], [ 90.723609900000014, 23.6493893 ], [ 90.7134171, 23.6495552 ], [ 90.7066498, 23.6519089 ], [ 90.6988068, 23.6546383 ], [ 90.6900864, 23.6548615 ], [ 90.6866074, 23.6545277 ], [ 90.6810837, 23.6488609 ], [ 90.6768875, 23.647583 ], [ 90.6723633, 23.6497498 ], [ 90.6689911, 23.6541538 ], [ 90.6673889, 23.65625 ], [ 90.6613617, 23.657917 ], [ 90.6584702, 23.6553059 ] ], [ [ 90.4916382, 23.5802231 ], [ 90.4997482, 23.5827503 ], [ 90.5024185, 23.5851116 ], [ 90.4993362, 23.5879993 ], [ 90.4843597, 23.5822773 ], [ 90.4790573, 23.5844173 ], [ 90.471611, 23.5913048 ], [ 90.4687805, 23.6010838 ], [ 90.4626694, 23.604805 ], [ 90.456390399999989, 23.6062222 ], [ 90.4496384, 23.6047497 ], [ 90.4477463, 23.6043339 ], [ 90.4474716, 23.5912495 ], [ 90.4516907, 23.5771675 ], [ 90.4537506, 23.575388 ], [ 90.46013640000001, 23.5744991 ], [ 90.4648895, 23.576889 ], [ 90.4799423, 23.5736675 ], [ 90.4863586, 23.5745564 ], [ 90.4916382, 23.5802231 ] ], [ [ 90.0877762, 23.6174164 ], [ 90.0876389, 23.614666 ], [ 90.0966949, 23.6050835 ], [ 90.1142807, 23.5944176 ], [ 90.1146393, 23.5978603 ], [ 90.110054, 23.6068897 ], [ 90.091774, 23.6166115 ], [ 90.0877762, 23.6174164 ] ], [ [ 90.603302, 23.6098881 ], [ 90.6019135, 23.6061935 ], [ 90.6121674, 23.6053333 ], [ 90.6194687, 23.6099167 ], [ 90.6274414, 23.6239166 ], [ 90.6261368, 23.6259441 ], [ 90.6094437, 23.6116943 ], [ 90.603302, 23.6098881 ] ], [ [ 90.4176636, 23.6110001 ], [ 90.4098053, 23.6151104 ], [ 90.3908615, 23.6159172 ], [ 90.3893051, 23.6112785 ], [ 90.3923645, 23.6086121 ], [ 90.397857700000017, 23.6085548 ], [ 90.4049988, 23.610611 ], [ 90.4176636, 23.6110001 ] ], [ [ 90.6502762, 23.6477509 ], [ 90.6520538, 23.6513844 ], [ 90.6553879, 23.6581936 ], [ 90.663391100000013, 23.6641674 ], [ 90.6504974, 23.6631107 ], [ 90.6427536, 23.6569176 ], [ 90.6458359, 23.6538048 ], [ 90.643692, 23.648695 ], [ 90.6416931, 23.6438904 ], [ 90.6403046, 23.6405563 ], [ 90.639862100000016, 23.6316109 ], [ 90.6380615, 23.6270409 ], [ 90.637413, 23.6253891 ], [ 90.6371079, 23.6246395 ], [ 90.6316681, 23.6169167 ], [ 90.6369705, 23.6141109 ], [ 90.6474457, 23.613945 ], [ 90.649475099999989, 23.6197491 ], [ 90.6495285, 23.6219158 ], [ 90.6495285, 23.6219444 ], [ 90.6502762, 23.6477509 ] ], [ [ 90.4645844, 23.6348896 ], [ 90.4526672, 23.6488342 ], [ 90.441223100000016, 23.6621666 ], [ 90.4224701, 23.6785831 ], [ 90.418281600000014, 23.6844158 ], [ 90.405113200000017, 23.6906662 ], [ 90.3978882, 23.6982231 ], [ 90.3938065, 23.6990833 ], [ 90.3893585, 23.7000275 ], [ 90.3778076, 23.6955547 ], [ 90.3713303, 23.6955833 ], [ 90.3585815, 23.7039165 ], [ 90.3546982, 23.7088337 ], [ 90.3477783, 23.7143612 ], [ 90.3400803, 23.7205276 ], [ 90.3300858, 23.7213898 ], [ 90.3130035, 23.7323055 ], [ 90.3076401, 23.743166 ], [ 90.3085022, 23.7608337 ], [ 90.3002777, 23.7603607 ], [ 90.2952194, 23.7556114 ], [ 90.2926636, 23.7502499 ], [ 90.2915268, 23.7412777 ], [ 90.2876129, 23.732666 ], [ 90.283226, 23.7297783 ], [ 90.274025, 23.7292786 ], [ 90.2670593, 23.7272491 ], [ 90.2651672, 23.7266941 ], [ 90.2617493, 23.7243061 ], [ 90.2680283, 23.7164726 ], [ 90.2880249, 23.6726112 ], [ 90.295753499999989, 23.6657219 ], [ 90.3116379, 23.6604996 ], [ 90.3300247, 23.6473064 ], [ 90.345253, 23.6395283 ], [ 90.364502, 23.6300278 ], [ 90.376274099999989, 23.6271667 ], [ 90.3977509, 23.6253052 ], [ 90.3966141, 23.6289444 ], [ 90.3982773, 23.6315002 ], [ 90.3888321, 23.6378613 ], [ 90.389473, 23.6408615 ], [ 90.3853302, 23.6457787 ], [ 90.387802100000016, 23.6460838 ], [ 90.3933868, 23.6428337 ], [ 90.4056702, 23.6338062 ], [ 90.4149704, 23.6240005 ], [ 90.4153595, 23.6249161 ], [ 90.4165802, 23.6277218 ], [ 90.4203339, 23.6269169 ], [ 90.425415, 23.6305008 ], [ 90.4277496, 23.6356106 ], [ 90.4267807, 23.6413326 ], [ 90.4290009, 23.641861 ], [ 90.4349136, 23.6369724 ], [ 90.4321671, 23.6300278 ], [ 90.4238586, 23.6183052 ], [ 90.4381409, 23.6157494 ], [ 90.4362488, 23.6202774 ], [ 90.4381104, 23.6235561 ], [ 90.4462204, 23.6267776 ], [ 90.4643326, 23.6280003 ], [ 90.4645844, 23.6348896 ] ], [ [ 90.6841354, 23.6613331 ], [ 90.6759186, 23.6688881 ], [ 90.6724472, 23.6690273 ], [ 90.6694183, 23.6627502 ], [ 90.6737747, 23.6591949 ], [ 90.6760178, 23.6541252 ], [ 90.6764755, 23.6530838 ], [ 90.679695099999989, 23.6534176 ], [ 90.6800842, 23.654108 ], [ 90.6841354, 23.6613331 ] ], [ [ 90.725303700000012, 23.6733055 ], [ 90.7286682, 23.6768341 ], [ 90.7263641, 23.678833 ], [ 90.7124176, 23.6788883 ], [ 90.7038879, 23.6811676 ], [ 90.6989136, 23.6808052 ], [ 90.6912766, 23.6713886 ], [ 90.691864, 23.6688881 ], [ 90.6983871, 23.6665554 ], [ 90.701278699999989, 23.6627502 ], [ 90.7168045, 23.65975 ], [ 90.7199707, 23.6614437 ], [ 90.725303700000012, 23.6733055 ] ], [ [ 90.6579132, 23.6711121 ], [ 90.6640854, 23.673584 ], [ 90.6617203, 23.6765003 ], [ 90.6576691, 23.6793613 ], [ 90.6474152, 23.6797504 ], [ 90.6477509, 23.6779442 ], [ 90.6550293, 23.6756382 ], [ 90.6521149, 23.6741657 ], [ 90.652916, 23.6723614 ], [ 90.6579132, 23.6711121 ] ], [ [ 90.7298889, 23.6846676 ], [ 90.7318878, 23.6849442 ], [ 90.7334747, 23.6893616 ], [ 90.733055100000016, 23.6941662 ], [ 90.7228394, 23.7068119 ], [ 90.7205811, 23.7096119 ], [ 90.7145538, 23.7266388 ], [ 90.7023315, 23.7118607 ], [ 90.7041931, 23.7091389 ], [ 90.7094193, 23.7090836 ], [ 90.7074966, 23.7067223 ], [ 90.6983337, 23.7050838 ], [ 90.6954727, 23.6974163 ], [ 90.6928635, 23.6904716 ], [ 90.6945572, 23.6848049 ], [ 90.7005539, 23.6833611 ], [ 90.7164154, 23.685667 ], [ 90.7192764, 23.6823063 ], [ 90.7278061, 23.6875839 ], [ 90.7298889, 23.6846676 ] ], [ [ 89.934639, 23.6893616 ], [ 89.9318085, 23.6995277 ], [ 89.925445599999989, 23.7029438 ], [ 89.9182816, 23.7038879 ], [ 89.9129181, 23.7072773 ], [ 89.8987198, 23.7072773 ], [ 89.8981705, 23.7049999 ], [ 89.9020004, 23.7014446 ], [ 89.9180298, 23.6908054 ], [ 89.9280243, 23.6854439 ], [ 89.9319992, 23.6850834 ], [ 89.934639, 23.6893616 ] ], [ [ 89.862503100000012, 23.7120285 ], [ 89.8656082, 23.7067509 ], [ 89.870636, 23.7081947 ], [ 89.875946, 23.7072773 ], [ 89.8688583, 23.7137508 ], [ 89.8651352, 23.7143326 ], [ 89.862503100000012, 23.7120285 ] ], [ [ 90.3466415, 23.7315273 ], [ 90.3413315, 23.7334175 ], [ 90.3364182, 23.7323608 ], [ 90.3291397, 23.7270832 ], [ 90.3336639, 23.7251663 ], [ 90.341163600000016, 23.7246952 ], [ 90.3547211, 23.7150269 ], [ 90.3555298, 23.7196388 ], [ 90.3509979, 23.727972 ], [ 90.3466415, 23.7315273 ] ], [ [ 89.8652191, 23.7225838 ], [ 89.8745804, 23.7189446 ], [ 89.8686142, 23.7270565 ], [ 89.8651657, 23.7276115 ], [ 89.8641129, 23.7265282 ], [ 89.8652191, 23.7225838 ] ], [ [ 89.8513336, 23.7308331 ], [ 89.8514709, 23.728056 ], [ 89.8582764, 23.7234993 ], [ 89.8622513, 23.7228889 ], [ 89.8568039, 23.7306385 ], [ 89.8536148, 23.7316666 ], [ 89.8513336, 23.7308331 ] ], [ [ 90.2481918, 23.734417 ], [ 90.2522202, 23.7466946 ], [ 90.2518311, 23.7712231 ], [ 90.2441101, 23.7911663 ], [ 90.2415848, 23.7919998 ], [ 90.2408905, 23.7910004 ], [ 90.2252808, 23.7685547 ], [ 90.2118301, 23.7550564 ], [ 90.2118073, 23.7543602 ], [ 90.2117462, 23.7507229 ], [ 90.220665, 23.7379169 ], [ 90.223526, 23.728138 ], [ 90.2258911, 23.7250004 ], [ 90.2323303, 23.7252216 ], [ 90.2444153, 23.7290287 ], [ 90.2481918, 23.734417 ] ], [ [ 89.7965851, 23.7380829 ], [ 89.7904129, 23.7596111 ], [ 89.7868347, 23.7638607 ], [ 89.7842484, 23.7614174 ], [ 89.7825012, 23.7541389 ], [ 89.784919699999989, 23.7451115 ], [ 89.7860031, 23.7414169 ], [ 89.7935028, 23.734972 ], [ 89.8001099, 23.7322502 ], [ 89.8006668, 23.7336121 ], [ 89.7965851, 23.7380829 ] ], [ [ 89.758697500000011, 23.7631397 ], [ 89.769249, 23.7533894 ], [ 89.7702484, 23.7524719 ], [ 89.769363399999989, 23.7492771 ], [ 89.7712479, 23.7462502 ], [ 89.7790527, 23.7420826 ], [ 89.7806702, 23.7447777 ], [ 89.7777481, 23.7538338 ], [ 89.778862, 23.7636395 ], [ 89.7744751, 23.7660828 ], [ 89.7786407, 23.7709999 ], [ 89.7758026, 23.7887497 ], [ 89.7731705, 23.7913342 ], [ 89.7675247, 23.7931385 ], [ 89.7600555, 23.8000278 ], [ 89.7460251, 23.8048325 ], [ 89.7437515, 23.8037491 ], [ 89.7426376, 23.800806 ], [ 89.7518616, 23.7872219 ], [ 89.7583313, 23.773695 ], [ 89.7566681, 23.7691669 ], [ 89.758697500000011, 23.7631397 ] ], [ [ 89.703804, 23.7875824 ], [ 89.7324142, 23.7798061 ], [ 89.7410278, 23.7774715 ], [ 89.742363, 23.7792492 ], [ 89.7309723, 23.7947502 ], [ 89.7180252, 23.8015842 ], [ 89.6929703, 23.8041935 ], [ 89.6854706, 23.8039722 ], [ 89.6826401, 23.8010826 ], [ 89.6823044, 23.7919159 ], [ 89.6851959, 23.7895565 ], [ 89.703804, 23.7875824 ] ], [ [ 89.6372528, 23.7995281 ], [ 89.6340561, 23.7936668 ], [ 89.6375275, 23.7862225 ], [ 89.6411972, 23.784277 ], [ 89.6473923, 23.7840824 ], [ 89.6656647, 23.7865009 ], [ 89.6685028, 23.7872772 ], [ 89.6752243, 23.7891674 ], [ 89.6763077, 23.7911949 ], [ 89.6740265, 23.7972221 ], [ 89.6753922, 23.8006382 ], [ 89.6715546, 23.8044167 ], [ 89.6648026, 23.8039436 ], [ 89.6556091, 23.8046951 ], [ 89.6436081, 23.8032227 ], [ 89.6372528, 23.7995281 ] ], [ [ 89.5107803, 23.7866669 ], [ 89.5154724, 23.7856102 ], [ 89.5252533, 23.8084717 ], [ 89.5324707, 23.815361 ], [ 89.528862, 23.8186951 ], [ 89.5236359, 23.818861 ], [ 89.5205002, 23.8219166 ], [ 89.5070038, 23.8200283 ], [ 89.4900818, 23.8207779 ], [ 89.4879456, 23.8167229 ], [ 89.4921112, 23.807888 ], [ 89.502586400000013, 23.7942772 ], [ 89.5107803, 23.7866669 ] ], [ [ 89.6167221, 23.8033886 ], [ 89.6200256, 23.8055553 ], [ 89.6160278, 23.8114166 ], [ 89.607666, 23.8146667 ], [ 89.5949707, 23.8150558 ], [ 89.5704422, 23.8116665 ], [ 89.5574722, 23.805584 ], [ 89.5654449, 23.8040276 ], [ 89.566864, 23.8019447 ], [ 89.562805200000014, 23.7999992 ], [ 89.5505829, 23.7994442 ], [ 89.546524, 23.7972775 ], [ 89.549942, 23.7951107 ], [ 89.5658875, 23.7959995 ], [ 89.5768051, 23.8013897 ], [ 89.597557099999989, 23.803278 ], [ 89.5991135, 23.8055286 ], [ 89.6167221, 23.8033886 ] ], [ [ 90.158554099999989, 23.8212509 ], [ 90.1436386, 23.826973 ], [ 90.1391373, 23.8341675 ], [ 90.1375275, 23.8397217 ], [ 90.1319733, 23.8589439 ], [ 90.123642, 23.8683052 ], [ 90.1170807, 23.870388 ], [ 90.114364600000016, 23.869833 ], [ 90.1139755, 23.867527 ], [ 90.117332499999989, 23.8637505 ], [ 90.1180573, 23.8580284 ], [ 90.1157227, 23.8540554 ], [ 90.0988922, 23.8509998 ], [ 90.092308, 23.8468895 ], [ 90.0872192, 23.8364162 ], [ 90.0983582, 23.8317223 ], [ 90.1017227, 23.8288326 ], [ 90.1043091, 23.8330555 ], [ 90.1138077, 23.8251114 ], [ 90.1146698, 23.8247509 ], [ 90.1249466, 23.8206387 ], [ 90.1342239, 23.8120003 ], [ 90.1429443, 23.8122768 ], [ 90.151001, 23.8164444 ], [ 90.1619415, 23.8167782 ], [ 90.182251, 23.8071117 ], [ 90.1869202, 23.8086395 ], [ 90.2002258, 23.8195839 ], [ 90.205360399999989, 23.8220558 ], [ 90.2116089, 23.8215561 ], [ 90.2159729, 23.8182507 ], [ 90.221336400000013, 23.8074169 ], [ 90.2236099, 23.8068047 ], [ 90.2279968, 23.809473 ], [ 90.2320251, 23.8148613 ], [ 90.2337799, 23.8213329 ], [ 90.2324142, 23.8244991 ], [ 90.2146683, 23.8333607 ], [ 90.2026138, 23.8355007 ], [ 90.1939163, 23.8347492 ], [ 90.1804199, 23.8226395 ], [ 90.1760025, 23.8211117 ], [ 90.158554099999989, 23.8212509 ] ], [ [ 89.7248611, 23.8790836 ], [ 89.7310867, 23.8788891 ], [ 89.7346954, 23.8824444 ], [ 89.7251968, 23.8882504 ], [ 89.719223, 23.8955555 ], [ 89.7101364, 23.919445 ], [ 89.7055817, 23.9241657 ], [ 89.6972198, 23.9274158 ], [ 89.691169699999989, 23.9319725 ], [ 89.68853, 23.9281387 ], [ 89.6883087, 23.9217491 ], [ 89.6894989, 23.9139175 ], [ 89.6953049, 23.9025002 ], [ 89.7007751, 23.8954449 ], [ 89.7129745, 23.886694 ], [ 89.7141418, 23.8858337 ], [ 89.7248611, 23.8790836 ] ], [ [ 89.3463058, 23.8844719 ], [ 89.3478851, 23.8867226 ], [ 89.34478, 23.8902493 ], [ 89.3147202, 23.8929443 ], [ 89.3139191, 23.8911381 ], [ 89.317749, 23.8866673 ], [ 89.3280258, 23.8813324 ], [ 89.3342209, 23.8806953 ], [ 89.3463058, 23.8844719 ] ], [ [ 89.3175583, 23.910305 ], [ 89.316169699999989, 23.9059715 ], [ 89.3125305, 23.9019718 ], [ 89.3149185, 23.8989162 ], [ 89.3441925, 23.8955269 ], [ 89.3518295, 23.8925552 ], [ 89.3555832, 23.892889 ], [ 89.3619461, 23.8966103 ], [ 89.3668365, 23.9017506 ], [ 89.3662796, 23.9070282 ], [ 89.373085, 23.9160004 ], [ 89.3756638, 23.919138 ], [ 89.3786926, 23.9275284 ], [ 89.3752747, 23.9363327 ], [ 89.3709183, 23.940361 ], [ 89.3637772, 23.9428616 ], [ 89.3314972, 23.9428215 ], [ 89.3189163, 23.9428062 ], [ 89.3073349, 23.9399452 ], [ 89.2906113, 23.9388332 ], [ 89.2904739, 23.9349442 ], [ 89.2930527, 23.9300556 ], [ 89.297637900000012, 23.9260006 ], [ 89.3041687, 23.9153328 ], [ 89.3087463, 23.907806399999988 ], [ 89.3112259, 23.9074993 ], [ 89.3150864, 23.9108334 ], [ 89.3175583, 23.910305 ] ], [ [ 89.3881683, 23.9136944 ], [ 89.3930283, 23.91675 ], [ 89.3991928, 23.9178886 ], [ 89.4094162, 23.9158058 ], [ 89.4108429, 23.9195137 ], [ 89.4108582, 23.9195557 ], [ 89.4107895, 23.9195957 ], [ 89.3980255, 23.9267216 ], [ 89.393837, 23.9223881 ], [ 89.3821945, 23.9226112 ], [ 89.377304099999989, 23.9176941 ], [ 89.3758087, 23.912056 ], [ 89.3791122, 23.9063339 ], [ 89.3881683, 23.9136944 ] ], [ [ 89.679451, 23.9163895 ], [ 89.6725845, 23.9406662 ], [ 89.6644516, 23.9422779 ], [ 89.6611481, 23.9383354 ], [ 89.6775055, 23.9106941 ], [ 89.6795883, 23.9138603 ], [ 89.679451, 23.9163895 ] ], [ [ 89.2366409, 23.9344444 ], [ 89.229805, 23.9463329 ], [ 89.2327805, 23.9464722 ], [ 89.243309, 23.9355564 ], [ 89.2448349, 23.9339714 ], [ 89.247779799999989, 23.9325008 ], [ 89.250526400000012, 23.9331112 ], [ 89.2520676, 23.9360466 ], [ 89.2524185, 23.9367218 ], [ 89.2496109, 23.9423046 ], [ 89.2451248, 23.9470692 ], [ 89.2382812, 23.9543343 ], [ 89.2314453, 23.9586391 ], [ 89.224556, 23.9606953 ], [ 89.1938858, 23.9611111 ], [ 89.19132230000001, 23.9603024 ], [ 89.1865845, 23.9588051 ], [ 89.1824722, 23.9547787 ], [ 89.185585, 23.9512501 ], [ 89.2189407, 23.9341965 ], [ 89.2240524, 23.9315834 ], [ 89.2320023, 23.930666 ], [ 89.2358093, 23.9321671 ], [ 89.2366409, 23.9344444 ] ], [ [ 86.347111, 19.972472 ], [ 86.353333, 19.963722 ], [ 86.360389, 19.971611 ], [ 86.357472, 19.97625 ], [ 86.347083, 19.974139 ], [ 86.347111, 19.972472 ] ], [ [ 86.362056, 19.969139 ], [ 86.371667, 19.96125 ], [ 86.374583, 19.961667 ], [ 86.367472, 19.973694 ], [ 86.362083, 19.972472 ], [ 86.362056, 19.969139 ] ], [ [ 86.231639, 19.904583 ], [ 86.23875, 19.9125 ], [ 86.225444, 19.9075 ], [ 86.225444, 19.906639 ], [ 86.231639, 19.904583 ] ], [ [ 86.336222, 19.989139 ], [ 86.33625, 19.984944 ], [ 86.339611, 19.984167 ], [ 86.336222, 19.989139 ] ], [ [ 86.327944, 19.984972 ], [ 86.325, 19.98875 ], [ 86.322917, 19.987472 ], [ 86.322917, 19.986611 ], [ 86.327944, 19.984972 ] ], [ [ 86.740833, 20.525361 ], [ 86.739556, 20.524167 ], [ 86.742917, 20.523306 ], [ 86.740833, 20.525361 ] ], [ [ 86.242083, 19.914167 ], [ 86.242028, 19.9125 ], [ 86.244611, 19.913306 ], [ 86.242083, 19.914167 ] ], [ [ 86.2375, 19.915417 ], [ 86.237111, 19.915 ], [ 86.240389, 19.914972 ], [ 86.2375, 19.915417 ] ] ] ] } }
]
}
