{
"type": "FeatureCollection",
"name": "Hydrophis_pacificus",
"crs": { "type": "name", "properties": { "name": "urn:ogc:def:crs:OGC:1.3:CRS84" } },
"features": [
{ "type": "Feature", "properties": { "species": "Hydrophis pacificus", "EOO_km2": 80914.58468651431, "AOO_km2": 80796.0 }, "geometry": { "type": "MultiPolygon", "coordinates": [ [ [ [ 148.391264958913268, -5.450369408063843 ], [ 148.391670046671948, -5.445149137845577 ], [ 148.392129777762165, -5.439933395849597 ], [ 148.392644101769207, -5.434722754040787 ], [ 148.39321296229167, -5.429517783824742 ], [ 148.393836296947569, -5.4243190559851 ], [ 148.394514037381271, -5.419127140620952 ], [ 148.395246109270857, -5.413942607084326 ], [ 148.396032432336426, -5.40876602391775 ], [ 148.396872920348784, -5.403597958791901 ], [ 148.39776748113897, -5.398438978443361 ], [ 148.398716016608262, -5.393289648612458 ], [ 148.399718422739085, -5.388150533981239 ], [ 148.400774589606328, -5.383022198111536 ], [ 148.401884401389367, -5.377905203383165 ], [ 148.403047736384821, -5.372800110932264 ], [ 148.404264467019942, -5.367707480589749 ], [ 148.405534459866459, -5.362627870819925 ], [ 148.406857575655408, -5.357561838659246 ], [ 148.408233669292144, -5.352509939655227 ], [ 148.409662589872568, -5.347472727805523 ], [ 148.411144180699409, -5.342450755497179 ], [ 148.412678279299513, -5.337444573446049 ], [ 148.414264717441739, -5.332454730636413 ], [ 148.415903321155213, -5.327481774260762 ], [ 148.417593910748565, -5.322526249659803 ], [ 148.419336300829656, -5.317588700262655 ], [ 148.421130300325729, -5.312669667527247 ], [ 148.422975712504552, -5.307769690880953 ], [ 148.424872334995854, -5.302889307661429 ], [ 148.426819959813628, -5.298029053057693 ], [ 148.428818373378846, -5.293189460051432 ], [ 148.430867356542961, -5.288371059358556 ], [ 148.43296668461187, -5.283574379371 ], [ 148.435116127370605, -5.278799946098777 ], [ 148.437315449108524, -5.2740482831123 ], [ 148.439564408645225, -5.269319911484962 ], [ 148.441862759356951, -5.264615349735993 ], [ 148.444210249203621, -5.259935113773607 ], [ 148.446606620756569, -5.255279716838419 ], [ 148.449051611226622, -5.250649669447162 ], [ 148.451544952493037, -5.24604547933671 ], [ 148.454086371132831, -5.241467651408394 ], [ 148.456675588450793, -5.236916687672633 ], [ 148.459312320510122, -5.232393087193883 ], [ 148.461996278163383, -5.227897346035917 ], [ 148.464727167084391, -5.223429957207412 ], [ 148.467504687800385, -5.218991410607898 ], [ 148.470328535724974, -5.214582192974026 ], [ 148.473198401191354, -5.210202787826199 ], [ 148.476113969486448, -5.20585367541554 ], [ 148.479074920885353, -5.201535332671237 ], [ 148.482080930686351, -5.197248233148234 ], [ 148.485131669246641, -5.192992846975307 ], [ 148.488226802018318, -5.188769640803501 ], [ 148.491365989585233, -5.184579077754965 ], [ 148.494548887700063, -5.180421617372161 ], [ 148.497775147322159, -5.176297715567471 ], [ 148.501044414655809, -5.172207824573198 ], [ 148.504356331189001, -5.16815239289198 ], [ 148.507710533732791, -5.164131865247602 ], [ 148.511106654461059, -5.160146682536225 ], [ 148.514544320950876, -5.156197281778044 ], [ 148.518023156223364, -5.152284096069357 ], [ 148.52154277878509, -5.148407554535075 ], [ 148.525102802669721, -5.144568082281663 ], [ 148.528702837480552, -5.140766100350518 ], [ 148.532342488433187, -5.137002025671806 ], [ 148.536021356398891, -5.133276271018731 ], [ 148.539739037948323, -5.129589244962276 ], [ 148.543495125395793, -5.125941351826397 ], [ 148.547289206844027, -5.122332991643685 ], [ 148.551120866229212, -5.118764560111498 ], [ 148.554989683366699, -5.115236448548564 ], [ 148.558895233997134, -5.111749043852074 ], [ 148.56283708983284, -5.108302728455254 ], [ 148.566814818604939, -5.104897880285423 ], [ 148.570827984110622, -5.10153487272255 ], [ 148.574876146261062, -5.098214074558316 ], [ 148.578958861129706, -5.094935849955658 ], [ 148.583075681000793, -5.091700558408847 ], [ 148.587226154418687, -5.088508554704061 ], [ 148.591409826237168, -5.085360188880475 ], [ 148.595626237669507, -5.082255806191882 ], [ 148.599874926338657, -5.079195747068826 ], [ 148.60415542632802, -5.076180347081273 ], [ 148.608467268232545, -5.073209936901813 ], [ 148.612809979210198, -5.070284842269396 ], [ 148.617183083033751, -5.067405383953611 ], [ 148.621586100143105, -5.06457187771951 ], [ 148.626018547697811, -5.061784634292983 ], [ 148.63047993963005, -5.059043959326681 ], [ 148.634969786697894, -5.056350153366499 ], [ 148.639487596539084, -5.053703511818616 ], [ 148.644032873724768, -5.051104324917103 ], [ 148.648605119814164, -5.048552877692096 ], [ 148.653203833408924, -5.046049449938532 ], [ 148.657828510208304, -5.043594316185477 ], [ 148.662478643064333, -5.041187745666015 ], [ 148.667153722037568, -5.038830002287721 ], [ 148.671853234452925, -5.036521344603726 ], [ 148.676576664955888, -5.034262025784362 ], [ 148.681323495569103, -5.032052293589398 ], [ 148.686093205749074, -5.02989239034087 ], [ 148.690885272443353, -5.02778255289651 ], [ 148.695699170147776, -5.025723012623768 ], [ 148.700534370964277, -5.023713995374445 ], [ 148.705390344658582, -5.021755721459921 ], [ 148.710266558718416, -5.019848405626999 ], [ 148.715162478411997, -5.017992257034354 ], [ 148.720077566846527, -5.016187479229595 ], [ 148.725011285027222, -5.014434270126948 ], [ 148.729963091916233, -5.012732821985546 ], [ 148.734932444492159, -5.011083321388353 ], [ 148.736642377577709, -5.010535546422579 ], [ 148.740236921049046, -5.008906857784297 ], [ 148.745051323575609, -5.006786217750776 ], [ 148.749887771663111, -5.004716349219585 ], [ 148.754745729905409, -5.002697481330022 ], [ 148.759624660515158, -5.000729837575493 ], [ 148.764524023383302, -4.998813635778773 ], [ 148.769443276138901, -4.996949088067892 ], [ 148.774381874209126, -4.995136400852648 ], [ 148.779339270879603, -4.993375774801767 ], [ 148.784314917354919, -4.991667404820677 ], [ 148.789308262819333, -4.990011480029938 ], [ 148.794318754497795, -4.988408183744305 ], [ 148.799345837717141, -4.986857693452434 ], [ 148.804388955967511, -4.985360180797234 ], [ 148.809447550963853, -4.983915811556864 ], [ 148.814521062707854, -4.982524745626385 ], [ 148.819608929549901, -4.981187137000054 ], [ 148.824710588251179, -4.979903133754283 ], [ 148.827561314014304, -4.979217464156657 ], [ 148.828920879290706, -4.978830191684329 ], [ 148.834004521552259, -4.977439876852738 ], [ 148.83910253603986, -4.976103223472562 ], [ 148.844214356335641, -4.974820380053441 ], [ 148.849339414487901, -4.973591489126433 ], [ 148.854477141074085, -4.972416687228172 ], [ 148.859626965264113, -4.9712961048857 ], [ 148.86478831488381, -4.970229866601963 ], [ 148.869960616478437, -4.969218090841981 ], [ 148.875143295376489, -4.968260890019681 ], [ 148.880335775753395, -4.967358370485411 ], [ 148.885537480695689, -4.966510632514126 ], [ 148.890747832264879, -4.965717770294239 ], [ 148.895966251561902, -4.964979871917165 ], [ 148.901192158791275, -4.964297019367527 ], [ 148.906424973325528, -4.963669288514053 ], [ 148.911664113769831, -4.963096749101139 ], [ 148.916908998026457, -4.962579464741106 ], [ 148.9221590433595, -4.962117492907132 ], [ 148.927413666459671, -4.961710884926863 ], [ 148.932672283509021, -4.961359685976714 ], [ 148.937934310245907, -4.961063935076844 ], [ 148.943199162029799, -4.960823665086829 ], [ 148.963171162029795, -4.960017665086828 ], [ 148.968399821949959, -4.959834049557777 ], [ 148.973630116909732, -4.959705154805389 ], [ 148.978861474242024, -4.959630994942401 ], [ 148.984093321163442, -4.959611578088604 ], [ 148.989325084836992, -4.959646906369961 ], [ 148.9945561924348, -4.95973697591836 ], [ 148.999786071200816, -4.959881776872053 ], [ 149.005014148513538, -4.960081293376726 ], [ 149.010239851948711, -4.960335503587237 ], [ 149.015462609341967, -4.960644379670009 ], [ 149.020681848851552, -4.961007887806078 ], [ 149.025896999020858, -4.961425988194794 ], [ 149.031107488841002, -4.961898635058178 ], [ 149.036312747813412, -4.962425776645939 ], [ 149.041512206012186, -4.963007355241134 ], [ 149.046705294146648, -4.963643307166493 ], [ 149.051891443623447, -4.964333562791387 ], [ 149.057070086609031, -4.965078046539452 ], [ 149.062240656091745, -4.96587667689687 ], [ 149.067402585943881, -4.966729366421283 ], [ 149.072555310983688, -4.967636021751379 ], [ 149.077698267037249, -4.968596543617105 ], [ 149.082830891000242, -4.96961082685054 ], [ 149.087952620899699, -4.970678760397412 ], [ 149.093062895955313, -4.971800227329252 ], [ 149.098161156641083, -4.972975104856201 ], [ 149.103246844746423, -4.974203264340451 ], [ 149.108319403437292, -4.975484571310334 ], [ 149.113378277317224, -4.976818885475041 ], [ 149.118422912488171, -4.978206060739985 ], [ 149.123452756610959, -4.979645945222794 ], [ 149.128467258965969, -4.981138381269946 ], [ 149.13346587051339, -4.982683205474025 ], [ 149.138448043953218, -4.984280248691617 ], [ 149.14341323378531, -4.985929336061825 ], [ 149.14836089636907, -4.987630287025419 ], [ 149.153290489982965, -4.989382915344602 ], [ 149.158201474883839, -4.991187029123405 ], [ 149.163093313365977, -4.993042430828694 ], [ 149.167965469820075, -4.994948917311799 ], [ 149.172817410791765, -4.996906279830759 ], [ 149.177648605040105, -4.998914304073175 ], [ 149.182458523595727, -5.000972770179676 ], [ 149.187246639818738, -5.003081452767989 ], [ 149.189487224546639, -5.004096327394445 ], [ 149.193342901861769, -5.0050561166495 ], [ 149.198405314353323, -5.00637268906075 ], [ 149.203453676521349, -5.007742149746312 ], [ 149.208487435845171, -5.009164348824831 ], [ 149.213506041402269, -5.010639130642971 ], [ 149.218508943928697, -5.012166333792451 ], [ 149.223495595879143, -5.01374579112771 ], [ 149.228465451486841, -5.015377329784197 ], [ 149.233417966823254, -5.017060771197295 ], [ 149.238352599857734, -5.018795931121863 ], [ 149.243268810516753, -5.020582619652398 ], [ 149.24816606074296, -5.022420641243823 ], [ 149.253043814554275, -5.024309794732885 ], [ 149.25790153810226, -5.026249873360175 ], [ 149.262738699730818, -5.028240664792754 ], [ 149.267554770034224, -5.030281951147393 ], [ 149.27234922191505, -5.032373509014421 ], [ 149.277121530642006, -5.034515109482172 ], [ 149.281871173907206, -5.036706518162043 ], [ 149.286059094579741, -5.038692156068999 ], [ 149.288413962018979, -5.039544355021798 ], [ 149.293324708351975, -5.041379954314652 ], [ 149.298215938381617, -5.043266942154574 ], [ 149.303087114368964, -5.04520511108722 ], [ 149.307937700779689, -5.047194248031426 ], [ 149.312767164343228, -5.049234134302637 ], [ 149.315165418985458, -5.050276883273313 ], [ 149.320022397194833, -5.049413105590658 ], [ 149.325169273107633, -5.048553085448303 ], [ 149.330324844172452, -5.04774682661724 ], [ 149.335488548845177, -5.04699441691507 ], [ 149.340659824695791, -5.046295938294159 ], [ 149.345838108469621, -5.045651466832703 ], [ 149.351022836148701, -5.045061072726448 ], [ 149.356213443013218, -5.044524820281038 ], [ 149.361409363702933, -5.04404276790502 ], [ 149.366610032278885, -5.043614968103471 ], [ 149.367091682606656, -5.043580404820913 ], [ 149.368353883864927, -5.042996769225624 ], [ 149.372598086288917, -5.041087765237759 ], [ 149.375227761333832, -5.03923718756926 ], [ 149.379547838632078, -5.036264281379935 ], [ 149.383898858692191, -5.033336848458466 ], [ 149.388280342880421, -5.030455210836982 ], [ 149.392691809211811, -5.027619685509903 ], [ 149.397132772403154, -5.024830584399069 ], [ 149.401602743926503, -5.022088214319427 ], [ 149.406101232062866, -5.019392876945277 ], [ 149.410627741956205, -5.016744868777089 ], [ 149.415181775668032, -5.014144481108886 ], [ 149.419762832232038, -5.011591999996199 ], [ 149.424370407709318, -5.009087706224602 ], [ 149.429003995243733, -5.006631875278822 ], [ 149.433663085117701, -5.004224777312436 ], [ 149.438347164808192, -5.001866677118147 ], [ 149.443055719043286, -4.999557834098667 ], [ 149.447788229858645, -4.99729850223817 ], [ 149.452544176654641, -4.99508893007436 ], [ 149.457323036253541, -4.992929360671124 ], [ 149.462124282957092, -4.990820031591802 ], [ 149.466947388604382, -4.988761174873046 ], [ 149.471791822629882, -4.9867530169993 ], [ 149.476657052121851, -4.984795778877882 ], [ 149.481542541880913, -4.982889675814688 ], [ 149.486447754478974, -4.9810349174905 ], [ 149.491372150318341, -4.979231707937927 ], [ 149.496315187691067, -4.977480245518959 ], [ 149.501276322838578, -4.97578072290314 ], [ 149.506255010011358, -4.974133327046383 ], [ 149.511250701529178, -4.972538239170396 ], [ 149.516262847841205, -4.970995634742751 ], [ 149.52129089758651, -4.969505683457583 ], [ 149.526334297654671, -4.968068549216914 ], [ 149.527073848689298, -4.967866173433096 ], [ 149.527141957473475, -4.967677358768299 ], [ 149.527545378058051, -4.965597730344353 ], [ 149.5285980369095, -4.960460124372397 ], [ 149.529704523806231, -4.955333841847224 ], [ 149.530864717021075, -4.950219446723185 ], [ 149.539197717021068, -4.914358446723184 ], [ 149.540410002004222, -4.909262609443974 ], [ 149.54167560425654, -4.904179751645888 ], [ 149.542994384879705, -4.89911043116632 ], [ 149.544366199139148, -4.894055204356955 ], [ 149.545790896480014, -4.889014626022718 ], [ 149.547268320543452, -4.883989249360878 ], [ 149.548798309184008, -4.878979625900344 ], [ 149.55038069448733, -4.873986305441128 ], [ 149.552015302788561, -4.869009835994006 ], [ 149.553701954691462, -4.864050763720378 ], [ 149.555440465088054, -4.859109632872327 ], [ 149.55723064317894, -4.854186985732885 ], [ 149.559072292494307, -4.849283362556519 ], [ 149.560965210915413, -4.84439930150984 ], [ 149.562909190696757, -4.839535338612541 ], [ 149.56490401848896, -4.834692007678565 ], [ 149.566949475362151, -4.829869840257525 ], [ 149.56904533682993, -4.825069365576363 ], [ 149.571191372874068, -4.820291110481269 ], [ 149.573387347969799, -4.815535599379863 ], [ 149.575633021111486, -4.810803354183637 ], [ 149.577928145839337, -4.80609489425068 ], [ 149.580272470266181, -4.80141073632868 ], [ 149.582665737105344, -4.796751394498203 ], [ 149.585107683698681, -4.792117380116284 ], [ 149.587598042045613, -4.787509201760302 ], [ 149.590136538832326, -4.782927365172162 ], [ 149.592722895461947, -4.778372373202792 ], [ 149.595356828085016, -4.77384472575696 ], [ 149.598038047630638, -4.7693449197384 ], [ 149.600766259838309, -4.76487344899529 ], [ 149.603541165290096, -4.760430804266042 ], [ 149.606362459443488, -4.756017473125449 ], [ 149.609229832664994, -4.751633939931176 ], [ 149.612142970263875, -4.747280685770598 ], [ 149.61510155252688, -4.742958188408004 ], [ 149.618105254753232, -4.738666922232158 ], [ 149.630216254753236, -4.721555922232159 ], [ 149.633251633879183, -4.717314480697118 ], [ 149.636331091290288, -4.713104932646952 ], [ 149.63945429190025, -4.708927736136946 ], [ 149.642620895863018, -4.704783345702102 ], [ 149.645830558609589, -4.700672212307677 ], [ 149.649082930885584, -4.69659478330012 ], [ 149.652377658789305, -4.692551502358389 ], [ 149.655714383810192, -4.688542809445675 ], [ 149.659092742867784, -4.684569140761526 ], [ 149.662512368351315, -4.680630928694386 ], [ 149.665972888159672, -4.676728601774544 ], [ 149.669473925741897, -4.672862584627501 ], [ 149.673015100138173, -4.669033297927771 ], [ 149.676596026021173, -4.6652411583531 ], [ 149.680216313738185, -4.661486578539131 ], [ 149.683875569353347, -4.6577699670345 ], [ 149.68757339469056, -4.654091728256381 ], [ 149.691309387376833, -4.650452262446482 ], [ 149.695083140886084, -4.646851965627492 ], [ 149.6988942445833, -4.643291229559989 ], [ 149.702742283769311, -4.63977044169981 ], [ 149.706626839725828, -4.636289985155889 ], [ 149.710547489761069, -4.632850238648575 ], [ 149.714503807255738, -4.62945157646842 ], [ 149.718495361709415, -4.626094368435447 ], [ 149.722521718787476, -4.622778979858913 ], [ 149.726582440368247, -4.619505771497559 ], [ 149.730677084590752, -4.61627509952035 ], [ 149.73480520590283, -4.613087315467724 ], [ 149.738966355109511, -4.609942766213337 ], [ 149.743160079421926, -4.60684179392632 ], [ 149.747385922506652, -4.603784736034044 ], [ 149.751643424535274, -4.600771925185406 ], [ 149.755932122234469, -4.59780368921463 ], [ 149.760251548936452, -4.594880351105597 ], [ 149.764601234629623, -4.592002228956699 ], [ 149.76898070600987, -4.589169635946223 ], [ 149.773389486531954, -4.586382880298276 ], [ 149.777827096461465, -4.583642265249246 ], [ 149.782293052926917, -4.580948089014805 ], [ 149.786786869972303, -4.578300644757458 ], [ 149.791308058610156, -4.575700220554644 ], [ 149.79585612687444, -4.573147099367393 ], [ 149.800430579874359, -4.570641559009529 ], [ 149.805030919848093, -4.568183872117443 ], [ 149.809656646216922, -4.565774306120429 ], [ 149.814307255639818, -4.563413123211584 ], [ 149.818982242068103, -4.561100580319272 ], [ 149.823681096800556, -4.558836929079174 ], [ 149.828403308538753, -4.556622415806903 ], [ 149.833148363442717, -4.554457281471201 ], [ 149.837915745186876, -4.552341761667721 ], [ 149.842704935016144, -4.550276086593388 ], [ 149.847515411802419, -4.548260481021352 ], [ 149.852346652101346, -4.546295164276532 ], [ 149.857198130209156, -4.544380350211745 ], [ 149.862069318220023, -4.542516247184443 ], [ 149.866959686083305, -4.540703058034032 ], [ 149.871868701661413, -4.53894098005981 ], [ 149.876795830787614, -4.537230204999491 ], [ 149.88174053732422, -4.535570919008345 ], [ 149.886702283220785, -4.53396330263894 ], [ 149.891680528572863, -4.532407530821496 ], [ 149.896674731680577, -4.530903772844852 ], [ 149.901684349107654, -4.529452192338043 ], [ 149.906708835740517, -4.528052947252495 ], [ 149.911747644847679, -4.526706189844838 ], [ 149.916800228139095, -4.52541206666034 ], [ 149.921866035825957, -4.524170718516957 ], [ 149.926944516680464, -4.522982280490017 ], [ 149.932035118095769, -4.521846881897513 ], [ 149.937137286146196, -4.520764646286041 ], [ 149.94225046564739, -4.519735691417349 ], [ 149.947374100216905, -4.518760129255524 ], [ 149.951319046029539, -4.518051554793775 ], [ 149.95485381325588, -4.517025969632123 ], [ 149.959889013016067, -4.515621947687993 ], [ 149.964938615854209, -4.514270642607019 ], [ 149.970002069858509, -4.51297220208422 ], [ 149.975078821603262, -4.511726768036623 ], [ 149.980168316209358, -4.510534476587749 ], [ 149.98526999740497, -4.509395458052738 ], [ 149.990383307586256, -4.5083098369241 ], [ 149.995507687878302, -4.507277731858118 ], [ 150.000642578196306, -4.506299255661869 ], [ 150.005787417306777, -4.5053745152809 ], [ 150.010941642888781, -4.504503611787539 ], [ 150.016104691595444, -4.503686640369843 ], [ 150.021275999115602, -4.502923690321203 ], [ 150.026455000235387, -4.502214845030576 ], [ 150.03164112890002, -4.501560181973375 ], [ 150.036833818275767, -4.500959772702999 ], [ 150.0420325008117, -4.500413682843017 ], [ 150.047236608301972, -4.499921972079989 ], [ 150.052445571947743, -4.499484694156944 ], [ 150.05765882241937, -4.499101896867511 ], [ 150.062875789918735, -4.498773622050691 ], [ 150.068095904241403, -4.498499905586281 ], [ 150.073318594839066, -4.498280777390961 ], [ 150.078543290881754, -4.498116261415015 ], [ 150.083769421320341, -4.498006375639721 ], [ 150.088996414948923, -4.497951132075381 ], [ 150.094051414948922, -4.497924132075383 ], [ 150.099275277556984, -4.497923519268785 ], [ 150.104498861462105, -4.497977483232424 ], [ 150.109721596484206, -4.498086018075863 ], [ 150.114942912535838, -4.498249111951989 ], [ 150.120162239684419, -4.498466747058292 ], [ 150.12537900821448, -4.498738899638822 ], [ 150.130592648689856, -4.499065539986774 ], [ 150.135802592015807, -4.499446632447731 ], [ 150.141008269501157, -4.499882135423562 ], [ 150.14620911292036, -4.500372001376953 ], [ 150.151404554575549, -4.500916176836605 ], [ 150.156594027358466, -4.501514602403065 ], [ 150.161776964812418, -4.502167212755212 ], [ 150.166952801194071, -4.502873936657386 ], [ 150.172120971535151, -4.503634696967167 ], [ 150.17728091170423, -4.504449410643788 ], [ 150.182432058468208, -4.505317988757211 ], [ 150.1875738495539, -4.506240336497821 ], [ 150.192705723709224, -4.507216353186784 ], [ 150.197827120764686, -4.508245932287035 ], [ 150.20292537111925, -4.509326394843624 ], [ 150.205278414519682, -4.509704758820633 ], [ 150.210404143557611, -4.510583749817706 ], [ 150.215520452987278, -4.511516005771225 ], [ 150.220626789311581, -4.512501425827044 ], [ 150.225722600112221, -4.51353990337957 ], [ 150.230807334109699, -4.514631326083297 ], [ 150.235880441222719, -4.515775575864958 ], [ 150.24094137262793, -4.516972528936302 ], [ 150.245989580819071, -4.518222055807483 ], [ 150.25102451966643, -4.519524021301067 ], [ 150.256045644475734, -4.520878284566661 ], [ 150.261052412047178, -4.522284699096146 ], [ 150.26604428073415, -4.523743112739529 ], [ 150.27102071050183, -4.525253367721403 ], [ 150.275981162985715, -4.526815300658014 ], [ 150.280925101549627, -4.528428742574937 ], [ 150.285851991344032, -4.530093518925358 ], [ 150.290761299363737, -4.531809449608954 ], [ 150.295652494505561, -4.53357634899138 ], [ 150.300525047625882, -4.535394025924346 ], [ 150.305378431597831, -4.537262283766305 ], [ 150.310212121368266, -4.539180920403716 ], [ 150.315025594014628, -4.541149728272917 ], [ 150.319818328801517, -4.543168494382577 ], [ 150.324589807237061, -4.545237000336736 ], [ 150.329339513128872, -4.547355022358436 ], [ 150.334066932640042, -4.549522331313925 ], [ 150.338771554344646, -4.551738692737451 ], [ 150.343452869283084, -4.554003866856621 ], [ 150.348110371017185, -4.556317608618346 ], [ 150.352743555684953, -4.558679667715348 ], [ 150.357351922054988, -4.561089788613237 ], [ 150.361934971580951, -4.563547710578163 ], [ 150.36649220845527, -4.566053167705017 ], [ 150.371023139662867, -4.568605888946196 ], [ 150.3755272750345, -4.571205598140931 ], [ 150.377138471821269, -4.572158030016881 ], [ 150.379597380852061, -4.573442351135066 ], [ 150.384194940665679, -4.57590509689805 ], [ 150.388766561213743, -4.578415666255234 ], [ 150.393311745055058, -4.58097378602983 ], [ 150.397829997625081, -4.583579177871056 ], [ 150.40135400023928, -4.585660529471727 ], [ 150.405022193043692, -4.587643223012135 ], [ 150.409606740719056, -4.590183670603518 ], [ 150.414164406019637, -4.592772036566852 ], [ 150.41869468811359, -4.59540803647228 ], [ 150.42319708917816, -4.598091380655559 ], [ 150.42767111445437, -4.600821774249884 ], [ 150.432116272301414, -4.603598917218295 ], [ 150.436532074250664, -4.606422504386647 ], [ 150.440918035059298, -4.609292225477143 ], [ 150.445273672763733, -4.612207765142428 ], [ 150.449598508732493, -4.615168803000249 ], [ 150.453892067718868, -4.618175013668653 ], [ 150.458153877913048, -4.621226066801747 ], [ 150.46238347099407, -4.624321627125998 ], [ 150.466580382181263, -4.627461354477076 ], [ 150.470744150285213, -4.630644903837232 ], [ 150.474874317758633, -4.633871925373215 ], [ 150.478970430746472, -4.637142064474707 ], [ 150.48303203913585, -4.640454961793303 ], [ 150.487058696605544, -4.643810253281984 ], [ 150.491049960674985, -4.647207570235134 ], [ 150.495005392752915, -4.650646539329046 ], [ 150.498924558185649, -4.654126782662956 ], [ 150.502807026304623, -4.657647917800562 ], [ 150.506652370473972, -4.661209557812048 ], [ 150.510460168137257, -4.664811311316613 ], [ 150.514230000863961, -4.668452782525466 ], [ 150.515056034304649, -4.669267600284326 ], [ 150.515836222829819, -4.669967492671581 ], [ 150.519662051622817, -4.673471893780738 ], [ 150.523451311619311, -4.677015804299669 ], [ 150.52720359482521, -4.680598842651374 ], [ 150.530918497227816, -4.684220623045914 ], [ 150.534595618839205, -4.687880755521946 ], [ 150.538234563739422, -4.691578845988717 ], [ 150.541834940118946, -4.69531449626849 ], [ 150.545396360321092, -4.69908730413942 ], [ 150.54891844088354, -4.702896863378861 ], [ 150.55240080257974, -4.706742763807103 ], [ 150.55584307045973, -4.710624591331539 ], [ 150.559244873890492, -4.714541927991247 ], [ 150.562605846595886, -4.718494352001998 ], [ 150.565925626696014, -4.722481437801664 ], [ 150.56920385674627, -4.726502756096044 ], [ 150.572440183775797, -4.730557873905081 ], [ 150.575634259325426, -4.734646354609488 ], [ 150.57878573948534, -4.73876775799776 ], [ 150.591729739485345, -4.75587875799776 ], [ 150.594865352144666, -4.760069207052272 ], [ 150.597956930265667, -4.76429224798856 ], [ 150.601004135111168, -4.768547418097651 ], [ 150.604006632805891, -4.772834251150258 ], [ 150.606964094373012, -4.777152277447855 ], [ 150.609876195770227, -4.781501023874148 ], [ 150.612742617925193, -4.785880013946903 ], [ 150.615563046770575, -4.790288767870163 ], [ 150.618337173278434, -4.794726802586812 ], [ 150.621064693494048, -4.799193631831504 ], [ 150.623745308569227, -4.803688766183942 ], [ 150.625059884254142, -4.805946577163903 ], [ 150.625092015871729, -4.805809583127489 ], [ 150.626338860288342, -4.800732964076031 ], [ 150.627638711815592, -4.795669658041435 ], [ 150.628991428370938, -4.790620218477114 ], [ 150.630396862093392, -4.785585197320785 ], [ 150.631854859359549, -4.780565144934135 ], [ 150.633365260800531, -4.775560610042668 ], [ 150.634927901319315, -4.770572139675714 ], [ 150.636542610108734, -4.765600279106648 ], [ 150.638209210670254, -4.760645571793282 ], [ 150.639927520833282, -4.755708559318458 ], [ 150.641697352774884, -4.750789781330859 ], [ 150.643518513040561, -4.745889775486009 ], [ 150.645390802565259, -4.741009077387515 ], [ 150.647314016695077, -4.736148220528517 ], [ 150.649287945209835, -4.731307736233373 ], [ 150.651312372345814, -4.726488153599584 ], [ 150.653387076819541, -4.721689999439956 ], [ 150.655511831851868, -4.716913798225022 ], [ 150.65768640519272, -4.712160072025708 ], [ 150.659910559146653, -4.707429340456271 ], [ 150.662184050598654, -4.702722120617501 ], [ 150.664506631040837, -4.698038927040194 ], [ 150.666878046599493, -4.693380271628918 ], [ 150.669298038062976, -4.688746663606052 ], [ 150.671766340909898, -4.684138609456128 ], [ 150.674282685338227, -4.679556612870468 ], [ 150.676846796294512, -4.675001174692126 ], [ 150.679458393504206, -4.670472792861143 ], [ 150.682117191502158, -4.66597196236012 ], [ 150.684822899663857, -4.661499175160114 ], [ 150.6875752222372, -4.657054920166857 ], [ 150.690373858374812, -4.652639683167321 ], [ 150.693218502166957, -4.648253946776615 ], [ 150.696108842674903, -4.643898190385235 ], [ 150.699044563964975, -4.639572890106659 ], [ 150.702025345143085, -4.635278518725308 ], [ 150.705050860389832, -4.631015545644868 ], [ 150.708120778996033, -4.626784436836975 ], [ 150.711234765398899, -4.62258565479029 ], [ 150.714392479218816, -4.618419658459941 ], [ 150.717593575296377, -4.614286903217354 ], [ 150.72083770373024, -4.610187840800483 ], [ 150.724124509915356, -4.606122919264428 ], [ 150.727453634581707, -4.602092582932461 ], [ 150.730824713833556, -4.598097272347461 ], [ 150.734237379189267, -4.594137424223753 ], [ 150.737691257621549, -4.59021347139938 ], [ 150.741185971598242, -4.586325842788787 ], [ 150.744721139123612, -4.582474963335934 ], [ 150.745980329450362, -4.581131782703951 ], [ 150.747675589859284, -4.579220007711482 ], [ 150.751206226341623, -4.57532182930661 ], [ 150.7547776710189, -4.571461004036818 ], [ 150.758389528729481, -4.567637959082176 ], [ 150.762041399840257, -4.563853117442556 ], [ 150.765732880290841, -4.560106897890836 ], [ 150.769463561638275, -4.556399714926561 ], [ 150.773233031102251, -4.552731978730085 ], [ 150.777040871610723, -4.549104095117182 ], [ 150.780886661846097, -4.545516465494146 ], [ 150.784769976291898, -4.541969486813378 ], [ 150.788690385279693, -4.538463551529469 ], [ 150.792647455036843, -4.53499904755577 ], [ 150.79664074773433, -4.531576358221475 ], [ 150.800669821535195, -4.528195862229209 ], [ 150.804734230643618, -4.524857933613124 ], [ 150.808833525354032, -4.521562941697514 ], [ 150.812967252100975, -4.518311251055955 ], [ 150.817134953509225, -4.515103221470962 ], [ 150.82133616844456, -4.511939207894184 ], [ 150.825570432064495, -4.508819560407129 ], [ 150.834681432064485, -4.502180560407128 ], [ 150.837305899200032, -4.50028918878524 ], [ 150.837563405132528, -4.500080868816203 ], [ 150.841663730437574, -4.49683411080472 ], [ 150.845797792793604, -4.493630420178491 ], [ 150.849965139866356, -4.49047014747388 ], [ 150.854165315679609, -4.487353638476613 ], [ 150.858397860665178, -4.48428123418395 ], [ 150.86266231171308, -4.481253270767372 ], [ 150.866958202222406, -4.478270079535799 ], [ 150.871285062152197, -4.475331986899337 ], [ 150.875642418072857, -4.472439314333568 ], [ 150.880029793218171, -4.469592378344369 ], [ 150.884446707537222, -4.466791490433286 ], [ 150.888892677747066, -4.464036957063449 ], [ 150.893367217385531, -4.461329079626042 ], [ 150.897869836864515, -4.45866815440732 ], [ 150.902400043523528, -4.456054472556198 ], [ 150.906957341683579, -4.453488320052387 ], [ 150.911541232701381, -4.450969977675112 ], [ 150.916151215024001, -4.44849972097238 ], [ 150.92078678424366, -4.44607782023084 ], [ 150.92544743315301, -4.4437045404462 ], [ 150.930132651800477, -4.441380141294241 ], [ 150.934841927546245, -4.439104877102398 ], [ 150.939574745118165, -4.436878996821935 ], [ 150.944330586668343, -4.434702744000707 ], [ 150.949108931829585, -4.432576356756507 ], [ 150.953909257772466, -4.430500067751017 ], [ 150.958731039262517, -4.428474104164347 ], [ 150.963573748717664, -4.426498687670183 ], [ 150.968436856265953, -4.424574034411527 ], [ 150.973319829803557, -4.422700354977048 ], [ 150.978222135053016, -4.420877854378046 ], [ 150.98314323562164, -4.419106732026013 ], [ 150.988082593060199, -4.417387181710817 ], [ 150.993039666921874, -4.415719391579497 ], [ 150.998013914821399, -4.414103544115682 ], [ 151.00300479249438, -4.412539816119618 ], [ 151.008011753856806, -4.411028378688823 ], [ 151.013034251064965, -4.409569397199374 ], [ 151.017368061395445, -4.408359482942834 ], [ 151.0168227482649, -4.405588113421824 ], [ 151.015861092477593, -4.400413905645181 ], [ 151.014953950989508, -4.395229862600441 ], [ 151.014101424301771, -4.390036558621679 ], [ 151.013303606864838, -4.384834569068976 ], [ 151.012560587067952, -4.379624470264676 ], [ 151.012111279730931, -4.376217721105832 ], [ 151.011451572141823, -4.37421861201518 ], [ 151.009856603147171, -4.369208984535203 ], [ 151.008314396863398, -4.364182863430389 ], [ 151.006825123798592, -4.359140804394589 ], [ 151.005388948608555, -4.35408336488377 ], [ 151.004006030078529, -4.349011104054386 ], [ 151.00267652110557, -4.343924582701549 ], [ 151.001400568681788, -4.338824363197032 ], [ 151.000178313877939, -4.333711009427096 ], [ 150.999009891827995, -4.328585086730135 ], [ 150.997895431714028, -4.323447161834184 ], [ 150.996835056752104, -4.318297802794252 ], [ 150.995828884178479, -4.313137578929523 ], [ 150.994877025236804, -4.307967060760406 ], [ 150.993979585165704, -4.302786819945462 ], [ 150.993136663187215, -4.297597429218198 ], [ 150.992348352495753, -4.292399462323749 ], [ 150.99161474024794, -4.287193493955437 ], [ 150.990935907552739, -4.281980099691239 ], [ 150.990311929462734, -4.276759855930147 ], [ 150.989742874965657, -4.271533339828442 ], [ 150.989228806976854, -4.266301129235881 ], [ 150.98876978233227, -4.261063802631812 ], [ 150.988365851782191, -4.255821939061214 ], [ 150.988017059985708, -4.25057611807068 ], [ 150.987723445505594, -4.245326919644339 ], [ 150.987485040804245, -4.240074924139733 ], [ 150.987301872239982, -4.234820712223651 ], [ 150.987173960064069, -4.229564864807935 ], [ 150.987101318418695, -4.224307962985247 ], [ 150.98708395533518, -4.219050587964825 ], [ 150.987121872733212, -4.213793321008224 ], [ 150.987215066420561, -4.208536743365055 ], [ 150.987363526093702, -4.203281436208714 ], [ 150.987567235338673, -4.198027980572132 ], [ 150.987826171633202, -4.192776957283533 ], [ 150.988140306348953, -4.187528946902218 ], [ 150.988509604754853, -4.182284529654379 ], [ 150.988934026020786, -4.177044285368944 ], [ 150.989413523222311, -4.171808793413476 ], [ 150.989948043345606, -4.166578632630112 ], [ 150.990537527293498, -4.161354381271573 ], [ 150.991181909891964, -4.156136616937222 ], [ 150.9918811198973, -4.150925916509212 ], [ 150.992635080004021, -4.145722856088701 ], [ 150.993443706853441, -4.140528010932161 ], [ 150.994306911042798, -4.135341955387769 ], [ 150.995224597135234, -4.130165262831921 ], [ 150.996196663670304, -4.12499850560582 ], [ 150.997223003175151, -4.119842254952217 ], [ 150.998303502176526, -4.114697080952237 ], [ 150.999438041213153, -4.10956355246236 ], [ 151.000626494849087, -4.104442237051524 ], [ 151.001868731687495, -4.099333700938375 ], [ 151.003164614385213, -4.094238508928665 ], [ 151.004513999667893, -4.089157224352806 ], [ 151.005916738345974, -4.084090409003588 ], [ 151.007372675330998, -4.079038623074066 ], [ 151.008881649652835, -4.074002425095625 ], [ 151.010443494477528, -4.068982371876227 ], [ 151.012058037125684, -4.06397901843885 ], [ 151.014531037125693, -4.05645101843885 ], [ 151.016187549166148, -4.05149593248877 ], [ 151.017895747188533, -4.046558426192151 ], [ 151.019655444678762, -4.041639038663632 ], [ 151.021466449499599, -4.036738307039506 ], [ 151.023328563911747, -4.031856766419074 ], [ 151.025241584595307, -4.026994949806213 ], [ 151.027205302672087, -4.022153388051183 ], [ 151.029219503728342, -4.017332609792666 ], [ 151.031283967838249, -4.012533141400042 ], [ 151.033398469587809, -4.007755506915918 ], [ 151.035562778099603, -4.003000227998905 ], [ 151.037776657057918, -3.998267823866668 ], [ 151.040039864734496, -3.993558811239222 ], [ 151.042352154015106, -3.988873704282525 ], [ 151.044713272426293, -3.984213014552326 ], [ 151.047122962163144, -3.979577250938317 ], [ 151.049580960117311, -3.974966919608569 ], [ 151.05208699790586, -3.970382523954257 ], [ 151.054640801900405, -3.965824564534705 ], [ 151.057242093257145, -3.961293539022724 ], [ 151.059890587947194, -3.956789942150278 ], [ 151.062585996787732, -3.952314265654461 ], [ 151.065328025473406, -3.947866998223807 ], [ 151.068116374608621, -3.943448625444932 ], [ 151.070950739740084, -3.939059629749514 ], [ 151.073830811390167, -3.934700490361615 ], [ 151.076756275090702, -3.930371683245359 ], [ 151.079726811417174, -3.926073681052959 ], [ 151.082742096023793, -3.921806953073114 ], [ 151.085801799678705, -3.917571965179762 ], [ 151.088905588300179, -3.91336917978122 ], [ 151.09205312299278, -3.909199055769689 ], [ 151.095244060084724, -3.905062048471148 ], [ 151.098478051165074, -3.900958609595644 ], [ 151.101754743122029, -3.896889187187967 ], [ 151.105073778181321, -3.892854225578726 ], [ 151.108434793945349, -3.88885416533584 ], [ 151.111837423432775, -3.88488944321643 ], [ 151.115281295118535, -3.880960492119129 ], [ 151.118766032974378, -3.877067741036818 ], [ 151.122291256510039, -3.873211615009785 ], [ 151.125856580814713, -3.869392535079314 ], [ 151.129461616599059, -3.86561091824171 ], [ 151.13310597023775, -3.861867177402778 ], [ 151.136789243812416, -3.858161721332727 ], [ 151.1405110351551, -3.854494954621544 ], [ 151.144270937892259, -3.850867277634817 ], [ 151.148068541488954, -3.84727908647002 ], [ 151.151903431293874, -3.843730772913261 ], [ 151.155775188584414, -3.840222724396509 ], [ 151.159683390612599, -3.836755323955287 ], [ 151.163627610651048, -3.83332895018685 ], [ 151.167607418039751, -3.82994397720885 ], [ 151.171622378232883, -3.826600774618484 ], [ 151.175672052846494, -3.823299707452136 ], [ 151.179755999706174, -3.820041136145526 ], [ 151.183873772895396, -3.81682541649435 ], [ 151.18802492280426, -3.813652899615435 ], [ 151.192208996178493, -3.810523931908398 ], [ 151.196425536169073, -3.80743885501782 ], [ 151.202758536169114, -3.802855855017821 ], [ 151.207013202719139, -3.799810673480398 ], [ 151.211299501536445, -3.796810180104915 ], [ 151.215616963265916, -3.793854703449217 ], [ 151.219965115139956, -3.790944567141757 ], [ 151.224343481030417, -3.788080089846164 ], [ 151.22875158150066, -3.785261585226345 ], [ 151.233188933858088, -3.782489361912142 ], [ 151.237655052206946, -3.779763723465535 ], [ 151.242149447501617, -3.777084968347402 ], [ 151.246671627600108, -3.774453389884835 ], [ 151.251221097317909, -3.771869276239024 ], [ 151.255797358482312, -3.7693329103737 ], [ 151.259679029645753, -3.76723430941942 ], [ 151.260943658440425, -3.766495585752986 ], [ 151.265522098624217, -3.763885455354485 ], [ 151.270127795857093, -3.761323727770886 ], [ 151.274760238448067, -3.758810687609047 ], [ 151.279418911734695, -3.756346614066679 ], [ 151.284103298140309, -3.753931780901319 ], [ 151.28881287723155, -3.75156645639992 ], [ 151.293547125776172, -3.749250903349042 ], [ 151.29830551780114, -3.746985379005658 ], [ 151.303087524651062, -3.744770135068574 ], [ 151.307892615047024, -3.742605417650462 ], [ 151.312720255145479, -3.740491467250521 ], [ 151.317569908597648, -3.738428518727754 ], [ 151.322441036609035, -3.736416801274876 ], [ 151.3273330979994, -3.734456538392854 ], [ 151.332245549262751, -3.732547947866072 ], [ 151.337177844627803, -3.730691241738138 ], [ 151.342129436118626, -3.728886626288324 ], [ 151.347099773615469, -3.72713430200865 ], [ 151.352088304915924, -3.725434463581611 ], [ 151.357094475796231, -3.723787299858541 ], [ 151.362117730072953, -3.722192993838641 ], [ 151.367157509664622, -3.720651722648641 ], [ 151.372213254653815, -3.719163657523124 ], [ 151.377284403349421, -3.717728963785502 ], [ 151.382370392348918, -3.716347800829648 ], [ 151.387470656601067, -3.715020322102187 ], [ 151.392584629468672, -3.713746675085449 ], [ 151.397711742791444, -3.712527001281085 ], [ 151.402851426949269, -3.711361436194343 ], [ 151.408003110925392, -3.710250109319015 ], [ 151.413166222369853, -3.709193144123051 ], [ 151.418340187663205, -3.708190658034842 ], [ 151.423524431979985, -3.707242762430171 ], [ 151.428718379352887, -3.706349562619844 ], [ 151.433921452736513, -3.705511157837985 ], [ 151.439133074071606, -3.704727641231013 ], [ 151.444352664349196, -3.703999099847295 ], [ 151.44957964367498, -3.703325614627474 ], [ 151.454813431333775, -3.702707260395475 ], [ 151.460053445853987, -3.702144105850194 ], [ 151.46529910507212, -3.701636213557865 ], [ 151.470549826197725, -3.701183639945109 ], [ 151.475805025877833, -3.700786435292665 ], [ 151.481064120261948, -3.700444643729803 ], [ 151.486326525066943, -3.700158303229422 ], [ 151.491591655641798, -3.699927445603832 ], [ 151.496858927032747, -3.699752096501219 ], [ 151.502127754048132, -3.699632275402793 ], [ 151.507397551323464, -3.69956799562063 ], [ 151.512667733386508, -3.699559264296186 ], [ 151.517208913092276, -3.699575673805294 ], [ 151.52244467190306, -3.699622008665533 ], [ 151.5276796584252, -3.699723168721154 ], [ 151.532913298583452, -3.699879142878816 ], [ 151.538145018450194, -3.700089914034196 ], [ 151.543374244308353, -3.700355459073861 ], [ 151.548600402714442, -3.700675748877804 ], [ 151.553822920561259, -3.70105074832264 ], [ 151.559041225140874, -3.701480416285454 ], [ 151.564254744207403, -3.701964705648311 ], [ 151.569462906039689, -3.702503563303426 ], [ 151.574665139504162, -3.703096930158984 ], [ 151.57986087411723, -3.703744741145623 ], [ 151.585049540108088, -3.704446925223567 ], [ 151.590230568481019, -3.705203405390421 ], [ 151.595403391077866, -3.706014098689609 ], [ 151.600567440640361, -3.706878916219475 ], [ 151.605722150872282, -3.707797763143031 ], [ 151.610866956501553, -3.708770538698357 ], [ 151.616001293342237, -3.709797136209652 ], [ 151.621124598356488, -3.710877443098931 ], [ 151.62623630971612, -3.712011340898368 ], [ 151.631335866864447, -3.713198705263292 ], [ 151.636422710577506, -3.714439405985819 ], [ 151.64149628302556, -3.715733307009136 ], [ 151.646556027834237, -3.717080266442412 ], [ 151.651601390145515, -3.718480136576368 ], [ 151.656631816678527, -3.719932763899468 ], [ 151.661646755790343, -3.721437989114757 ], [ 151.666645657536378, -3.722995647157327 ], [ 151.671627973730693, -3.724605567212421 ], [ 151.67659315800617, -3.726267572734163 ], [ 151.681540665874451, -3.727981481464918 ], [ 151.686469954785508, -3.72974710545528 ], [ 151.691380484187249, -3.731564251084681 ], [ 151.696271715584828, -3.733432719082626 ], [ 151.701143112599567, -3.735352304550543 ], [ 151.705994141027929, -3.737322796984254 ], [ 151.710824268899927, -3.739343980297058 ], [ 151.71563296653764, -3.741415632843428 ], [ 151.7204197066132, -3.743537527443317 ], [ 151.725183964206593, -3.74570943140707 ], [ 151.729925216863279, -3.747931106560944 ], [ 151.734642944651512, -3.75020230927322 ], [ 151.739336630219213, -3.752522790480928 ], [ 151.744005758850932, -3.754892295717154 ], [ 151.748649818524058, -3.757310565138946 ], [ 151.753268299965129, -3.759777333555812 ], [ 151.757860696705592, -3.762292330458796 ], [ 151.762426505137427, -3.764855280050146 ], [ 151.766965224568253, -3.767465901273559 ], [ 151.771476357276356, -3.770123907844997 ], [ 151.7759594085652, -3.772829008284088 ], [ 151.780413886817684, -3.775580905946083 ], [ 151.784839303550058, -3.778379299054395 ], [ 151.789235173465528, -3.781223880733683 ], [ 151.793601014507431, -3.78411433904351 ], [ 151.797936347912071, -3.787050357012551 ], [ 151.802240698261301, -3.790031612673349 ], [ 151.806513593534589, -3.793057779097626 ], [ 151.810754565160835, -3.79612852443213 ], [ 151.814963148069694, -3.799243511935033 ], [ 151.819138880742628, -3.802402400012851 ], [ 151.823281305263464, -3.805604842257909 ], [ 151.827389967368731, -3.808850487486328 ], [ 151.831464416497283, -3.812138979776533 ], [ 151.835504205839868, -3.815469958508285 ], [ 151.839508892388096, -3.818843058402231 ], [ 151.843478036982901, -3.822257909559956 ], [ 151.847411204362885, -3.825714137504548 ], [ 151.851307963211895, -3.829211363221665 ], [ 151.855167886206459, -3.832749203201097 ], [ 151.858990550062487, -3.836327269478823 ], [ 151.862775535581818, -3.839945169679554 ], [ 151.866522427698101, -3.843602507059762 ], [ 151.870230815522461, -3.847298880551191 ], [ 151.873900292388356, -3.851033884804831 ], [ 151.877530455896249, -3.854807110235377 ], [ 151.881120907957893, -3.858618143066141 ], [ 151.884671254839674, -3.862466565374425 ], [ 151.888181107206094, -3.866351955137357 ], [ 151.891650080162265, -3.870273886278163 ], [ 151.895077793296224, -3.874231928712899 ], [ 151.898463870720605, -3.878225648397608 ], [ 151.901807941113873, -3.882254607375922 ], [ 151.905109637760972, -3.886318363827086 ], [ 151.908368598593711, -3.890416472114412 ], [ 151.911584466230266, -3.894548482834144 ], [ 151.91475688801458, -3.898713942864742 ], [ 151.917885516054781, -3.902912395416576 ], [ 151.920970007261559, -3.907143380082008 ], [ 151.924010023385733, -3.911406432885894 ], [ 151.927005231055261, -3.915701086336451 ], [ 151.929955301811844, -3.920026869476533 ], [ 151.932859912147023, -3.924383307935272 ], [ 151.935718743537507, -3.928769923980098 ], [ 151.938531482480215, -3.933186236569128 ], [ 151.941297820526671, -3.937631761403921 ], [ 151.944017454316679, -3.942106010982581 ], [ 151.946690085611777, -3.946608494653222 ], [ 151.94931542132781, -3.951138718667772 ], [ 151.951893173567157, -3.955696186236116 ], [ 151.954423059650225, -3.960280397580576 ], [ 151.956904802146482, -3.964890849990721 ], [ 151.959338128904903, -3.969527037878487 ], [ 151.961722773083778, -3.974188452833628 ], [ 151.964058473180046, -3.978874583679465 ], [ 151.966344973057829, -3.983584916528943 ], [ 151.96858202197663, -3.988318934840984 ], [ 151.970769374618868, -3.993076119477133 ], [ 151.972906791116685, -3.997855948758485 ], [ 151.974994037078233, -4.002657898522896 ], [ 151.97703088361348, -4.007481442182462 ], [ 151.979017107359283, -4.012326050781264 ], [ 151.980952490503796, -4.017191193053375 ], [ 151.982836820810434, -4.02207633548112 ], [ 151.984669891641204, -4.026980942353581 ], [ 151.986451501979161, -4.031904475825345 ], [ 151.98818145645069, -4.036846395975483 ], [ 151.989859565346791, -4.04180616086676 ], [ 151.991485644643916, -4.046783226605066 ], [ 151.993059516024147, -4.051777047399053 ], [ 151.99458100689472, -4.056787075619999 ], [ 151.996049950407041, -4.061812761861851 ], [ 151.997466185474906, -4.066853555001476 ], [ 151.998829556792174, -4.071908902259104 ], [ 152.000139914849797, -4.076978249258939 ], [ 152.001397115952273, -4.082061040089957 ], [ 152.002601022233307, -4.087156717366864 ], [ 152.003751501671047, -4.092264722291223 ], [ 152.004848428102434, -4.097384494712735 ], [ 152.005891681237131, -4.102515473190656 ], [ 152.006881146670651, -4.107657095055377 ], [ 152.007816715897007, -4.112808796470119 ], [ 152.008698286320453, -4.117970012492769 ], [ 152.009525761266843, -4.123140177137826 ], [ 152.010299049994273, -4.128318723438476 ], [ 152.011018067702878, -4.133505083508759 ], [ 152.011682735544298, -4.13869868860585 ], [ 152.012292980630178, -4.143898969192422 ], [ 152.012848736040297, -4.149105354999108 ], [ 152.013349940829812, -4.154317275087033 ], [ 152.013796540035941, -4.159534157910426 ], [ 152.01418848468407, -4.164755431379297 ], [ 152.014378441830047, -4.167698506206557 ], [ 152.016646814395386, -4.170597566259423 ], [ 152.019842364428882, -4.174771269000154 ], [ 152.02299385990645, -4.178978335773987 ], [ 152.02610095250796, -4.183218301593445 ], [ 152.029163298821004, -4.187490697834868 ], [ 152.032180560378634, -4.191795052290218 ], [ 152.033944642840538, -4.194368799646502 ], [ 152.027472, -4.192111 ], [ 152.0, -4.190417 ], [ 151.985833, -4.197917 ], [ 151.979583, -4.205833 ], [ 151.981222, -4.214167 ], [ 152.000861, -4.237111 ], [ 152.019139, -4.244611 ], [ 152.023333, -4.243806 ], [ 152.031222, -4.251694 ], [ 152.031194, -4.260861 ], [ 152.022083, -4.279194 ], [ 152.005, -4.301278 ], [ 151.984167, -4.321222 ], [ 151.946694, -4.342944 ], [ 151.940833, -4.340417 ], [ 151.926639, -4.34125 ], [ 151.927111, -4.333333 ], [ 151.924194, -4.330444 ], [ 151.9175, -4.325444 ], [ 151.904167, -4.32375 ], [ 151.9, -4.31875 ], [ 151.889194, -4.322083 ], [ 151.885833, -4.311278 ], [ 151.879139, -4.31125 ], [ 151.874167, -4.303722 ], [ 151.864556, -4.299167 ], [ 151.863306, -4.294583 ], [ 151.856694, -4.290444 ], [ 151.851306, -4.290833 ], [ 151.853778, -4.285833 ], [ 151.839556, -4.2725 ], [ 151.843778, -4.270028 ], [ 151.847111, -4.264167 ], [ 151.84625, -4.260028 ], [ 151.85125, -4.255056 ], [ 151.853778, -4.238333 ], [ 151.848333, -4.227139 ], [ 151.833333, -4.219583 ], [ 151.828361, -4.219583 ], [ 151.821722, -4.224556 ], [ 151.814167, -4.224556 ], [ 151.801639, -4.21125 ], [ 151.790833, -4.214583 ], [ 151.770833, -4.209611 ], [ 151.765028, -4.205389 ], [ 151.765444, -4.211667 ], [ 151.756722, -4.208778 ], [ 151.754194, -4.21625 ], [ 151.745806, -4.209556 ], [ 151.745, -4.212889 ], [ 151.741639, -4.212083 ], [ 151.737556, -4.217083 ], [ 151.7375, -4.207083 ], [ 151.728361, -4.217111 ], [ 151.719139, -4.22125 ], [ 151.716222, -4.219167 ], [ 151.717139, -4.2075 ], [ 151.706639, -4.201222 ], [ 151.695833, -4.202083 ], [ 151.69, -4.199583 ], [ 151.670889, -4.206222 ], [ 151.664222, -4.19875 ], [ 151.659167, -4.200389 ], [ 151.653389, -4.197056 ], [ 151.638361, -4.196278 ], [ 151.635833, -4.199556 ], [ 151.632528, -4.192889 ], [ 151.62875, -4.195 ], [ 151.626667, -4.202139 ], [ 151.622139, -4.200806 ], [ 151.6225, -4.197111 ], [ 151.615028, -4.200444 ], [ 151.610833, -4.198778 ], [ 151.607444, -4.202083 ], [ 151.585833, -4.20125 ], [ 151.577583, -4.197889 ], [ 151.571722, -4.207944 ], [ 151.569222, -4.201222 ], [ 151.559611, -4.2 ], [ 151.56, -4.192083 ], [ 151.539194, -4.197083 ], [ 151.535861, -4.187083 ], [ 151.520833, -4.187111 ], [ 151.518333, -4.199583 ], [ 151.510861, -4.199556 ], [ 151.501667, -4.208778 ], [ 151.495889, -4.207917 ], [ 151.489556, -4.2125 ], [ 151.487083, -4.220028 ], [ 151.489583, -4.227472 ], [ 151.498778, -4.238306 ], [ 151.497111, -4.245806 ], [ 151.497889, -4.250806 ], [ 151.502111, -4.253361 ], [ 151.501222, -4.261667 ], [ 151.50625, -4.2675 ], [ 151.50625, -4.273333 ], [ 151.511278, -4.276694 ], [ 151.510472, -4.281667 ], [ 151.519611, -4.289167 ], [ 151.520444, -4.296694 ], [ 151.512083, -4.300861 ], [ 151.507917, -4.311639 ], [ 151.51375, -4.323333 ], [ 151.522139, -4.328333 ], [ 151.525472, -4.337528 ], [ 151.53375, -4.344139 ], [ 151.530389, -4.357528 ], [ 151.5325, -4.363722 ], [ 151.536278, -4.363333 ], [ 151.53375, -4.365861 ], [ 151.532111, -4.389167 ], [ 151.536722, -4.394583 ], [ 151.540861, -4.392917 ], [ 151.548333, -4.397944 ], [ 151.557944, -4.398361 ], [ 151.558778, -4.415 ], [ 151.564139, -4.41875 ], [ 151.571694, -4.41625 ], [ 151.582083, -4.4325 ], [ 151.592139, -4.437472 ], [ 151.5955, -4.444194 ], [ 151.593722, -4.446667 ], [ 151.601278, -4.452472 ], [ 151.607944, -4.465861 ], [ 151.62125, -4.476639 ], [ 151.619639, -4.481694 ], [ 151.625389, -4.495833 ], [ 151.623722, -4.504139 ], [ 151.626278, -4.514139 ], [ 151.6225, -4.52125 ], [ 151.617917, -4.521667 ], [ 151.620417, -4.529194 ], [ 151.611278, -4.565861 ], [ 151.620472, -4.565833 ], [ 151.622139, -4.573361 ], [ 151.628333, -4.575417 ], [ 151.635444, -4.584972 ], [ 151.634556, -4.591694 ], [ 151.640417, -4.604167 ], [ 151.65375, -4.609194 ], [ 151.656278, -4.613333 ], [ 151.656222, -4.6275 ], [ 151.662111, -4.636667 ], [ 151.660472, -4.6475 ], [ 151.663778, -4.664167 ], [ 151.672139, -4.662528 ], [ 151.661306, -4.669222 ], [ 151.661306, -4.673361 ], [ 151.666278, -4.675833 ], [ 151.661278, -4.684194 ], [ 151.662972, -4.703333 ], [ 151.656222, -4.7125 ], [ 151.660444, -4.717528 ], [ 151.653722, -4.716639 ], [ 151.659583, -4.736639 ], [ 151.65625, -4.765861 ], [ 151.659611, -4.775861 ], [ 151.673333, -4.792944 ], [ 151.6875, -4.797111 ], [ 151.683722, -4.7925 ], [ 151.684139, -4.787972 ], [ 151.690417, -4.795056 ], [ 151.690417, -4.805833 ], [ 151.68125, -4.815028 ], [ 151.68375, -4.820028 ], [ 151.682056, -4.859194 ], [ 151.686222, -4.868333 ], [ 151.66125, -4.901694 ], [ 151.652056, -4.918333 ], [ 151.653778, -4.92 ], [ 151.650444, -4.927528 ], [ 151.636722, -4.942083 ], [ 151.621694, -4.952917 ], [ 151.615806, -4.950417 ], [ 151.584139, -4.967917 ], [ 151.577917, -4.964194 ], [ 151.576667, -4.958778 ], [ 151.569556, -4.961694 ], [ 151.567944, -4.958361 ], [ 151.57125, -4.955028 ], [ 151.565, -4.95375 ], [ 151.560861, -4.945417 ], [ 151.559167, -4.947944 ], [ 151.555889, -4.947083 ], [ 151.555, -4.941278 ], [ 151.548306, -4.943778 ], [ 151.545861, -4.939583 ], [ 151.536722, -4.937917 ], [ 151.535472, -4.935833 ], [ 151.540472, -4.931722 ], [ 151.532472, -4.925444 ], [ 151.515833, -4.924583 ], [ 151.499972, -4.942139 ], [ 151.483361, -4.951278 ], [ 151.483361, -4.954611 ], [ 151.481667, -4.951278 ], [ 151.472472, -4.952111 ], [ 151.450861, -4.946278 ], [ 151.445833, -4.938778 ], [ 151.440056, -4.940444 ], [ 151.440056, -4.937917 ], [ 151.426639, -4.937944 ], [ 151.420833, -4.934583 ], [ 151.421667, -4.938722 ], [ 151.4, -4.920417 ], [ 151.385, -4.92125 ], [ 151.378333, -4.915417 ], [ 151.364167, -4.919583 ], [ 151.3575, -4.908778 ], [ 151.348333, -4.912083 ], [ 151.344611, -4.924194 ], [ 151.349556, -4.945056 ], [ 151.344167, -4.956278 ], [ 151.335806, -4.957139 ], [ 151.315833, -4.967917 ], [ 151.305028, -4.965444 ], [ 151.281639, -4.979556 ], [ 151.260833, -4.985472 ], [ 151.249167, -5.002917 ], [ 151.243333, -5.002111 ], [ 151.232917, -5.007528 ], [ 151.222889, -5.025 ], [ 151.214611, -5.028306 ], [ 151.203806, -5.046667 ], [ 151.182528, -5.070444 ], [ 151.177083, -5.072528 ], [ 151.164167, -5.090472 ], [ 151.130833, -5.117944 ], [ 151.111639, -5.127944 ], [ 151.103361, -5.137944 ], [ 151.09, -5.145444 ], [ 151.090861, -5.15375 ], [ 151.0875, -5.147083 ], [ 151.083778, -5.149194 ], [ 151.052944, -5.200889 ], [ 151.051278, -5.215028 ], [ 151.047111, -5.221722 ], [ 151.048778, -5.226722 ], [ 151.046222, -5.225861 ], [ 151.03375, -5.241667 ], [ 151.037056, -5.248389 ], [ 151.033778, -5.256694 ], [ 151.035389, -5.266694 ], [ 151.020389, -5.279167 ], [ 151.016222, -5.295861 ], [ 151.007083, -5.305889 ], [ 151.008722, -5.315 ], [ 151.001222, -5.334222 ], [ 151.003778, -5.343361 ], [ 151.000583, -5.353333 ], [ 151.005444, -5.365056 ], [ 151.009583, -5.367556 ], [ 151.002889, -5.383361 ], [ 150.99125, -5.396722 ], [ 150.98875, -5.407528 ], [ 150.968722, -5.425028 ], [ 150.960444, -5.439972 ], [ 150.948361, -5.45125 ], [ 150.938389, -5.452944 ], [ 150.923361, -5.462944 ], [ 150.915, -5.457917 ], [ 150.909139, -5.45875 ], [ 150.907972, -5.462528 ], [ 150.912111, -5.466694 ], [ 150.912083, -5.471667 ], [ 150.907111, -5.481639 ], [ 150.896694, -5.48625 ], [ 150.896694, -5.488778 ], [ 150.891694, -5.487111 ], [ 150.870806, -5.492944 ], [ 150.848333, -5.489583 ], [ 150.843389, -5.484639 ], [ 150.8375, -5.487944 ], [ 150.829583, -5.479194 ], [ 150.831278, -5.471667 ], [ 150.822944, -5.469972 ], [ 150.816639, -5.44625 ], [ 150.799167, -5.454556 ], [ 150.782528, -5.449639 ], [ 150.770056, -5.455444 ], [ 150.760861, -5.454611 ], [ 150.756667, -5.45125 ], [ 150.752111, -5.454194 ], [ 150.751639, -5.457944 ], [ 150.737917, -5.464167 ], [ 150.741667, -5.472083 ], [ 150.747917, -5.471722 ], [ 150.74875, -5.476722 ], [ 150.739583, -5.489194 ], [ 150.739583, -5.495 ], [ 150.722083, -5.518333 ], [ 150.708333, -5.529583 ], [ 150.694194, -5.533722 ], [ 150.69375, -5.537528 ], [ 150.6825, -5.547944 ], [ 150.6825, -5.545389 ], [ 150.675833, -5.546222 ], [ 150.66, -5.539611 ], [ 150.657111, -5.540806 ], [ 150.657528, -5.545417 ], [ 150.653389, -5.53875 ], [ 150.630806, -5.54875 ], [ 150.614139, -5.54875 ], [ 150.600889, -5.544611 ], [ 150.590444, -5.533306 ], [ 150.58625, -5.504194 ], [ 150.578722, -5.493333 ], [ 150.581278, -5.483361 ], [ 150.571667, -5.478778 ], [ 150.569222, -5.473778 ], [ 150.558361, -5.467083 ], [ 150.545861, -5.466278 ], [ 150.539972, -5.462917 ], [ 150.53125, -5.454194 ], [ 150.533778, -5.450833 ], [ 150.520417, -5.442528 ], [ 150.520056, -5.437139 ], [ 150.4975, -5.442083 ], [ 150.490806, -5.438778 ], [ 150.489194, -5.434583 ], [ 150.470028, -5.427917 ], [ 150.459194, -5.43125 ], [ 150.449972, -5.427139 ], [ 150.434167, -5.429583 ], [ 150.411722, -5.43875 ], [ 150.397917, -5.455028 ], [ 150.397083, -5.462556 ], [ 150.3925, -5.469583 ], [ 150.355806, -5.487111 ], [ 150.350806, -5.493722 ], [ 150.33875, -5.499194 ], [ 150.334167, -5.511278 ], [ 150.316694, -5.519583 ], [ 150.302944, -5.537528 ], [ 150.303778, -5.543389 ], [ 150.286722, -5.561278 ], [ 150.238333, -5.552972 ], [ 150.229194, -5.542917 ], [ 150.226722, -5.546306 ], [ 150.225833, -5.542111 ], [ 150.208333, -5.549611 ], [ 150.200861, -5.549611 ], [ 150.192528, -5.542917 ], [ 150.172472, -5.552917 ], [ 150.153278, -5.55375 ], [ 150.140083, -5.545417 ], [ 150.135, -5.537944 ], [ 150.093361, -5.51875 ], [ 150.09375, -5.506639 ], [ 150.102917, -5.499167 ], [ 150.100444, -5.489194 ], [ 150.102056, -5.48 ], [ 150.09375, -5.459222 ], [ 150.094611, -5.451694 ], [ 150.080417, -5.420861 ], [ 150.082917, -5.413361 ], [ 150.079611, -5.408361 ], [ 150.081278, -5.400861 ], [ 150.0725, -5.400472 ], [ 150.06875, -5.385028 ], [ 150.063722, -5.377528 ], [ 150.050444, -5.37 ], [ 150.052528, -5.366306 ], [ 150.057139, -5.367528 ], [ 150.055833, -5.362917 ], [ 150.046333, -5.362528 ], [ 150.047556, -5.359611 ], [ 150.051694, -5.360444 ], [ 150.054194, -5.354583 ], [ 150.057917, -5.354167 ], [ 150.05625, -5.345833 ], [ 150.053306, -5.347944 ], [ 150.049583, -5.345861 ], [ 150.048806, -5.337528 ], [ 150.05625, -5.330861 ], [ 150.054556, -5.322528 ], [ 150.047917, -5.320028 ], [ 150.047083, -5.306722 ], [ 150.038306, -5.307083 ], [ 150.025889, -5.292917 ], [ 150.019167, -5.292917 ], [ 150.017111, -5.287528 ], [ 150.024194, -5.278778 ], [ 150.045861, -5.272111 ], [ 150.054167, -5.27375 ], [ 150.064167, -5.264639 ], [ 150.081278, -5.257528 ], [ 150.078778, -5.252528 ], [ 150.072472, -5.252111 ], [ 150.068778, -5.246694 ], [ 150.068722, -5.2425 ], [ 150.080417, -5.223333 ], [ 150.076333, -5.205028 ], [ 150.072083, -5.198333 ], [ 150.073778, -5.1925 ], [ 150.063361, -5.187111 ], [ 150.057944, -5.176722 ], [ 150.06125, -5.153306 ], [ 150.072083, -5.135806 ], [ 150.091667, -5.121278 ], [ 150.125, -5.114583 ], [ 150.150889, -5.101278 ], [ 150.160028, -5.100417 ], [ 150.1675, -5.092111 ], [ 150.18, -5.089583 ], [ 150.178333, -5.08625 ], [ 150.176306, -5.0875 ], [ 150.175389, -5.079194 ], [ 150.192972, -5.057528 ], [ 150.180028, -5.040417 ], [ 150.16625, -5.032556 ], [ 150.164972, -5.02625 ], [ 150.151667, -5.022111 ], [ 150.145806, -5.015417 ], [ 150.129222, -5.00875 ], [ 150.123333, -5.002944 ], [ 150.101722, -5.002083 ], [ 150.096722, -4.997917 ], [ 150.091667, -4.997944 ], [ 150.077556, -5.00875 ], [ 150.069972, -5.00625 ], [ 150.057472, -5.012111 ], [ 150.038333, -5.010417 ], [ 150.026222, -5.027528 ], [ 150.017889, -5.063389 ], [ 150.020389, -5.066667 ], [ 150.018694, -5.070861 ], [ 150.026222, -5.08 ], [ 150.030417, -5.090861 ], [ 150.02875, -5.103361 ], [ 150.024194, -5.109611 ], [ 150.015417, -5.108361 ], [ 150.016222, -5.114167 ], [ 150.012083, -5.117528 ], [ 150.012111, -5.125028 ], [ 150.004139, -5.129583 ], [ 149.997111, -5.138333 ], [ 150.002111, -5.146667 ], [ 150.0005, -5.155833 ], [ 150.012944, -5.172528 ], [ 150.017111, -5.184194 ], [ 150.024583, -5.188361 ], [ 150.02375, -5.195028 ], [ 150.027111, -5.203361 ], [ 150.001222, -5.234222 ], [ 149.996694, -5.262056 ], [ 149.978361, -5.269611 ], [ 149.965, -5.264639 ], [ 149.954167, -5.272083 ], [ 149.952083, -5.276667 ], [ 149.956306, -5.280861 ], [ 149.943778, -5.290833 ], [ 149.942972, -5.295028 ], [ 149.935028, -5.302917 ], [ 149.928333, -5.307083 ], [ 149.925806, -5.304583 ], [ 149.918722, -5.306667 ], [ 149.912972, -5.315833 ], [ 149.916222, -5.321667 ], [ 149.91375, -5.328389 ], [ 149.902139, -5.336694 ], [ 149.907111, -5.342528 ], [ 149.907917, -5.360028 ], [ 149.925417, -5.375833 ], [ 149.927944, -5.387528 ], [ 149.933389, -5.38875 ], [ 149.937528, -5.395444 ], [ 149.940833, -5.393778 ], [ 149.942528, -5.397944 ], [ 149.9475, -5.398778 ], [ 149.949972, -5.39125 ], [ 149.955056, -5.391278 ], [ 149.964139, -5.397111 ], [ 149.967139, -5.402528 ], [ 149.96625, -5.415861 ], [ 149.957056, -5.4225 ], [ 149.957083, -5.437528 ], [ 149.940389, -5.470028 ], [ 149.91, -5.490417 ], [ 149.907972, -5.494167 ], [ 149.910028, -5.497083 ], [ 149.905028, -5.494639 ], [ 149.886694, -5.513778 ], [ 149.870889, -5.521306 ], [ 149.856722, -5.52125 ], [ 149.832528, -5.497111 ], [ 149.828333, -5.499583 ], [ 149.823306, -5.494611 ], [ 149.817889, -5.499167 ], [ 149.817861, -5.505889 ], [ 149.814167, -5.507111 ], [ 149.805444, -5.500833 ], [ 149.805417, -5.494194 ], [ 149.801639, -5.489611 ], [ 149.794194, -5.49125 ], [ 149.792472, -5.487944 ], [ 149.781639, -5.484611 ], [ 149.780389, -5.495056 ], [ 149.78375, -5.506694 ], [ 149.78, -5.510444 ], [ 149.77375, -5.510056 ], [ 149.775417, -5.520889 ], [ 149.770833, -5.525444 ], [ 149.766639, -5.52375 ], [ 149.763361, -5.527889 ], [ 149.754222, -5.525472 ], [ 149.750028, -5.52875 ], [ 149.743306, -5.527917 ], [ 149.742528, -5.532917 ], [ 149.740028, -5.529611 ], [ 149.727472, -5.534611 ], [ 149.72375, -5.546667 ], [ 149.728722, -5.543389 ], [ 149.728361, -5.552111 ], [ 149.722528, -5.552917 ], [ 149.7175, -5.544583 ], [ 149.712528, -5.54625 ], [ 149.699972, -5.542139 ], [ 149.694167, -5.545417 ], [ 149.683389, -5.53875 ], [ 149.675833, -5.539611 ], [ 149.672472, -5.542944 ], [ 149.669611, -5.540028 ], [ 149.672111, -5.535833 ], [ 149.670417, -5.52675 ], [ 149.68125, -5.501694 ], [ 149.679583, -5.492528 ], [ 149.684639, -5.475861 ], [ 149.68125, -5.463361 ], [ 149.670417, -5.458361 ], [ 149.670833, -5.452111 ], [ 149.664222, -5.45375 ], [ 149.660833, -5.449639 ], [ 149.656278, -5.453333 ], [ 149.657917, -5.460833 ], [ 149.65375, -5.466694 ], [ 149.66, -5.467083 ], [ 149.6625, -5.462944 ], [ 149.671278, -5.473333 ], [ 149.672083, -5.478333 ], [ 149.667056, -5.485 ], [ 149.669611, -5.487528 ], [ 149.6675, -5.494583 ], [ 149.662472, -5.497139 ], [ 149.663306, -5.491278 ], [ 149.651667, -5.496278 ], [ 149.648306, -5.49375 ], [ 149.63, -5.492917 ], [ 149.618389, -5.504611 ], [ 149.608333, -5.50375 ], [ 149.601694, -5.507111 ], [ 149.606222, -5.495028 ], [ 149.600833, -5.492139 ], [ 149.593361, -5.502083 ], [ 149.583361, -5.502139 ], [ 149.575833, -5.497917 ], [ 149.545, -5.518778 ], [ 149.517528, -5.52875 ], [ 149.515417, -5.533361 ], [ 149.518333, -5.535472 ], [ 149.514167, -5.535444 ], [ 149.510806, -5.530444 ], [ 149.505028, -5.531278 ], [ 149.503778, -5.535028 ], [ 149.506306, -5.536667 ], [ 149.497917, -5.545028 ], [ 149.5025, -5.543806 ], [ 149.505389, -5.550056 ], [ 149.503333, -5.552111 ], [ 149.498361, -5.54875 ], [ 149.491639, -5.55125 ], [ 149.487528, -5.560444 ], [ 149.465861, -5.55625 ], [ 149.454139, -5.542972 ], [ 149.445028, -5.537889 ], [ 149.447944, -5.544194 ], [ 149.445472, -5.554194 ], [ 149.439139, -5.559611 ], [ 149.430833, -5.557083 ], [ 149.424139, -5.560417 ], [ 149.415472, -5.549167 ], [ 149.405, -5.542139 ], [ 149.403389, -5.545417 ], [ 149.392944, -5.55 ], [ 149.390417, -5.555861 ], [ 149.38125, -5.562556 ], [ 149.380444, -5.570028 ], [ 149.375861, -5.572917 ], [ 149.367056, -5.568361 ], [ 149.362056, -5.560861 ], [ 149.362528, -5.555444 ], [ 149.348333, -5.564583 ], [ 149.329139, -5.569583 ], [ 149.318306, -5.567972 ], [ 149.3175, -5.563778 ], [ 149.311667, -5.567139 ], [ 149.303389, -5.567111 ], [ 149.293306, -5.562111 ], [ 149.288333, -5.567917 ], [ 149.275861, -5.574611 ], [ 149.266667, -5.574611 ], [ 149.260806, -5.590472 ], [ 149.263333, -5.574611 ], [ 149.248361, -5.575472 ], [ 149.245, -5.58375 ], [ 149.224222, -5.582111 ], [ 149.220861, -5.585444 ], [ 149.210028, -5.586306 ], [ 149.20125, -5.577556 ], [ 149.202083, -5.574167 ], [ 149.194556, -5.568333 ], [ 149.210417, -5.562528 ], [ 149.20875, -5.556694 ], [ 149.200861, -5.552917 ], [ 149.198333, -5.547944 ], [ 149.184972, -5.545472 ], [ 149.176694, -5.537917 ], [ 149.165833, -5.542944 ], [ 149.163333, -5.539639 ], [ 149.1575, -5.539583 ], [ 149.153722, -5.535028 ], [ 149.155028, -5.531278 ], [ 149.145028, -5.530444 ], [ 149.128333, -5.522944 ], [ 149.126667, -5.517944 ], [ 149.123361, -5.51875 ], [ 149.117083, -5.514194 ], [ 149.115806, -5.508806 ], [ 149.097528, -5.510417 ], [ 149.093361, -5.507917 ], [ 149.085833, -5.51125 ], [ 149.084583, -5.508333 ], [ 149.08875, -5.505 ], [ 149.081722, -5.506278 ], [ 149.08125, -5.500028 ], [ 149.073306, -5.495389 ], [ 149.070028, -5.489611 ], [ 149.06625, -5.490889 ], [ 149.065, -5.49875 ], [ 149.059139, -5.493778 ], [ 149.050806, -5.499611 ], [ 149.045833, -5.498778 ], [ 149.044194, -5.492111 ], [ 149.037917, -5.493333 ], [ 149.035833, -5.48375 ], [ 149.032472, -5.485444 ], [ 149.028361, -5.48125 ], [ 149.023389, -5.482083 ], [ 149.017528, -5.475444 ], [ 149.0, -5.467111 ], [ 148.9925, -5.47375 ], [ 148.983333, -5.459611 ], [ 148.963361, -5.460417 ], [ 148.959167, -5.464639 ], [ 148.944194, -5.465417 ], [ 148.942944, -5.470028 ], [ 148.937472, -5.473778 ], [ 148.915861, -5.480444 ], [ 148.912472, -5.478778 ], [ 148.896694, -5.488778 ], [ 148.875, -5.48125 ], [ 148.876222, -5.485056 ], [ 148.867056, -5.492472 ], [ 148.862917, -5.503333 ], [ 148.849194, -5.520444 ], [ 148.824944, -5.527111 ], [ 148.8125, -5.52125 ], [ 148.807472, -5.529583 ], [ 148.797444, -5.532944 ], [ 148.790444, -5.530833 ], [ 148.79125, -5.5275 ], [ 148.787056, -5.525056 ], [ 148.7875, -5.517139 ], [ 148.7625, -5.51375 ], [ 148.749611, -5.501667 ], [ 148.747111, -5.4925 ], [ 148.738306, -5.49125 ], [ 148.731667, -5.48375 ], [ 148.725806, -5.485444 ], [ 148.721667, -5.482917 ], [ 148.710028, -5.491222 ], [ 148.692472, -5.48875 ], [ 148.685028, -5.49125 ], [ 148.678306, -5.487139 ], [ 148.677889, -5.482528 ], [ 148.672528, -5.47875 ], [ 148.651639, -5.477944 ], [ 148.646278, -5.480833 ], [ 148.645833, -5.492111 ], [ 148.639139, -5.489583 ], [ 148.635, -5.493806 ], [ 148.630028, -5.493806 ], [ 148.626667, -5.499611 ], [ 148.618333, -5.499583 ], [ 148.61875, -5.504167 ], [ 148.614139, -5.507972 ], [ 148.608333, -5.507944 ], [ 148.604194, -5.504611 ], [ 148.590889, -5.50625 ], [ 148.587889, -5.511667 ], [ 148.587889, -5.529167 ], [ 148.584167, -5.532917 ], [ 148.569194, -5.539611 ], [ 148.548306, -5.539611 ], [ 148.540833, -5.53125 ], [ 148.529944, -5.534611 ], [ 148.517889, -5.526667 ], [ 148.515417, -5.508361 ], [ 148.519556, -5.500889 ], [ 148.504222, -5.494611 ], [ 148.491639, -5.474583 ], [ 148.479194, -5.470417 ], [ 148.4675, -5.472056 ], [ 148.459139, -5.469611 ], [ 148.451194, -5.463361 ], [ 148.448722, -5.459222 ], [ 148.449972, -5.455444 ], [ 148.440028, -5.455417 ], [ 148.427528, -5.447111 ], [ 148.4125, -5.446306 ], [ 148.396639, -5.457083 ], [ 148.390865501269701, -5.456460988961741 ], [ 148.390914558908577, -5.455593634042937 ], [ 148.391264958913268, -5.450369408063843 ] ], [ [ 151.138333, -4.943806 ], [ 151.146667, -4.945417 ], [ 151.163333, -4.960472 ], [ 151.173306, -4.960417 ], [ 151.2, -4.95125 ], [ 151.208306, -4.951278 ], [ 151.207083, -4.941694 ], [ 151.214194, -4.937111 ], [ 151.225806, -4.937083 ], [ 151.234611, -4.921667 ], [ 151.225806, -4.914583 ], [ 151.216667, -4.912083 ], [ 151.203361, -4.897111 ], [ 151.189972, -4.892944 ], [ 151.183389, -4.885417 ], [ 151.173333, -4.884583 ], [ 151.15, -4.890444 ], [ 151.131694, -4.907083 ], [ 151.129139, -4.906278 ], [ 151.120028, -4.912917 ], [ 151.115833, -4.921222 ], [ 151.111278, -4.922528 ], [ 151.11125, -4.927528 ], [ 151.125833, -4.930444 ], [ 151.138333, -4.943806 ] ], [ [ 150.066694, -5.316278 ], [ 150.070833, -5.319611 ], [ 150.076667, -5.310472 ], [ 150.084194, -5.314639 ], [ 150.088722, -5.299167 ], [ 150.084167, -5.295417 ], [ 150.078333, -5.29625 ], [ 150.073306, -5.290444 ], [ 150.060889, -5.297083 ], [ 150.054583, -5.306694 ], [ 150.054583, -5.3075 ], [ 150.059972, -5.31625 ], [ 150.066694, -5.316278 ] ], [ [ 149.447056, -5.5225 ], [ 149.443333, -5.515472 ], [ 149.427917, -5.517528 ], [ 149.427944, -5.518333 ], [ 149.433361, -5.524639 ], [ 149.447056, -5.5225 ] ], [ [ 151.372111, -4.911667 ], [ 151.372083, -4.904167 ], [ 151.368333, -4.90375 ], [ 151.36125, -4.909194 ], [ 151.361194, -4.911667 ], [ 151.3675, -4.915472 ], [ 151.372111, -4.911667 ] ], [ [ 151.947056, -4.185 ], [ 151.940028, -4.179583 ], [ 151.933722, -4.181639 ], [ 151.933722, -4.184167 ], [ 151.942528, -4.189583 ], [ 151.947056, -4.185 ] ], [ [ 150.487917, -5.361694 ], [ 150.4925, -5.350417 ], [ 150.486278, -5.351694 ], [ 150.487889, -5.3575 ], [ 150.485417, -5.362556 ], [ 150.485389, -5.364167 ], [ 150.492056, -5.364194 ], [ 150.487917, -5.361694 ] ], [ [ 149.697083, -5.475861 ], [ 149.687917, -5.472528 ], [ 149.687917, -5.473333 ], [ 149.695, -5.481278 ], [ 149.697083, -5.475861 ] ], [ [ 151.048333, -4.896222 ], [ 151.04375, -4.897528 ], [ 151.04375, -4.899194 ], [ 151.050389, -4.903361 ], [ 151.048333, -4.896222 ] ], [ [ 151.211278, -4.9575 ], [ 151.205417, -4.958333 ], [ 151.205417, -4.960861 ], [ 151.210028, -4.962083 ], [ 151.211278, -4.9575 ] ], [ [ 151.574972, -4.160389 ], [ 151.572139, -4.161722 ], [ 151.572139, -4.163333 ], [ 151.578778, -4.165 ], [ 151.574972, -4.160389 ] ], [ [ 149.6225, -5.482917 ], [ 149.61875, -5.487528 ], [ 149.61875, -5.488389 ], [ 149.623778, -5.486694 ], [ 149.6225, -5.482917 ] ], [ [ 150.377528, -5.204556 ], [ 150.374611, -5.205806 ], [ 150.374611, -5.207528 ], [ 150.37875, -5.208361 ], [ 150.377528, -5.204556 ] ], [ [ 149.716222, -5.505861 ], [ 149.710417, -5.508333 ], [ 149.710417, -5.509194 ], [ 149.714139, -5.509583 ], [ 149.716222, -5.505861 ] ], [ [ 149.760444, -5.498361 ], [ 149.760444, -5.502556 ], [ 149.762944, -5.499139 ], [ 149.760444, -5.498361 ] ], [ [ 149.144556, -5.526667 ], [ 149.144583, -5.528333 ], [ 149.147944, -5.526667 ], [ 149.144556, -5.526667 ] ], [ [ 151.570806, -4.15625 ], [ 151.56875, -4.159167 ], [ 151.56875, -4.159972 ], [ 151.571278, -4.159194 ], [ 151.570806, -4.15625 ] ], [ [ 151.067944, -4.899167 ], [ 151.067944, -4.900028 ], [ 151.071222, -4.901694 ], [ 151.067944, -4.899167 ] ], [ [ 150.831278, -5.455833 ], [ 150.831278, -5.457556 ], [ 150.833778, -5.455028 ], [ 150.831278, -5.455833 ] ], [ [ 149.637083, -5.448361 ], [ 149.637083, -5.449222 ], [ 149.640444, -5.447556 ], [ 149.637083, -5.448361 ] ], [ [ 149.45, -5.513778 ], [ 149.449556, -5.514167 ], [ 149.454556, -5.515028 ], [ 149.45, -5.513778 ] ], [ [ 150.10125, -5.503361 ], [ 150.10125, -5.504222 ], [ 150.104583, -5.501722 ], [ 150.10125, -5.503361 ] ], [ [ 151.570472, -4.146667 ], [ 151.570472, -4.147472 ], [ 151.57375, -4.149194 ], [ 151.570472, -4.146667 ] ], [ [ 150.100806, -5.23375 ], [ 150.09875, -5.235889 ], [ 150.102972, -5.234167 ], [ 150.100806, -5.23375 ] ], [ [ 150.093361, -5.29375 ], [ 150.092139, -5.295056 ], [ 150.095472, -5.295 ], [ 150.093361, -5.29375 ] ], [ [ 150.041222, -5.286722 ], [ 150.041222, -5.287528 ], [ 150.044611, -5.286694 ], [ 150.041222, -5.286722 ] ], [ [ 151.547917, -4.17 ], [ 151.547917, -4.170861 ], [ 151.550417, -4.171667 ], [ 151.547917, -4.17 ] ], [ [ 149.099111, -5.507139 ], [ 149.098778, -5.507528 ], [ 149.102944, -5.507528 ], [ 149.099111, -5.507139 ] ], [ [ 150.05875, -5.368389 ], [ 150.05875, -5.369194 ], [ 150.061278, -5.37 ], [ 150.05875, -5.368389 ] ], [ [ 148.94125, -5.462556 ], [ 148.94125, -5.463361 ], [ 148.94375, -5.462556 ], [ 148.94125, -5.462556 ] ], [ [ 150.197944, -5.091667 ], [ 150.197944, -5.092472 ], [ 150.200417, -5.0925 ], [ 150.197944, -5.091667 ] ], [ [ 149.0875, -5.479611 ], [ 149.087139, -5.480028 ], [ 149.091222, -5.48 ], [ 149.0875, -5.479611 ] ], [ [ 149.68125, -5.439222 ], [ 149.68125, -5.440028 ], [ 149.682889, -5.438333 ], [ 149.68125, -5.439222 ] ], [ [ 149.642944, -5.430028 ], [ 149.642944, -5.430833 ], [ 149.645389, -5.430028 ], [ 149.642944, -5.430028 ] ], [ [ 151.451667, -4.942944 ], [ 151.45125, -4.943333 ], [ 151.453806, -4.944139 ], [ 151.451667, -4.942944 ] ], [ [ 151.808389, -4.21375 ], [ 151.807944, -4.214139 ], [ 151.810389, -4.215 ], [ 151.808389, -4.21375 ] ], [ [ 150.79, -5.42875 ], [ 150.789583, -5.429167 ], [ 150.792944, -5.429167 ], [ 150.79, -5.42875 ] ], [ [ 150.057472, -5.361278 ], [ 150.057139, -5.361667 ], [ 150.059611, -5.361667 ], [ 150.057472, -5.361278 ] ] ], [ [ [ 175.120584049862543, -2.095196655539173 ], [ 175.117298048737325, -2.091106557915312 ], [ 175.114055146053914, -2.086982205341451 ], [ 175.11085569887797, -2.082824051936888 ], [ 175.107700059490412, -2.078632555542619 ], [ 175.1045885753486, -2.074408177670934 ], [ 175.101521589048133, -2.070151383454594 ], [ 175.098499438285074, -2.065862641595623 ], [ 175.095522455818781, -2.061542424313696 ], [ 175.092590969435349, -2.057191207294149 ], [ 175.089705301911323, -2.052809469635597 ], [ 175.086865770978363, -2.048397693797186 ], [ 175.084072689288178, -2.043956365545471 ], [ 175.081326364378072, -2.039485973900929 ], [ 175.078627098637071, -2.034987011084114 ], [ 175.075975189272754, -2.03045997246146 ], [ 175.073370928278393, -2.025905356490739 ], [ 175.070814602400816, -2.021323664666177 ], [ 175.068306493108963, -2.016715401463234 ], [ 175.065846876562688, -2.012081074283063 ], [ 175.06343602358254, -2.007421193396635 ], [ 175.061074199619867, -2.002736271888561 ], [ 175.058761664727513, -1.998026825600592 ], [ 175.056498673531365, -1.993293373074826 ], [ 175.055104766550244, -1.990297379262884 ], [ 175.052331160892408, -1.990165517017609 ], [ 175.047095907326167, -1.989861561662385 ], [ 175.04186412958407, -1.989502715708932 ], [ 175.036636403167336, -1.989089018630689 ], [ 175.031413303131444, -1.98862051593478 ], [ 175.026195404023071, -1.988097259157005 ], [ 175.020983279816676, -1.987519305856172 ], [ 175.015777503851524, -1.986886719607766 ], [ 175.010578648768615, -1.986199569996953 ], [ 175.005387286447558, -1.985457932610931 ], [ 175.000203987943792, -1.984661889030608 ], [ 174.99502932342574, -1.983811526821635 ], [ 174.98986386211206, -1.982906939524768 ], [ 174.984708172209025, -1.981948226645582 ], [ 174.979562820848116, -1.980935493643526 ], [ 174.974428374023461, -1.979868851920317 ], [ 174.969305396529762, -1.978748418807692 ], [ 174.964194451900028, -1.977574317554499 ], [ 174.959096102343693, -1.976346677313136 ], [ 174.954010908684666, -1.975065633125351 ], [ 174.948939430299731, -1.973731325907381 ], [ 174.943882225056939, -1.972343902434455 ], [ 174.938839849254322, -1.970903515324646 ], [ 174.93381285755865, -1.969410323022085 ], [ 174.928801802944406, -1.96786448977953 ], [ 174.923807236632967, -1.9662661856403 ], [ 174.918829708032007, -1.964615586419568 ], [ 174.913869764675013, -1.962912873685023 ], [ 174.908927952161122, -1.961158234736897 ], [ 174.904004814094975, -1.959351862587359 ], [ 174.899100892027093, -1.957493955939289 ], [ 174.894216725394159, -1.955584719164416 ], [ 174.889352851459734, -1.953624362280835 ], [ 174.88450980525522, -1.951613100929914 ], [ 174.879688119520893, -1.949551156352561 ], [ 174.874888324647344, -1.947438755364898 ], [ 174.870110948617167, -1.945276130333304 ], [ 174.865356516946889, -1.943063519148857 ], [ 174.860625552629102, -1.940801165201167 ], [ 174.855918576074941, -1.938489317351598 ], [ 174.851236105056927, -1.936128229905902 ], [ 174.846578654651893, -1.933718162586235 ], [ 174.841946737184344, -1.931259380502592 ], [ 174.837340862170237, -1.928752154123647 ], [ 174.832761536260762, -1.926196759246996 ], [ 174.828209263186693, -1.923593476968823 ], [ 174.823684543702939, -1.920942593652977 ], [ 174.819187875533515, -1.918244400899473 ], [ 174.81471975331678, -1.915499195512414 ], [ 174.810280668550973, -1.912707279467345 ], [ 174.805871109540163, -1.909868959878031 ], [ 174.801491561340612, -1.906984548962679 ], [ 174.797142505707313, -1.90405436400959 ], [ 174.792824421041075, -1.901078727342259 ], [ 174.788537782335823, -1.898057966283919 ], [ 174.784283061126445, -1.894992413121533 ], [ 174.780060725436869, -1.891882405069245 ], [ 174.775871239728531, -1.888728284231283 ], [ 174.773096633905055, -1.886593418585143 ], [ 174.771844023582162, -1.886056540572482 ], [ 174.767051750718082, -1.883942843435406 ], [ 174.762281882349555, -1.881779061898844 ], [ 174.75753494189513, -1.879565433404021 ], [ 174.752811450257354, -1.877302200862084 ], [ 174.74811192576567, -1.874989612627451 ], [ 174.743436884119461, -1.872627922470557 ], [ 174.738786838331521, -1.870217389550005 ], [ 174.734162298671748, -1.867758278384128 ], [ 174.729563772611129, -1.865250858821963 ], [ 174.72499176476606, -1.86269540601364 ], [ 174.720446776842977, -1.860092200380185 ], [ 174.715929307583309, -1.857441527582753 ], [ 174.711439852708764, -1.854743678491278 ], [ 174.706978904866872, -1.851998949152554 ], [ 174.702546953576956, -1.849207640757752 ], [ 174.698144485176471, -1.846370059609366 ], [ 174.693771982767544, -1.8434865170876 ], [ 174.689429926163996, -1.840557329616204 ], [ 174.685118791838732, -1.837582818627746 ], [ 174.680839052871363, -1.834563310528342 ], [ 174.676591178896444, -1.83149913666184 ], [ 174.672375636051754, -1.828390633273457 ], [ 174.668192886927301, -1.825238141472881 ], [ 174.664043390514422, -1.822042007196843 ], [ 174.659927602155534, -1.818802581171154 ], [ 174.655845973494138, -1.815520218872218 ], [ 174.651798952425224, -1.812195280488023 ], [ 174.647786983046103, -1.808828130878619 ], [ 174.643810505607803, -1.805419139536078 ], [ 174.64143882791015, -1.803342429832692 ], [ 174.637698324838453, -1.801861409832869 ], [ 174.632857645324606, -1.799885987028161 ], [ 174.62803788612473, -1.797860056459602 ], [ 174.623239574221202, -1.795783839638172 ], [ 174.618463234251294, -1.793657563573046 ], [ 174.613709388449962, -1.791481460746769 ], [ 174.608978556592717, -1.789255769089842 ], [ 174.604271255938727, -1.786980731954702 ], [ 174.59958800117434, -1.784656598089116 ], [ 174.594929304356782, -1.782283621608988 ], [ 174.590295674858112, -1.779862061970566 ], [ 174.585687619309653, -1.777392183942081 ], [ 174.581105641546486, -1.774874257574794 ], [ 174.576550242552401, -1.772308558173471 ], [ 174.572021920405149, -1.769695366266279 ], [ 174.56752117022188, -1.767034967574118 ], [ 174.563048484105195, -1.764327652979377 ], [ 174.558604351089173, -1.761573718494131 ], [ 174.554189257085909, -1.758773465227776 ], [ 174.54980368483254, -1.755927199354105 ], [ 174.545448113838233, -1.753035232077836 ], [ 174.541123020332009, -1.750097879600576 ], [ 174.536828877210468, -1.747115463086261 ], [ 174.532566153986153, -1.744088308626028 ], [ 174.528335316736246, -1.741016747202571 ], [ 174.524136828051581, -1.737901114653946 ], [ 174.51997114698608, -1.734741751636854 ], [ 174.515838729006504, -1.731539003589391 ], [ 174.5117400259428, -1.728293220693283 ], [ 174.507675485938449, -1.725004757835595 ], [ 174.503645553401753, -1.72167397456993 ], [ 174.499650668957003, -1.718301235077114 ], [ 174.495691269396474, -1.714886908125379 ], [ 174.495194717653789, -1.714449578463602 ], [ 174.493859773479187, -1.713352348213968 ], [ 174.489854149483733, -1.709989186953606 ], [ 174.485883924743035, -1.706584309163629 ], [ 174.481949533693069, -1.703138087417714 ], [ 174.478051406848664, -1.699650898813537 ], [ 174.474189970756555, -1.696123124931511 ], [ 174.470365647948597, -1.692555151793034 ], [ 174.466578856895666, -1.688947369818246 ], [ 174.462830011961699, -1.685300173783311 ], [ 174.459119523358481, -1.681613962777217 ], [ 174.455447797100646, -1.677889140158108 ], [ 174.45181523496143, -1.674126113509145 ], [ 174.448222234428471, -1.670325294593909 ], [ 174.444669188660555, -1.666487099311342 ], [ 174.441156486444356, -1.66261194765024 ], [ 174.437684512152117, -1.658700263643297 ], [ 174.434253645699414, -1.654752475320702 ], [ 174.430864262503746, -1.650769014663307 ], [ 174.427516733443269, -1.646750317555355 ], [ 174.424211424816377, -1.642696823736785 ], [ 174.420948698301544, -1.638608976755114 ], [ 174.41827476945204, -1.635185994889915 ], [ 174.415273700646537, -1.631439458319817 ], [ 174.412053649330034, -1.627332413513831 ], [ 174.408876641057219, -1.623191982865468 ], [ 174.405743021951082, -1.619018617458873 ], [ 174.402653133407455, -1.614812771966306 ], [ 174.399607312057952, -1.61057490459861 ], [ 174.396605889733166, -1.60630547705529 ], [ 174.393649193426654, -1.602004954474208 ], [ 174.390737545259185, -1.597673805380917 ], [ 174.387871262443781, -1.593312501637608 ], [ 174.385050657250986, -1.588921518391709 ], [ 174.382276036975014, -1.584501334024113 ], [ 174.380965940852917, -1.582365050944843 ], [ 174.378715947942993, -1.578799877488631 ], [ 174.375965284443652, -1.574338436675612 ], [ 174.373261538396832, -1.56984840759675 ], [ 174.37060500689671, -1.565330283627285 ], [ 174.367995981849361, -1.56078456122959 ], [ 174.366497253621816, -1.558108733091928 ], [ 174.363071722681724, -1.555629077574223 ], [ 174.358887204054554, -1.552533112771455 ], [ 174.354735142630062, -1.549393752943717 ], [ 174.350615988411818, -1.546211338337266 ], [ 174.346530187837004, -1.542986213864669 ], [ 174.342478183727849, -1.539718729067421 ], [ 174.338460415243674, -1.536409238078065 ], [ 174.334477317833404, -1.533058099581802 ], [ 174.330529323188188, -1.529665676777628 ], [ 174.326616859194758, -1.526232337338959 ], [ 174.319505859194777, -1.519926337338959 ], [ 174.315603541961679, -1.516429080937634 ], [ 174.311738090634719, -1.512891119919899 ], [ 174.307909929777736, -1.509312842879574 ], [ 174.304119479858798, -1.505694642838608 ], [ 174.300367157204022, -1.502036917203915 ], [ 174.296653373951727, -1.498340067723722 ], [ 174.292978538007247, -1.494604500443448 ], [ 174.289343052998134, -1.490830625661098 ], [ 174.285747318229824, -1.487018857882203 ], [ 174.282191728641749, -1.483169615774292 ], [ 174.278676674763943, -1.479283322120906 ], [ 174.275202542674208, -1.475360403775162 ], [ 174.271769713955678, -1.471401291612871 ], [ 174.268378565654956, -1.467406420485208 ], [ 174.265029470240535, -1.463376229170955 ], [ 174.26172279556215, -1.459311160328306 ], [ 174.258458904810084, -1.455211660446245 ], [ 174.255238156475599, -1.451078179795508 ], [ 174.252060904311207, -1.446911172379127 ], [ 174.248927497292101, -1.442711095882564 ], [ 174.245838279577725, -1.438478411623441 ], [ 174.242793590473923, -1.434213584500869 ], [ 174.239793764395728, -1.429917082944391 ], [ 174.236839130830617, -1.425589378862524 ], [ 174.233930014302331, -1.421230947590935 ], [ 174.231066734335229, -1.416842267840226 ], [ 174.228249605419194, -1.412423821643356 ], [ 174.225478936975037, -1.407976094302697 ], [ 174.222755033320624, -1.403499574336735 ], [ 174.220078193637306, -1.398994753426404 ], [ 174.217448711937237, -1.394462126361089 ], [ 174.214866877030886, -1.389902190984282 ], [ 174.212332972495489, -1.385315448138893 ], [ 174.209847276643757, -1.380702401612247 ], [ 174.207410062493437, -1.376063558080747 ], [ 174.205021597737215, -1.371399427054223 ], [ 174.202682144713407, -1.366710520819973 ], [ 174.200391960377033, -1.361997354386491 ], [ 174.198151296271732, -1.357260445426903 ], [ 174.195960398501995, -1.352500314222107 ], [ 174.193819507706252, -1.347717483603631 ], [ 174.191728859030405, -1.342912478896203 ], [ 174.189688682101917, -1.338085827860054 ], [ 174.187699201004733, -1.333238060632952 ], [ 174.185760634254535, -1.328369709671973 ], [ 174.183873194774804, -1.323481309695016 ], [ 174.182037089873518, -1.318573397622078 ], [ 174.180252521220183, -1.313646512516274 ], [ 174.17851968482384, -1.308701195524633 ], [ 174.176838771011518, -1.303737989818663 ], [ 174.175209964407259, -1.298757440534683 ], [ 174.173633443911882, -1.293760094713956 ], [ 174.172109382683345, -1.288746501242603 ], [ 174.170637948117758, -1.283717210791311 ], [ 174.169219301830907, -1.278672775754856 ], [ 174.167853599640523, -1.273613750191425 ], [ 174.166540991549226, -1.268540689761766 ], [ 174.16528162172807, -1.26345415166815 ], [ 174.164075628500569, -1.258354694593179 ], [ 174.162923144327607, -1.253242878638415 ], [ 174.16182429579294, -1.248119265262864 ], [ 174.160779203589158, -1.242984417221311 ], [ 174.159787982504497, -1.237838898502502 ], [ 174.158850741410276, -1.232683274267207 ], [ 174.157967583248848, -1.227518110786138 ], [ 174.157138605022368, -1.222343975377755 ], [ 174.156363897782086, -1.217161436345956 ], [ 174.15565084050931, -1.212023617865147 ], [ 174.155643239881499, -1.211976937667186 ], [ 174.154860052614339, -1.206829526020108 ], [ 174.154130508649985, -1.201674238000608 ], [ 174.153454687097963, -1.196511632632219 ], [ 174.152832661242229, -1.191342269731945 ], [ 174.152264498533413, -1.186166709849556 ], [ 174.151909398018773, -1.18258890072168 ], [ 174.14889612974747, -1.180166734417383 ], [ 174.144841747911329, -1.176837057196394 ], [ 174.140822526454713, -1.173465022002044 ], [ 174.13683890789008, -1.170051000092205 ], [ 174.132891330810082, -1.166595367347445 ], [ 174.128980229839158, -1.163098504229647 ], [ 174.125106035585844, -1.159560795740116 ], [ 174.121269174595255, -1.155982631377197 ], [ 174.117470069302101, -1.152364405093386 ], [ 174.113709137984273, -1.14870651525196 ], [ 174.109986794716775, -1.145009364583113 ], [ 174.106303449326049, -1.141273360139623 ], [ 174.102659507344868, -1.137498913252028 ], [ 174.099055369967857, -1.133686439483346 ], [ 174.095491434007101, -1.129836358583315 ], [ 174.091968091848514, -1.125949094442184 ], [ 174.088485731408781, -1.122025075044043 ], [ 174.085044736092442, -1.118064732419698 ], [ 174.081645484749799, -1.11406850259911 ], [ 174.078288351635251, -1.110036825563384 ], [ 174.07497370636591, -1.105970145196329 ], [ 174.064557706365889, -1.093053145196329 ], [ 174.061302198806004, -1.088972542635116 ], [ 174.058089470553881, -1.084858174650487 ], [ 174.054919871792322, -1.080710489702743 ], [ 174.051793748003121, -1.076529939883682 ], [ 174.048711439929377, -1.072316980867327 ], [ 174.045673283538292, -1.068072071860258 ], [ 174.042679609984617, -1.063795675551559 ], [ 174.039730745574531, -1.059488258062383 ], [ 174.036827011730139, -1.055150288895152 ], [ 174.033968724954264, -1.050782240882373 ], [ 174.031156196796189, -1.046384590135109 ], [ 174.028389733817448, -1.041957815991076 ], [ 174.025669637558622, -1.037502400962402 ], [ 174.022996204506342, -1.033018830683027 ], [ 174.020369726061091, -1.028507593855778 ], [ 174.017790488505227, -1.023969182199094 ], [ 174.015258772972061, -1.019404090393432 ], [ 174.012774855414989, -1.014812816027349 ], [ 174.01033900657751, -1.010195859543262 ], [ 174.007951491963695, -1.005553724182904 ], [ 174.00561257180928, -1.00088691593247 ], [ 174.003322501053276, -0.996195943467465 ], [ 174.001081529310113, -0.991481318097259 ], [ 173.998889900842585, -0.986743553709355 ], [ 173.996747854535073, -0.981983166713376 ], [ 173.994655623867601, -0.97720067598478 ], [ 173.992613436890366, -0.972396602808295 ], [ 173.990621516198843, -0.967571470821112 ], [ 173.988680078909596, -0.962725805955798 ], [ 173.986789336636548, -0.957860136382976 ], [ 173.98494949546793, -0.952974992453754 ], [ 173.9831607559438, -0.948070906641919 ], [ 173.98142331303427, -0.943148413485891 ], [ 173.979737356118136, -0.938208049530472 ], [ 173.978103068962355, -0.93325035326835 ], [ 173.976520629701923, -0.928275865081413 ], [ 173.974990210820437, -0.923285127181843 ], [ 173.973511979131416, -0.91827868355302 ], [ 173.972086095760005, -0.913257079890225 ], [ 173.970712716125519, -0.908220863541161 ], [ 173.969391989924361, -0.903170583446294 ], [ 173.968124061113855, -0.898106790079017 ], [ 173.966909067896438, -0.893030035385653 ], [ 173.9657471427046, -0.887940872725288 ], [ 173.964638412186645, -0.882839856809463 ], [ 173.963582997192532, -0.877727543641703 ], [ 173.962581012761063, -0.87260449045692 ], [ 173.961786535085338, -0.868304565908993 ], [ 173.959025446107489, -0.864249564081405 ], [ 173.956131124138722, -0.85990195903873 ], [ 173.953282373741018, -0.85552435804761 ], [ 173.950479505755965, -0.851117238770314 ], [ 173.947722826018719, -0.846681082090001 ], [ 173.945012635324616, -0.84221637205825 ], [ 173.942349229396342, -0.837723595842239 ], [ 173.939732898851616, -0.833203243671593 ], [ 173.937163929171533, -0.828655808784885 ], [ 173.934642600669463, -0.824081787375825 ], [ 173.932169188460307, -0.819481678539111 ], [ 173.929743962430678, -0.814855984215974 ], [ 173.927367187209256, -0.810205209139404 ], [ 173.925039122138088, -0.805529860779085 ], [ 173.922760021244159, -0.800830449286012 ], [ 173.920530133211741, -0.796107487436831 ], [ 173.918349701355226, -0.791361490577891 ], [ 173.916218963592598, -0.786592976569003 ], [ 173.914138152419525, -0.781802465726942 ], [ 173.912107494883827, -0.776990480768666 ], [ 173.910127212560866, -0.772157546754286 ], [ 173.908197521529303, -0.767304191029768 ], [ 173.906318632347535, -0.762430943169397 ], [ 173.904490750030703, -0.757538334917989 ], [ 173.902714074028324, -0.75262690013287 ], [ 173.900988798202519, -0.747697174725624 ], [ 173.899315110806896, -0.742749696603621 ], [ 173.897693194465973, -0.737785005611315 ], [ 173.896123226155339, -0.732803643471349 ], [ 173.894605377182131, -0.727806153725434 ], [ 173.893139813166584, -0.722793081675051 ], [ 173.891726694023845, -0.717764974321942 ], [ 173.890366173946518, -0.712722380308428 ], [ 173.889058401387842, -0.707665849857544 ], [ 173.887803519045519, -0.702595934713 ], [ 173.886601663846108, -0.697513188078977 ], [ 173.885452966930188, -0.692418164559766 ], [ 173.884357553637898, -0.687311420099252 ], [ 173.883315543495314, -0.682193511920248 ], [ 173.882327050201468, -0.677064998463702 ], [ 173.881392181615865, -0.671926439327753 ], [ 173.880511039746807, -0.666778395206678 ], [ 173.879683720740104, -0.661621427829708 ], [ 173.87891031486879, -0.656456099899735 ], [ 173.878190906523059, -0.651282975031915 ], [ 173.877525574201229, -0.646102617692167 ], [ 173.876914390501071, -0.64091559313558 ], [ 173.876357422111965, -0.63572246734474 ], [ 173.875854729807543, -0.630523806967965 ], [ 173.875406368439116, -0.625320179257486 ], [ 173.875012386929683, -0.62011215200754 ], [ 173.874672828268558, -0.614900293492421 ], [ 173.874387729506708, -0.609685172404474 ], [ 173.874157121752688, -0.604467357792037 ], [ 173.873981030169318, -0.599247418997355 ], [ 173.873859473970839, -0.594025925594451 ], [ 173.873792466420838, -0.58880344732698 ], [ 173.873780014830857, -0.583580554046061 ], [ 173.873822120559566, -0.578357815648097 ], [ 173.873918779012598, -0.57313580201259 ], [ 173.874069979643053, -0.567915082939961 ], [ 173.874275705952641, -0.562696228089373 ], [ 173.874535935493554, -0.557479806916576 ], [ 173.8748506398708, -0.552266388611769 ], [ 173.875219784745383, -0.54705654203749 ], [ 173.875643329838056, -0.541850835666551 ], [ 173.87612122893367, -0.536649837520004 ], [ 173.876653429886176, -0.531454115105161 ], [ 173.877239874624479, -0.526264235353676 ], [ 173.877880499158607, -0.521080764559676 ], [ 173.878575233586758, -0.515904268317978 ], [ 173.879324002102891, -0.510735311462366 ], [ 173.880126723005134, -0.505574458003967 ], [ 173.880983308704515, -0.500422271069704 ], [ 173.881893665734623, -0.495279312840852 ], [ 173.882857694761753, -0.490146144491692 ], [ 173.883875290595824, -0.485023326128287 ], [ 173.884946342201772, -0.479911416727355 ], [ 173.886070732711744, -0.474810974075286 ], [ 173.887248339437775, -0.469722554707272 ], [ 173.888479033885204, -0.464646713846585 ], [ 173.88976268176674, -0.459584005343992 ], [ 173.891099143016987, -0.45453498161732 ], [ 173.892488271807935, -0.449500193591184 ], [ 173.893929916564673, -0.444480190636866 ], [ 173.895423919981994, -0.439475520512375 ], [ 173.89697011904164, -0.434486729302678 ], [ 173.898568345029958, -0.429514361360113 ], [ 173.900218423556367, -0.424558959244991 ], [ 173.901920174572496, -0.419621063666394 ], [ 173.903673412391583, -0.41470121342318 ], [ 173.905477945708981, -0.409799945345188 ], [ 173.907333577622893, -0.40491779423466 ], [ 173.909240105655925, -0.400055292807893 ], [ 173.911197321777053, -0.395212971637103 ], [ 173.913205012424555, -0.390391359092539 ], [ 173.915262958529098, -0.385590981284825 ], [ 173.917370935537718, -0.380812362007555 ], [ 173.919528713438353, -0.376056022680141 ], [ 173.92173605678488, -0.371322482290913 ], [ 173.923992724722893, -0.366612257340497 ], [ 173.926298471015883, -0.361925861785452 ], [ 173.928653044072149, -0.357263806982188 ], [ 173.931056186972285, -0.352626601631176 ], [ 173.9335076374972, -0.348014751721434 ], [ 173.936007128156604, -0.343428760475322 ], [ 173.938554386218442, -0.338869128293626 ], [ 173.941149133738435, -0.334336352700965 ], [ 173.94379108759054, -0.329830928291496 ], [ 173.94647995949768, -0.32535334667495 ], [ 173.949215456063484, -0.320904096422991 ], [ 173.951997278803958, -0.316483663015904 ], [ 173.954825124180331, -0.312092528789619 ], [ 173.95769868363206, -0.307731172883087 ], [ 173.960617643610419, -0.303400071185993 ], [ 173.963581685612951, -0.299099696286833 ], [ 173.96659048621791, -0.294830517421345 ], [ 173.969643717119823, -0.29059300042131 ], [ 173.972741045165151, -0.286387607663722 ], [ 173.975882132388705, -0.282214798020337 ], [ 173.979066636050533, -0.278075026807599 ], [ 173.982294208673238, -0.273968745736964 ], [ 173.985564498080009, -0.269896402865607 ], [ 173.988877147432987, -0.265858442547534 ], [ 173.992231795272119, -0.261855305385097 ], [ 173.995628075554805, -0.257887428180916 ], [ 173.999065617695607, -0.253955243890217 ], [ 174.002544046606914, -0.250059181573593 ], [ 174.00606298273965, -0.246199666350183 ], [ 174.009622042124818, -0.242377119351289 ], [ 174.0132208364154, -0.238591957674421 ], [ 174.016858972928674, -0.234844594337786 ], [ 174.020536054689103, -0.231135438235225 ], [ 174.024251680471593, -0.227464894091587 ], [ 174.025501680471621, -0.226242894091588 ], [ 174.0292643270393, -0.222602859021672 ], [ 174.033064879491036, -0.219002419386707 ], [ 174.036902921174345, -0.21544196990094 ], [ 174.040778031326795, -0.211921900894521 ], [ 174.044689785122131, -0.208442598270706 ], [ 174.048637753716918, -0.205004443463556 ], [ 174.05262150429752, -0.201607813396119 ], [ 174.056640600127508, -0.198253080439108 ], [ 174.060694600595582, -0.19494061237008 ], [ 174.064783061263881, -0.191670772333113 ], [ 174.068905533916649, -0.188443918798998 ], [ 174.073061566609454, -0.18526040552594 ], [ 174.077250703718704, -0.182120581520774 ], [ 174.081472485991554, -0.179024791000702 ], [ 174.085726450596297, -0.175973373355562 ], [ 174.090012131173097, -0.172966663110617 ], [ 174.094329057885147, -0.170004989889881 ], [ 174.098676757470059, -0.167088678379985 ], [ 174.103054753291929, -0.164218048294577 ], [ 174.107462565393405, -0.16139341433928 ], [ 174.111899710548471, -0.158615086177181 ], [ 174.116365702315306, -0.155883368394893 ], [ 174.120860051089636, -0.153198560469155 ], [ 174.125382264158475, -0.150560956734005 ], [ 174.129931845753987, -0.14797084634851 ], [ 174.134508297108084, -0.145428513265068 ], [ 174.139111116506854, -0.142934236198278 ], [ 174.143739799345667, -0.140488288594382 ], [ 174.148393838184575, -0.138090938601291 ], [ 174.153072722803813, -0.135742449039185 ], [ 174.157775940259796, -0.133443077371701 ], [ 174.162502974941333, -0.131193075677711 ], [ 174.167253308626215, -0.128992690623678 ], [ 174.172026420537861, -0.126842163436626 ], [ 174.176821787402645, -0.124741729877683 ], [ 174.181638883507105, -0.122691620216242 ], [ 174.186477180755588, -0.120692059204714 ], [ 174.191336148728197, -0.11874326605389 ], [ 174.196215254738888, -0.116845454408906 ], [ 174.201113963893931, -0.114998832325824 ], [ 174.20603173915049, -0.113203602248822 ], [ 174.210968041375565, -0.111459960988001 ], [ 174.215922329404947, -0.109768099697807 ], [ 174.220894060102779, -0.108128203856077 ], [ 174.22588268842091, -0.106540453243702 ], [ 174.230887667458688, -0.105005021924922 ], [ 174.23590844852302, -0.10352207822824 ], [ 174.240944481188393, -0.10209178472797 ], [ 174.245995213357247, -0.100714298226413 ], [ 174.251060091320568, -0.099389769736667 ], [ 174.256138559818538, -0.098118344466074 ], [ 174.261230062101362, -0.096900161800296 ], [ 174.266334039990483, -0.095735355288039 ], [ 174.271449933939522, -0.094624052626409 ], [ 174.276577183095782, -0.093566375646915 ], [ 174.281715225361751, -0.092562440302111 ], [ 174.286863497456636, -0.091612356652885 ], [ 174.292021434978153, -0.090716228856392 ], [ 174.297188472464399, -0.089874155154637 ], [ 174.302364043455867, -0.089086227863703 ], [ 174.307547580557497, -0.088352533363632 ], [ 174.312738515500939, -0.087673152088956 ], [ 174.317936279206833, -0.087048158519873 ], [ 174.323140301847104, -0.086477621174092 ], [ 174.328350012907606, -0.085961602599311 ], [ 174.333564841250535, -0.085500159366368 ], [ 174.3387842151771, -0.085093342063033 ], [ 174.344007562490134, -0.084741195288468 ], [ 174.349234310556909, -0.084443757648333 ], [ 174.354463886371917, -0.084201061750555 ], [ 174.359695716619512, -0.084013134201753 ], [ 174.364929227737065, -0.083879995604322 ], [ 174.370163845977515, -0.083801660554176 ], [ 174.375398997472558, -0.083778137639144 ], [ 174.38063410829534, -0.083809429438029 ], [ 174.385868604523495, -0.083895532520328 ], [ 174.391101912302076, -0.084036437446608 ], [ 174.396333457906337, -0.084232128769538 ], [ 174.401562667804825, -0.084482585035584 ], [ 174.406788968722026, -0.084787778787361 ], [ 174.412011787701459, -0.085147676566644 ], [ 174.41723055216832, -0.085562238918034 ], [ 174.422444689992233, -0.086031420393286 ], [ 174.427653629550122, -0.086555169556288 ], [ 174.432856799788738, -0.087133428988704 ], [ 174.438053630287413, -0.087766135296265 ], [ 174.443243551320393, -0.088453219115723 ], [ 174.448425993919443, -0.089194605122449 ], [ 174.453600389936213, -0.089990212038699 ], [ 174.458766172104447, -0.090839952642517 ], [ 174.468738172104423, -0.092533952642517 ], [ 174.473936153882136, -0.093445211570087 ], [ 174.479124228383085, -0.094411281115578 ], [ 174.484301817668126, -0.09543205366113 ], [ 174.48946834496607, -0.096507415495103 ], [ 174.494623234738043, -0.097637246824738 ], [ 174.499765912741481, -0.098821421789501 ], [ 174.504895806094311, -0.10005980847511 ], [ 174.510012343338531, -0.101352268928222 ], [ 174.515114954504014, -0.102698659171808 ], [ 174.520203071172034, -0.104098829221185 ], [ 174.525276126538387, -0.105552623100729 ], [ 174.530333555476773, -0.107059878861248 ], [ 174.535374794601552, -0.108620428598023 ], [ 174.540399282330696, -0.110234098469512 ], [ 174.54540645894815, -0.111900708716717 ], [ 174.550395766666298, -0.113620073683207 ], [ 174.555366649688096, -0.1153920018358 ], [ 174.560318554268946, -0.117216295785901 ], [ 174.565250928778454, -0.119092752311487 ], [ 174.570163223761739, -0.121021162379749 ], [ 174.57505489200085, -0.123001311170378 ], [ 174.579925388575475, -0.125032978099492 ], [ 174.584774170923879, -0.12711593684421 ], [ 174.589600698903183, -0.129249955367866 ], [ 174.594404434849622, -0.131434795945855 ], [ 174.599184843638398, -0.133670215192116 ], [ 174.603941392743309, -0.135955964086243 ], [ 174.60867355229604, -0.138291788001228 ], [ 174.613380795145247, -0.140677426731824 ], [ 174.618062596915252, -0.14311261452353 ], [ 174.622718436064389, -0.1455970801022 ], [ 174.627347793943244, -0.148130546704257 ], [ 174.631950154852348, -0.150712732107528 ], [ 174.636525006099561, -0.153343348662678 ], [ 174.641071838057314, -0.15602210332526 ], [ 174.645590144219312, -0.158748697688354 ], [ 174.650079421256947, -0.16152282801581 ], [ 174.654539169075406, -0.164344185276087 ], [ 174.658968890869346, -0.167212455176674 ], [ 174.663368093178264, -0.170127318199101 ], [ 174.667736285941459, -0.173088449634539 ], [ 174.672072982552606, -0.176095519619966 ], [ 174.694572982552614, -0.191873519619966 ], [ 174.698798247037303, -0.194869228711547 ], [ 174.702992252734788, -0.19790854592701 ], [ 174.707154549592531, -0.200991145121687 ], [ 174.711284690960525, -0.204116695506383 ], [ 174.71538223363936, -0.207284861682877 ], [ 174.719446737927797, -0.210495303679908 ], [ 174.723477767669806, -0.213747676989659 ], [ 174.727474890301494, -0.217041632604725 ], [ 174.731437676897542, -0.220376817055566 ], [ 174.735365702217109, -0.223752872448435 ], [ 174.739258544749561, -0.227169436503786 ], [ 174.743115786759716, -0.230626142595151 ], [ 174.743730866221, -0.231183123407881 ], [ 174.744178674552586, -0.231508155278832 ], [ 174.748382880707481, -0.234627411465737 ], [ 174.752554198333542, -0.237790514027293 ], [ 174.756692170169117, -0.240997116222825 ], [ 174.760796342607932, -0.244246866543208 ], [ 174.764866265748822, -0.2475394087494 ], [ 174.768901493445043, -0.250874381911495 ], [ 174.772901583353217, -0.254251420448287 ], [ 174.776866096981706, -0.257670154167345 ], [ 174.78079459973884, -0.261130208305595 ], [ 174.784686660980412, -0.264631203570399 ], [ 174.788541854057002, -0.268172756181136 ], [ 174.792359756360639, -0.271754477911272 ], [ 174.796139949371252, -0.275375976130914 ], [ 174.799882018702448, -0.279036853849857 ], [ 174.803585554146906, -0.282736709761094 ], [ 174.807250149721511, -0.286475138284814 ], [ 174.810875403711691, -0.29025172961286 ], [ 174.814460918715525, -0.294066069753649 ], [ 174.818006301687291, -0.29791774057756 ], [ 174.821511163980603, -0.301806319862764 ], [ 174.824975121390906, -0.305731381341511 ], [ 174.828397794197713, -0.309692494746859 ], [ 174.831778807206092, -0.313689225859835 ], [ 174.835117789787972, -0.317721136557039 ], [ 174.838414375922639, -0.321787784858671 ], [ 174.841668204236868, -0.325888724976978 ], [ 174.844878918044571, -0.330023507365122 ], [ 174.848046165385938, -0.334191678766464 ], [ 174.85116959906594, -0.338392782264244 ], [ 174.854248876692395, -0.342626357331668 ], [ 174.867137876692397, -0.360543357331668 ], [ 174.870166159409592, -0.364799700081984 ], [ 174.873149809827908, -0.369087447743025 ], [ 174.876088502288439, -0.373406132316575 ], [ 174.878981916039407, -0.377755282427718 ], [ 174.881829735271026, -0.38213442337629 ], [ 174.884631649150123, -0.386543077188693 ], [ 174.887387351853931, -0.390980762670067 ], [ 174.890096542603601, -0.395446995456806 ], [ 174.89275892569691, -0.399941288069432 ], [ 174.895374210540609, -0.404463149965796 ], [ 174.897942111682113, -0.409012087594623 ], [ 174.900462348840648, -0.413587604449382 ], [ 174.902934646937894, -0.418189201122478 ], [ 174.905358736127937, -0.422816375359761 ], [ 174.907734351826775, -0.427468622115345 ], [ 174.910061234741192, -0.432145433606736 ], [ 174.912339130897067, -0.436846299370251 ], [ 174.914567791666997, -0.441570706316738 ], [ 174.916746973797586, -0.446318138787576 ], [ 174.918876439435905, -0.451088078610957 ], [ 174.920955956155467, -0.455880005158448 ], [ 174.922985296981579, -0.460693395401812 ], [ 174.924964240416159, -0.465527723970096 ], [ 174.926892570461916, -0.470382463206976 ], [ 174.928770076645861, -0.475257083228348 ], [ 174.930596554042296, -0.480151051980164 ], [ 174.93237180329524, -0.485063835296506 ], [ 174.934095630640172, -0.489994896957886 ], [ 174.935767847925121, -0.494943698749774 ], [ 174.938267847925118, -0.502471698749774 ], [ 174.939904351259628, -0.5074878716883 ], [ 174.941487829790134, -0.512521034695439 ], [ 174.943018107179626, -0.51757062727546 ], [ 174.944495013015626, -0.522636087103024 ], [ 174.945918382829063, -0.527716850085807 ], [ 174.947288058112719, -0.532812350427319 ], [ 174.948603886338844, -0.537922020689906 ], [ 174.949865720976078, -0.543045291857949 ], [ 174.951073421505868, -0.548181593401222 ], [ 174.952226853437992, -0.553330353338428 ], [ 174.953325888325679, -0.5584909983009 ], [ 174.954370403779791, -0.563662953596446 ], [ 174.955360283482548, -0.568845643273349 ], [ 174.956295417200437, -0.574038490184508 ], [ 174.957175700796427, -0.579240916051704 ], [ 174.958001036241654, -0.584452341530002 ], [ 174.958771331626366, -0.589672186272265 ], [ 174.959486501170034, -0.594899868993782 ], [ 174.960146465230991, -0.600134807537001 ], [ 174.960751150315275, -0.605376418936358 ], [ 174.961300489084863, -0.610624119483194 ], [ 174.961794420365067, -0.615877324790763 ], [ 174.962232889151437, -0.621135449859303 ], [ 174.962615846615847, -0.626397909141186 ], [ 174.962943250111977, -0.631664116606123 ], [ 174.962983030413994, -0.632435297696641 ], [ 174.963091594884389, -0.633383439926209 ], [ 174.963271396600931, -0.634055159823379 ], [ 174.964560781507629, -0.639080343290925 ], [ 174.965797956755154, -0.644118634640883 ], [ 174.966982789149284, -0.649169491451161 ], [ 174.968115151131059, -0.654232369946873 ], [ 174.9691949207905, -0.659306725058878 ], [ 174.970221981879632, -0.664392010482463 ], [ 174.971196223825132, -0.669487678736159 ], [ 174.972117541740232, -0.674593181220682 ], [ 174.972985836435868, -0.679707968277997 ], [ 174.973801014431501, -0.684831489250489 ], [ 174.974562987965129, -0.689963192540254 ], [ 174.975271675002716, -0.695102525668479 ], [ 174.975926999247122, -0.700248935334921 ], [ 174.976528890146113, -0.705401867477481 ], [ 174.977077282900211, -0.710560767331848 ], [ 174.977572118469482, -0.715725079491229 ], [ 174.97801334357996, -0.720894247966142 ], [ 174.978400910729334, -0.726067716244274 ], [ 174.978734778192234, -0.731244927350397 ], [ 174.978898209930094, -0.734267222978868 ], [ 174.982823180091373, -0.736749006441818 ], [ 174.987236738182986, -0.73960512266244 ], [ 174.99162002306997, -0.742507485233392 ], [ 174.9959725501908, -0.74545577330552 ], [ 175.000293838384096, -0.748449660952712 ], [ 175.004583409941972, -0.751488817207935 ], [ 175.008840790662646, -0.754572906099821 ], [ 175.013065509902958, -0.757701586689808 ], [ 175.017257100630474, -0.760874513109831 ], [ 175.021415099474922, -0.764091334600551 ], [ 175.025539046779642, -0.767351695550141 ], [ 175.029628486652229, -0.770655235533589 ], [ 175.033682967015011, -0.774001589352544 ], [ 175.03770203965496, -0.777390387075694 ], [ 175.041685260273368, -0.78082125407965 ], [ 175.045632188534825, -0.78429381109037 ], [ 175.049542388115952, -0.787807674225082 ], [ 175.053415426753645, -0.791362455034721 ], [ 175.057250876292898, -0.794957760546873 ], [ 175.061048312733988, -0.798593193309216 ], [ 175.064807316279541, -0.802268351433456 ], [ 175.068527471380833, -0.805982828639759 ], [ 175.072208366783684, -0.809736214301661 ], [ 175.075849595574027, -0.81352809349146 ], [ 175.079450755222865, -0.817358047026091 ], [ 175.083011447630668, -0.821225651513461 ], [ 175.086531279171538, -0.825130479399254 ], [ 175.088999127552853, -0.827926825957371 ], [ 175.089738573609878, -0.82857459800469 ], [ 175.093635987269892, -0.832061539323344 ], [ 175.097496717716552, -0.835589053095866 ], [ 175.101320342607636, -0.839156753432101 ], [ 175.105106443660134, -0.842764250045712 ], [ 175.1088546066959, -0.846411148296872 ], [ 175.111458744546127, -0.848998499463819 ], [ 175.11456598454231, -0.85183081051244 ], [ 175.118402921029542, -0.855402619280391 ], [ 175.122202199400959, -0.859014458609364 ], [ 175.125963402041407, -0.862665931487432 ], [ 175.129686115521025, -0.866356636546164 ], [ 175.133369930640612, -0.870086168104744 ], [ 175.137014442476726, -0.873854116214563 ], [ 175.140619250426084, -0.87766006670428 ], [ 175.144183958249613, -0.881503601225347 ], [ 175.147708174116104, -0.885384297297994 ], [ 175.151191510645134, -0.889301728357671 ], [ 175.151538322430412, -0.889700093391811 ], [ 175.151670111098667, -0.889841828192429 ], [ 175.155200637474195, -0.893719578181533 ], [ 175.158690298879378, -0.897634143897338 ], [ 175.162138711429691, -0.901585094713164 ], [ 175.16554549577819, -0.905571995999744 ], [ 175.168910277157352, -0.909594409173036 ], [ 175.172232685420198, -0.913651891742467 ], [ 175.175512355081054, -0.917743997359611 ], [ 175.178748925355791, -0.921870275867293 ], [ 175.181942040201449, -0.926030273349104 ], [ 175.185091348355428, -0.930223532179338 ], [ 175.188196503374229, -0.934449591073334 ], [ 175.191257163671338, -0.938707985138217 ], [ 175.194272992555057, -0.942998245924044 ], [ 175.197243658265336, -0.947319901475331 ], [ 175.200168834010412, -0.951672476382975 ], [ 175.203048198002676, -0.956055491836551 ], [ 175.205881433494085, -0.960468465676984 ], [ 175.208668228811092, -0.964910912449587 ], [ 175.210590404564527, -0.96804767299341 ], [ 175.215039691513937, -0.970058993122946 ], [ 175.219792927429637, -0.972268013371947 ], [ 175.22331608350882, -0.973950497665629 ], [ 175.225414165732701, -0.974855160818185 ], [ 175.230223305886312, -0.976989082884047 ], [ 175.233992361260448, -0.978709190046911 ], [ 175.236040343340107, -0.979547580223449 ], [ 175.240860123889036, -0.981579799313431 ], [ 175.245658381140828, -0.98366232814036 ], [ 175.250434589970411, -0.985794938790624 ], [ 175.255188227665684, -0.987977397869615 ], [ 175.259918773984737, -0.990209466527275 ], [ 175.264625711212858, -0.992490900484234 ], [ 175.26930852421907, -0.994821450058543 ], [ 175.273966700512574, -0.997200860193002 ], [ 175.278599730298851, -0.999628870483073 ], [ 175.283207106535485, -1.002105215205377 ], [ 175.287788324987474, -1.004629623346777 ], [ 175.292342884282704, -1.007201818634036 ], [ 175.29687028596652, -1.009821519564055 ], [ 175.301370034556498, -1.01248843943468 ], [ 175.305841637596586, -1.015202286376077 ], [ 175.310284605710962, -1.017962763382677 ], [ 175.314698452657666, -1.02076956834568 ], [ 175.319082695381809, -1.023622394086116 ], [ 175.323436854068319, -1.026520928388466 ], [ 175.327760452194667, -1.029464854034829 ], [ 175.33205301658279, -1.032453848839639 ], [ 175.33631407745105, -1.035487585684926 ], [ 175.34054316846553, -1.038565732556115 ], [ 175.344739826791141, -1.041687952578363 ], [ 175.347093430182156, -1.043477532852341 ], [ 175.349569137600838, -1.045047598159157 ], [ 175.353951794826003, -1.047891674140466 ], [ 175.358304494871987, -1.050781389498443 ], [ 175.362626762485775, -1.053716428717178 ], [ 175.366918125737016, -1.056696471332035 ], [ 175.371178116069785, -1.059721191964648 ], [ 175.375406268353544, -1.062790260358442 ], [ 175.379602120934095, -1.065903341414699 ], [ 175.383765215683866, -1.069060095229143 ], [ 175.387895098051985, -1.072260177129049 ], [ 175.391991317113906, -1.075503237710884 ], [ 175.396053425620607, -1.07878892287845 ], [ 175.400080980047477, -1.082116873881551 ], [ 175.40407354064277, -1.08548672735516 ], [ 175.408030671475473, -1.088898115359094 ], [ 175.411951940483078, -1.092350665418193 ], [ 175.415836919518625, -1.095844000562979 ], [ 175.419685184397565, -1.099377739370825 ], [ 175.423496314943975, -1.102951496007597 ], [ 175.42726989503646, -1.10656488026978 ], [ 175.431005512653627, -1.110217497627087 ], [ 175.43470275991902, -1.113908949265532 ], [ 175.438361233145741, -1.117638832130977 ], [ 175.441980532880422, -1.121406738973141 ], [ 175.445560263946845, -1.125212258390061 ], [ 175.449100035489209, -1.129054974873017 ], [ 175.4525994610147, -1.132934468851897 ], [ 175.456058158435695, -1.136850316741008 ], [ 175.459475750111494, -1.140802090985324 ], [ 175.462851862889607, -1.144789360107175 ], [ 175.466186128146404, -1.148811688753351 ], [ 175.469478181827441, -1.152868637742639 ], [ 175.472727664487195, -1.156959764113777 ], [ 175.475934221328231, -1.161084621173818 ], [ 175.477395661936697, -1.163005686985569 ], [ 175.477934353895847, -1.161200274582739 ], [ 175.479483886333128, -1.156198824234284 ], [ 175.481085708144519, -1.151213874560843 ], [ 175.482739643670698, -1.146245972223091 ], [ 175.484445511537416, -1.141295662012253 ], [ 175.486203124675399, -1.136363486790365 ], [ 175.488012290340862, -1.131449987430736 ], [ 175.489872810136717, -1.126555702758643 ], [ 175.49178448003417, -1.121681169492234 ], [ 175.493747090395289, -1.116826922183677 ], [ 175.500747090395294, -1.099770922183677 ], [ 175.502756993258686, -1.094945614300352 ], [ 175.504817231007252, -1.090141582024392 ], [ 175.506927578470993, -1.085359350403964 ], [ 175.509087805003219, -1.080599442104573 ], [ 175.511297674505812, -1.075862377351938 ], [ 175.513556945455008, -1.071148673875133 ], [ 175.515865370927798, -1.06645884685 ], [ 175.518222698628932, -1.06179340884285 ], [ 175.520628670918484, -1.057152869754438 ], [ 175.523083024839963, -1.052537736764237 ], [ 175.525585492149133, -1.047948514275004 ], [ 175.528135799343261, -1.043385703857656 ], [ 175.530733667691067, -1.038849804196447 ], [ 175.53337881326317, -1.034341311034469 ], [ 175.536070946963036, -1.029860717119471 ], [ 175.538809774558729, -1.025408512150001 ], [ 175.541594996714963, -1.020985182721888 ], [ 175.544426309025795, -1.016591212275061 ], [ 175.547303402048016, -1.012227081040711 ], [ 175.550225961334831, -1.007893265988804 ], [ 175.553193667470339, -1.003590240775956 ], [ 175.55620619610437, -0.999318475693658 ], [ 175.559263217987933, -0.995078437616884 ], [ 175.562364399009283, -0.99087058995306 ], [ 175.565509400230354, -0.986695392591417 ], [ 175.568697877923796, -0.982553301852731 ], [ 175.571929483610631, -0.978444770439447 ], [ 175.575203864098256, -0.974370247386206 ], [ 175.578520661519065, -0.970330178010761 ], [ 175.581879513369586, -0.966325003865317 ], [ 175.585280052550104, -0.962355162688261 ], [ 175.588721907404675, -0.958421088356332 ], [ 175.592204701761915, -0.954523210837191 ], [ 175.595728054976036, -0.950661956142433 ], [ 175.599291581968345, -0.946837746281029 ], [ 175.602894893269564, -0.943050999213199 ], [ 175.60653759506215, -0.939302128804733 ], [ 175.610219289223465, -0.93559154478176 ], [ 175.613939573369322, -0.931919652685966 ], [ 175.617698040897892, -0.928286853830273 ], [ 175.621494281034103, -0.924693545254974 ], [ 175.625327878874657, -0.921140119684345 ], [ 175.629198415433308, -0.917626965483716 ], [ 175.63310546768659, -0.914154466617035 ], [ 175.637048608620233, -0.910723002604891 ], [ 175.641027407275629, -0.907332948483047 ], [ 175.645041428797015, -0.903984674761442 ], [ 175.649090234479104, -0.900678547383702 ], [ 175.653173381814838, -0.897414927687144 ], [ 175.657290424543902, -0.89419417236328 ], [ 175.661440912701437, -0.891016633418842 ], [ 175.665624392667183, -0.887882658137299 ], [ 175.669840407215133, -0.884792589040911 ], [ 175.674088495563524, -0.881746763853289 ], [ 175.67836819342503, -0.878745515462481 ], [ 175.682679033057696, -0.875789171884599 ], [ 175.687020543315981, -0.872878056227958 ], [ 175.691392249702233, -0.870012486657771 ], [ 175.695793674418553, -0.86719277636137 ], [ 175.700224336419069, -0.864419233513982 ], [ 175.704683751462454, -0.861692161245044 ], [ 175.709171432164851, -0.85901185760507 ], [ 175.713686888053189, -0.856378615533086 ], [ 175.718229625618733, -0.853792722824602 ], [ 175.722799148371024, -0.851254462100167 ], [ 175.727394956892255, -0.848764110774475 ], [ 175.732016548891664, -0.846321941026049 ], [ 175.736663419260566, -0.843928219767491 ], [ 175.74133506012754, -0.841583208616312 ], [ 175.746030960913913, -0.839287163866337 ], [ 175.750750608389495, -0.837040336459698 ], [ 175.755493486728852, -0.834842971959401 ], [ 175.760259077567525, -0.832695310522497 ], [ 175.765046860058703, -0.830597586873823 ], [ 175.769856310930237, -0.828550030280358 ], [ 175.774686904541738, -0.826552864526161 ], [ 175.779538112942049, -0.824606307887913 ], [ 175.784409405926965, -0.822710573111064 ], [ 175.789300251097188, -0.820865867386575 ], [ 175.794210113916506, -0.819072392328282 ], [ 175.799138457770141, -0.817330343950852 ], [ 175.804084744023555, -0.815639912648367 ], [ 175.80904843208117, -0.814001283173512 ], [ 175.81402897944551, -0.812414634617384 ], [ 175.819025841776522, -0.810880140389915 ], [ 175.824038472951003, -0.809397968200927 ], [ 175.829066325122312, -0.807968280041794 ], [ 175.834108848780346, -0.806591232167742 ], [ 175.839165492811389, -0.805266975080771 ], [ 175.844235704558542, -0.803995653513207 ], [ 175.849318929882031, -0.802777406411881 ], [ 175.854414613219745, -0.801612366922944 ], [ 175.859522197648062, -0.800500662377316 ], [ 175.864641124942608, -0.799442414276771 ], [ 175.869770835639315, -0.798437738280654 ], [ 175.874910769095578, -0.797486744193241 ], [ 175.880060363551507, -0.796589535951743 ], [ 175.885219056191318, -0.795746211614938 ], [ 175.89038628320489, -0.794956863352462 ], [ 175.895561479849277, -0.79422157743473 ], [ 175.900744080510634, -0.79354043422351 ], [ 175.905933518765778, -0.792913508163138 ], [ 175.911129227444292, -0.792340867772384 ], [ 175.916330638690425, -0.791822575636961 ], [ 175.921537184025198, -0.791358688402689 ], [ 175.926748294408469, -0.790949256769296 ], [ 175.931963400301214, -0.790594325484887 ], [ 175.937181931727679, -0.790293933341044 ], [ 175.942403318337767, -0.790048113168594 ], [ 175.947626989469285, -0.789856891834016 ], [ 175.952852374210408, -0.789720290236504 ], [ 175.958078901461988, -0.789638323305689 ], [ 175.963306, -0.789611 ], [ 175.974139, -0.789611 ], [ 175.979374892058104, -0.789638415317244 ], [ 175.98461020994165, -0.789720658262577 ], [ 175.989844379539022, -0.789857719817134 ], [ 175.995076826864562, -0.79004958495057 ], [ 176.000306978121415, -0.790296232622712 ], [ 176.005534259764602, -0.790597635785863 ], [ 176.01075809856377, -0.790953761387769 ], [ 176.015977921666092, -0.791364570375245 ], [ 176.021193156659194, -0.791830017698456 ], [ 176.026403231633765, -0.792350052315858 ], [ 176.031607575246369, -0.792924617199796 ], [ 176.03680561678209, -0.793553649342754 ], [ 176.041996786217084, -0.79423707976427 ], [ 176.047180514281109, -0.794974833518496 ], [ 176.052356232520026, -0.79576682970242 ], [ 176.057523373357952, -0.796612981464735 ], [ 176.06268137015968, -0.797513196015365 ], [ 176.067829657292748, -0.79846737463564 ], [ 176.072967670189456, -0.799475412689121 ], [ 176.078094845408771, -0.800537199633078 ], [ 176.083210620698168, -0.801652619030605 ], [ 176.088314435055196, -0.802821548563396 ], [ 176.093405728789179, -0.804043860045156 ], [ 176.098483943582295, -0.805319419435657 ], [ 176.103548522551137, -0.806648086855436 ], [ 176.108598910307506, -0.808029716601138 ], [ 176.113634553019466, -0.809464157161493 ], [ 176.118654898472101, -0.810951251233929 ], [ 176.123659396127891, -0.812490835741821 ], [ 176.12864749718733, -0.81408274185238 ], [ 176.13361865464887, -0.815726794995161 ], [ 176.138572323369118, -0.81742281488121 ], [ 176.143507960122491, -0.819170615522835 ], [ 176.148425023660735, -0.820970005253999 ], [ 176.153322974772465, -0.82282078675134 ], [ 176.158201276342169, -0.824722757055812 ], [ 176.163059393409043, -0.826675707594937 ], [ 176.167896793225879, -0.828679424205681 ], [ 176.172712945317215, -0.830733687157937 ], [ 176.177507321537718, -0.832838271178623 ], [ 176.182279396130014, -0.834992945476386 ], [ 176.187028645782334, -0.837197473766906 ], [ 176.191754549685953, -0.839451614298816 ], [ 176.196456589592259, -0.841755119880202 ], [ 176.201134249869568, -0.84410773790572 ], [ 176.205787017559715, -0.846509210384293 ], [ 176.210414382434323, -0.8489592739674 ], [ 176.213719435655861, -0.850753771451651 ], [ 176.215406086021432, -0.850037747058688 ], [ 176.22028216596496, -0.848028165231247 ], [ 176.225179171239631, -0.846070126907643 ], [ 176.230096557012956, -0.844163849935889 ], [ 176.235033776184963, -0.842309546405117 ], [ 176.239990279449074, -0.840507422621984 ], [ 176.24496551535313, -0.838757679087717 ], [ 176.249958930360862, -0.837060510475805 ], [ 176.254969968913429, -0.835416105610341 ], [ 176.259998073491175, -0.833824647445013 ], [ 176.265042684675763, -0.832286313042748 ], [ 176.270103241212297, -0.830801273556018 ], [ 176.275179180071916, -0.829369694207787 ], [ 176.280269936514259, -0.827991734273139 ], [ 176.285374944150419, -0.826667547061553 ], [ 176.290493635005987, -0.825397279899846 ], [ 176.295625439584057, -0.824181074115778 ], [ 176.303070439584076, -0.822458074115778 ], [ 176.308142220250687, -0.821312060326043 ], [ 176.313225644241186, -0.820218850707888 ], [ 176.31832016180752, -0.819178563486717 ], [ 176.323425222001958, -0.818191311164629 ], [ 176.328540272736603, -0.817257200508248 ], [ 176.333664760843135, -0.816376332537185 ], [ 176.338798132132609, -0.815548802513105 ], [ 176.343939831455458, -0.814774699929432 ], [ 176.349089302761371, -0.814054108501664 ], [ 176.354245989159665, -0.813387106158325 ], [ 176.359409332979311, -0.812773765032536 ], [ 176.364578775829301, -0.81221415145421 ], [ 176.369753758659073, -0.811708325942886 ], [ 176.374933721818934, -0.811256343201179 ], [ 176.380118105120602, -0.810858252108863 ], [ 176.385306347897767, -0.810514095717592 ], [ 176.390497889066722, -0.810223911246236 ], [ 176.395692167187093, -0.809987730076861 ], [ 176.400888620522466, -0.809805577751332 ], [ 176.406086687101208, -0.809677473968555 ], [ 176.411285804777265, -0.809603432582342 ], [ 176.416485411290864, -0.809583461599915 ], [ 176.421684944329371, -0.809617563181041 ], [ 176.426883841588108, -0.809705733637797 ], [ 176.432081540831177, -0.809847963434968 ], [ 176.437277479952144, -0.810044237191082 ], [ 176.442471097035082, -0.810294533680067 ], [ 176.447661830415029, -0.810598825833554 ], [ 176.452849118738953, -0.810957080743799 ], [ 176.458032401026429, -0.811369259667242 ], [ 176.46321111673015, -0.811835318028701 ], [ 176.46838470579678, -0.812355205426188 ], [ 176.473552608727317, -0.812928865636363 ], [ 176.47871426663778, -0.813556236620611 ], [ 176.505436266637759, -0.816945236620612 ], [ 176.510584973958998, -0.817625405890844 ], [ 176.515726338799169, -0.818359016752452 ], [ 176.52085980647044, -0.819145990058165 ], [ 176.525984823137037, -0.819986240903582 ], [ 176.531100835874867, -0.820879678636335 ], [ 176.536207292731291, -0.821826206865864 ], [ 176.541303642784669, -0.822825723473826 ], [ 176.546389336203646, -0.823878120625102 ], [ 176.551463824306694, -0.824983284779437 ], [ 176.556526559621147, -0.826141096703689 ], [ 176.561576995942261, -0.827351431484691 ], [ 176.566614588392326, -0.828614158542729 ], [ 176.571638793479224, -0.829929141645627 ], [ 176.576649069155167, -0.831296238923452 ], [ 176.581644874875195, -0.832715302883809 ], [ 176.586625671655497, -0.834186180427764 ], [ 176.591590922131502, -0.835708712866355 ], [ 176.596540090615889, -0.837282735937714 ], [ 176.60147264315637, -0.838908079824792 ], [ 176.606388047593356, -0.840584569173673 ], [ 176.611285773617254, -0.842312023112501 ], [ 176.616165292825798, -0.844090255270988 ], [ 176.621026078780972, -0.84591907380052 ], [ 176.625867607065857, -0.847798281394863 ], [ 176.63068935534119, -0.849727675311438 ], [ 176.635490803401694, -0.851707047393207 ], [ 176.6402714332323, -0.853736184091119 ], [ 176.645030729063876, -0.855814866487158 ], [ 176.649768177428967, -0.857942870317957 ], [ 176.654483267217273, -0.860119965998992 ], [ 176.659175489730558, -0.862345918649356 ], [ 176.663844338737789, -0.864620488117096 ], [ 176.668489310529623, -0.866943429005123 ], [ 176.673109903972659, -0.869314490697689 ], [ 176.677705620563756, -0.871733417387422 ], [ 176.68227596448358, -0.874199948102927 ], [ 176.686820442650202, -0.87671381673694 ], [ 176.691338564772281, -0.87927475207504 ], [ 176.695829843401981, -0.881882477824906 ], [ 176.70029379398747, -0.884536712646127 ], [ 176.704729934925354, -0.887237170180557 ], [ 176.709137787612491, -0.889983559083207 ], [ 176.713516876497664, -0.892775583053678 ], [ 176.717866729132936, -0.895612940868127 ], [ 176.72218687622464, -0.898495326411769 ], [ 176.726476851683827, -0.901422428711898 ], [ 176.730736192676829, -0.904393931971439 ], [ 176.734964439674911, -0.907409515603022 ], [ 176.739161136504094, -0.910468854263562 ], [ 176.743325830394213, -0.913571617889366 ], [ 176.747458072027797, -0.916717471731738 ], [ 176.751557415588621, -0.919906076393099 ], [ 176.755623418809648, -0.923137087863598 ], [ 176.759655643020949, -0.926410157558232 ], [ 176.763653653196798, -0.929724932354448 ], [ 176.767617018002852, -0.933081054630246 ], [ 176.77154530984248, -0.936478162302758 ], [ 176.775438104903031, -0.939915888867314 ], [ 176.779294983201424, -0.943393863436982 ], [ 176.783115528629651, -0.946911710782577 ], [ 176.794281528629654, -0.957300710782577 ], [ 176.798067291775652, -0.960859915985633 ], [ 176.801815862682901, -0.964458271224954 ], [ 176.805526836506573, -0.968095387878984 ], [ 176.809199812462339, -0.971770873139934 ], [ 176.812834393869593, -0.975484330056216 ], [ 176.816430188194374, -0.97923535757531 ], [ 176.819986807091681, -0.98302355058708 ], [ 176.823503866447453, -0.986848499967526 ], [ 176.826980986420097, -0.990709792622966 ], [ 176.830417791481381, -0.994607011534656 ], [ 176.833813910457195, -0.998539735803821 ], [ 176.837168976567398, -1.002507540697116 ], [ 176.840482627465605, -1.006509997692498 ], [ 176.843754505278241, -1.010546674525503 ], [ 176.846984256643282, -1.014617135235933 ], [ 176.850171532748249, -1.018720940214938 ], [ 176.85331598936807, -1.022857646252496 ], [ 176.856417286902115, -1.027026806585277 ], [ 176.859475090410911, -1.031227970944894 ], [ 176.862489069652412, -1.035460685606532 ], [ 176.865458899117527, -1.039724493437952 ], [ 176.868384258065305, -1.044018933948858 ], [ 176.871264830557635, -1.048343543340632 ], [ 176.874100305493357, -1.052697854556424 ], [ 176.876890376641796, -1.057081397331594 ], [ 176.879634742675876, -1.061493698244497 ], [ 176.882333107204687, -1.065934280767621 ], [ 176.884985178805493, -1.070402665319041 ], [ 176.887590671055079, -1.074898369314222 ], [ 176.890149302560928, -1.079420907218135 ], [ 176.892660796991407, -1.083969790597694 ], [ 176.895124883105638, -1.088544528174508 ], [ 176.895128310589484, -1.088551053039766 ], [ 176.896192518270936, -1.089978615350406 ], [ 176.89930465279943, -1.094246699460655 ], [ 176.902371524308649, -1.098547422939494 ], [ 176.905392790512167, -1.102880305793098 ], [ 176.908368114213403, -1.107244864438406 ], [ 176.911297163343392, -1.111640611757095 ], [ 176.91417961099765, -1.116067057149948 ], [ 176.917015135472894, -1.120523706591605 ], [ 176.91980342030277, -1.125010062685704 ], [ 176.922544154293234, -1.129525624720389 ], [ 176.925237031557288, -1.134069888724198 ], [ 176.927881751549108, -1.138642347522309 ], [ 176.930478019097592, -1.143242490793143 ], [ 176.933025544439317, -1.147869805125321 ], [ 176.935524043250865, -1.152523774074966 ], [ 176.937973236680534, -1.157203878223338 ], [ 176.940372851379522, -1.161909595234809 ], [ 176.942722619532304, -1.16664039991516 ], [ 176.945022278886739, -1.171395764270192 ], [ 176.947271572783137, -1.176175157564661 ], [ 176.949470250182969, -1.180978046381505 ], [ 176.951618065696977, -1.185803894681383 ], [ 176.953714779612369, -1.190652163862499 ], [ 176.955760157919741, -1.195522312820714 ], [ 176.957753972339191, -1.200413798009936 ], [ 176.959696000345645, -1.205326073502788 ], [ 176.961586025193867, -1.210258591051533 ], [ 176.963423835942507, -1.215210800149267 ], [ 176.9652092274778, -1.220182148091356 ], [ 176.966942000536278, -1.225172080037124 ], [ 176.968621961727109, -1.230180039071781 ], [ 176.972732961727104, -1.242653039071781 ], [ 176.974353351470938, -1.247657795693148 ], [ 176.975920996843541, -1.252679323323938 ], [ 176.977435724317559, -1.257717066116154 ], [ 176.978897366223237, -1.262770466426898 ], [ 176.98030576076701, -1.267838964880094 ], [ 176.981660752049521, -1.272922000428406 ], [ 176.982962190082645, -1.278019010415346 ], [ 176.984209930806315, -1.283129430637549 ], [ 176.985403836104382, -1.288252695407236 ], [ 176.986543773819847, -1.293388237614822 ], [ 176.987629617769585, -1.298535488791698 ], [ 176.988661247758273, -1.303693879173153 ], [ 176.989638549591689, -1.308862837761444 ], [ 176.990561415089303, -1.314041792389002 ], [ 176.991429742096443, -1.319230169781766 ], [ 176.992243434495322, -1.32442739562264 ], [ 176.993002402215893, -1.329632894615068 ], [ 176.993706561245745, -1.334846090546714 ], [ 176.994355833639389, -1.340066406353242 ], [ 176.994950147526907, -1.345293264182199 ], [ 176.995489437121932, -1.350526085456975 ], [ 176.99597364272887, -1.355764290940847 ], [ 176.996402710749521, -1.361007300801098 ], [ 176.996776593689077, -1.366254534673202 ], [ 176.997095250161294, -1.371505411725062 ], [ 176.997358644893154, -1.376759350721307 ], [ 176.997566748728673, -1.382015770087632 ], [ 176.997719538632253, -1.387274087975171 ], [ 176.997816997691075, -1.392533722324904 ], [ 176.997859115117137, -1.39779409093209 ], [ 176.997845886248314, -1.403054611510708 ], [ 176.997777312548948, -1.408314701757919 ], [ 176.997653401609682, -1.413573779418514 ], [ 176.997474167146606, -1.418831262349374 ], [ 176.997239628999665, -1.424086568583902 ], [ 176.996949813130641, -1.42933911639645 ], [ 176.996604751620112, -1.434588324366705 ], [ 176.996204482663984, -1.439833611444053 ], [ 176.995749050569202, -1.445074397011894 ], [ 176.995238505748915, -1.450310100951913 ], [ 176.994672904716907, -1.455540143708299 ], [ 176.99405231008123, -1.460763946351891 ], [ 176.993376790537354, -1.465980930644267 ], [ 176.992646420860609, -1.471190519101747 ], [ 176.991861281897769, -1.47639213505932 ], [ 176.991021460558244, -1.481585202734474 ], [ 176.990127049804386, -1.486769147290932 ], [ 176.98917814864123, -1.491943394902283 ], [ 176.988174862105438, -1.4971073728155 ], [ 176.987117301253875, -1.502260509414338 ], [ 176.986005583151126, -1.507402234282613 ], [ 176.984839830856572, -1.512531978267337 ], [ 176.983620173410884, -1.517649173541722 ], [ 176.982346745821587, -1.522753253668038 ], [ 176.981019689048225, -1.527843653660305 ], [ 176.979639149986667, -1.532919810046843 ], [ 176.978205281452972, -1.537981160932637 ], [ 176.976150281452959, -1.545092160932637 ], [ 176.974666320942504, -1.55012789755581 ], [ 176.973129569372162, -1.555147775716237 ], [ 176.971540196158202, -1.560151242006845 ], [ 176.969898376518103, -1.565137744829856 ], [ 176.968204291451201, -1.570106734457598 ], [ 176.966458127718738, -1.575057663093109 ], [ 176.964660077823254, -1.579989984930526 ], [ 176.962810339987385, -1.584903156215261 ], [ 176.960909118132065, -1.589796635303939 ], [ 176.958956621853901, -1.594669882724116 ], [ 176.956953066402207, -1.59952236123375 ], [ 176.954898672655162, -1.604353535880429 ], [ 176.952793667095619, -1.609162874060347 ], [ 176.950638281785956, -1.613949845577014 ], [ 176.948432754342605, -1.618713922699716 ], [ 176.946177327909766, -1.623454580221686 ], [ 176.943872251132746, -1.628171295518007 ], [ 176.94151777813039, -1.632863548603228 ], [ 176.939114168467199, -1.63753082218869 ], [ 176.936661687124626, -1.64217260173955 ], [ 176.934160604471856, -1.64678837553151 ], [ 176.931611196236076, -1.651377634707225 ], [ 176.929013743472041, -1.655939873332406 ], [ 176.926368532531058, -1.660474588451594 ], [ 176.923675855029444, -1.664981280143608 ], [ 176.920936007816437, -1.669459451576656 ], [ 176.918149292941308, -1.673908609063109 ], [ 176.915316017620228, -1.678328262113926 ], [ 176.912436494202382, -1.682717923492728 ], [ 176.909511040135413, -1.687077109269512 ], [ 176.906539977930521, -1.691405338873998 ], [ 176.903523635126902, -1.695702135148616 ], [ 176.900462344255629, -1.699967024401101 ], [ 176.897356442802959, -1.704199536456718 ], [ 176.894206273173239, -1.708399204710097 ], [ 176.891012182650968, -1.712565566176672 ], [ 176.887774523362737, -1.716698161543718 ], [ 176.884493652238177, -1.720796535220995 ], [ 176.881169930970827, -1.724860235390966 ], [ 176.877803725978083, -1.728888814058611 ], [ 176.874395408360954, -1.732881827100814 ], [ 176.870945353862993, -1.736838834315324 ], [ 176.86745394282903, -1.740759399469288 ], [ 176.863921560163163, -1.744643090347336 ], [ 176.86034859528624, -1.748489478799237 ], [ 176.856735442093139, -1.752298140787093 ], [ 176.853082498909174, -1.756068656432091 ], [ 176.849390168446206, -1.759800610060791 ], [ 176.845658857758309, -1.763493590250949 ], [ 176.841888978196835, -1.767147189876875 ], [ 176.838080945365135, -1.770761006154316 ], [ 176.834235179072607, -1.774334640684859 ], [ 176.830352103288618, -1.777867699499855 ], [ 176.826432146095556, -1.781359793103845 ], [ 176.82247573964176, -1.784810536517505 ], [ 176.818483320093861, -1.788219549320086 ], [ 176.814455327588718, -1.791586455691352 ], [ 176.810392206184758, -1.79491088445301 ], [ 176.806294403813268, -1.798192469109633 ], [ 176.802162372228736, -1.801430847889062 ], [ 176.797996566959313, -1.80462566378229 ], [ 176.793797447256338, -1.807776564582815 ], [ 176.789565476043975, -1.810883202925478 ], [ 176.78530111986791, -1.813945236324748 ], [ 176.781004848844134, -1.816962327212482 ], [ 176.77667713660702, -1.819934142975144 ], [ 176.772318460257083, -1.822860355990464 ], [ 176.767929300308452, -1.825740643663567 ], [ 176.763510140635844, -1.828574688462527 ], [ 176.759061468421265, -1.83136217795338 ], [ 176.754583774100212, -1.834102804834563 ], [ 176.750077551307754, -1.836796266970795 ], [ 176.745543296823996, -1.839442267426383 ], [ 176.740981510519333, -1.84204051449796 ], [ 176.736392695299315, -1.844590721746638 ], [ 176.731777357049339, -1.847092608029594 ], [ 176.727136004578739, -1.849545897531054 ], [ 176.722469149564688, -1.851950319792711 ], [ 176.71777730649589, -1.85430560974353 ], [ 176.713060992615823, -1.85661150772898 ], [ 176.708320727865697, -1.858867759539653 ], [ 176.703557034827099, -1.861074116439289 ], [ 176.698770438664468, -1.863230335192203 ], [ 176.69396146706714, -1.865336178090092 ], [ 176.689130650191203, -1.867391412978247 ], [ 176.684278520600969, -1.869395813281145 ], [ 176.679405613210434, -1.871349158027425 ], [ 176.674512465224154, -1.873251231874251 ], [ 176.669599616078045, -1.875101825131052 ], [ 176.664667607379982, -1.876900733782637 ], [ 176.659716982850028, -1.878647759511689 ], [ 176.654748288260521, -1.880342709720625 ], [ 176.649762071375932, -1.881985397552833 ], [ 176.644758881892329, -1.883575641913265 ], [ 176.639739271377039, -1.88511326748841 ], [ 176.63470379320762, -1.886598104765612 ], [ 176.629653002510935, -1.888029990051764 ], [ 176.624587456101921, -1.889408765491354 ], [ 176.619507712422319, -1.890734279083864 ], [ 176.614414331478912, -1.892006384700527 ], [ 176.60930787478199, -1.893224942100441 ], [ 176.60418890528328, -1.894389816946026 ], [ 176.59905798731404, -1.895500880817834 ], [ 176.593915686522649, -1.896558011228709 ], [ 176.588762569812502, -1.897561091637286 ], [ 176.583599205279285, -1.898510011460843 ], [ 176.578426162148446, -1.89940466608749 ], [ 176.573244010712443, -1.900244956887702 ], [ 176.568053322267872, -1.901030791225192 ], [ 176.562854669052484, -1.901762082467125 ], [ 176.557648624182036, -1.902438749993666 ], [ 176.552435761587247, -1.90306071920687 ], [ 176.547216655950336, -1.903627921538904 ], [ 176.541991882641895, -1.90414029445961 ], [ 176.536762017657253, -1.904597781483394 ], [ 176.531527637553097, -1.905000332175455 ], [ 176.526289319383864, -1.905347902157344 ], [ 176.521047640638102, -1.905640453111861 ], [ 176.515803179174952, -1.905877952787272 ], [ 176.510556513160168, -1.906060375000871 ], [ 176.505308221002679, -1.906187699641861 ], [ 176.500058881290641, -1.906259912673576 ], [ 176.494809072727634, -1.906277006135026 ], [ 176.489559374069017, -1.906238978141773 ], [ 176.48431036405799, -1.906145832886143 ], [ 176.479062621361834, -1.90599758063676 ], [ 176.47381672450814, -1.905794237737416 ], [ 176.468573251820942, -1.905535826605268 ], [ 176.46333278135711, -1.905222375728369 ], [ 176.458095890842486, -1.904853919662522 ], [ 176.452863157608306, -1.904430499027478 ], [ 176.44763515852739, -1.903952160502453 ], [ 176.442412469950739, -1.903418956820981 ], [ 176.437195667643891, -1.902830946765104 ], [ 176.431985326723463, -1.902188195158891 ], [ 176.426782021593709, -1.90149077286129 ], [ 176.421586325883283, -1.900738756758317 ], [ 176.416398812381914, -1.899932229754579 ], [ 176.408453812381907, -1.898654229754579 ], [ 176.403302186565952, -1.897797937364424 ], [ 176.39815978526596, -1.896887885676444 ], [ 176.393027169466194, -1.895924173968126 ], [ 176.387904899083367, -1.894906907370722 ], [ 176.382793532905652, -1.893836196857787 ], [ 176.377693628531745, -1.892712159233065 ], [ 176.372605742309844, -1.891534917117756 ], [ 176.367530429277195, -1.890304598937131 ], [ 176.362468243099386, -1.889021338906529 ], [ 176.357419736010002, -1.887685277016709 ], [ 176.352385458750405, -1.886296559018586 ], [ 176.347365960509563, -1.884855336407322 ], [ 176.342361788864253, -1.883361766405808 ], [ 176.337373489719312, -1.881816011947506 ], [ 176.332401607247931, -1.880218241658679 ], [ 176.327446683832534, -1.878568629839992 ], [ 176.322509260005376, -1.876867356447502 ], [ 176.317589874389739, -1.875114607073022 ], [ 176.31268906364113, -1.873310572923879 ], [ 176.307807362388701, -1.87145545080205 ], [ 176.302945303176926, -1.869549443082697 ], [ 176.298103416407571, -1.867592757692091 ], [ 176.29328223028179, -1.865585608084925 ], [ 176.288482270742492, -1.86352821322103 ], [ 176.283704061416955, -1.86142079754149 ], [ 176.278948123559786, -1.859263590944158 ], [ 176.274214975995932, -1.857056828758573 ], [ 176.269505135064179, -1.854800751720292 ], [ 176.264819114560822, -1.852495605944624 ], [ 176.260157425683559, -1.850141642899787 ], [ 176.255520576975726, -1.84773911937947 ], [ 176.250909074270879, -1.845288297474821 ], [ 176.246323420637623, -1.842789444545857 ], [ 176.24382964737174, -1.841396540963185 ], [ 176.243203532608419, -1.84168731793522 ], [ 176.238441978794526, -1.843838454538639 ], [ 176.233658206235248, -1.845939716899715 ], [ 176.228852737314355, -1.847990875562418 ], [ 176.224026096784939, -1.849991706542 ], [ 176.219178811711942, -1.85194199134945 ], [ 176.214311411414712, -1.853841517015357 ], [ 176.20942442740909, -1.855690076113164 ], [ 176.204518393349559, -1.85748746678182 ], [ 176.199593844970764, -1.85923349274782 ], [ 176.194651320029124, -1.860927963346643 ], [ 176.189691358244062, -1.862570693543565 ], [ 176.184714501239114, -1.864161503953873 ], [ 176.179721292482782, -1.865700220862449 ], [ 176.174712277229133, -1.867186676242739 ], [ 176.16968800245823, -1.868620707775103 ], [ 176.164649016816611, -1.870002158864541 ], [ 176.159595870557098, -1.87133087865779 ], [ 176.15452911547888, -1.872606722059801 ], [ 176.149449304867233, -1.873829549749578 ], [ 176.144356993433064, -1.874999228195398 ], [ 176.139252737252377, -1.876115629669387 ], [ 176.134137093705561, -1.877178632261472 ], [ 176.129010621416398, -1.878188119892692 ], [ 176.12387388019124, -1.87914398232787 ], [ 176.118727430957819, -1.880046115187657 ], [ 176.115274811794819, -1.880614211240302 ], [ 176.115334104520372, -1.88287847155447 ], [ 176.115416232446677, -1.888091580460027 ], [ 176.115443996893305, -1.893305262325366 ], [ 176.115417394841359, -1.898518950251231 ], [ 176.115336429183373, -1.903732077337701 ], [ 176.115201108722971, -1.908944076745842 ], [ 176.115011448173931, -1.914154381759333 ], [ 176.114767468158647, -1.919362425846091 ], [ 176.114469195205771, -1.924567642719868 ], [ 176.114116661747431, -1.92976946640183 ], [ 176.113709906115645, -1.934967331282094 ], [ 176.113248972538173, -1.940160672181229 ], [ 176.112733911133688, -1.94534892441171 ], [ 176.112164777906401, -1.950531523839319 ], [ 176.111541634739837, -1.955707906944483 ], [ 176.110864549390215, -1.96087751088355 ], [ 176.110133595479084, -1.966039773549985 ], [ 176.109348852485255, -1.971194133635494 ], [ 176.108510405736155, -1.976340030691052 ], [ 176.107618346398624, -1.981476905187846 ], [ 176.106672771468965, -1.986604198578112 ], [ 176.10567378376237, -1.99172135335587 ], [ 176.104621491901753, -1.99682781311754 ], [ 176.103516010305981, -2.001923022622444 ], [ 176.102357459177369, -2.007006427853177 ], [ 176.101145964488637, -2.01207747607585 ], [ 176.099881657969263, -2.017135615900188 ], [ 176.098564677091105, -2.022180297339486 ], [ 176.095231677091107, -2.034680297339486 ], [ 176.093853715815555, -2.039741378542376 ], [ 176.092422737173592, -2.044787725770365 ], [ 176.090938898649142, -2.049818783656382 ], [ 176.089402363543428, -2.054833998515999 ], [ 176.087813300957237, -2.059832818408367 ], [ 176.086171885772131, -2.064814693196958 ], [ 176.084478298631183, -2.069779074610104 ], [ 176.082732725919243, -2.074725416301345 ], [ 176.080935359742313, -2.079653173909548 ], [ 176.079086397906451, -2.084561805118822 ], [ 176.077186043895949, -2.089450769718197 ], [ 176.075234506851018, -2.094319529661079 ], [ 176.07323200154471, -2.099167549124464 ], [ 176.071178748359301, -2.103994294567902 ], [ 176.069074973262019, -2.108799234792222 ], [ 176.066920907780258, -2.113581840997987 ], [ 176.064716788975971, -2.118341586843695 ], [ 176.062462859419668, -2.123077948503697 ], [ 176.060159367163664, -2.127790404725855 ], [ 176.057806565714884, -2.1324784368889 ], [ 176.055404714006812, -2.137141529059511 ], [ 176.052954076371122, -2.141779168049096 ], [ 176.050454922508521, -2.146390843470269 ], [ 176.047907527459103, -2.15097604779302 ], [ 176.04531217157205, -2.155534276400568 ], [ 176.0426691404748, -2.160065027644902 ], [ 176.03997872504155, -2.164567802901981 ], [ 176.037241221361398, -2.169042106626616 ], [ 176.034456930705574, -2.173487446407001 ], [ 176.031626159494408, -2.17790333301891 ], [ 176.028749219263574, -2.182289280479534 ], [ 176.025826426629777, -2.186644806100963 ], [ 176.022858103255913, -2.190969430543314 ], [ 176.019844575815739, -2.195262677867478 ], [ 176.016786175957805, -2.199524075587501 ], [ 176.013683240269103, -2.203753154722584 ], [ 176.010536110237808, -2.207949449848692 ], [ 176.00734513221596, -2.212112499149779 ], [ 176.004110657381176, -2.216241844468612 ], [ 176.000833041697973, -2.220337031357189 ], [ 175.997512645878714, -2.224397609126759 ], [ 175.994149835343904, -2.228423130897415 ], [ 175.990744980181802, -2.232413153647278 ], [ 175.987298455107975, -2.236367238261256 ], [ 175.983810639423751, -2.240284949579363 ], [ 175.98028191697469, -2.244165856444615 ], [ 175.97671267610832, -2.248009531750478 ], [ 175.973103309631256, -2.251815552487876 ], [ 175.969454214766159, -2.255583499791738 ], [ 175.965765793107892, -2.259312958987102 ], [ 175.962038450579314, -2.263003519634746 ], [ 175.958272597386753, -2.266654775576365 ], [ 175.954468647974693, -2.270266324979261 ], [ 175.950627020980221, -2.273837770380575 ], [ 175.940210020980203, -2.283420770380575 ], [ 175.93634133040652, -2.28694253869401 ], [ 175.932436003153327, -2.290423635913877 ], [ 175.928494466769962, -2.29386368093496 ], [ 175.924517152769795, -2.297262297146376 ], [ 175.920504496583078, -2.300619112472805 ], [ 175.916456937509309, -2.303933759415221 ], [ 175.912374918669087, -2.307205875091133 ], [ 175.908258886955593, -2.310435101274305 ], [ 175.904109292985737, -2.313621084433978 ], [ 175.899926591050701, -2.316763475773575 ], [ 175.895711239066316, -2.319861931268882 ], [ 175.891463698522927, -2.322916111705716 ], [ 175.887184434434772, -2.32592568271706 ], [ 175.882873915289167, -2.328890314819669 ], [ 175.878532612995173, -2.331809683450141 ], [ 175.874161002831926, -2.334683469000449 ], [ 175.869759563396656, -2.337511356852932 ], [ 175.865328776552246, -2.340293037414741 ], [ 175.860869127374485, -2.34302820615173 ], [ 175.856381104098972, -2.345716563621794 ], [ 175.851865198067628, -2.348357815507659 ], [ 175.847321903674981, -2.350951672649094 ], [ 175.842751718313934, -2.353497851074574 ], [ 175.838155142321483, -2.355996072032369 ], [ 175.833532678923689, -2.358446062021056 ], [ 175.828884834180855, -2.360847552819468 ], [ 175.824212116931875, -2.363200281516053 ], [ 175.819515038738757, -2.365503990537661 ], [ 175.814794113830459, -2.367758427677742 ], [ 175.810049859046586, -2.369963346123954 ], [ 175.805282793781004, -2.372118504485187 ], [ 175.800493439924679, -2.374223666817992 ], [ 175.795682321808783, -2.376278602652405 ], [ 175.790849966147221, -2.378283087017184 ], [ 175.785996901978905, -2.380236900464439 ], [ 175.781123660609893, -2.38213982909365 ], [ 175.776230775555234, -2.383991664575094 ], [ 175.771318782480506, -2.385792204172647 ], [ 175.766388219143238, -2.387541250765977 ], [ 175.761439625333963, -2.389238612872132 ], [ 175.756473542817218, -2.390884104666495 ], [ 175.75149051527211, -2.392477546003134 ], [ 175.746491088232943, -2.394018762434521 ], [ 175.741475809029311, -2.395507585230631 ], [ 175.736445226726374, -2.396943851397415 ], [ 175.731399892064587, -2.398327403694643 ], [ 175.726340357399522, -2.399658090653118 ], [ 175.721267176641305, -2.400935766591262 ], [ 175.716180905194022, -2.40216029163106 ], [ 175.711082099894924, -2.403331531713379 ], [ 175.705971318953459, -2.404449358612641 ], [ 175.700849121890087, -2.40551364995086 ], [ 175.695716069475168, -2.406524289211045 ], [ 175.690572723667458, -2.407481165749948 ], [ 175.685419647552578, -2.408384174810188 ], [ 175.68025740528148, -2.409233217531707 ], [ 175.675086562008545, -2.410028200962604 ], [ 175.669907683829848, -2.410769038069305 ], [ 175.664721337721062, -2.411455647746092 ], [ 175.659528091475437, -2.412087954823987 ], [ 175.654328513641644, -2.412665890078972 ], [ 175.649123173461561, -2.413189390239579 ], [ 175.643912640807883, -2.413658397993808 ], [ 175.638697486121799, -2.414072861995406 ], [ 175.627836486121822, -2.414878861995405 ], [ 175.622608232493576, -2.415239313111993 ], [ 175.617376488094123, -2.415544946138851 ], [ 175.612141827673639, -2.41579572749967 ], [ 175.606904826302781, -2.415991629644052 ], [ 175.601666059309309, -2.416132631050531 ], [ 175.596426102214963, -2.416218716228939 ], [ 175.59118553067222, -2.41624987572211 ], [ 175.585944920401062, -2.416226106106916 ], [ 175.580704847125759, -2.416147409994647 ], [ 175.575465886511552, -2.416013796030718 ], [ 175.570228614101467, -2.415825278893726 ], [ 175.564993605253022, -2.415581879293831 ], [ 175.559761435075103, -2.415283623970486 ], [ 175.554532678364751, -2.414930545689498 ], [ 175.549307909543984, -2.414522683239428 ], [ 175.544087702596727, -2.414060081427325 ], [ 175.538872631005773, -2.413542791073815 ], [ 175.533663267689718, -2.412970869007506 ], [ 175.528460184940087, -2.412344378058753 ], [ 175.523263954358356, -2.411663387052751 ], [ 175.518075146793365, -2.410927970801976 ], [ 175.512894332278336, -2.410138210097966 ], [ 175.507722079968516, -2.409294191702446 ], [ 175.502558958078424, -2.408396008337795 ], [ 175.497405533819546, -2.407443758676858 ], [ 175.492262373338065, -2.406437547332113 ], [ 175.487130041652534, -2.405377484844171 ], [ 175.482009102591917, -2.404263687669634 ], [ 175.476900118733568, -2.403096278168305 ], [ 175.471803651341503, -2.401875384589743 ], [ 175.466720260304669, -2.400601141059171 ], [ 175.461650504075493, -2.399273687562745 ], [ 175.456594939608465, -2.397893169932177 ], [ 175.451554122299029, -2.39645973982871 ], [ 175.446528605922538, -2.394973554726457 ], [ 175.441518942573367, -2.393434777895103 ], [ 175.436525682604383, -2.39184357838197 ], [ 175.431549374566316, -2.390200130993442 ], [ 175.426590565147649, -2.388504616275763 ], [ 175.421649799114448, -2.386757220495204 ], [ 175.416727619250651, -2.384958135617595 ], [ 175.411824566298236, -2.383107559287242 ], [ 175.406941178898023, -2.381205694805212 ], [ 175.402077993530355, -2.379252751106997 ], [ 175.397235544456265, -2.377248942739562 ], [ 175.392414363658702, -2.375194489837777 ], [ 175.387614980784093, -2.373089618100228 ], [ 175.382837923084224, -2.370934558764429 ], [ 175.378083715358287, -2.368729548581416 ], [ 175.37335287989518, -2.366474829789734 ], [ 175.368645936416186, -2.36417065008883 ], [ 175.363963402017845, -2.361817262611841 ], [ 175.359305791115133, -2.359414925897782 ], [ 175.354673615385082, -2.356963903863146 ], [ 175.350067383710297, -2.354464465772911 ], [ 175.345487602123342, -2.351916886210955 ], [ 175.340934773751002, -2.349321445049896 ], [ 175.336409398758974, -2.346678427420343 ], [ 175.331911974297043, -2.343988123679571 ], [ 175.327442994444311, -2.341250829379624 ], [ 175.323002950155086, -2.33846684523485 ], [ 175.318592329204847, -2.335636477088855 ], [ 175.314211616136646, -2.332760035880916 ], [ 175.309861292207955, -2.329837837611813 ], [ 175.305541835337692, -2.326870203309115 ], [ 175.301253720053808, -2.323857458991917 ], [ 175.296997417441162, -2.320799935635019 ], [ 175.292773395089625, -2.317697969132568 ], [ 175.288582117042893, -2.314551900261157 ], [ 175.284424043747435, -2.311362074642387 ], [ 175.280299632001856, -2.3081288427049 ], [ 175.27620933490681, -2.30485255964588 ], [ 175.272153601815148, -2.30153358539203 ], [ 175.268132878282586, -2.298172284560033 ], [ 175.264147606018724, -2.294769026416497 ], [ 175.260198222838596, -2.291324184837386 ], [ 175.256285162614518, -2.287838138266945 ], [ 175.252408855228396, -2.284311269676131 ], [ 175.248569726524551, -2.280743966520533 ], [ 175.244768198262932, -2.277136620697812 ], [ 175.241004688072763, -2.273489628504645 ], [ 175.237279609406642, -2.269803390593198 ], [ 175.235196609406643, -2.267720390593198 ], [ 175.231514614489612, -2.263999644759225 ], [ 175.22787177405138, -2.260240555817504 ], [ 175.224268487362394, -2.256443535779756 ], [ 175.220705149357769, -2.252609000815114 ], [ 175.217182150594169, -2.248737371204503 ], [ 175.213699877206835, -2.244829071294574 ], [ 175.21025871086735, -2.240884529451196 ], [ 175.206859028741803, -2.236904178012503 ], [ 175.203501203449491, -2.232888453241508 ], [ 175.200185603021936, -2.228837795278291 ], [ 175.196912590862723, -2.224752648091751 ], [ 175.193682525707516, -2.220633459430952 ], [ 175.190495761584856, -2.216480680776043 ], [ 175.187352647777288, -2.212294767288775 ], [ 175.184253528783131, -2.208076177762616 ], [ 175.181198744278674, -2.203825374572461 ], [ 175.178188629080921, -2.199542823623958 ], [ 175.175223513111035, -2.195228994302441 ], [ 175.172303721357963, -2.19088435942148 ], [ 175.169429573843018, -2.186509395171066 ], [ 175.166601385584642, -2.182104581065412 ], [ 175.163819466564007, -2.177670399890401 ], [ 175.161084121690976, -2.173207337650667 ], [ 175.158395650770672, -2.168715883516328 ], [ 175.15575434847068, -2.164196529769373 ], [ 175.15316050428865, -2.159649771749702 ], [ 175.150614402520631, -2.15507610780084 ], [ 175.148116322229981, -2.150476039215309 ], [ 175.145666537216613, -2.145850070179693 ], [ 175.143265315987151, -2.14119870771937 ], [ 175.140912921725374, -2.136522461642943 ], [ 175.138609612263451, -2.131821844486363 ], [ 175.136355640053637, -2.127097371456753 ], [ 175.134151252140612, -2.122349560375937 ], [ 175.131996690134457, -2.117578931623687 ], [ 175.129892190184108, -2.112786008080686 ], [ 175.127837982951434, -2.107971315071218 ], [ 175.125834293586109, -2.103135380305593 ], [ 175.124604387153312, -2.100076820186236 ], [ 175.123912787618451, -2.09925204786544 ], [ 175.120584049862543, -2.095196655539173 ] ], [ [ 174.65125, -1.145833 ], [ 174.658361, -1.152139 ], [ 174.6675, -1.15125 ], [ 174.687528, -1.162917 ], [ 174.699194, -1.164583 ], [ 174.719611, -1.18 ], [ 174.72125, -1.19 ], [ 174.730833, -1.199583 ], [ 174.765056, -1.222111 ], [ 174.772528, -1.223778 ], [ 174.775806, -1.228778 ], [ 174.783722, -1.228389 ], [ 174.77875, -1.225861 ], [ 174.775806, -1.219583 ], [ 174.769139, -1.219583 ], [ 174.769583, -1.215 ], [ 174.758306, -1.202944 ], [ 174.750861, -1.204583 ], [ 174.748806, -1.202528 ], [ 174.744556, -1.197528 ], [ 174.746222, -1.194194 ], [ 174.736278, -1.188417 ], [ 174.713389, -1.157944 ], [ 174.691722, -1.152083 ], [ 174.689972, -1.14875 ], [ 174.685833, -1.152944 ], [ 174.682139, -1.15 ], [ 174.68375, -1.144139 ], [ 174.681722, -1.142083 ], [ 174.677528, -1.147944 ], [ 174.677944, -1.137556 ], [ 174.674167, -1.137083 ], [ 174.661639, -1.121278 ], [ 174.653361, -1.119611 ], [ 174.649556, -1.127528 ], [ 174.649556, -1.134194 ], [ 174.652139, -1.138389 ], [ 174.65125, -1.145833 ] ], [ [ 176.440833, -1.346278 ], [ 176.447472, -1.347944 ], [ 176.465389, -1.363361 ], [ 176.474583, -1.373361 ], [ 176.47875, -1.391694 ], [ 176.487083, -1.398333 ], [ 176.487861, -1.405 ], [ 176.495806, -1.406278 ], [ 176.497861, -1.399167 ], [ 176.49375, -1.386694 ], [ 176.465389, -1.355028 ], [ 176.453694, -1.323361 ], [ 176.442528, -1.312972 ], [ 176.415806, -1.309583 ], [ 176.408361, -1.311306 ], [ 176.406222, -1.313361 ], [ 176.420833, -1.322972 ], [ 176.440833, -1.346278 ] ], [ [ 174.389167, -0.597917 ], [ 174.401694, -0.602111 ], [ 174.407111, -0.611694 ], [ 174.429167, -0.632944 ], [ 174.445472, -0.640806 ], [ 174.44375, -0.645861 ], [ 174.457083, -0.657528 ], [ 174.455417, -0.6725 ], [ 174.460417, -0.69 ], [ 174.458778, -0.710028 ], [ 174.462056, -0.731667 ], [ 174.477083, -0.764167 ], [ 174.477083, -0.770028 ], [ 174.472944, -0.773361 ], [ 174.475833, -0.77375 ], [ 174.479583, -0.770028 ], [ 174.479611, -0.760833 ], [ 174.46375, -0.709167 ], [ 174.466222, -0.689194 ], [ 174.46125, -0.674167 ], [ 174.46375, -0.660056 ], [ 174.46125, -0.652528 ], [ 174.448361, -0.634611 ], [ 174.4425, -0.632944 ], [ 174.4075, -0.60125 ], [ 174.385, -0.585472 ], [ 174.375028, -0.583778 ], [ 174.373778, -0.585 ], [ 174.385, -0.59125 ], [ 174.389167, -0.597917 ] ], [ [ 176.007861, -1.353333 ], [ 176.009583, -1.361667 ], [ 176.015028, -1.36125 ], [ 176.017056, -1.365861 ], [ 176.015806, -1.369583 ], [ 176.008333, -1.36625 ], [ 175.998361, -1.350444 ], [ 175.992056, -1.353389 ], [ 175.994639, -1.362528 ], [ 176.02, -1.377917 ], [ 176.026639, -1.385444 ], [ 176.034972, -1.387111 ], [ 176.019583, -1.355861 ], [ 176.010417, -1.348333 ], [ 176.000417, -1.32 ], [ 175.992917, -1.308389 ], [ 175.974139, -1.289611 ], [ 175.963306, -1.289611 ], [ 175.956306, -1.306667 ], [ 175.965861, -1.310472 ], [ 175.966278, -1.304139 ], [ 175.962139, -1.304194 ], [ 175.964556, -1.298333 ], [ 175.969194, -1.300472 ], [ 175.967111, -1.296667 ], [ 175.969972, -1.296278 ], [ 175.975, -1.29875 ], [ 175.97125, -1.311667 ], [ 175.990028, -1.317083 ], [ 175.998722, -1.332528 ], [ 175.998722, -1.333333 ], [ 176.002917, -1.350861 ], [ 176.007861, -1.353333 ] ], [ [ 175.579611, -1.849222 ], [ 175.581194, -1.856694 ], [ 175.597944, -1.870833 ], [ 175.606222, -1.899194 ], [ 175.600861, -1.907167 ], [ 175.58875, -1.914167 ], [ 175.590833, -1.91625 ], [ 175.601694, -1.915444 ], [ 175.612111, -1.905861 ], [ 175.615444, -1.893361 ], [ 175.608694, -1.8725 ], [ 175.602917, -1.865028 ], [ 175.602083, -1.8575 ], [ 175.592444, -1.845444 ], [ 175.579167, -1.838778 ], [ 175.564972, -1.825417 ], [ 175.55875, -1.826694 ], [ 175.558722, -1.832556 ], [ 175.569972, -1.839611 ], [ 175.579611, -1.849222 ] ], [ [ 174.9775, -1.422139 ], [ 174.974139, -1.417944 ], [ 174.971222, -1.427528 ], [ 174.975833, -1.424611 ], [ 174.979194, -1.427972 ], [ 174.985833, -1.422889 ], [ 174.995917, -1.425417 ], [ 175.0, -1.430444 ], [ 175.008361, -1.431306 ], [ 175.010806, -1.441306 ], [ 175.029972, -1.443806 ], [ 175.036639, -1.453778 ], [ 175.045, -1.459611 ], [ 175.052889, -1.455 ], [ 175.047472, -1.44875 ], [ 175.04125, -1.450861 ], [ 175.044194, -1.441278 ], [ 175.038306, -1.442944 ], [ 175.035833, -1.437944 ], [ 175.025028, -1.432944 ], [ 175.019139, -1.433806 ], [ 175.016639, -1.430472 ], [ 175.013333, -1.432917 ], [ 175.006694, -1.424583 ], [ 175.0, -1.424583 ], [ 174.999167, -1.424583 ], [ 174.985083, -1.417917 ], [ 174.9775, -1.422139 ] ], [ [ 175.062472, -1.47625 ], [ 175.080417, -1.485 ], [ 175.078694, -1.490861 ], [ 175.084528, -1.49 ], [ 175.08875, -1.479167 ], [ 175.077889, -1.470889 ], [ 175.079583, -1.465889 ], [ 175.064167, -1.465472 ], [ 175.060028, -1.457083 ], [ 175.054556, -1.459222 ], [ 175.054556, -1.463333 ], [ 175.05875, -1.465861 ], [ 175.062472, -1.47625 ] ], [ [ 175.534111, -1.783778 ], [ 175.54125, -1.794222 ], [ 175.541222, -1.809222 ], [ 175.546306, -1.808361 ], [ 175.54875, -1.7925 ], [ 175.539194, -1.778778 ], [ 175.525889, -1.772917 ], [ 175.5125, -1.774611 ], [ 175.508722, -1.778333 ], [ 175.508722, -1.78 ], [ 175.525, -1.77875 ], [ 175.534111, -1.783778 ] ], [ [ 174.800389, -1.289194 ], [ 174.797917, -1.300833 ], [ 174.802944, -1.300861 ], [ 174.80125, -1.308389 ], [ 174.802944, -1.314167 ], [ 174.805833, -1.314583 ], [ 174.80625, -1.283333 ], [ 174.801306, -1.263361 ], [ 174.795, -1.261278 ], [ 174.793722, -1.263361 ], [ 174.793722, -1.265028 ], [ 174.799556, -1.271722 ], [ 174.800389, -1.289194 ] ], [ [ 174.813361, -1.32875 ], [ 174.817528, -1.326333 ], [ 174.823361, -1.328778 ], [ 174.824194, -1.337944 ], [ 174.827111, -1.3375 ], [ 174.830056, -1.330444 ], [ 174.834194, -1.332111 ], [ 174.837083, -1.329194 ], [ 174.835833, -1.324583 ], [ 174.827556, -1.324583 ], [ 174.82, -1.317111 ], [ 174.809194, -1.316278 ], [ 174.807028, -1.318361 ], [ 174.807139, -1.320889 ], [ 174.815417, -1.321694 ], [ 174.813361, -1.32875 ] ], [ [ 174.852472, -1.339583 ], [ 174.855861, -1.342972 ], [ 174.870444, -1.341667 ], [ 174.8675, -1.336278 ], [ 174.859167, -1.337139 ], [ 174.8575, -1.334611 ], [ 174.844167, -1.334611 ], [ 174.841639, -1.332111 ], [ 174.835444, -1.335028 ], [ 174.835444, -1.336639 ], [ 174.841694, -1.340444 ], [ 174.852472, -1.339583 ] ], [ [ 174.471639, -0.79125 ], [ 174.479583, -0.782528 ], [ 174.477528, -0.77875 ], [ 174.473333, -0.77875 ], [ 174.476222, -0.781667 ], [ 174.4725, -0.78625 ], [ 174.461694, -0.783722 ], [ 174.457917, -0.778333 ], [ 174.461694, -0.772139 ], [ 174.453778, -0.778333 ], [ 174.453778, -0.779194 ], [ 174.464194, -0.792111 ], [ 174.471639, -0.79125 ] ], [ [ 174.790472, -1.253361 ], [ 174.796667, -1.254639 ], [ 174.795417, -1.24 ], [ 174.787556, -1.232917 ], [ 174.781278, -1.235 ], [ 174.781278, -1.2375 ], [ 174.787972, -1.243361 ], [ 174.790472, -1.253361 ] ], [ [ 174.871306, -1.353333 ], [ 174.879139, -1.362111 ], [ 174.885444, -1.357528 ], [ 174.884972, -1.354611 ], [ 174.879194, -1.357111 ], [ 174.881278, -1.351667 ], [ 174.874139, -1.344611 ], [ 174.870444, -1.345861 ], [ 174.870444, -1.347528 ], [ 174.87375, -1.347528 ], [ 174.871306, -1.353333 ] ], [ [ 174.365, -0.580444 ], [ 174.372139, -0.579194 ], [ 174.356694, -0.570472 ], [ 174.347889, -0.575 ], [ 174.347889, -0.575861 ], [ 174.356694, -0.575472 ], [ 174.365, -0.580444 ] ], [ [ 174.956639, -1.417944 ], [ 174.963389, -1.419611 ], [ 174.967111, -1.417528 ], [ 174.965889, -1.414611 ], [ 174.960889, -1.416278 ], [ 174.954167, -1.411278 ], [ 174.948306, -1.400417 ], [ 174.9425, -1.402139 ], [ 174.94125, -1.403333 ], [ 174.947472, -1.405417 ], [ 174.956639, -1.417944 ] ], [ [ 175.087056, -1.534222 ], [ 175.085028, -1.527889 ], [ 175.082083, -1.530833 ], [ 175.085028, -1.529611 ], [ 175.086222, -1.533361 ], [ 175.081858, -1.536175 ], [ 175.078722, -1.535806 ], [ 175.076667, -1.517889 ], [ 175.072944, -1.524222 ], [ 175.072944, -1.526694 ], [ 175.076667, -1.53875 ], [ 175.087056, -1.534222 ] ], [ [ 175.577111, -1.924167 ], [ 175.571722, -1.915417 ], [ 175.565389, -1.920028 ], [ 175.565389, -1.9225 ], [ 175.568306, -1.927972 ], [ 175.577111, -1.924167 ] ], [ [ 175.082111, -1.5225 ], [ 175.085028, -1.522917 ], [ 175.08625, -1.518361 ], [ 175.082056, -1.506722 ], [ 175.084583, -1.497528 ], [ 175.077917, -1.499194 ], [ 175.077917, -1.501722 ], [ 175.082917, -1.516694 ], [ 175.082111, -1.5225 ] ], [ [ 174.89875, -1.369194 ], [ 174.895806, -1.364611 ], [ 174.891722, -1.365472 ], [ 174.888333, -1.359611 ], [ 174.885444, -1.360861 ], [ 174.885444, -1.362528 ], [ 174.892528, -1.372917 ], [ 174.89875, -1.369194 ] ], [ [ 174.907472, -1.379583 ], [ 174.903361, -1.38125 ], [ 174.899556, -1.378389 ], [ 174.900917, -1.374583 ], [ 174.894611, -1.378389 ], [ 174.894583, -1.380056 ], [ 174.909583, -1.385861 ], [ 174.907472, -1.379583 ] ], [ [ 174.2425, -0.526222 ], [ 174.247083, -0.530833 ], [ 174.246667, -0.534611 ], [ 174.249611, -0.533333 ], [ 174.249611, -0.530028 ], [ 174.240028, -0.522944 ], [ 174.232917, -0.528333 ], [ 174.232917, -0.529139 ], [ 174.236667, -0.532083 ], [ 174.2425, -0.526222 ] ], [ [ 174.321222, -0.559139 ], [ 174.315, -0.551278 ], [ 174.309972, -0.549611 ], [ 174.307111, -0.551667 ], [ 174.307111, -0.552528 ], [ 174.3175, -0.561278 ], [ 174.321222, -0.559139 ] ], [ [ 175.58625, -1.919167 ], [ 175.584194, -1.914583 ], [ 175.577917, -1.915056 ], [ 175.577917, -1.916694 ], [ 175.580806, -1.921306 ], [ 175.58625, -1.919167 ] ], [ [ 174.928778, -1.394194 ], [ 174.914556, -1.391694 ], [ 174.914556, -1.395056 ], [ 174.926639, -1.397111 ], [ 174.928778, -1.394194 ] ], [ [ 174.303778, -0.547556 ], [ 174.295861, -0.546278 ], [ 174.292944, -0.549139 ], [ 174.292944, -0.550861 ], [ 174.300806, -0.551278 ], [ 174.303778, -0.547556 ] ], [ [ 174.940389, -1.4 ], [ 174.939222, -1.397944 ], [ 174.935417, -1.399194 ], [ 174.935861, -1.394611 ], [ 174.932056, -1.396667 ], [ 174.932056, -1.398333 ], [ 174.935861, -1.402139 ], [ 174.940389, -1.4 ] ], [ [ 174.262944, -0.543333 ], [ 174.251667, -0.536278 ], [ 174.251278, -0.536667 ], [ 174.257528, -0.542944 ], [ 174.262944, -0.543333 ] ], [ [ 174.324972, -0.565472 ], [ 174.323722, -0.566667 ], [ 174.329583, -0.569194 ], [ 174.324972, -0.565472 ] ], [ [ 174.333306, -0.57125 ], [ 174.332083, -0.572528 ], [ 174.340417, -0.570861 ], [ 174.333306, -0.57125 ] ], [ [ 174.267556, -0.545472 ], [ 174.265417, -0.547528 ], [ 174.272944, -0.547528 ], [ 174.267556, -0.545472 ] ], [ [ 174.284583, -0.545861 ], [ 174.284583, -0.547528 ], [ 174.288722, -0.545 ], [ 174.284583, -0.545861 ] ], [ [ 174.240389, -0.534139 ], [ 174.240389, -0.535028 ], [ 174.244556, -0.531667 ], [ 174.240389, -0.534139 ] ], [ [ 174.227972, -0.548361 ], [ 174.227972, -0.549167 ], [ 174.232056, -0.545861 ], [ 174.227972, -0.548361 ] ], [ [ 175.497111, -1.783333 ], [ 175.497111, -1.785056 ], [ 175.500389, -1.783333 ], [ 175.497111, -1.783333 ] ], [ [ 174.748722, -1.196667 ], [ 174.748722, -1.197528 ], [ 174.752111, -1.198389 ], [ 174.748722, -1.196667 ] ], [ [ 174.222944, -0.589167 ], [ 174.222944, -0.590833 ], [ 174.225472, -0.589167 ], [ 174.222944, -0.589167 ] ], [ [ 175.543722, -1.818333 ], [ 175.543722, -1.82 ], [ 175.546278, -1.820028 ], [ 175.543722, -1.818333 ] ], [ [ 175.547111, -1.822556 ], [ 175.547111, -1.824194 ], [ 175.549556, -1.824222 ], [ 175.547111, -1.822556 ] ], [ [ 175.541694, -1.814611 ], [ 175.541222, -1.815028 ], [ 175.544611, -1.815833 ], [ 175.541694, -1.814611 ] ], [ [ 174.790472, -1.2575 ], [ 174.790472, -1.258361 ], [ 174.792917, -1.2575 ], [ 174.790472, -1.2575 ] ], [ [ 175.996667, -1.365472 ], [ 175.996222, -1.365861 ], [ 175.998722, -1.366722 ], [ 175.996667, -1.365472 ] ] ] ] } }
]
}
