{
"type": "FeatureCollection",
"name": "Hydrophis_nigrocinctus",
"crs": { "type": "name", "properties": { "name": "urn:ogc:def:crs:OGC:1.3:CRS84" } },
"features": [
{ "type": "Feature", "properties": { "species": "Hydrophis nigrocinctus", "EOO_km2": 29195.696419388642, "AOO_km2": 29256.0 }, "geometry": { "type": "MultiPolygon", "coordinates": [ [ [ [ 89.083552285116895, 21.303327988515875 ], [ 89.081028362154598, 21.301409975816181 ], [ 89.078484313318398, 21.299518739354259 ], [ 89.075920422664382, 21.297654490296317 ], [ 89.073336976464006, 21.295817436795289 ], [ 89.07073426317227, 21.294007783967587 ], [ 89.068112573395382, 21.292225733870193 ], [ 89.065472199858419, 21.290471485478104 ], [ 89.062813437372583, 21.28874523466212 ], [ 89.060136582802272, 21.287047174166961 ], [ 89.057441935031974, 21.28537749358976 ], [ 89.054729794932896, 21.283736379358881 ], [ 89.052000465329328, 21.282124014713116 ], [ 89.049254250964864, 21.280540579681212 ], [ 89.046491458468381, 21.278986251061784 ], [ 89.043712396319762, 21.277461202403561 ], [ 89.040917374815493, 21.275965603986023 ], [ 89.038106706034029, 21.27449962280037 ], [ 89.035280703800879, 21.273063422530889 ], [ 89.032439683653635, 21.271657163536684 ], [ 89.029583962806711, 21.270281002833755 ], [ 89.026713860115933, 21.268935094077474 ], [ 89.015963860115932, 21.263963094077475 ], [ 89.013144510041272, 21.262676746637652 ], [ 89.01031202285418, 21.261419590754556 ], [ 89.007466700794396, 21.260191760572656 ], [ 89.004608847471218, 21.258993387107218 ], [ 89.001738767831085, 21.25782459823035 ], [ 88.998856768125009, 21.256685518657335 ], [ 88.99596315587597, 21.255576269933336 ], [ 88.99305823984605, 21.25449697042043 ], [ 88.990142330003493, 21.253447735284965 ], [ 88.98721573748962, 21.252428676485277 ], [ 88.984278774585675, 21.251439902759749 ], [ 88.981331754679445, 21.250481519615203 ], [ 88.978374992231863, 21.249553629315642 ], [ 88.975408802743431, 21.248656330871338 ], [ 88.972433502720563, 21.247789720028265 ], [ 88.969449409641797, 21.246953889257892 ], [ 88.966456841923943, 21.246148927747303 ], [ 88.963456118888104, 21.245374921389686 ], [ 88.960447560725584, 21.24463195277518 ], [ 88.957431488463712, 21.243920101182034 ], [ 88.954408223931651, 21.243239442568171 ], [ 88.951378089725978, 21.242590049563077 ], [ 88.948341409176308, 21.241971991460055 ], [ 88.945298506310792, 21.241385334208811 ], [ 88.942249705821496, 21.240830140408445 ], [ 88.939195333029843, 21.240306469300759 ], [ 88.936135713851797, 21.239814376763924 ], [ 88.933071174763171, 21.239353915306538 ], [ 88.930002042764741, 21.238925134062011 ], [ 88.926928645347374, 21.238528078783325 ], [ 88.923851310457053, 21.23816279183815 ], [ 88.920770366459962, 21.237829312204326 ], [ 88.917686142107328, 21.237527675465707 ], [ 88.914598966500449, 21.237257913808349 ], [ 88.911509169055535, 21.237020056017101 ], [ 88.908417079468549, 21.23681412747251 ], [ 88.880833079468545, 21.235120127472513 ], [ 88.87769366781103, 21.234943837977742 ], [ 88.874552580895582, 21.234800462488693 ], [ 88.871410163787473, 21.234690016755927 ], [ 88.868266761698081, 21.234612512912506 ], [ 88.865122719947053, 21.234567959472642 ], [ 88.861978383924239, 21.234556361330771 ], [ 88.858834099051847, 21.234577719761006 ], [ 88.855690210746474, 21.234632032417018 ], [ 88.852547064381127, 21.234719293332262 ], [ 88.849405005247348, 21.234839492920663 ], [ 88.846264378517191, 21.234992617977646 ], [ 88.843125529205366, 21.235178651681601 ], [ 88.839988802131373, 21.23539757359573 ], [ 88.836854541881493, 21.23564935967028 ], [ 88.833723092771081, 21.235933982245204 ], [ 88.830594798806629, 21.236251410053175 ], [ 88.827470003648045, 21.236601608223047 ], [ 88.824349050570873, 21.236984538283671 ], [ 88.821232282428568, 21.237400158168125 ], [ 88.818120041614847, 21.237848422218324 ], [ 88.815012670026093, 21.238329281190055 ], [ 88.811910509023775, 21.238842682258383 ], [ 88.808813899396938, 21.239388569023436 ], [ 88.805723181324794, 21.239966881516622 ], [ 88.802638694339322, 21.240577556207207 ], [ 88.799560777287994, 21.241220526009297 ], [ 88.796489768296524, 21.2418957202892 ], [ 88.793426004731771, 21.242603064873201 ], [ 88.790369823164596, 21.243342482055695 ], [ 88.78732155933298, 21.244113890607732 ], [ 88.784281548105085, 21.244917205785939 ], [ 88.781250123442476, 21.245752339341827 ], [ 88.778227618363431, 21.246619199531491 ], [ 88.775214364906375, 21.247517691125676 ], [ 88.772210694093388, 21.248447715420255 ], [ 88.769216935893851, 21.249409170247066 ], [ 88.766233419188197, 21.250401949985129 ], [ 88.763260471731741, 21.251425945572251 ], [ 88.760298420118758, 21.252481044517022 ], [ 88.757347589746516, 21.253567130911151 ], [ 88.754408304779588, 21.254684085442214 ], [ 88.751480888114216, 21.255831785406752 ], [ 88.748565661342852, 21.257010104723761 ], [ 88.745662944718831, 21.258218913948532 ], [ 88.742773057121155, 21.259458080286876 ], [ 88.739896316019511, 21.260727467609712 ], [ 88.73703303743936, 21.262026936468025 ], [ 88.734183535927244, 21.263356344108182 ], [ 88.733052844186446, 21.26389835950571 ], [ 88.730391076214303, 21.263998915811708 ], [ 88.727268970771391, 21.26414945288802 ], [ 88.724148603233786, 21.26433251090701 ], [ 88.72103031234181, 21.264548069996291 ], [ 88.7179144366103, 21.264796106755238 ], [ 88.714801314291932, 21.265076594257529 ], [ 88.7116912833405, 21.265389502054042 ], [ 88.708584681374177, 21.265734796176197 ], [ 88.705481845638886, 21.266112439139615 ], [ 88.702383112971717, 21.266522389948193 ], [ 88.699288819764348, 21.266964604098572 ], [ 88.696199301926484, 21.267439033584946 ], [ 88.693114894849458, 21.267945626904282 ], [ 88.690035933369771, 21.268484329061916 ], [ 88.686962751732779, 21.269055081577516 ], [ 88.68363102008648, 21.269691825246692 ], [ 88.681364632612926, 21.268488053125981 ], [ 88.678578266640386, 21.267045258690093 ], [ 88.675776962840771, 21.265631685862331 ], [ 88.672961027660861, 21.264247489279569 ], [ 88.670130769148059, 21.262892820365085 ], [ 88.667286496916645, 21.261567827312 ], [ 88.664428522113894, 21.260272655067062 ], [ 88.661557157386127, 21.259007445314793 ], [ 88.658672716844379, 21.257772336461983 ], [ 88.655775516030147, 21.256567463622559 ], [ 88.65286587188082, 21.255392958602798 ], [ 88.639170871880808, 21.249947958602792 ], [ 88.636234365211962, 21.248798268627695 ], [ 88.633285935611951, 21.247679509784671 ], [ 88.630325908877609, 21.246591805694816 ], [ 88.62735461208726, 21.245535276547717 ], [ 88.624372373564498, 21.244510039088187 ], [ 88.621379522842005, 21.243516206603353 ], [ 88.618376390625073, 21.242553888910138 ], [ 88.615363308755079, 21.241623192343134 ], [ 88.612340610172865, 21.240724219742852 ], [ 88.609308628881834, 21.239857070444348 ], [ 88.606267699911157, 21.239021840266258 ], [ 88.603218159278725, 21.238218621500195 ], [ 88.600160343953945, 21.237447502900579 ], [ 88.59709459182065, 21.2367085696748 ], [ 88.594021241639581, 21.236001903473813 ], [ 88.59094063301113, 21.235327582383128 ], [ 88.58785310633769, 21.234685680914161 ], [ 88.584759002786114, 21.234076269996013 ], [ 88.581658664249957, 21.233499416967639 ], [ 88.578552433311785, 21.232955185570383 ], [ 88.575440653205206, 21.232443635940964 ], [ 88.572323667777042, 21.231964824604812 ], [ 88.569201821449255, 21.231518804469822 ], [ 88.566075459180993, 21.231105624820522 ], [ 88.562944926430347, 21.230725331312613 ], [ 88.559810569116252, 21.230377965967925 ], [ 88.556672733580285, 21.230063567169786 ], [ 88.553531766548332, 21.229782169658769 ], [ 88.550388015092295, 21.229533804528856 ], [ 88.547241826591787, 21.229318499224004 ], [ 88.54409354869567, 21.229136277535108 ], [ 88.540943529283723, 21.228987159597377 ], [ 88.537792116428108, 21.228871161888115 ], [ 88.534639658355005, 21.228788297224881 ], [ 88.531486503406086, 21.22873857476409 ], [ 88.528333, 21.228722 ], [ 88.520833, 21.228722 ], [ 88.517705464840773, 21.22873830290326 ], [ 88.514578269600904, 21.228787209841148 ], [ 88.511451754162806, 21.228868715498159 ], [ 88.508326258334989, 21.228982811015769 ], [ 88.505202121815174, 21.22912948399339 ], [ 88.502079684153315, 21.229308718489719 ], [ 88.498959284714758, 21.22952049502447 ], [ 88.495841262643296, 21.2297647905805 ], [ 88.492725956824344, 21.230041578606293 ], [ 88.4896137058481, 21.230350829018857 ], [ 88.486504847972725, 21.230692508206999 ], [ 88.483399721087636, 21.231066579034966 ], [ 88.480298662676717, 21.231473000846488 ], [ 88.477202009781664, 21.231911729469196 ], [ 88.474110098965369, 21.232382717219419 ], [ 88.471023266275296, 21.232885912907374 ], [ 88.467941847207044, 21.233421261842722 ], [ 88.464866176667755, 21.23398870584052 ], [ 88.461796588939862, 21.234588183227533 ], [ 88.458733417644609, 21.235219628848952 ], [ 88.455676995705929, 21.235882974075462 ], [ 88.452627655314132, 21.236578146810711 ], [ 88.449585727889925, 21.23730507149914 ], [ 88.446551544048276, 21.238063669134199 ], [ 88.44352543356257, 21.238853857266925 ], [ 88.4405077253287, 21.239675550014912 ], [ 88.437498747329386, 21.240528658071646 ], [ 88.434498826598471, 21.241413088716211 ], [ 88.431508289185402, 21.24232874582335 ], [ 88.428527460119795, 21.243275529873944 ], [ 88.425556663376099, 21.244253337965795 ], [ 88.422596221838404, 21.245262063824832 ], [ 88.419646457265316, 21.246301597816654 ], [ 88.416707690254995, 21.24737182695845 ], [ 88.413780240210372, 21.248472634931272 ], [ 88.410864425304325, 21.249603902092677 ], [ 88.407960562445169, 21.250765505489738 ], [ 88.405068967242215, 21.251957318872407 ], [ 88.402189953971458, 21.253179212707227 ], [ 88.399323835541367, 21.254431054191418 ], [ 88.399126762562119, 21.25451958800625 ], [ 88.399079039783359, 21.254539281428737 ], [ 88.396178537054368, 21.255772027810963 ], [ 88.393291144609151, 21.257035176492312 ], [ 88.390417181106145, 21.258328588069169 ], [ 88.387556963721664, 21.259652119798055 ], [ 88.384710808115031, 21.261005625611361 ], [ 88.381879028393655, 21.262388956133485 ], [ 88.379061937078404, 21.263801958697307 ], [ 88.371925560702465, 21.267428477543966 ], [ 88.369583469379535, 21.266777876440312 ], [ 88.36654099882962, 21.265967017460071 ], [ 88.363490185548415, 21.265188135147934 ], [ 88.360431365604001, 21.264441315303145 ], [ 88.357364875946431, 21.263726640193049 ], [ 88.354291054370663, 21.263044188544029 ], [ 88.351210239479272, 21.262394035532832 ], [ 88.348122770645247, 21.261776252778283 ], [ 88.345028987974501, 21.261190908333404 ], [ 88.341929232268498, 21.260638066677913 ], [ 88.338823844986663, 21.260117788711128 ], [ 88.335713168208756, 21.25963013174524 ], [ 88.332597544597249, 21.259175149499026 ], [ 88.329477317359519, 21.258752892091909 ], [ 88.32635283021007, 21.258363406038445 ], [ 88.323224427332661, 21.258006734243207 ], [ 88.320092453342383, 21.257682915996046 ], [ 88.316957253247736, 21.257391986967768 ], [ 88.313819172412593, 21.257133979206213 ], [ 88.292152172412599, 21.255466979206211 ], [ 88.289042651698693, 21.255243987091461 ], [ 88.285930981645919, 21.255053319747098 ], [ 88.283506906179156, 21.254930054454711 ], [ 88.280550259481231, 21.254116498594687 ], [ 88.277519585647482, 21.253316539753584 ], [ 88.274480719187324, 21.252548289357353 ], [ 88.271433991840894, 21.251811831272637 ], [ 88.268379736206498, 21.25110724589544 ], [ 88.265318285704254, 21.250434610142349 ], [ 88.262249974539728, 21.249793997442165 ], [ 88.259175137667427, 21.249185477727849 ], [ 88.256094110754219, 21.24860911742892 ], [ 88.253007230142771, 21.248064979464186 ], [ 88.249914832814724, 21.247553123234876 ], [ 88.246817256353964, 21.247073604618166 ], [ 88.243714838909781, 21.246626475961069 ], [ 88.240607919159899, 21.246211786074717 ], [ 88.237496836273579, 21.245829580229049 ], [ 88.23438192987453, 21.245479900147856 ], [ 88.231263540003866, 21.245162784004226 ], [ 88.22814200708298, 21.244878266416382 ], [ 88.225017671876358, 21.244626378443904 ], [ 88.22189087545442, 21.244407147584333 ], [ 88.218761959156268, 21.244220597770166 ], [ 88.202928959156267, 21.243359597770162 ], [ 88.199791038624866, 21.243205432188528 ], [ 88.196651675707599, 21.243084136015455 ], [ 88.193511214698816, 21.242995722553513 ], [ 88.190370000013317, 21.242940201499014 ], [ 88.187228376148525, 21.242917578940965 ], [ 88.184086687646769, 21.242927857360385 ], [ 88.180945279057468, 21.242971035630035 ], [ 88.17780449489932, 21.243047109014547 ], [ 88.174664679622552, 21.243156069170951 ], [ 88.171526177571124, 21.243297904149561 ], [ 88.168389332944997, 21.243472598395325 ], [ 88.165254489762361, 21.243680132749496 ], [ 88.162121991821877, 21.243920484451753 ], [ 88.158992182665017, 21.244193627142693 ], [ 88.155865405538393, 21.244499530866719 ], [ 88.152742003356082, 21.244838162075329 ], [ 88.149622318662026, 21.245209483630791 ], [ 88.146506693592457, 21.245613454810222 ], [ 88.14339546983841, 21.246050031310045 ], [ 88.140288988608219, 21.246519165250852 ], [ 88.137187590590102, 21.247020805182668 ], [ 88.134091615914812, 21.24755489609057 ], [ 88.131001404118322, 21.248121379400732 ], [ 88.127917294104549, 21.248720192986855 ], [ 88.12483962410829, 21.249351271176973 ], [ 88.121768731658022, 21.250014544760649 ], [ 88.118704953538938, 21.250709940996583 ], [ 88.115648625755995, 21.251437383620573 ], [ 88.112600083497099, 21.252196792853891 ], [ 88.109559661096284, 21.252988085412014 ], [ 88.106527691997087, 21.253811174513789 ], [ 88.103504508715986, 21.254665969890915 ], [ 88.100490442805878, 21.255552377797869 ], [ 88.097485824819813, 21.256470301022176 ], [ 88.094490984274643, 21.257419638895069 ], [ 88.091506249614937, 21.258400287302532 ], [ 88.08853194817695, 21.259412138696725 ], [ 88.085568406152731, 21.260455082107764 ], [ 88.082615948554334, 21.261529003155903 ], [ 88.079674899178201, 21.262633784064075 ], [ 88.076745580569607, 21.263769303670806 ], [ 88.07382831398732, 21.264935437443505 ], [ 88.070923419368384, 21.266132057492126 ], [ 88.068031215292962, 21.26735903258318 ], [ 88.06515201894949, 21.268616228154144 ], [ 88.062286146099808, 21.269903506328205 ], [ 88.059433911044593, 21.271220725929396 ], [ 88.056595626588859, 21.272567742498058 ], [ 88.053771604007636, 21.273944408306701 ], [ 88.050962153011881, 21.275350572376201 ], [ 88.048167581714452, 21.276786080492347 ], [ 88.045388196596377, 21.278250775222773 ], [ 88.042624302473186, 21.279744495934203 ], [ 88.039876202461542, 21.281267078810089 ], [ 88.037144197945949, 21.282818356868553 ], [ 88.034428588545694, 21.284398159980721 ], [ 88.031729672082051, 21.286006314889374 ], [ 88.029047744545565, 21.287642645227937 ], [ 88.026383100063555, 21.28930697153984 ], [ 88.023736030867994, 21.290999111298191 ], [ 88.021106827263282, 21.292718878925793 ], [ 88.018495777594566, 21.294466085815493 ], [ 88.015903168216013, 21.296240540350873 ], [ 88.013329283459427, 21.298042047927257 ], [ 88.010774405603129, 21.299870410973075 ], [ 88.008238814840894, 21.301725428971494 ], [ 88.005722789251337, 21.303606898482435 ], [ 88.003226604767306, 21.305514613164885 ], [ 88.000750535145713, 21.307448363799512 ], [ 87.992833535145706, 21.31369836379951 ], [ 87.990384824582321, 21.315652314475308 ], [ 87.987956651364811, 21.317631728907017 ], [ 87.985549280274867, 21.319636391248146 ], [ 87.983162973825756, 21.321666082899021 ], [ 87.980797992233789, 21.323720582530648 ], [ 87.97845459338987, 21.325799666108811 ], [ 87.976133032831399, 21.327903106918537 ], [ 87.973833563714408, 21.330030675588802 ], [ 87.97155643678596, 21.332182140117535 ], [ 87.969301900356783, 21.334357265896934 ], [ 87.967070200274236, 21.33655581573904 ], [ 87.964861579895441, 21.338777549901597 ], [ 87.962676280060819, 21.341022226114209 ], [ 87.960514539067759, 21.343289599604745 ], [ 87.958376592644655, 21.345579423126033 ], [ 87.956262673925238, 21.347891446982825 ], [ 87.954173013423102, 21.350225419059026 ], [ 87.952107839006587, 21.35258108484518 ], [ 87.950067375873942, 21.354958187466227 ], [ 87.948051846528756, 21.357356467709518 ], [ 87.946942478566029, 21.358704845717025 ], [ 87.931149536925489, 21.365632877860886 ], [ 87.928295441597058, 21.366902669395081 ], [ 87.925454722803352, 21.368202110590087 ], [ 87.922627688548729, 21.369531060554262 ], [ 87.919814645353753, 21.370889375196498 ], [ 87.917015898222033, 21.372276907241815 ], [ 87.914231750607115, 21.373693506247356 ], [ 87.911462504379628, 21.375139018618675 ], [ 87.908708459794468, 21.376613287626402 ], [ 87.905969915458371, 21.378116153423239 ], [ 87.903247168297383, 21.379647453061281 ], [ 87.900540513524803, 21.381207020509695 ], [ 87.897850244609074, 21.382794686672717 ], [ 87.895176653242032, 21.384410279407984 ], [ 87.892520029307263, 21.386053623545195 ], [ 87.889880660848632, 21.387724540905122 ], [ 87.887258834039102, 21.389422850318901 ], [ 87.884654833149668, 21.391148367647705 ], [ 87.882068940518593, 21.392900905802687 ], [ 87.879501436520727, 21.394680274765271 ], [ 87.87695259953712, 21.396486281607761 ], [ 87.874422705924871, 21.398318730514251 ], [ 87.871912029987186, 21.40017742280186 ], [ 87.869420843943544, 21.402062156942282 ], [ 87.866949417900258, 21.403972728583618 ], [ 87.864498019821156, 21.405908930572547 ], [ 87.862066915498573, 21.407870552976789 ], [ 87.859656368524455, 21.409857383107848 ], [ 87.857266640261841, 21.4118692055441 ], [ 87.854897989816521, 21.413905802154126 ], [ 87.852550674008882, 21.415966952120378 ], [ 87.850224947346163, 21.418052431963112 ], [ 87.847921061994782, 21.420162015564621 ], [ 87.845639267752986, 21.422295474193756 ], [ 87.843379812023841, 21.424452576530729 ], [ 87.841142939788355, 21.426633088692178 ], [ 87.83892889357891, 21.428836774256538 ], [ 87.829344893578906, 21.438475774256535 ], [ 87.827134787087076, 21.440722037076174 ], [ 87.824948397186617, 21.442991390852747 ], [ 87.822785965115699, 21.445283585194151 ], [ 87.820647729469101, 21.447598367188135 ], [ 87.81853392617181, 21.449935481430206 ], [ 87.816444788453097, 21.452294670051817 ], [ 87.814380546820686, 21.454675672748817 ], [ 87.812341429035371, 21.457078226810165 ], [ 87.810327660085875, 21.459502067146929 ], [ 87.808339462164014, 21.461946926321527 ], [ 87.806377054640208, 21.464412534577228 ], [ 87.80444065403924, 21.466898619867933 ], [ 87.802530474016393, 21.46940490788818 ], [ 87.800646725333877, 21.47193112210341 ], [ 87.798789615837563, 21.474476983780484 ], [ 87.796959350434051, 21.477042212018436 ], [ 87.795156131068055, 21.479626523779462 ], [ 87.793380156700124, 21.482229633920156 ], [ 87.791631623284729, 21.48485125522296 ], [ 87.789910723748577, 21.487491098427874 ], [ 87.788217647969347, 21.490148872264356 ], [ 87.78655258275478, 21.492824283483465 ], [ 87.784915711822009, 21.49551703689021 ], [ 87.783307215777313, 21.498226835376137 ], [ 87.781727272096234, 21.500953379952094 ], [ 87.780176055103894, 21.503696369781235 ], [ 87.778653735955828, 21.506455502212191 ], [ 87.777160482619138, 21.509230472812494 ], [ 87.775696459853862, 21.512020975402145 ], [ 87.774261829194856, 21.514826702087397 ], [ 87.772856748933975, 21.51764734329474 ], [ 87.771481374102578, 21.520482587805052 ], [ 87.770135856454431, 21.523332122787927 ], [ 87.768820344448997, 21.52619563383621 ], [ 87.767534983234995, 21.529072805000673 ], [ 87.766279914634424, 21.531963318824889 ], [ 87.765055277126933, 21.534866856380241 ], [ 87.763861205834488, 21.537783097301126 ], [ 87.760500205834489, 21.546116097301127 ], [ 87.759333706924252, 21.549052710412969 ], [ 87.758198202780918, 21.552001446857055 ], [ 87.757093819374987, 21.554961979506587 ], [ 87.756020679224505, 21.557933979926112 ], [ 87.754978901381463, 21.560917118407971 ], [ 87.753968601418535, 21.56391106400887 ], [ 87.752989891416377, 21.566915484586598 ], [ 87.752042879951048, 21.56993004683687 ], [ 87.751127672082077, 21.572954416330305 ], [ 87.750244369340763, 21.575988257549518 ], [ 87.749393069718892, 21.579031233926361 ], [ 87.748573867657939, 21.582083007879252 ], [ 87.747786854038466, 21.585143240850613 ], [ 87.747032116170189, 21.588211593344443 ], [ 87.74630973778217, 21.591287724963987 ], [ 87.745619799013596, 21.594371294449477 ], [ 87.744962376404871, 21.597461959716011 ], [ 87.744337542889113, 21.600559377891493 ], [ 87.743745367784086, 21.603663205354678 ], [ 87.743185916784469, 21.606773097773274 ], [ 87.742659251954635, 21.609888710142172 ], [ 87.742165431721688, 21.613009696821695 ], [ 87.741704510869042, 21.61613571157595 ], [ 87.741276540530308, 21.619266407611242 ], [ 87.740881568183653, 21.622401437614545 ], [ 87.740519637646514, 21.625540453792027 ], [ 87.740190789070695, 21.628683107907644 ], [ 87.739895058938004, 21.631829051321766 ], [ 87.739632480056144, 21.634977935029848 ], [ 87.739403081555068, 21.638129409701161 ], [ 87.739206888883785, 21.641283125717539 ], [ 87.739043923807515, 21.644438733212162 ], [ 87.738914204405248, 21.647595882108384 ], [ 87.738817745067806, 21.650754222158543 ], [ 87.73875455649619, 21.653913402982845 ], [ 87.738724645700415, 21.657073074108219 ], [ 87.738696645700415, 21.663740074108222 ], [ 87.73869998145183, 21.666894422160553 ], [ 87.738736482951168, 21.670048560775616 ], [ 87.738806146163029, 21.67320214124857 ], [ 87.738908963385811, 21.676354814936278 ], [ 87.738987103153761, 21.67816601926555 ], [ 87.754139, 21.684583 ], [ 87.75625, 21.688306 ], [ 87.748722, 21.693278 ], [ 87.750833, 21.696194 ], [ 87.755, 21.693722 ], [ 87.763306, 21.697861 ], [ 87.7775, 21.690389 ], [ 87.804167, 21.696222 ], [ 87.807444, 21.701222 ], [ 87.794556, 21.699139 ], [ 87.815806, 21.711222 ], [ 87.830861, 21.723694 ], [ 87.888722, 21.779972 ], [ 87.891278, 21.789972 ], [ 87.879583, 21.8025 ], [ 87.875194, 21.817194 ], [ 87.877889, 21.816667 ], [ 87.886194, 21.798333 ], [ 87.893278, 21.792889 ], [ 87.919139, 21.80125 ], [ 87.938333, 21.814556 ], [ 87.97375, 21.854167 ], [ 87.97625, 21.862472 ], [ 87.98125, 21.864972 ], [ 88.002056, 21.894972 ], [ 87.99875, 21.899972 ], [ 88.012889, 21.914167 ], [ 88.017056, 21.9375 ], [ 88.022944, 21.943306 ], [ 88.022861, 21.950833 ], [ 88.027111, 21.955 ], [ 88.025417, 21.961667 ], [ 88.048778, 21.994139 ], [ 88.052, 22.010806 ], [ 88.048278, 22.0145 ], [ 88.072444, 22.014528 ], [ 88.103278, 22.032833 ], [ 88.130778, 22.053694 ], [ 88.148306, 22.0595 ], [ 88.181222, 22.087417 ], [ 88.190333, 22.104111 ], [ 88.188722, 22.117417 ], [ 88.172861, 22.132444 ], [ 88.169528, 22.142444 ], [ 88.134944, 22.182861 ], [ 88.104167, 22.190333 ], [ 88.094972, 22.190361 ], [ 88.086667, 22.184556 ], [ 88.067472, 22.186167 ], [ 88.051611, 22.201194 ], [ 88.037444, 22.207833 ], [ 88.028278, 22.207889 ], [ 88.021611, 22.200361 ], [ 88.015528, 22.210889 ], [ 88.019556, 22.222917 ], [ 88.025778, 22.219528 ], [ 88.048278, 22.216194 ], [ 88.0545, 22.22325 ], [ 88.059583, 22.223806 ], [ 88.067028, 22.211583 ], [ 88.074083, 22.207 ], [ 88.119972, 22.206194 ], [ 88.135806, 22.198667 ], [ 88.159944, 22.197 ], [ 88.177417, 22.1895 ], [ 88.180778, 22.191194 ], [ 88.181194, 22.187444 ], [ 88.187861, 22.184083 ], [ 88.200361, 22.166611 ], [ 88.202056, 22.158222 ], [ 88.208667, 22.149111 ], [ 88.207028, 22.129917 ], [ 88.216167, 22.11825 ], [ 88.222806, 22.095778 ], [ 88.223667, 22.071611 ], [ 88.215361, 22.051611 ], [ 88.211194, 22.029083 ], [ 88.196194, 22.00575 ], [ 88.192889, 21.995 ], [ 88.175806, 21.97625 ], [ 88.157889, 21.9625 ], [ 88.156222, 21.955806 ], [ 88.17625, 21.925833 ], [ 88.17625, 21.915833 ], [ 88.167056, 21.881667 ], [ 88.168722, 21.869139 ], [ 88.177889, 21.847528 ], [ 88.202083, 21.814139 ], [ 88.213694, 21.787472 ], [ 88.217111, 21.771694 ], [ 88.215417, 21.764139 ], [ 88.219583, 21.761694 ], [ 88.21625, 21.760861 ], [ 88.215417, 21.756611 ], [ 88.212056, 21.721639 ], [ 88.220389, 21.699972 ], [ 88.215833, 21.694611 ], [ 88.200861, 21.689556 ], [ 88.19875, 21.680833 ], [ 88.2075, 21.672861 ], [ 88.224194, 21.673722 ], [ 88.232889, 21.666639 ], [ 88.231222, 21.6575 ], [ 88.23625, 21.640806 ], [ 88.232889, 21.631667 ], [ 88.216222, 21.618306 ], [ 88.215361, 21.612528 ], [ 88.23125, 21.595833 ], [ 88.23875, 21.578333 ], [ 88.242056, 21.576639 ], [ 88.237028, 21.570833 ], [ 88.246639, 21.561222 ], [ 88.269139, 21.554583 ], [ 88.290806, 21.55625 ], [ 88.290417, 21.559167 ], [ 88.294139, 21.55875 ], [ 88.29875, 21.563306 ], [ 88.309611, 21.579167 ], [ 88.309611, 21.583306 ], [ 88.294972, 21.59625 ], [ 88.286222, 21.598333 ], [ 88.290417, 21.606667 ], [ 88.290361, 21.624167 ], [ 88.299583, 21.644972 ], [ 88.294556, 21.647472 ], [ 88.302889, 21.650806 ], [ 88.309611, 21.666639 ], [ 88.309528, 21.674944 ], [ 88.279583, 21.712472 ], [ 88.273722, 21.728306 ], [ 88.274972, 21.733722 ], [ 88.294972, 21.705417 ], [ 88.300389, 21.7075 ], [ 88.300361, 21.72 ], [ 88.307472, 21.730389 ], [ 88.306222, 21.714167 ], [ 88.316639, 21.707083 ], [ 88.328694, 21.709167 ], [ 88.325389, 21.716639 ], [ 88.326667, 21.722028 ], [ 88.329167, 21.720389 ], [ 88.336667, 21.722917 ], [ 88.345, 21.719583 ], [ 88.339556, 21.708333 ], [ 88.348722, 21.692472 ], [ 88.356639, 21.684556 ], [ 88.368333, 21.682056 ], [ 88.375833, 21.69375 ], [ 88.39375, 21.705806 ], [ 88.397056, 21.714167 ], [ 88.393333, 21.717056 ], [ 88.373361, 21.717056 ], [ 88.367472, 21.719583 ], [ 88.364528, 21.722528 ], [ 88.364556, 21.730833 ], [ 88.368722, 21.729944 ], [ 88.372472, 21.722056 ], [ 88.393278, 21.724583 ], [ 88.402111, 21.719972 ], [ 88.40375, 21.709167 ], [ 88.400417, 21.699972 ], [ 88.380361, 21.680806 ], [ 88.379556, 21.674972 ], [ 88.380389, 21.659972 ], [ 88.387056, 21.644972 ], [ 88.384556, 21.625833 ], [ 88.391222, 21.623361 ], [ 88.38625, 21.615833 ], [ 88.386222, 21.607444 ], [ 88.396611, 21.59125 ], [ 88.409139, 21.592056 ], [ 88.413722, 21.609972 ], [ 88.429167, 21.615417 ], [ 88.433694, 21.619944 ], [ 88.432917, 21.627472 ], [ 88.41375, 21.65 ], [ 88.412111, 21.658333 ], [ 88.414556, 21.689111 ], [ 88.417472, 21.69375 ], [ 88.428722, 21.700028 ], [ 88.422917, 21.714972 ], [ 88.424167, 21.71875 ], [ 88.434583, 21.701639 ], [ 88.419556, 21.686667 ], [ 88.420389, 21.653278 ], [ 88.435389, 21.635833 ], [ 88.440417, 21.623333 ], [ 88.439556, 21.614167 ], [ 88.429556, 21.605833 ], [ 88.452028, 21.613306 ], [ 88.462917, 21.634944 ], [ 88.463722, 21.648306 ], [ 88.472944, 21.670833 ], [ 88.472944, 21.676694 ], [ 88.456278, 21.709972 ], [ 88.457083, 21.725806 ], [ 88.459972, 21.720389 ], [ 88.466222, 21.724972 ], [ 88.46875, 21.761611 ], [ 88.477917, 21.790778 ], [ 88.465778, 21.791222 ], [ 88.458278, 21.796222 ], [ 88.451222, 21.801639 ], [ 88.44875, 21.811639 ], [ 88.453306, 21.818694 ], [ 88.466611, 21.824556 ], [ 88.474194, 21.835389 ], [ 88.487528, 21.835389 ], [ 88.49125, 21.840861 ], [ 88.482056, 21.884972 ], [ 88.457889, 21.895806 ], [ 88.475806, 21.892889 ], [ 88.482444, 21.906194 ], [ 88.504611, 21.914139 ], [ 88.51125, 21.938278 ], [ 88.499556, 21.9525 ], [ 88.5, 21.955417 ], [ 88.518306, 21.947917 ], [ 88.527889, 21.935833 ], [ 88.527889, 21.919139 ], [ 88.524111, 21.912083 ], [ 88.512056, 21.904139 ], [ 88.50125, 21.888306 ], [ 88.499583, 21.875806 ], [ 88.526611, 21.852056 ], [ 88.53, 21.852083 ], [ 88.532083, 21.8575 ], [ 88.54125, 21.863333 ], [ 88.543306, 21.872889 ], [ 88.549139, 21.877083 ], [ 88.552083, 21.875778 ], [ 88.54375, 21.8675 ], [ 88.547028, 21.858278 ], [ 88.544139, 21.852917 ], [ 88.535472, 21.848306 ], [ 88.534611, 21.84 ], [ 88.537056, 21.834111 ], [ 88.547889, 21.825 ], [ 88.550389, 21.817472 ], [ 88.554972, 21.815361 ], [ 88.557111, 21.822528 ], [ 88.554583, 21.83 ], [ 88.559972, 21.827083 ], [ 88.56375, 21.830833 ], [ 88.57625, 21.8575 ], [ 88.577917, 21.878306 ], [ 88.575417, 21.880833 ], [ 88.578778, 21.882472 ], [ 88.579556, 21.888306 ], [ 88.570444, 21.906639 ], [ 88.577556, 21.904583 ], [ 88.580389, 21.891639 ], [ 88.585833, 21.888722 ], [ 88.607083, 21.904972 ], [ 88.613722, 21.918333 ], [ 88.612889, 21.923333 ], [ 88.603694, 21.930806 ], [ 88.597861, 21.944167 ], [ 88.580389, 21.954167 ], [ 88.578722, 21.975806 ], [ 88.581278, 21.9775 ], [ 88.580417, 21.966667 ], [ 88.58375, 21.961639 ], [ 88.598722, 21.9475 ], [ 88.609972, 21.931278 ], [ 88.616639, 21.929528 ], [ 88.617917, 21.938306 ], [ 88.609528, 21.9475 ], [ 88.60125, 21.964972 ], [ 88.613611, 22.012444 ], [ 88.609083, 22.017 ], [ 88.600306, 22.017389 ], [ 88.598639, 22.030694 ], [ 88.601528, 22.032861 ], [ 88.603667, 22.030778 ], [ 88.60325, 22.018611 ], [ 88.619083, 22.017833 ], [ 88.621167, 22.019917 ], [ 88.623667, 22.027417 ], [ 88.637806, 22.039889 ], [ 88.627806, 22.04825 ], [ 88.626167, 22.061583 ], [ 88.630333, 22.070778 ], [ 88.639056, 22.076194 ], [ 88.649944, 22.072806 ], [ 88.656167, 22.064083 ], [ 88.662, 22.045722 ], [ 88.662028, 22.026583 ], [ 88.664861, 22.0195 ], [ 88.677361, 22.020333 ], [ 88.685694, 22.013667 ], [ 88.694861, 22.012806 ], [ 88.704889, 22.003639 ], [ 88.714917, 22.006139 ], [ 88.719889, 22.002806 ], [ 88.737833, 22.009889 ], [ 88.736139, 22.012389 ], [ 88.739472, 22.014083 ], [ 88.739472, 22.019056 ], [ 88.735333, 22.029889 ], [ 88.727389, 22.036972 ], [ 88.702389, 22.045306 ], [ 88.6915, 22.051972 ], [ 88.686139, 22.058222 ], [ 88.685306, 22.067389 ], [ 88.690667, 22.0745 ], [ 88.69825, 22.0745 ], [ 88.704472, 22.07075 ], [ 88.709056, 22.058667 ], [ 88.726528, 22.052806 ], [ 88.729917, 22.056944 ], [ 88.738222, 22.058639 ], [ 88.754861, 22.075333 ], [ 88.756944, 22.069917 ], [ 88.749444, 22.054056 ], [ 88.762778, 22.049028 ], [ 88.754056, 22.049472 ], [ 88.751139, 22.045722 ], [ 88.756139, 22.039917 ], [ 88.762861, 22.01825 ], [ 88.778667, 22.014917 ], [ 88.762806, 22.010722 ], [ 88.764556, 21.995806 ], [ 88.75375, 21.981639 ], [ 88.758306, 21.967889 ], [ 88.751639, 21.976222 ], [ 88.727028, 21.975 ], [ 88.723722, 21.940833 ], [ 88.7305, 21.930444 ], [ 88.722056, 21.926639 ], [ 88.719583, 21.913306 ], [ 88.727917, 21.899972 ], [ 88.721639, 21.905417 ], [ 88.71875, 21.904194 ], [ 88.71375, 21.881639 ], [ 88.700389, 21.856667 ], [ 88.700833, 21.844556 ], [ 88.706667, 21.854583 ], [ 88.720389, 21.8525 ], [ 88.708361, 21.852917 ], [ 88.697917, 21.839139 ], [ 88.704167, 21.821222 ], [ 88.708306, 21.827056 ], [ 88.7195, 21.824972 ], [ 88.709139, 21.825361 ], [ 88.707056, 21.815806 ], [ 88.711639, 21.807917 ], [ 88.722056, 21.804194 ], [ 88.713722, 21.803306 ], [ 88.712056, 21.776639 ], [ 88.697917, 21.749139 ], [ 88.699583, 21.734167 ], [ 88.716194, 21.684167 ], [ 88.7225, 21.677889 ], [ 88.735028, 21.672889 ], [ 88.749139, 21.659556 ], [ 88.758722, 21.660833 ], [ 88.753306, 21.669556 ], [ 88.761694, 21.662056 ], [ 88.774972, 21.662889 ], [ 88.785806, 21.657889 ], [ 88.791667, 21.660417 ], [ 88.789611, 21.656639 ], [ 88.794167, 21.654583 ], [ 88.804111, 21.655417 ], [ 88.81125, 21.660833 ], [ 88.812083, 21.683306 ], [ 88.818667, 21.683917 ], [ 88.826194, 21.669167 ], [ 88.82625, 21.659111 ], [ 88.809583, 21.634139 ], [ 88.813694, 21.635 ], [ 88.817472, 21.623722 ], [ 88.849139, 21.616194 ], [ 88.850444, 21.620833 ], [ 88.844583, 21.625833 ], [ 88.84625, 21.638306 ], [ 88.84625, 21.628333 ], [ 88.850833, 21.622889 ], [ 88.86375, 21.634167 ], [ 88.864583, 21.638333 ], [ 88.847056, 21.672472 ], [ 88.842917, 21.690833 ], [ 88.842917, 21.709972 ], [ 88.851194, 21.734139 ], [ 88.857889, 21.744167 ], [ 88.866278, 21.749972 ], [ 88.867083, 21.757472 ], [ 88.863333, 21.760389 ], [ 88.834972, 21.762083 ], [ 88.831889, 21.769444 ], [ 88.837389, 21.776667 ], [ 88.859972, 21.777056 ], [ 88.87875, 21.765833 ], [ 88.882056, 21.746639 ], [ 88.885417, 21.743278 ], [ 88.875389, 21.72 ], [ 88.872111, 21.701611 ], [ 88.884583, 21.675833 ], [ 88.887889, 21.655806 ], [ 88.903278, 21.647861 ], [ 88.914194, 21.634556 ], [ 88.924139, 21.629583 ], [ 88.937083, 21.664167 ], [ 88.946361, 21.665278 ], [ 88.949556, 21.662472 ], [ 88.940417, 21.644167 ], [ 88.9575, 21.617083 ], [ 88.9725, 21.60875 ], [ 88.984944, 21.608722 ], [ 88.993333, 21.611194 ], [ 89.0, 21.619472 ], [ 89.001194, 21.602389 ], [ 89.004083, 21.599417 ], [ 89.026639, 21.598639 ], [ 89.041222, 21.610667 ], [ 89.042056, 21.618167 ], [ 89.035778, 21.625306 ], [ 89.027, 21.629028 ], [ 89.0245, 21.634028 ], [ 89.027056, 21.649833 ], [ 89.017861, 21.655667 ], [ 89.02, 21.660306 ], [ 89.031222, 21.654833 ], [ 89.03125, 21.634 ], [ 89.057444, 21.611944 ], [ 89.072417, 21.613611 ], [ 89.083722, 21.6215 ], [ 89.086611, 21.629472 ], [ 89.087472, 21.626944 ], [ 89.090778, 21.627778 ], [ 89.099556, 21.637333 ], [ 89.099556, 21.650694 ], [ 89.090389, 21.677361 ], [ 89.088278, 21.679417 ], [ 89.081611, 21.677778 ], [ 89.077444, 21.686944 ], [ 89.071194, 21.687361 ], [ 89.075389, 21.693167 ], [ 89.075361, 21.701528 ], [ 89.064083, 21.718583 ], [ 89.053722, 21.720667 ], [ 89.060833, 21.721083 ], [ 89.058694, 21.724 ], [ 89.060361, 21.728167 ], [ 89.042472, 21.738583 ], [ 89.029139, 21.755278 ], [ 89.025389, 21.755722 ], [ 89.027889, 21.758139 ], [ 89.022833, 21.765722 ], [ 89.017889, 21.784889 ], [ 89.021222, 21.809833 ], [ 89.010833, 21.806917 ], [ 89.002056, 21.809028 ], [ 89.020806, 21.812778 ], [ 89.0295, 21.820694 ], [ 89.033694, 21.839 ], [ 89.023722, 21.845639 ], [ 89.030833, 21.846944 ], [ 89.034556, 21.852333 ], [ 89.032083, 21.863194 ], [ 89.011667, 21.87775 ], [ 88.985833, 21.89075 ], [ 88.986278, 21.897056 ], [ 88.991667, 21.904139 ], [ 89.016667, 21.898556 ], [ 89.023722, 21.911472 ], [ 89.022889, 21.922333 ], [ 89.012417, 21.933583 ], [ 88.999139, 21.937889 ], [ 88.994556, 21.945 ], [ 88.997083, 21.956667 ], [ 89.014972, 21.97025 ], [ 89.018306, 21.976056 ], [ 89.020389, 21.974833 ], [ 89.018778, 21.968194 ], [ 89.003722, 21.954 ], [ 89.002889, 21.945694 ], [ 89.007472, 21.940222 ], [ 89.017444, 21.936917 ], [ 89.026639, 21.926861 ], [ 89.037472, 21.922722 ], [ 89.050833, 21.924389 ], [ 89.05075, 21.928583 ], [ 89.064167, 21.928583 ], [ 89.068694, 21.932306 ], [ 89.072056, 21.942306 ], [ 89.081194, 21.984 ], [ 89.072806, 22.009083 ], [ 89.053722, 22.026639 ], [ 89.04325, 22.044528 ], [ 89.033667, 22.045806 ], [ 89.043694, 22.049111 ], [ 89.0395, 22.064139 ], [ 89.042417, 22.075389 ], [ 89.054083, 22.075361 ], [ 89.055333, 22.062444 ], [ 89.064056, 22.054556 ], [ 89.087389, 22.052 ], [ 89.092, 22.054944 ], [ 89.088306, 22.050389 ], [ 89.070778, 22.051194 ], [ 89.069528, 22.047417 ], [ 89.085361, 22.024972 ], [ 89.087861, 22.015778 ], [ 89.092806, 22.014083 ], [ 89.090333, 22.008278 ], [ 89.094556, 21.979 ], [ 89.092861, 21.953167 ], [ 89.097056, 21.941472 ], [ 89.092444, 21.946917 ], [ 89.086222, 21.926472 ], [ 89.087861, 21.922306 ], [ 89.082861, 21.917333 ], [ 89.082056, 21.899 ], [ 89.092028, 21.888139 ], [ 89.101194, 21.871528 ], [ 89.105333, 21.839806 ], [ 89.104528, 21.822333 ], [ 89.109556, 21.819 ], [ 89.104972, 21.82025 ], [ 89.100361, 21.8115 ], [ 89.122444, 21.801111 ], [ 89.133278, 21.799417 ], [ 89.14075, 21.793583 ], [ 89.15575, 21.791111 ], [ 89.161611, 21.796944 ], [ 89.172, 21.800694 ], [ 89.172861, 21.814861 ], [ 89.181222, 21.825694 ], [ 89.180778, 21.838611 ], [ 89.182028, 21.831528 ], [ 89.184972, 21.831083 ], [ 89.188694, 21.834028 ], [ 89.188667, 21.843194 ], [ 89.197111, 21.840778 ], [ 89.199583, 21.838167 ], [ 89.193667, 21.825694 ], [ 89.197028, 21.824056 ], [ 89.184528, 21.814 ], [ 89.190333, 21.808194 ], [ 89.190361, 21.784861 ], [ 89.196583, 21.77525 ], [ 89.207056, 21.769028 ], [ 89.2095, 21.760694 ], [ 89.215333, 21.756556 ], [ 89.219111, 21.747778 ], [ 89.229944, 21.752722 ], [ 89.239972, 21.752778 ], [ 89.248333, 21.756972 ], [ 89.257444, 21.756083 ], [ 89.264139, 21.759444 ], [ 89.276583, 21.756917 ], [ 89.287417, 21.750278 ], [ 89.291194, 21.751556 ], [ 89.288667, 21.759833 ], [ 89.291167, 21.766528 ], [ 89.290333, 21.783222 ], [ 89.283694, 21.790694 ], [ 89.285361, 21.794861 ], [ 89.270361, 21.824833 ], [ 89.276056, 21.831 ], [ 89.285333, 21.832361 ], [ 89.297861, 21.814806 ], [ 89.3045, 21.814028 ], [ 89.303639, 21.817333 ], [ 89.307889, 21.8215 ], [ 89.306222, 21.830694 ], [ 89.308694, 21.844889 ], [ 89.315389, 21.859806 ], [ 89.334083, 21.88025 ], [ 89.363722, 21.894861 ], [ 89.361972, 21.914833 ], [ 89.356167, 21.923167 ], [ 89.351167, 21.940667 ], [ 89.364472, 21.945472 ], [ 89.367833, 21.945639 ], [ 89.376972, 21.929861 ], [ 89.3845, 21.924028 ], [ 89.380361, 21.922361 ], [ 89.386194, 21.904028 ], [ 89.387028, 21.887333 ], [ 89.377056, 21.861528 ], [ 89.366222, 21.846528 ], [ 89.364556, 21.828167 ], [ 89.349528, 21.809861 ], [ 89.347833, 21.804028 ], [ 89.35325, 21.794417 ], [ 89.361194, 21.799028 ], [ 89.355389, 21.792333 ], [ 89.355333, 21.787361 ], [ 89.357861, 21.755722 ], [ 89.360778, 21.751944 ], [ 89.379111, 21.757778 ], [ 89.384556, 21.768194 ], [ 89.379083, 21.756111 ], [ 89.36075, 21.749417 ], [ 89.358694, 21.744861 ], [ 89.380778, 21.721111 ], [ 89.391611, 21.716083 ], [ 89.406583, 21.716139 ], [ 89.416556, 21.718583 ], [ 89.428667, 21.729861 ], [ 89.428639, 21.736528 ], [ 89.434944, 21.738611 ], [ 89.446194, 21.749861 ], [ 89.44825, 21.76025 ], [ 89.455778, 21.757806 ], [ 89.458722, 21.760667 ], [ 89.473694, 21.783222 ], [ 89.476194, 21.793194 ], [ 89.467833, 21.799861 ], [ 89.453639, 21.842333 ], [ 89.451639, 21.844417 ], [ 89.426583, 21.843583 ], [ 89.425333, 21.846528 ], [ 89.443278, 21.846111 ], [ 89.451639, 21.849417 ], [ 89.459528, 21.884028 ], [ 89.474528, 21.898194 ], [ 89.458278, 21.89775 ], [ 89.448694, 21.903972 ], [ 89.450361, 21.917361 ], [ 89.4595, 21.929861 ], [ 89.440806, 21.938556 ], [ 89.432861, 21.945667 ], [ 89.421972, 21.963194 ], [ 89.422056, 21.9715 ], [ 89.427056, 21.983139 ], [ 89.433278, 21.984417 ], [ 89.439083, 21.99025 ], [ 89.439556, 21.983167 ], [ 89.434944, 21.976944 ], [ 89.426222, 21.972306 ], [ 89.425361, 21.966472 ], [ 89.440806, 21.94525 ], [ 89.456583, 21.941083 ], [ 89.463694, 21.934028 ], [ 89.464528, 21.924833 ], [ 89.453667, 21.911528 ], [ 89.454917, 21.905278 ], [ 89.479083, 21.911083 ], [ 89.492472, 21.908611 ], [ 89.496639, 21.90275 ], [ 89.505361, 21.9065 ], [ 89.511222, 21.924833 ], [ 89.502056, 21.9265 ], [ 89.508639, 21.932306 ], [ 89.510333, 21.9515 ], [ 89.491222, 21.988194 ], [ 89.492028, 21.994028 ], [ 89.481167, 22.016639 ], [ 89.473667, 22.027472 ], [ 89.471167, 22.043333 ], [ 89.477444, 22.047083 ], [ 89.482389, 22.034583 ], [ 89.495778, 22.026222 ], [ 89.499917, 22.027083 ], [ 89.517833, 22.055806 ], [ 89.52125, 22.069972 ], [ 89.515361, 22.08 ], [ 89.522417, 22.085389 ], [ 89.52825, 22.085417 ], [ 89.533694, 22.080861 ], [ 89.535306, 22.063333 ], [ 89.5095, 22.02 ], [ 89.508667, 22.014167 ], [ 89.514472, 22.0025 ], [ 89.529111, 21.988583 ], [ 89.543694, 22.01 ], [ 89.549472, 22.045 ], [ 89.5595, 22.068306 ], [ 89.568278, 22.07625 ], [ 89.577, 22.076667 ], [ 89.578667, 22.064167 ], [ 89.570361, 22.0475 ], [ 89.571167, 22.043333 ], [ 89.567833, 22.039167 ], [ 89.569528, 22.034194 ], [ 89.564556, 22.029972 ], [ 89.565333, 22.023306 ], [ 89.558694, 22.012528 ], [ 89.547028, 21.979028 ], [ 89.547861, 21.973167 ], [ 89.570778, 21.943556 ], [ 89.579111, 21.938611 ], [ 89.586222, 21.945667 ], [ 89.584917, 21.951083 ], [ 89.590722, 21.94525 ], [ 89.60825, 21.948583 ], [ 89.627417, 21.94525 ], [ 89.642444, 21.957722 ], [ 89.6445, 21.955694 ], [ 89.629528, 21.940694 ], [ 89.652444, 21.904444 ], [ 89.666583, 21.904444 ], [ 89.677, 21.919 ], [ 89.678722, 21.930667 ], [ 89.682556, 21.933306 ], [ 89.688694, 21.930667 ], [ 89.682028, 21.918167 ], [ 89.677028, 21.898194 ], [ 89.655361, 21.882361 ], [ 89.664528, 21.875694 ], [ 89.667833, 21.868194 ], [ 89.666139, 21.847333 ], [ 89.684917, 21.839472 ], [ 89.694056, 21.839444 ], [ 89.709111, 21.829444 ], [ 89.729083, 21.827806 ], [ 89.742472, 21.830278 ], [ 89.748667, 21.834 ], [ 89.742028, 21.8465 ], [ 89.740361, 21.865722 ], [ 89.742833, 21.866556 ], [ 89.746167, 21.855722 ], [ 89.752861, 21.851528 ], [ 89.752417, 21.84775 ], [ 89.772472, 21.847778 ], [ 89.778722, 21.857361 ], [ 89.777, 21.849 ], [ 89.766139, 21.836528 ], [ 89.7645, 21.830694 ], [ 89.778278, 21.82525 ], [ 89.792444, 21.836944 ], [ 89.80825, 21.838611 ], [ 89.824944, 21.844417 ], [ 89.842861, 21.856556 ], [ 89.836222, 21.879 ], [ 89.843667, 21.891556 ], [ 89.82825, 21.906083 ], [ 89.847833, 21.894 ], [ 89.847833, 21.888222 ], [ 89.842, 21.879028 ], [ 89.849111, 21.875306 ], [ 89.856639, 21.875278 ], [ 89.862444, 21.878611 ], [ 89.876194, 21.8965 ], [ 89.872, 21.9415 ], [ 89.866139, 21.9615 ], [ 89.861972, 22.005861 ], [ 89.854528, 22.035833 ], [ 89.842417, 22.05125 ], [ 89.8325, 22.054611 ], [ 89.819083, 22.064611 ], [ 89.833278, 22.064583 ], [ 89.839556, 22.0675 ], [ 89.839944, 22.071278 ], [ 89.844083, 22.067139 ], [ 89.851611, 22.070444 ], [ 89.860361, 22.084222 ], [ 89.872806, 22.095028 ], [ 89.882028, 22.111694 ], [ 89.883694, 22.130889 ], [ 89.877056, 22.186694 ], [ 89.843722, 22.220028 ], [ 89.837861, 22.231694 ], [ 89.837833, 22.239194 ], [ 89.842, 22.269222 ], [ 89.862833, 22.320917 ], [ 89.891194, 22.355083 ], [ 89.896167, 22.386694 ], [ 89.902444, 22.390472 ], [ 89.909556, 22.380889 ], [ 89.912056, 22.362556 ], [ 89.902861, 22.335889 ], [ 89.887861, 22.323389 ], [ 89.881222, 22.310889 ], [ 89.871194, 22.256667 ], [ 89.876972, 22.248389 ], [ 89.872833, 22.244222 ], [ 89.877028, 22.225056 ], [ 89.886972, 22.210028 ], [ 89.897028, 22.171722 ], [ 89.909556, 22.145028 ], [ 89.910361, 22.110861 ], [ 89.902056, 22.075 ], [ 89.905389, 22.054194 ], [ 89.917028, 22.04 ], [ 89.917889, 22.020917 ], [ 89.935389, 22.000889 ], [ 89.945333, 21.976472 ], [ 89.945417, 21.9515 ], [ 89.934472, 21.938167 ], [ 89.935333, 21.932361 ], [ 89.952389, 21.921972 ], [ 89.957417, 21.921917 ], [ 89.962806, 21.926528 ], [ 89.966167, 21.933972 ], [ 89.966167, 21.969861 ], [ 89.982806, 21.984861 ], [ 89.985361, 21.990667 ], [ 89.982028, 22.005889 ], [ 89.974528, 22.016694 ], [ 89.973667, 22.038361 ], [ 89.977, 22.048389 ], [ 89.989972, 22.058806 ], [ 90.0125, 22.068722 ], [ 90.021278, 22.079139 ], [ 90.022944, 22.090806 ], [ 90.015389, 22.127472 ], [ 90.022917, 22.140833 ], [ 90.063778, 22.164972 ], [ 90.061667, 22.167917 ], [ 90.040028, 22.170389 ], [ 90.028333, 22.177056 ], [ 90.019583, 22.188333 ], [ 90.0225, 22.19625 ], [ 90.038333, 22.187083 ], [ 90.068306, 22.180389 ], [ 90.077472, 22.165389 ], [ 90.087083, 22.161667 ], [ 90.073278, 22.159583 ], [ 90.0575, 22.146222 ], [ 90.045056, 22.142889 ], [ 90.035389, 22.135861 ], [ 90.030444, 22.116667 ], [ 90.033778, 22.066639 ], [ 90.024139, 22.051222 ], [ 90.010778, 22.045361 ], [ 89.99325, 22.042944 ], [ 89.987833, 22.037528 ], [ 89.987, 22.026722 ], [ 89.9995, 22.007583 ], [ 90.005833, 21.999556 ], [ 90.021667, 21.989528 ], [ 90.044972, 21.992028 ], [ 90.054972, 21.981194 ], [ 90.057111, 21.9825 ], [ 90.067083, 22.031639 ], [ 90.076194, 22.048333 ], [ 90.091667, 22.067917 ], [ 90.125833, 22.089556 ], [ 90.139583, 22.103306 ], [ 90.144583, 22.118306 ], [ 90.150806, 22.126222 ], [ 90.174167, 22.13125 ], [ 90.193306, 22.12375 ], [ 90.205806, 22.12625 ], [ 90.2125, 22.124583 ], [ 90.213694, 22.119167 ], [ 90.210833, 22.115389 ], [ 90.191722, 22.109556 ], [ 90.178389, 22.112083 ], [ 90.168306, 22.118722 ], [ 90.1625, 22.117889 ], [ 90.125833, 22.073722 ], [ 90.108278, 22.063722 ], [ 90.098722, 22.054167 ], [ 90.074583, 22.010806 ], [ 90.077917, 21.991639 ], [ 90.07625, 21.979972 ], [ 90.058278, 21.962861 ], [ 90.0325, 21.956222 ], [ 90.02875, 21.952472 ], [ 90.027056, 21.904972 ], [ 90.019556, 21.893333 ], [ 90.020444, 21.883306 ], [ 90.026278, 21.871667 ], [ 90.045833, 21.857917 ], [ 90.059972, 21.853694 ], [ 90.068278, 21.862056 ], [ 90.078306, 21.864583 ], [ 90.108806, 21.8975 ], [ 90.106639, 21.899583 ], [ 90.096667, 21.897056 ], [ 90.093722, 21.9 ], [ 90.087917, 21.9075 ], [ 90.090361, 21.917472 ], [ 90.092917, 21.918306 ], [ 90.090361, 21.908361 ], [ 90.097472, 21.900389 ], [ 90.104167, 21.900389 ], [ 90.107917, 21.903333 ], [ 90.107889, 21.922472 ], [ 90.113333, 21.929556 ], [ 90.141667, 21.932861 ], [ 90.132083, 21.954139 ], [ 90.13625, 21.963333 ], [ 90.144167, 21.969528 ], [ 90.138722, 21.953278 ], [ 90.14875, 21.937472 ], [ 90.141694, 21.927889 ], [ 90.117917, 21.922472 ], [ 90.120389, 21.905833 ], [ 90.13125, 21.899972 ], [ 90.119139, 21.90125 ], [ 90.102861, 21.873333 ], [ 90.108306, 21.85875 ], [ 90.12375, 21.857472 ], [ 90.109972, 21.855389 ], [ 90.101694, 21.865389 ], [ 90.094139, 21.864583 ], [ 90.084583, 21.854139 ], [ 90.084583, 21.844972 ], [ 90.095806, 21.827861 ], [ 90.109972, 21.81625 ], [ 90.123278, 21.810417 ], [ 90.157472, 21.800389 ], [ 90.194167, 21.802917 ], [ 90.221611, 21.820389 ], [ 90.222861, 21.822472 ], [ 90.219167, 21.826194 ], [ 90.245861, 21.834556 ], [ 90.25875, 21.842472 ], [ 90.255833, 21.844528 ], [ 90.245806, 21.83875 ], [ 90.23875, 21.839944 ], [ 90.249167, 21.842861 ], [ 90.26125, 21.850806 ], [ 90.266278, 21.868333 ], [ 90.264972, 21.87375 ], [ 90.246694, 21.86375 ], [ 90.235444, 21.864139 ], [ 90.264139, 21.87625 ], [ 90.269167, 21.889583 ], [ 90.269583, 21.864139 ], [ 90.274556, 21.864167 ], [ 90.277056, 21.888333 ], [ 90.30125, 21.9475 ], [ 90.304583, 21.975806 ], [ 90.296194, 21.992528 ], [ 90.301639, 21.993694 ], [ 90.306667, 21.985417 ], [ 90.310389, 21.987472 ], [ 90.337917, 22.054167 ], [ 90.379611, 22.087444 ], [ 90.37625, 22.115778 ], [ 90.382944, 22.1375 ], [ 90.375444, 22.142472 ], [ 90.379194, 22.14375 ], [ 90.388278, 22.140389 ], [ 90.397917, 22.148278 ], [ 90.39625, 22.173306 ], [ 90.405833, 22.180389 ], [ 90.418306, 22.184556 ], [ 90.425389, 22.198306 ], [ 90.43, 22.197917 ], [ 90.432917, 22.193333 ], [ 90.432111, 22.181667 ], [ 90.426694, 22.177056 ], [ 90.41, 22.174556 ], [ 90.406222, 22.171639 ], [ 90.405389, 22.143306 ], [ 90.400389, 22.134972 ], [ 90.387083, 22.125 ], [ 90.385417, 22.112472 ], [ 90.390417, 22.094167 ], [ 90.408306, 22.085389 ], [ 90.422889, 22.087444 ], [ 90.421222, 22.095 ], [ 90.425778, 22.104528 ], [ 90.427917, 22.0825 ], [ 90.433361, 22.078722 ], [ 90.440833, 22.07875 ], [ 90.469583, 22.114944 ], [ 90.483778, 22.139139 ], [ 90.494611, 22.149111 ], [ 90.495389, 22.158361 ], [ 90.48875, 22.193333 ], [ 90.49125, 22.194111 ], [ 90.497111, 22.174139 ], [ 90.501611, 22.168778 ], [ 90.511639, 22.171222 ], [ 90.529139, 22.185417 ], [ 90.546278, 22.200806 ], [ 90.558694, 22.235 ], [ 90.571222, 22.251639 ], [ 90.589556, 22.266639 ], [ 90.607111, 22.296667 ], [ 90.612889, 22.321667 ], [ 90.612917, 22.364167 ], [ 90.609583, 22.389972 ], [ 90.602028, 22.402472 ], [ 90.600361, 22.412472 ], [ 90.591194, 22.419167 ], [ 90.587056, 22.43 ], [ 90.581194, 22.525833 ], [ 90.573722, 22.540833 ], [ 90.559139, 22.556222 ], [ 90.538306, 22.562028 ], [ 90.522889, 22.577444 ], [ 90.522056, 22.59 ], [ 90.533306, 22.605417 ], [ 90.550806, 22.608722 ], [ 90.561667, 22.598722 ], [ 90.565, 22.598722 ], [ 90.567444, 22.602889 ], [ 90.593333, 22.569583 ], [ 90.612444, 22.560389 ], [ 90.615389, 22.560778 ], [ 90.61125, 22.574139 ], [ 90.614139, 22.590417 ], [ 90.622111, 22.557444 ], [ 90.629139, 22.554556 ], [ 90.632861, 22.558306 ], [ 90.63625, 22.544167 ], [ 90.649556, 22.529972 ], [ 90.657889, 22.515833 ], [ 90.662083, 22.493306 ], [ 90.671222, 22.479167 ], [ 90.667917, 22.4275 ], [ 90.67875, 22.371667 ], [ 90.678778, 22.310833 ], [ 90.674556, 22.294139 ], [ 90.675417, 22.270806 ], [ 90.652889, 22.240861 ], [ 90.644611, 22.219972 ], [ 90.622111, 22.19 ], [ 90.622111, 22.161639 ], [ 90.616222, 22.143306 ], [ 90.619556, 22.124139 ], [ 90.624167, 22.122083 ], [ 90.629972, 22.130444 ], [ 90.640389, 22.136667 ], [ 90.617861, 22.111694 ], [ 90.609583, 22.081639 ], [ 90.597944, 22.054972 ], [ 90.60125, 22.034972 ], [ 90.610389, 22.021611 ], [ 90.615, 22.019556 ], [ 90.623361, 22.022889 ], [ 90.634583, 22.035778 ], [ 90.642861, 22.0625 ], [ 90.6475, 22.068778 ], [ 90.650389, 22.068306 ], [ 90.640389, 22.034167 ], [ 90.619556, 22.010806 ], [ 90.623722, 22.0 ], [ 90.647472, 21.996222 ], [ 90.66125, 22.005833 ], [ 90.662083, 22.011639 ], [ 90.652917, 22.024139 ], [ 90.656639, 22.047056 ], [ 90.658778, 22.0225 ], [ 90.662083, 22.016639 ], [ 90.664167, 22.014528 ], [ 90.676611, 22.017917 ], [ 90.686611, 22.01625 ], [ 90.701194, 22.026639 ], [ 90.705, 22.041194 ], [ 90.71125, 22.036639 ], [ 90.714611, 22.050806 ], [ 90.707083, 22.062444 ], [ 90.710028, 22.071194 ], [ 90.711222, 22.064167 ], [ 90.719972, 22.056222 ], [ 90.723361, 22.05625 ], [ 90.754972, 22.080444 ], [ 90.760806, 22.092083 ], [ 90.761278, 22.085861 ], [ 90.751222, 22.071667 ], [ 90.755806, 22.072861 ], [ 90.759972, 22.066222 ], [ 90.763278, 22.067083 ], [ 90.770417, 22.079139 ], [ 90.78125, 22.0875 ], [ 90.78875, 22.098333 ], [ 90.782889, 22.108333 ], [ 90.797083, 22.117472 ], [ 90.796667, 22.123722 ], [ 90.803333, 22.119556 ], [ 90.806222, 22.126667 ], [ 90.83125, 22.154111 ], [ 90.832056, 22.163361 ], [ 90.827889, 22.175 ], [ 90.829611, 22.190833 ], [ 90.822083, 22.207472 ], [ 90.825417, 22.207472 ], [ 90.83125, 22.194139 ], [ 90.835028, 22.192056 ], [ 90.83625, 22.2075 ], [ 90.851222, 22.252472 ], [ 90.842889, 22.336667 ], [ 90.849583, 22.37 ], [ 90.858806, 22.386639 ], [ 90.86375, 22.409111 ], [ 90.862861, 22.425 ], [ 90.867889, 22.459972 ], [ 90.865417, 22.487472 ], [ 90.860028, 22.495417 ], [ 90.813333, 22.517917 ], [ 90.798778, 22.531639 ], [ 90.78625, 22.554111 ], [ 90.774556, 22.605833 ], [ 90.769139, 22.61625 ], [ 90.755, 22.620417 ], [ 90.723333, 22.62375 ], [ 90.707111, 22.633333 ], [ 90.69875, 22.660833 ], [ 90.699583, 22.674167 ], [ 90.695417, 22.683333 ], [ 90.696222, 22.7225 ], [ 90.680417, 22.748306 ], [ 90.680389, 22.755806 ], [ 90.686639, 22.762889 ], [ 90.699972, 22.767889 ], [ 90.723278, 22.767889 ], [ 90.741639, 22.764528 ], [ 90.763333, 22.765417 ], [ 90.778333, 22.760417 ], [ 90.797056, 22.725 ], [ 90.812083, 22.716667 ], [ 90.815389, 22.694111 ], [ 90.820806, 22.684556 ], [ 90.865, 22.667917 ], [ 90.867861, 22.678333 ], [ 90.855417, 22.7 ], [ 90.8575, 22.700361 ], [ 90.870417, 22.680806 ], [ 90.867889, 22.664972 ], [ 90.881222, 22.645 ], [ 90.884583, 22.631639 ], [ 90.909139, 22.607889 ], [ 90.9425, 22.583722 ], [ 90.962472, 22.572889 ], [ 90.976667, 22.570389 ], [ 91.053667, 22.60075 ], [ 91.023722, 22.669944 ], [ 91.02, 22.672861 ], [ 91.007444, 22.672833 ], [ 91.006167, 22.674944 ], [ 91.012889, 22.679083 ], [ 91.004528, 22.686611 ], [ 91.0225, 22.682889 ], [ 91.029972, 22.673694 ], [ 91.037917, 22.69575 ], [ 91.053722, 22.715778 ], [ 91.069111, 22.730361 ], [ 91.086611, 22.741167 ], [ 91.094083, 22.751194 ], [ 91.103306, 22.756167 ], [ 91.124111, 22.762028 ], [ 91.141611, 22.761194 ], [ 91.159972, 22.752806 ], [ 91.189111, 22.7195 ], [ 91.231639, 22.7195 ], [ 91.259944, 22.714472 ], [ 91.281194, 22.731583 ], [ 91.27125, 22.751583 ], [ 91.276583, 22.758639 ], [ 91.304972, 22.754472 ], [ 91.310361, 22.75075 ], [ 91.309167, 22.743694 ], [ 91.317472, 22.745333 ], [ 91.352444, 22.742806 ], [ 91.371639, 22.736139 ], [ 91.3745, 22.738222 ], [ 91.3745, 22.759056 ], [ 91.38325, 22.767 ], [ 91.407472, 22.770333 ], [ 91.447417, 22.763611 ], [ 91.474944, 22.747833 ], [ 91.495722, 22.7295 ], [ 91.503306, 22.728639 ], [ 91.500361, 22.724889 ], [ 91.522833, 22.704861 ], [ 91.537806, 22.672417 ], [ 91.621167, 22.602389 ], [ 91.653667, 22.567389 ], [ 91.657833, 22.557389 ], [ 91.671972, 22.544889 ], [ 91.677806, 22.530694 ], [ 91.690333, 22.517389 ], [ 91.695306, 22.505722 ], [ 91.711194, 22.486583 ], [ 91.725333, 22.449861 ], [ 91.735361, 22.435722 ], [ 91.741139, 22.419889 ], [ 91.747, 22.414083 ], [ 91.752778, 22.389056 ], [ 91.757861, 22.379861 ], [ 91.759472, 22.346556 ], [ 91.766972, 22.324861 ], [ 91.765333, 22.31075 ], [ 91.769472, 22.299889 ], [ 91.767833, 22.292417 ], [ 91.777806, 22.249056 ], [ 91.795306, 22.228194 ], [ 91.80075, 22.226139 ], [ 91.8295, 22.249861 ], [ 91.832861, 22.262389 ], [ 91.822806, 22.269889 ], [ 91.824056, 22.273667 ], [ 91.833194, 22.271972 ], [ 91.838667, 22.263222 ], [ 91.833639, 22.239889 ], [ 91.825694, 22.238639 ], [ 91.812, 22.229083 ], [ 91.816167, 22.223194 ], [ 91.812806, 22.212389 ], [ 91.816167, 22.207361 ], [ 91.812, 22.207389 ], [ 91.811972, 22.202417 ], [ 91.816972, 22.169917 ], [ 91.828611, 22.132361 ], [ 91.841528, 22.112778 ], [ 91.850278, 22.112389 ], [ 91.846167, 22.119028 ], [ 91.846139, 22.129861 ], [ 91.842, 22.139056 ], [ 91.842778, 22.146528 ], [ 91.849028, 22.151167 ], [ 91.854028, 22.151944 ], [ 91.861139, 22.146528 ], [ 91.862361, 22.131111 ], [ 91.879028, 22.133583 ], [ 91.887, 22.129861 ], [ 91.864889, 22.125278 ], [ 91.854472, 22.133194 ], [ 91.856083, 22.145694 ], [ 91.852389, 22.146944 ], [ 91.8495, 22.142389 ], [ 91.851167, 22.132417 ], [ 91.858639, 22.119056 ], [ 91.856944, 22.099889 ], [ 91.861139, 22.091528 ], [ 91.859444, 22.082389 ], [ 91.876944, 22.046556 ], [ 91.883639, 22.024056 ], [ 91.881694, 21.987056 ], [ 91.877472, 21.995417 ], [ 91.874583, 21.994139 ], [ 91.880389, 21.983333 ], [ 91.880389, 21.9675 ], [ 91.884167, 21.960417 ], [ 91.883722, 21.968333 ], [ 91.887083, 21.970806 ], [ 91.888722, 21.948333 ], [ 91.891639, 21.945444 ], [ 91.921194, 21.94 ], [ 91.904611, 21.940028 ], [ 91.909583, 21.931667 ], [ 91.906222, 21.910833 ], [ 91.913778, 21.889139 ], [ 91.917917, 21.861639 ], [ 91.920833, 21.857056 ], [ 91.92375, 21.857472 ], [ 91.91625, 21.853306 ], [ 91.916222, 21.848306 ], [ 91.931667, 21.838722 ], [ 91.937861, 21.829972 ], [ 91.936611, 21.825444 ], [ 91.926694, 21.839556 ], [ 91.920806, 21.84375 ], [ 91.915417, 21.8425 ], [ 91.904611, 21.805833 ], [ 91.890389, 21.780806 ], [ 91.899111, 21.778722 ], [ 91.927083, 21.784139 ], [ 91.908333, 21.777944 ], [ 91.891667, 21.776278 ], [ 91.890389, 21.771667 ], [ 91.904139, 21.765389 ], [ 91.928306, 21.767917 ], [ 91.9425, 21.760417 ], [ 91.947083, 21.769972 ], [ 91.944611, 21.782472 ], [ 91.954556, 21.790806 ], [ 91.955806, 21.79625 ], [ 91.964139, 21.79125 ], [ 91.978694, 21.790833 ], [ 91.955, 21.784611 ], [ 91.952083, 21.775806 ], [ 91.950389, 21.759972 ], [ 91.972889, 21.745806 ], [ 91.966611, 21.744583 ], [ 91.951667, 21.75625 ], [ 91.946222, 21.754139 ], [ 91.95125, 21.729167 ], [ 91.949972, 21.720389 ], [ 91.946222, 21.721611 ], [ 91.939972, 21.743722 ], [ 91.924194, 21.728694 ], [ 91.917056, 21.731639 ], [ 91.9175, 21.719528 ], [ 91.927528, 21.72625 ], [ 91.929556, 21.724944 ], [ 91.915417, 21.715 ], [ 91.913722, 21.707472 ], [ 91.908722, 21.703306 ], [ 91.90875, 21.699167 ], [ 91.915417, 21.693306 ], [ 91.909611, 21.685 ], [ 91.914528, 21.673333 ], [ 91.913722, 21.666611 ], [ 91.908306, 21.659583 ], [ 91.901639, 21.657083 ], [ 91.892111, 21.661667 ], [ 91.895389, 21.641667 ], [ 91.90375, 21.638333 ], [ 91.893333, 21.637056 ], [ 91.885417, 21.631667 ], [ 91.89625, 21.619972 ], [ 91.882944, 21.6175 ], [ 91.889556, 21.610028 ], [ 91.886639, 21.607944 ], [ 91.883278, 21.61125 ], [ 91.880444, 21.601639 ], [ 91.885833, 21.599556 ], [ 91.889167, 21.603694 ], [ 91.895861, 21.602028 ], [ 91.91, 21.613778 ], [ 91.914583, 21.610806 ], [ 91.90625, 21.609167 ], [ 91.912083, 21.605806 ], [ 91.909556, 21.595 ], [ 91.922056, 21.587528 ], [ 91.918361, 21.572056 ], [ 91.915417, 21.5725 ], [ 91.917917, 21.574972 ], [ 91.913333, 21.579556 ], [ 91.89625, 21.575806 ], [ 91.897917, 21.559139 ], [ 91.893778, 21.549972 ], [ 91.895, 21.545417 ], [ 91.90125, 21.5475 ], [ 91.90125, 21.556639 ], [ 91.909167, 21.56375 ], [ 91.919944, 21.564556 ], [ 91.920389, 21.5625 ], [ 91.907917, 21.559139 ], [ 91.902861, 21.5525 ], [ 91.904583, 21.539972 ], [ 91.894167, 21.534556 ], [ 91.892917, 21.529167 ], [ 91.896639, 21.522861 ], [ 91.908333, 21.527083 ], [ 91.902056, 21.5225 ], [ 91.903361, 21.520389 ], [ 91.908333, 21.519556 ], [ 91.913333, 21.523722 ], [ 91.928306, 21.511194 ], [ 91.94, 21.514556 ], [ 91.953778, 21.510833 ], [ 91.939111, 21.509556 ], [ 91.942083, 21.505778 ], [ 91.934972, 21.505389 ], [ 91.936667, 21.501222 ], [ 91.952472, 21.502056 ], [ 91.958306, 21.507083 ], [ 91.970806, 21.505389 ], [ 91.975417, 21.509944 ], [ 91.974944, 21.512083 ], [ 91.97, 21.509583 ], [ 91.965389, 21.510806 ], [ 91.972111, 21.515778 ], [ 91.971194, 21.524139 ], [ 91.98125, 21.541639 ], [ 91.990389, 21.63 ], [ 91.98875, 21.6375 ], [ 91.97875, 21.652472 ], [ 91.966222, 21.661611 ], [ 91.961222, 21.675806 ], [ 91.974139, 21.681222 ], [ 91.968722, 21.673333 ], [ 91.969583, 21.669972 ], [ 91.9825, 21.660417 ], [ 92.016667, 21.665278 ], [ 92.025806, 21.674444 ], [ 92.026194, 21.669 ], [ 92.021639, 21.663583 ], [ 92.003694, 21.656472 ], [ 91.999583, 21.639167 ], [ 92.001639, 21.634444 ], [ 92.004972, 21.63525 ], [ 92.009167, 21.631111 ], [ 92.012472, 21.631111 ], [ 92.017444, 21.63775 ], [ 92.020361, 21.636556 ], [ 92.017056, 21.624028 ], [ 92.02125, 21.607361 ], [ 92.012083, 21.596528 ], [ 92.014139, 21.594472 ], [ 92.027917, 21.595694 ], [ 92.017444, 21.591972 ], [ 92.004139, 21.59275 ], [ 92.001194, 21.584889 ], [ 91.994556, 21.578333 ], [ 91.994611, 21.573333 ], [ 91.99875, 21.555806 ], [ 92.007056, 21.545722 ], [ 92.004556, 21.532333 ], [ 92.007028, 21.528222 ], [ 92.00625, 21.519056 ], [ 92.01075, 21.512778 ], [ 92.030833, 21.513639 ], [ 92.044139, 21.519444 ], [ 92.049528, 21.519 ], [ 92.036639, 21.511944 ], [ 92.020833, 21.511111 ], [ 92.012028, 21.507389 ], [ 92.011194, 21.503194 ], [ 92.02, 21.501111 ], [ 92.026639, 21.492778 ], [ 92.012444, 21.497806 ], [ 92.007833, 21.509083 ], [ 92.002444, 21.509444 ], [ 91.994528, 21.500833 ], [ 91.969611, 21.453306 ], [ 91.972889, 21.447472 ], [ 91.970806, 21.44625 ], [ 91.967917, 21.450806 ], [ 91.968333, 21.465389 ], [ 91.964194, 21.465417 ], [ 91.95875, 21.456667 ], [ 91.961611, 21.472917 ], [ 91.957056, 21.470028 ], [ 91.95125, 21.449167 ], [ 92.020361, 21.359889 ], [ 92.033694, 21.315722 ], [ 92.036222, 21.314944 ], [ 92.034972, 21.326167 ], [ 92.047, 21.300722 ], [ 92.056611, 21.293667 ], [ 92.064528, 21.29325 ], [ 92.057444, 21.289472 ], [ 92.038722, 21.304917 ], [ 92.046194, 21.284889 ], [ 92.04875, 21.188278 ], [ 92.052833, 21.174083 ], [ 92.088722, 21.129917 ], [ 92.137889, 21.077417 ], [ 92.145333, 21.064944 ], [ 92.192028, 21.009917 ], [ 92.191222, 21.000778 ], [ 92.197056, 20.978278 ], [ 92.202889, 20.96 ], [ 92.21375, 20.941639 ], [ 92.212917, 20.935833 ], [ 92.217111, 20.933278 ], [ 92.220361, 20.923306 ], [ 92.237111, 20.898306 ], [ 92.245389, 20.8925 ], [ 92.246194, 20.885 ], [ 92.255444, 20.873333 ], [ 92.277028, 20.833306 ], [ 92.282917, 20.828333 ], [ 92.292028, 20.799111 ], [ 92.296639, 20.792889 ], [ 92.302056, 20.794167 ], [ 92.299583, 20.7875 ], [ 92.302889, 20.785 ], [ 92.300389, 20.782472 ], [ 92.302083, 20.774139 ], [ 92.313722, 20.752444 ], [ 92.324167, 20.74125 ], [ 92.328102222077788, 20.73898030700451 ], [ 92.326773654352706, 20.738301616650023 ], [ 92.323961168281357, 20.736901817983703 ], [ 92.321134178030945, 20.735531547816201 ], [ 92.318292993612843, 20.734190956413084 ], [ 92.315437926594925, 20.732880190785302 ], [ 92.312569290067444, 20.731599394673083 ], [ 92.309687398608759, 20.730348708530148 ], [ 92.306792568250714, 20.729128269508333 ], [ 92.303885116444093, 20.727938211442524 ], [ 92.300965362023746, 20.726778664836001 ], [ 92.298033625173659, 20.725649756846117 ], [ 92.295090227391796, 20.724551611270357 ], [ 92.292135491454914, 20.72348434853275 ], [ 92.289169741383077, 20.722448085670692 ], [ 92.286193302404243, 20.721442936322077 ], [ 92.283206500918439, 20.720469010712861 ], [ 92.280209664462149, 20.719526415644964 ], [ 92.27720312167223, 20.718615254484551 ], [ 92.274187202250005, 20.717735627150716 ], [ 92.271162236925008, 20.716887630104509 ], [ 92.268128557418777, 20.716071356338357 ], [ 92.265086496408458, 20.715286895365882 ], [ 92.262036387490326, 20.714534333212068 ], [ 92.258978565143195, 20.713813752403837 ], [ 92.25591336469175, 20.713125231960994 ], [ 92.252841122269743, 20.712468847387566 ], [ 92.249762174783186, 20.711844670663513 ], [ 92.246676859873361, 20.711252770236854 ], [ 92.243585515879829, 20.710693211016135 ], [ 92.240488481803297, 20.710166054363334 ], [ 92.237386097268441, 20.709671358087114 ], [ 92.234278702486691, 20.709209176436502 ], [ 92.231166638218909, 20.708779560094921 ], [ 92.22805024573799, 20.708382556174644 ], [ 92.224929866791499, 20.708018208211627 ], [ 92.221805843564169, 20.707686556160727 ], [ 92.218678518640317, 20.707387636391331 ], [ 92.215548234966406, 20.707121481683359 ], [ 92.212415335813276, 20.706888121223674 ], [ 92.20928016473863, 20.706687580602882 ], [ 92.206143065549327, 20.706519881812518 ], [ 92.203004382263643, 20.706385043242648 ], [ 92.199864459073552, 20.706283079679839 ], [ 92.196723640307013, 20.706214002305547 ], [ 92.193582270390223, 20.706177818694879 ], [ 92.190440693809776, 20.706174532815783 ], [ 92.187299255074947, 20.706204145028586 ], [ 92.184158298679904, 20.706266652085983 ], [ 92.181018169065894, 20.706362047133361 ], [ 92.177879210583541, 20.706490319709584 ], [ 92.174741767454975, 20.706651455748119 ], [ 92.17160618373623, 20.706845437578579 ], [ 92.168472803279386, 20.707072243928675 ], [ 92.165341969694907, 20.707331849926533 ], [ 92.16221402631399, 20.70762422710343 ], [ 92.159089316150869, 20.707949343396916 ], [ 92.155968181865219, 20.70830716315432 ], [ 92.152850965724596, 20.708697647136677 ], [ 92.149738009566889, 20.70912075252302 ], [ 92.146629654762791, 20.709576432915071 ], [ 92.143526242178453, 20.710064638342345 ], [ 92.140428112138039, 20.710585315267611 ], [ 92.137335604386422, 20.711138406592777 ], [ 92.134249058051921, 20.711723851665148 ], [ 92.131168811609115, 20.712341586284072 ], [ 92.128095202841749, 20.712991542707993 ], [ 92.125028568805661, 20.713673649661857 ], [ 92.121969245791831, 20.714387832344958 ], [ 92.118917569289493, 20.715134012439108 ], [ 92.115873873949369, 20.715912108117255 ], [ 92.11283849354696, 20.716722034052442 ], [ 92.109811760945931, 20.717563701427157 ], [ 92.106794008061613, 20.718437017943096 ], [ 92.103785565824623, 20.719341887831252 ], [ 92.100786764144544, 20.720278211862453 ], [ 92.097797931873785, 20.721245887358215 ], [ 92.094819396771484, 20.722244808202014 ], [ 92.091851485467586, 20.723274864850922 ], [ 92.088894523426987, 20.724335944347622 ], [ 92.085948834913921, 20.725427930332792 ], [ 92.083014742956323, 20.726550703057857 ], [ 92.080092569310423, 20.727704139398138 ], [ 92.077182634425526, 20.728888112866343 ], [ 92.074285257408746, 20.73010249362644 ], [ 92.071400755990155, 20.73134714850789 ], [ 92.068529446487815, 20.732621941020263 ], [ 92.065671643773172, 20.733926731368193 ], [ 92.062827661236526, 20.735261376466713 ], [ 92.059997810752577, 20.736625729956952 ], [ 92.057182402646333, 20.738019642222174 ], [ 92.054381745659029, 20.739442960404187 ], [ 92.05159614691425, 20.740895528420115 ], [ 92.048825911884293, 20.74237718697951 ], [ 92.046071344356648, 20.743887773601809 ], [ 92.043332746400694, 20.745427122634169 ], [ 92.040610418334538, 20.746995065269619 ], [ 92.037904658692142, 20.748591429565586 ], [ 92.035215764190554, 20.750216040462728 ], [ 92.032544029697334, 20.751868719804154 ], [ 92.0298897481983, 20.753549286354957 ], [ 92.027253210765309, 20.75525755582207 ], [ 92.024634706524409, 20.756993340874494 ], [ 92.022034522624111, 20.75875645116384 ], [ 92.019452944203863, 20.760546693345201 ], [ 92.016890254362835, 20.762363871098341 ], [ 92.01434673412885, 20.764207785149242 ], [ 92.011822662427562, 20.766078233291957 ], [ 92.009318316051875, 20.767975010410758 ], [ 92.006833969631586, 20.769897908502667 ], [ 92.004369895603304, 20.771846716700235 ], [ 92.001926364180477, 20.773821221294686 ], [ 91.999503643323891, 20.775821205759335 ], [ 91.997101998712168, 20.777846450773353 ], [ 91.994721693712705, 20.779896734245799 ], [ 91.992362989352785, 20.781971831339987 ], [ 91.990026144290923, 20.784071514498137 ], [ 91.987711414788492, 20.786195553466328 ], [ 91.985419054681671, 20.788343715319751 ], [ 91.983149315353586, 20.790515764488251 ], [ 91.980902445706747, 20.792711462782162 ], [ 91.978678692135702, 20.794930569418423 ], [ 91.976478298500098, 20.797172841046979 ], [ 91.974301506097902, 20.799438031777484 ], [ 91.972148553638931, 20.801725893206246 ], [ 91.970019677218673, 20.804036174443475 ], [ 91.967915110292438, 20.806368622140806 ], [ 91.965835083649679, 20.808722980519054 ], [ 91.963779825388769, 20.8110989913963 ], [ 91.961749560891946, 20.813496394216173 ], [ 91.959744512800569, 20.815914926076438 ], [ 91.957764900990782, 20.81835432175782 ], [ 91.955810942549306, 20.820814313753097 ], [ 91.953882851749725, 20.823294632296424 ], [ 91.951980840028909, 20.825795005392923 ], [ 91.950105115963879, 20.8283151588485 ], [ 91.948255885248912, 20.83085481629994 ], [ 91.94643335067299, 20.833413699245177 ], [ 91.944637712097588, 20.835991527073862 ], [ 91.942869166434704, 20.838588017098122 ], [ 91.941127907625287, 20.84120288458357 ], [ 91.939414126618004, 20.843835842780518 ], [ 91.939143080153258, 20.844261957879048 ], [ 91.916591383293934, 20.870837655985436 ], [ 91.914594656413982, 20.873215502381154 ], [ 91.912622646921989, 20.875613887312369 ], [ 91.910675566065592, 20.878032553856855 ], [ 91.908753622421955, 20.880471242919747 ], [ 91.906857021875496, 20.88292969326131 ], [ 91.904985967595792, 20.885407641524925 ], [ 91.903140660015808, 20.887904822265288 ], [ 91.90132129681048, 20.890420967976858 ], [ 91.899528072875469, 20.892955809122515 ], [ 91.899261859166756, 20.893340503793528 ], [ 91.869753172922074, 20.924849565315398 ], [ 91.867706131911376, 20.927057477046226 ], [ 91.86568135272671, 20.929285821804999 ], [ 91.863679039313993, 20.931534375141677 ], [ 91.861699393356261, 20.933802910570687 ], [ 91.859742614253392, 20.936091199593779 ], [ 91.857808899101983, 20.938399011723007 ], [ 91.85589844267551, 20.94072611450397 ], [ 91.820009442675513, 20.984892114503971 ], [ 91.818019608637215, 20.98736751795121 ], [ 91.816056092123077, 20.989863848182814 ], [ 91.814119113200988, 20.992380825413925 ], [ 91.812208888964577, 20.994918167545599 ], [ 91.810325633508839, 20.997475590196434 ], [ 91.808469557906164, 21.000052806734423 ], [ 91.806640870182648, 21.002649528309099 ], [ 91.804839775294781, 21.005265463883894 ], [ 91.803066475106547, 21.007900320268774 ], [ 91.801321168366684, 21.01055380215308 ], [ 91.799604050686497, 21.013225612138637 ], [ 91.797915314517894, 21.01591545077309 ], [ 91.796255149131824, 21.018623016583454 ], [ 91.794623740597089, 21.021348006109918 ], [ 91.793021271759443, 21.024090113939838 ], [ 91.791447922221124, 21.026849032741982 ], [ 91.789903868320749, 21.029624453300972 ], [ 91.788389283113489, 21.032416064551935 ], [ 91.786904336351725, 21.035223553615367 ], [ 91.785449194466025, 21.038046605832211 ], [ 91.784024020546454, 21.04088490479911 ], [ 91.782628974324297, 21.043738132403881 ], [ 91.781264212154213, 21.046605968861151 ], [ 91.779929886996641, 21.049488092748216 ], [ 91.77862614840069, 21.052384181041067 ], [ 91.777353142487385, 21.055293909150571 ], [ 91.776111011933267, 21.058216950958872 ], [ 91.774899895954434, 21.061152978855937 ], [ 91.773719930290881, 21.06410166377627 ], [ 91.772571247191365, 21.067062675235793 ], [ 91.771453975398515, 21.070035681368893 ], [ 91.770368240134445, 21.07302034896561 ], [ 91.76931416308669, 21.076016343508986 ], [ 91.768291862394577, 21.079023329212554 ], [ 91.767301452636019, 21.082040969057978 ], [ 91.76634304481459, 21.085068924832818 ], [ 91.765416746347199, 21.088106857168444 ], [ 91.764522661051927, 21.091154425578065 ], [ 91.760439661051947, 21.105349425578062 ], [ 91.759579409485696, 21.108400784339938 ], [ 91.758751451279863, 21.111461063454705 ], [ 91.757955878897334, 21.114529921163214 ], [ 91.757192781184301, 21.117607014748284 ], [ 91.756462243360346, 21.120692000572994 ], [ 91.755764347008835, 21.12378453411905 ], [ 91.75509917006795, 21.126884270025254 ], [ 91.754466786821851, 21.129990862126085 ], [ 91.753867267892431, 21.133103963490349 ], [ 91.753300680231476, 21.136223226459922 ], [ 91.752767087113114, 21.139348302688585 ], [ 91.752266548126798, 21.142478843180907 ], [ 91.751799119170613, 21.145614498331245 ], [ 91.751364852445064, 21.148754917962759 ], [ 91.750963796447266, 21.151899751366539 ], [ 91.75059599596544, 21.15504864734076 ], [ 91.750261492074031, 21.158201254229915 ], [ 91.749960322129013, 21.161357219964064 ], [ 91.749692519763798, 21.164516192098176 ], [ 91.749458114885414, 21.16767781785147 ], [ 91.749257133671236, 21.170841744146827 ], [ 91.749089598566002, 21.174007617650211 ], [ 91.748955528279325, 21.177175084810123 ], [ 91.748854937783605, 21.180343791897105 ], [ 91.748109897177329, 21.208504636190202 ], [ 91.746151831215798, 21.209677593945173 ], [ 91.743468024334646, 21.211323816211969 ], [ 91.740801641958228, 21.212998113721287 ], [ 91.738152977769801, 21.214700302061029 ], [ 91.735522323501101, 21.216430193747115 ], [ 91.732909968900202, 21.218187598244146 ], [ 91.730316201699594, 21.219972321986372 ], [ 91.727741307584495, 21.221784168399019 ], [ 91.725185570161386, 21.223622937919952 ], [ 91.722649270926766, 21.225488428021634 ], [ 91.720132689236152, 21.227380433233453 ], [ 91.717636102273346, 21.229298745164332 ], [ 91.715159785019836, 21.231243152525707 ], [ 91.712704010224556, 21.233213441154778 ], [ 91.710269048373817, 21.235209394038108 ], [ 91.707855167661563, 21.23723079133552 ], [ 91.705462633959755, 21.23927741040432 ], [ 91.703091710789195, 21.241349025823808 ], [ 91.700742659290356, 21.243445409420112 ], [ 91.698415738194768, 21.245566330291322 ], [ 91.69611120379642, 21.247711554832915 ], [ 91.693829309923586, 21.249880846763492 ], [ 91.691570307910794, 21.25207396715081 ], [ 91.689334446571266, 21.254290674438071 ], [ 91.687121972169393, 21.256530724470558 ], [ 91.684933128393666, 21.25879387052251 ], [ 91.682768156329828, 21.261079863324309 ], [ 91.681983346016793, 21.261926159617797 ], [ 91.67977565118764, 21.263691062913615 ], [ 91.677331511546512, 21.265687490342579 ], [ 91.674908508429482, 21.267709518274941 ], [ 91.67250690996984, 21.26975692294992 ], [ 91.67012698193227, 21.271829477798505 ], [ 91.667768987683317, 21.273926953468528 ], [ 91.665433188162339, 21.276049117850047 ], [ 91.663119841852549, 21.278195736101022 ], [ 91.660829204752488, 21.280366570673316 ], [ 91.658561530347654, 21.282561381338969 ], [ 91.656317069582428, 21.284779925216796 ], [ 91.654096070832395, 21.287021956799251 ], [ 91.651898779876717, 21.289287227979603 ], [ 91.649725439871077, 21.291575488079403 ], [ 91.647576291320689, 21.293886483876189 ], [ 91.645451572053688, 21.296219959631554 ], [ 91.643351517194844, 21.298575657119404 ], [ 91.641276359139525, 21.300953315654574 ], [ 91.619999359139527, 21.325592315654578 ], [ 91.617957948640338, 21.327981474306391 ], [ 91.615941676398037, 21.330391885502561 ], [ 91.613950763652241, 21.332823284755733 ], [ 91.611985428859967, 21.33527540527561 ], [ 91.610045887671646, 21.337747977998198 ], [ 91.608132352907418, 21.340240731615346 ], [ 91.606245034533856, 21.342753392604521 ], [ 91.604384139640857, 21.345285685258801 ], [ 91.602549872418962, 21.347837331717148 ], [ 91.600742434136933, 21.350408051994883 ], [ 91.598962023119654, 21.352997564014409 ], [ 91.597208834726416, 21.35560558363618 ], [ 91.595483061329446, 21.358231824689849 ], [ 91.59378489229276, 21.360875999005696 ], [ 91.5921145139515, 21.363537816446229 ], [ 91.59047210959136, 21.366216984938035 ], [ 91.588857859428543, 21.36891321050382 ], [ 91.58727194059, 21.371626197294656 ], [ 91.585714527093941, 21.374355647622473 ], [ 91.584185789830798, 21.377101261992692 ], [ 91.58268589654439, 21.379862739137103 ], [ 91.581215011813626, 21.382639776046929 ], [ 91.579773297034379, 21.385432068006054 ], [ 91.57836091040177, 21.388239308624478 ], [ 91.576978006892844, 21.391061189871927 ], [ 91.57562473824953, 21.393897402111648 ], [ 91.574301252962044, 21.3967476341344 ], [ 91.573007696252532, 21.399611573192583 ], [ 91.571744210059194, 21.402488905034573 ], [ 91.570510933020628, 21.405379313939186 ], [ 91.569308000460737, 21.408282482750341 ], [ 91.56813554437376, 21.411198092911835 ], [ 91.56699369340987, 21.414125824502332 ], [ 91.565882572861028, 21.417065356270427 ], [ 91.56480230464723, 21.42001636566993 ], [ 91.56375300730312, 21.422978528895239 ], [ 91.562734795965042, 21.425951520916872 ], [ 91.561747782358324, 21.428935015517144 ], [ 91.56079207478507, 21.431928685325946 ], [ 91.559867778112263, 21.434932201856675 ], [ 91.558974993760287, 21.437945235542276 ], [ 91.558113819691727, 21.440967455771403 ], [ 91.557284350400693, 21.443998530924702 ], [ 91.556486676902423, 21.44703812841119 ], [ 91.555720886723279, 21.450085914704754 ], [ 91.554987063891176, 21.45314155538075 ], [ 91.554285288926351, 21.45620471515269 ], [ 91.553615638832483, 21.459275057909046 ], [ 91.552978187088343, 21.462352246750115 ], [ 91.552373003639616, 21.465435944024993 ], [ 91.551800154891311, 21.468525811368629 ], [ 91.551259703700453, 21.471621509738949 ], [ 91.550751709369138, 21.474722699454055 ], [ 91.550276227638136, 21.477829040229498 ], [ 91.549833310680626, 21.480940191215623 ], [ 91.549423007096593, 21.48405581103496 ], [ 91.54904536190746, 21.487175557819686 ], [ 91.548700416551114, 21.490299089249149 ], [ 91.548388208877384, 21.49342606258741 ], [ 91.548108773143923, 21.496556134720855 ], [ 91.547862140012398, 21.499688962195858 ], [ 91.547648336545123, 21.502824201256455 ], [ 91.547467386202115, 21.505961507882063 ], [ 91.547319308838553, 21.50910053782523 ], [ 91.547204120702517, 21.512240946649413 ], [ 91.547121834433256, 21.515382389766774 ], [ 91.547072459059805, 21.518524522475971 ], [ 91.547056, 21.521667 ], [ 91.547056, 21.523333 ], [ 91.547072362327796, 21.526466229796192 ], [ 91.547121447526365, 21.529599117812833 ], [ 91.547203250241381, 21.532731322307647 ], [ 91.547317761549621, 21.535862501612925 ], [ 91.547464968959943, 21.538992314172788 ], [ 91.547644856414649, 21.542120418580438 ], [ 91.547857404291207, 21.545246473615414 ], [ 91.548102589404451, 21.548370138280795 ], [ 91.548380385009025, 21.551491071840424 ], [ 91.548690760802415, 21.554608933856034 ], [ 91.549033682928112, 21.557723384224435 ], [ 91.549409113979436, 21.560834083214569 ], [ 91.549817013003562, 21.563940691504595 ], [ 91.550257335505947, 21.567042870218884 ], [ 91.550730033455281, 21.570140280965013 ], [ 91.551235055288601, 21.573232585870642 ], [ 91.551772345917058, 21.576319447620396 ], [ 91.552341846731792, 21.579400529492652 ], [ 91.552943495610421, 21.58247549539626 ], [ 91.553577226923778, 21.585544009907228 ], [ 91.554242971543047, 21.588605738305276 ], [ 91.55494065684735, 21.591660346610389 ], [ 91.555670206731676, 21.594707501619215 ], [ 91.556431541615098, 21.597746870941428 ], [ 91.557224578449564, 21.600778123035976 ], [ 91.558049230728869, 21.60380092724726 ], [ 91.558905408498163, 21.606814953841187 ], [ 91.559611869706217, 21.609206612200374 ], [ 91.559401563160293, 21.610186064343896 ], [ 91.558811699064591, 21.611597747518282 ], [ 91.5576283958343, 21.6145153727308 ], [ 91.556475777347529, 21.617445255670351 ], [ 91.555353970555487, 21.620387073634955 ], [ 91.55426309901577, 21.623340502608094 ], [ 91.553203282878712, 21.626305217294398 ], [ 91.552174638874163, 21.629280891155464 ], [ 91.551177280298589, 21.632267196445827 ], [ 91.550211317002663, 21.635263804249071 ], [ 91.549276855379119, 21.638270384514037 ], [ 91.548373998351053, 21.641286606091178 ], [ 91.547502845360583, 21.644312136769045 ], [ 91.546663492357879, 21.647346643310872 ], [ 91.54585603179062, 21.650389791491271 ], [ 91.545080552593788, 21.653441246133049 ], [ 91.54433714017992, 21.65650067114413 ], [ 91.54362587642963, 21.659567729554574 ], [ 91.542946839682656, 21.662642083553674 ], [ 91.542300104729165, 21.665723394527184 ], [ 91.541685742801576, 21.668811323094602 ], [ 91.541103821566708, 21.671905529146553 ], [ 91.540554405118286, 21.675005671882257 ], [ 91.540037553969924, 21.678111409847052 ], [ 91.539553325048402, 21.681222400970007 ], [ 91.539101771687484, 21.684338302601603 ], [ 91.538682943621978, 21.687458771551469 ], [ 91.535349943621981, 21.713319771551465 ], [ 91.534950284461928, 21.716559710393327 ], [ 91.534585904328267, 21.719803806301496 ], [ 91.534256846367398, 21.723051675141459 ], [ 91.533963149543183, 21.72630293233194 ], [ 91.533704848632354, 21.72955719289045 ], [ 91.533481974220408, 21.732814071478874 ], [ 91.533294552697996, 21.736073182449083 ], [ 91.533142606257755, 21.739334139888626 ], [ 91.533026152891736, 21.742596557666406 ], [ 91.532945206389186, 21.745860049478395 ], [ 91.532899776335043, 21.749124228893411 ], [ 91.532889868108683, 21.752388709398829 ], [ 91.532917868108683, 21.764027709398835 ], [ 91.532941845925947, 21.767166950433552 ], [ 91.532998672386498, 21.770305768676639 ], [ 91.5330883412676, 21.773443820413231 ], [ 91.53321084275008, 21.77658076201239 ], [ 91.533366163419473, 21.779716249964753 ], [ 91.53355428626746, 21.782849940920133 ], [ 91.533775190693731, 21.785981491725121 ], [ 91.534028852508257, 21.789110559460664 ], [ 91.534315243933918, 21.792236801479618 ], [ 91.534634333609532, 21.795359875444266 ], [ 91.534986086593349, 21.798479439363813 ], [ 91.535370464366807, 21.801595151631822 ], [ 91.535787424838787, 21.804706671063638 ], [ 91.536236922350227, 21.807813656933732 ], [ 91.536718907679116, 21.810915769013025 ], [ 91.537233328045858, 21.814012667606143 ], [ 91.537780127119092, 21.817104013588605 ], [ 91.538359245021823, 21.820189468443967 ], [ 91.538970618337999, 21.823268694300904 ], [ 91.539614180119486, 21.826341353970175 ], [ 91.540289859893335, 21.829407110981581 ], [ 91.540805114910356, 21.831633851309494 ], [ 91.540712291262082, 21.832651062479407 ], [ 91.5404573246539, 21.835814595817521 ], [ 91.540235839827474, 21.838980649453248 ], [ 91.540047861571779, 21.842148869036553 ], [ 91.539893410925643, 21.845318899974973 ], [ 91.539772505175449, 21.848490387473326 ], [ 91.539685157853157, 21.851662976573405 ], [ 91.539631378734839, 21.854836312193708 ], [ 91.539611173839532, 21.85801003916918 ], [ 91.539624545428623, 21.861183802290974 ], [ 91.539671492005525, 21.864357246346184 ], [ 91.539752008315901, 21.867530016157627 ], [ 91.539866085348237, 21.870701756623575 ], [ 91.540013710334833, 21.87387211275751 ], [ 91.540791710334844, 21.888872112757515 ], [ 91.540969529592459, 21.891987241900193 ], [ 91.541179738216158, 21.895100353141132 ], [ 91.541305556411899, 21.896713830935827 ], [ 91.541261899716645, 21.89979998046816 ], [ 91.541250369537124, 21.902942873801408 ], [ 91.541271765688549, 21.906085715454108 ], [ 91.54132608582259, 21.909228160485014 ], [ 91.541413323977352, 21.912369863996418 ], [ 91.541533470578074, 21.915510481172003 ], [ 91.541686512438091, 21.918649667314668 ], [ 91.541872432760371, 21.921787077884389 ], [ 91.542091211139308, 21.924922368536009 ], [ 91.542342823562976, 21.928055195157047 ], [ 91.542627242415762, 21.931185213905461 ], [ 91.542944436481378, 21.934312081247381 ], [ 91.543294370946356, 21.937435453994819 ], [ 91.543677007403772, 21.940554989343344 ], [ 91.544092303857525, 21.943670344909684 ], [ 91.544540214726936, 21.946781178769324 ], [ 91.545020690851743, 21.949887149494032 ], [ 91.545533679497467, 21.952987916189311 ], [ 91.546079124361299, 21.956083138531852 ], [ 91.546656965578151, 21.959172476806845 ], [ 91.547267139727296, 21.962255591945294 ], [ 91.547909579839356, 21.965332145561216 ], [ 91.548584215403579, 21.96840179998879 ], [ 91.54929097237563, 21.971464218319404 ], [ 91.550029773185699, 21.974519064438653 ], [ 91.550800536747019, 21.977566003063199 ], [ 91.551603178464774, 21.980604699777608 ], [ 91.552437610245349, 21.983634821071021 ], [ 91.553303740506053, 21.986656034373773 ], [ 91.554201474185135, 21.98966800809389 ], [ 91.555130712752202, 21.992670411653489 ], [ 91.556091354219092, 21.995662915525052 ], [ 91.55708329315101, 21.998645191267602 ], [ 91.558106420678101, 22.001616911562738 ], [ 91.558316929388454, 22.002208146688606 ], [ 91.558092186531027, 22.002670709078345 ], [ 91.556749734685525, 22.005508911244576 ], [ 91.555437059407168, 22.008361007334734 ], [ 91.554154304471368, 22.011226684962903 ], [ 91.552901610376395, 22.0141056302556 ], [ 91.55167911432801, 22.016997527886151 ], [ 91.550486950224425, 22.019902061109239 ], [ 91.549325248641622, 22.022818911795579 ], [ 91.548194136819063, 22.025747760466778 ], [ 91.547093738645799, 22.028688286330322 ], [ 91.546024174646831, 22.031640167314713 ], [ 91.544985561969924, 22.034603080104734 ], [ 91.543978014372811, 22.037576700176881 ], [ 91.543001642210726, 22.040560701834892 ], [ 91.54205655242427, 22.043554758245421 ], [ 91.538072833732897, 22.056409173502168 ], [ 91.536542261785783, 22.056277620504396 ], [ 91.53341014861266, 22.05604142189005 ], [ 91.530275734141981, 22.055838029066805 ], [ 91.527139361972516, 22.055667464330856 ], [ 91.524001375917649, 22.05552974637974 ], [ 91.520862119967688, 22.055424890310295 ], [ 91.51772193825218, 22.055352907616975 ], [ 91.514581175002107, 22.055313806190629 ], [ 91.511440174512202, 22.055307590317607 ], [ 91.508299281103263, 22.055334260679299 ], [ 91.50515883908426, 22.055393814352069 ], [ 91.502019192714769, 22.055486244807554 ], [ 91.498880686167084, 22.055611541913407 ], [ 91.495743663488582, 22.05576969193439 ], [ 91.492608468563958, 22.055960677533879 ], [ 91.489475445077559, 22.056184477775773 ], [ 91.478614445077554, 22.057017477775773 ], [ 91.475474931666881, 22.057274853815478 ], [ 91.472338293777142, 22.057565180579957 ], [ 91.469204877232627, 22.057888426059748 ], [ 91.466075027502541, 22.058244554616014 ], [ 91.462949089662757, 22.05863352698444 ], [ 91.459827408357896, 22.059055300279592 ], [ 91.45671032776329, 22.059509827999612 ], [ 91.453598191546988, 22.059997060031371 ], [ 91.450491342831938, 22.060516942655987 ], [ 91.447390124158119, 22.061069418554741 ], [ 91.444294877444761, 22.061654426815405 ], [ 91.441205943952696, 22.062271902938953 ], [ 91.438123664246675, 22.062921778846675 ], [ 91.435048378157873, 22.063603982887685 ], [ 91.431980424746371, 22.064318439846804 ], [ 91.430228168345209, 22.064745945850706 ], [ 91.429329416415868, 22.062902152041335 ], [ 91.427906542985198, 22.060059974562151 ], [ 91.426453637443601, 22.057233031494086 ], [ 91.424970862880386, 22.054421640162811 ], [ 91.423458385737689, 22.051626116148302 ], [ 91.421916375791753, 22.048846773249419 ], [ 91.420345006133928, 22.046083923448695 ], [ 91.418744453151191, 22.043337876877292 ], [ 91.41711489650632, 22.04060894178021 ], [ 91.415456519117839, 22.037897424481677 ], [ 91.413769507139349, 22.035203629350761 ], [ 91.412054049938746, 22.03252785876721 ], [ 91.41031034007689, 22.029870413087512 ], [ 91.408538573286009, 22.027231590611176 ], [ 91.406738948447753, 22.024611687547242 ], [ 91.404911667570829, 22.022010997981038 ], [ 91.403056935768376, 22.019429813841178 ], [ 91.401174961234901, 22.016868424866768 ], [ 91.399265955222901, 22.014327118574911 ], [ 91.397330132019192, 22.011806180228408 ], [ 91.395367708920816, 22.009305892803759 ], [ 91.393378906210671, 22.00682653695938 ], [ 91.391363947132803, 22.004368391004117 ], [ 91.389323057867273, 22.001931730865984 ], [ 91.387256467504869, 21.999516830061211 ], [ 91.360201467504865, 21.96823883006121 ], [ 91.358134321487341, 21.965874156119654 ], [ 91.356042532348496, 21.963531253282095 ], [ 91.353926329366431, 21.961210378350874 ], [ 91.351785944495234, 21.958911785713884 ], [ 91.349621612339547, 21.956635727316684 ], [ 91.3474335701288, 21.954382452634881 ], [ 91.345222057691274, 21.952152208646801 ], [ 91.342987317427813, 21.949945239806404 ], [ 91.340729594285179, 21.947761788016486 ], [ 91.338449135729306, 21.945602092602183 ], [ 91.336146191718086, 21.943466390284719 ], [ 91.333821014674029, 21.941354915155472 ], [ 91.331473859456565, 21.939267898650307 ], [ 91.329104983334148, 21.93720556952422 ], [ 91.326714645956017, 21.935168153826254 ], [ 91.324303109323722, 21.933155874874725 ], [ 91.321870637762473, 21.931168953232746 ], [ 91.319417497892118, 21.929207606684045 ], [ 91.316943958597903, 21.927272050209108 ], [ 91.31445029100108, 21.925362495961604 ], [ 91.311936768429078, 21.923479153245129 ], [ 91.309403666385634, 21.921622228490278 ], [ 91.306851262520581, 21.919791925231998 ], [ 91.304279836599349, 21.917988444087303 ], [ 91.301689670472385, 21.916211982733266 ], [ 91.299081048044215, 21.914462735885358 ], [ 91.296454255242338, 21.912740895276105 ], [ 91.29380957998589, 21.911046649634077 ], [ 91.291147312154038, 21.909380184663192 ], [ 91.288467743554307, 21.907741683022373 ], [ 91.287006243626436, 21.906868894922962 ], [ 91.286160429937027, 21.905300489955017 ], [ 91.284636005075427, 21.902543426103549 ], [ 91.28308271145616, 21.899802522753912 ], [ 91.281500720377693, 21.897078082175131 ], [ 91.27989020630325, 21.894370404820691 ], [ 91.278251346841628, 21.891679789295434 ], [ 91.276584322727572, 21.889006532322593 ], [ 91.274889317801822, 21.886350928711096 ], [ 91.273166518990905, 21.883713271323039 ], [ 91.271416116286431, 21.881093851041399 ], [ 91.269638302724232, 21.878492956737944 ], [ 91.267833274362999, 21.875910875241384 ], [ 91.266001230262731, 21.873347891305745 ], [ 91.2641423724627, 21.870804287578945 ], [ 91.262256905959262, 21.868280344571652 ], [ 91.260345038683141, 21.865776340626319 ], [ 91.258406981476625, 21.86329255188652 ], [ 91.256442948070216, 21.860829252266463 ], [ 91.254453155059068, 21.85838671342081 ], [ 91.252437821879184, 21.855965204714707 ], [ 91.250397170783103, 21.853564993194077 ], [ 91.248331426815469, 21.851186343556172 ], [ 91.246240817788191, 21.848829518120386 ], [ 91.244125574255321, 21.846494776799318 ], [ 91.241985929487583, 21.844182377070112 ], [ 91.239822119446757, 21.841892573946069 ], [ 91.237634382759509, 21.839625619948517 ], [ 91.235422960691238, 21.837381765078959 ], [ 91.233188097119324, 21.835161256791515 ], [ 91.230930038506315, 21.832964339965617 ], [ 91.230054009631658, 21.83212975878903 ], [ 91.229159665748583, 21.831204080103685 ], [ 91.226956876412757, 21.828971305901497 ], [ 91.224730864214848, 21.826761683492403 ], [ 91.222481872471874, 21.824575454401916 ], [ 91.220210147012679, 21.822412857598518 ], [ 91.21791593615103, 21.820274129467531 ], [ 91.215599490658477, 21.818159503785282 ], [ 91.213261063736965, 21.816069211693552 ], [ 91.210900910991143, 21.814003481674305 ], [ 91.198872910991156, 21.803586481674305 ], [ 91.1965295185027, 21.801577959735692 ], [ 91.194165586861402, 21.799593652317938 ], [ 91.19178136626708, 21.797633769441219 ], [ 91.189377109066925, 21.795698518540597 ], [ 91.18695306972883, 21.793788104444076 ], [ 91.184509504814415, 21.791902729350923 ], [ 91.182046672951913, 21.790042592810252 ], [ 91.179564834808801, 21.788207891699926 ], [ 91.17706425306416, 21.786398820205701 ], [ 91.174545192380918, 21.784615569800685 ], [ 91.172007919377819, 21.782858329225068 ], [ 91.169452702601205, 21.781127284466145 ], [ 91.166879812496617, 21.779422618738625 ], [ 91.164289521380141, 21.777744512465254 ], [ 91.161682103409575, 21.776093143257711 ], [ 91.159057834555455, 21.774468685897805 ], [ 91.15641699257182, 21.772871312318983 ], [ 91.153759856966815, 21.77130119158813 ], [ 91.151086708973097, 21.769758489887675 ], [ 91.148397831518125, 21.768243370497999 ], [ 91.145693509194118, 21.766755993780162 ], [ 91.142974028228039, 21.765296517158916 ], [ 91.130502028228022, 21.758685517158916 ], [ 91.127709932374458, 21.75722425166521 ], [ 91.124902640847878, 21.755792396091717 ], [ 91.122080463420289, 21.754390108437281 ], [ 91.119243711506314, 21.753017543438045 ], [ 91.116392698128791, 21.751674852550398 ], [ 91.113527737884255, 21.750362183934257 ], [ 91.110649146908216, 21.749079682436708 ], [ 91.10775724284025, 21.747827489576039 ], [ 91.104852344789023, 21.746605743526114 ], [ 91.101934773296975, 21.745414579101126 ], [ 91.099004850305036, 21.744254127740717 ], [ 91.096062899117058, 21.743124517495495 ], [ 91.093109244364143, 21.742025873012881 ], [ 91.090144211968848, 21.740958315523358 ], [ 91.087168129109187, 21.739921962827104 ], [ 91.084181324182552, 21.738916929280993 ], [ 91.081184126769472, 21.737943325785963 ], [ 91.078176867597207, 21.737001259774789 ], [ 91.075159878503314, 21.736090835200233 ], [ 91.072133492399018, 21.735212152523559 ], [ 91.069098043232444, 21.734365308703453 ], [ 91.066053865951758, 21.733550397185333 ], [ 91.063001296468286, 21.732767507891026 ], [ 91.059940671619358, 21.732016727208855 ], [ 91.056872329131195, 21.731298137984098 ], [ 91.053796607581631, 21.730611819509853 ], [ 91.050713846362726, 21.729957847518278 ], [ 91.047624385643346, 21.729336294172253 ], [ 91.044528566331607, 21.728747228057397 ], [ 91.041426730037287, 21.728190714174513 ], [ 91.038319219034108, 21.727666813932412 ], [ 91.03520637622195, 21.727175585141133 ], [ 91.032088545089053, 21.726717082005571 ], [ 91.028966069674098, 21.726291355119482 ], [ 91.025839294528225, 21.725898451459926 ], [ 91.022708564677032, 21.725538414382054 ], [ 91.019574225582517, 21.725211283614346 ], [ 91.016436623104937, 21.724917095254209 ], [ 91.01329610346464, 21.724655881764008 ], [ 91.010153013203862, 21.724427671967483 ], [ 91.007007699148531, 21.724232491046561 ], [ 91.003860508369925, 21.72407036053858 ], [ 91.000711788146418, 21.723941298333912 ], [ 90.997561885925165, 21.723845318673991 ], [ 90.996217912192193, 21.723818493887801 ], [ 90.995420961648534, 21.722733734175133 ], [ 90.993544873023794, 21.720235083073423 ], [ 90.991642862436763, 21.717756107159314 ], [ 90.989715136212595, 21.715297075345664 ], [ 90.987761903466009, 21.712858254381846 ], [ 90.985783376078601, 21.71043990882481 ], [ 90.983779768675902, 21.708042301010398 ], [ 90.981751298603996, 21.705665691024862 ], [ 90.979698185906074, 21.703310336676672 ], [ 90.977620653298445, 21.700976493468541 ], [ 90.975518926146435, 21.698664414569709 ], [ 90.96674192614644, 21.68910941456971 ], [ 90.964604370289422, 21.686806704852145 ], [ 90.962442815613187, 21.684526507828455 ], [ 90.960257499207046, 21.682269073601219 ], [ 90.958048660766664, 21.680034649776278 ], [ 90.955816542567632, 21.677823481435599 ], [ 90.953561389439059, 21.675635811110368 ], [ 90.951283448736575, 21.673471878754405 ], [ 90.948982970315271, 21.671331921717844 ], [ 90.946660206502287, 21.669216174721083 ], [ 90.944315412069116, 21.66712486982906 ], [ 90.941948844203679, 21.665058236425793 ], [ 90.939560762482103, 21.663016501189201 ], [ 90.937151428840281, 21.660999888066275 ], [ 90.934721107545059, 21.659008618248482 ], [ 90.932270065165369, 21.657042910147528 ], [ 90.929798570542872, 21.655102979371385 ], [ 90.92730689476258, 21.653189038700653 ], [ 90.92479531112302, 21.65130129806521 ], [ 90.922264095106314, 21.6494399645212 ], [ 90.919713524347998, 21.647605242228316 ], [ 90.917143878606467, 21.645797332427392 ], [ 90.914555439732382, 21.644016433418365 ], [ 90.91194849163773, 21.642262740538481 ], [ 90.909323320264619, 21.64053644614091 ], [ 90.906680213554054, 21.638837739573617 ], [ 90.904019461414208, 21.637166807158611 ], [ 90.9013413556887, 21.635523832171504 ], [ 90.898646190124595, 21.633908994821407 ], [ 90.895934260340141, 21.632322472231163 ], [ 90.893205863792332, 21.630764438417923 ], [ 90.890461299744388, 21.629235064274056 ], [ 90.887700869232788, 21.627734517548404 ], [ 90.884924875034358, 21.626262962827887 ], [ 90.882133621632988, 21.624820561519449 ], [ 90.87932741518631, 21.623407471832344 ], [ 90.876506563492029, 21.622023848760804 ], [ 90.873671375954231, 21.620669844067017 ], [ 90.870822163549448, 21.619345606264488 ], [ 90.867959238792494, 21.618051280601765 ], [ 90.865082915702203, 21.61678700904648 ], [ 90.862193509767039, 21.615552930269793 ], [ 90.859291337910435, 21.614349179631187 ], [ 90.856376718456048, 21.613175889163614 ], [ 90.853449971092829, 21.612033187559003 ], [ 90.850511416840021, 21.610921200154166 ], [ 90.847561378011861, 21.609840048917032 ], [ 90.844600178182276, 21.608789852433283 ], [ 90.841628142149389, 21.607770725893332 ], [ 90.838645595899877, 21.606782781079705 ], [ 90.835652866573255, 21.605826126354764 ], [ 90.832650282425917, 21.60490086664883 ], [ 90.829638172795228, 21.604007103448684 ], [ 90.826616868063326, 21.60314493478641 ], [ 90.823586699620918, 21.602314455228662 ], [ 90.820547999830907, 21.601515755866291 ], [ 90.817501101991994, 21.600748924304337 ], [ 90.814446340302027, 21.600014044652447 ], [ 90.811384049821442, 21.599311197515625 ], [ 90.808314566436451, 21.5986404599854 ], [ 90.805238226822212, 21.598001905631371 ], [ 90.802155368405892, 21.597395604493144 ], [ 90.799066329329719, 21.596821623072636 ], [ 90.795971448413809, 21.596280024326784 ], [ 90.792871065119016, 21.595770867660658 ], [ 90.789765519509785, 21.595294208920912 ], [ 90.786655152216724, 21.594850100389689 ], [ 90.783540304399352, 21.594438590778871 ], [ 90.780421317708601, 21.594059725224739 ], [ 90.777298534249368, 21.593713545283023 ], [ 90.774172296543057, 21.593400088924341 ], [ 90.771042947489875, 21.593119390530042 ], [ 90.767910830331331, 21.592871480888427 ], [ 90.756243830331329, 21.592009480888422 ], [ 90.75310670605117, 21.591794223568623 ], [ 90.749967497876725, 21.591611859919905 ], [ 90.746826550698287, 21.591462409977726 ], [ 90.743684209597248, 21.591345890161456 ], [ 90.740540819808089, 21.591262313272594 ], [ 90.737396726680558, 21.591211688493342 ], [ 90.734252275641623, 21.591194021385615 ], [ 90.731107812157632, 21.591209313890413 ], [ 90.727963681696252, 21.591257564327623 ], [ 90.724820229688575, 21.591338767396188 ], [ 90.721677801491168, 21.591452914174706 ], [ 90.718536742348107, 21.591599992122394 ], [ 90.715397397353058, 21.591779985080478 ], [ 90.712260111411354, 21.591992873273966 ], [ 90.70912522920213, 21.592238633313809 ], [ 90.705993095140414, 21.592517238199491 ], [ 90.702864053339312, 21.592828657321977 ], [ 90.700391767665025, 21.593100911303754 ], [ 90.698080539132931, 21.591070279899114 ], [ 90.695706118237354, 21.58902765649362 ], [ 90.693310501225241, 21.587009933991062 ], [ 90.690893949223792, 21.58501733232734 ], [ 90.688456725642112, 21.583050068700128 ], [ 90.685999096142595, 21.581108357545212 ], [ 90.683521328611903, 21.579192410513087 ], [ 90.681023693131806, 21.577302436445926 ], [ 90.678506461949681, 21.575438641354783 ], [ 90.675969909448909, 21.573601228397155 ], [ 90.673414312118922, 21.57179039785483 ], [ 90.670839948525099, 21.570006347112056 ], [ 90.665367948525102, 21.566256347112059 ], [ 90.662759270574128, 21.56448866499553 ], [ 90.660132169207174, 21.562748481348692 ], [ 90.657486934278197, 21.561035988169881 ], [ 90.654823857641858, 21.559351374402294 ], [ 90.652143233121336, 21.557694825913124 ], [ 90.649445356475923, 21.55606652547306 ], [ 90.646730525368369, 21.554466652736121 ], [ 90.64399903933203, 21.552895384219834 ], [ 90.641251199737866, 21.551352893285756 ], [ 90.638487309761132, 21.549839350120358 ], [ 90.635707674347998, 21.548354921716228 ], [ 90.632912600181811, 21.546899771853663 ], [ 90.630102395649359, 21.545474061082594 ], [ 90.627277370806766, 21.544077946704871 ], [ 90.624437837345312, 21.542711582756901 ], [ 90.621584108557087, 21.541375119992672 ], [ 90.618716499300319, 21.5400687058671 ], [ 90.615835325964753, 21.538792484519767 ], [ 90.612940906436663, 21.537546596759022 ], [ 90.610033560063798, 21.536331180046439 ], [ 90.607113607620192, 21.535146368481659 ], [ 90.604181371270698, 21.533992292787577 ], [ 90.601237174535484, 21.532869080295942 ], [ 90.598281342254367, 21.531776854933291 ], [ 90.595314200550874, 21.530715737207291 ], [ 90.5923360767964, 21.52968584419342 ], [ 90.589347299573973, 21.528687289522072 ], [ 90.586348198642057, 21.527720183366014 ], [ 90.583339104898116, 21.526784632428221 ], [ 90.580320350342205, 21.52588073993012 ], [ 90.577292268040239, 21.525008605600181 ], [ 90.574255192087278, 21.524168325662931 ], [ 90.571209457570703, 21.523359992828329 ], [ 90.568155400533172, 21.522583696281544 ], [ 90.565093357935638, 21.521839521673098 ], [ 90.562023667620082, 21.521127551109441 ], [ 90.55894666827227, 21.520447863143868 ], [ 90.555862699384406, 21.519800532767874 ], [ 90.55277210121767, 21.519185631402859 ], [ 90.549675214764619, 21.51860322689226 ], [ 90.546572381711684, 21.518053383494074 ], [ 90.543463944401324, 21.517536161873739 ], [ 90.540350245794372, 21.517051619097479 ], [ 90.537231629432128, 21.516599808625973 ], [ 90.534108439398508, 21.516180780308478 ], [ 90.530981020282027, 21.515794580377328 ], [ 90.527849717137798, 21.515441251442816 ], [ 90.524714875449504, 21.515120832488517 ], [ 90.521576841091203, 21.514833358866966 ], [ 90.518435960289224, 21.514578862295767 ], [ 90.496796960289217, 21.512939862295763 ], [ 90.49367392322938, 21.512719697682524 ], [ 90.490548758635626, 21.512532136503459 ], [ 90.487421806867275, 21.512377199185718 ], [ 90.484293408478337, 21.512254902603409 ], [ 90.481163904180335, 21.512165260075765 ], [ 90.478033634805243, 21.512108281365684 ], [ 90.474902941268383, 21.512083972678674 ], [ 90.471772164531259, 21.512092336662178 ], [ 90.468641645564404, 21.512133372405277 ], [ 90.465511725310336, 21.512207075438802 ], [ 90.46238274464632, 21.512313437735813 ], [ 90.45925504434733, 21.512452447712466 ], [ 90.456128965048833, 21.512624090229291 ], [ 90.45300484720984, 21.51282834659283 ], [ 90.449883031075672, 21.513065194557672 ], [ 90.446763856641013, 21.513334608328883 ], [ 90.443647663612808, 21.513636558564812 ], [ 90.440534791373324, 21.513971012380281 ], [ 90.437425578943177, 21.514337933350177 ], [ 90.434320364944341, 21.514737281513405 ], [ 90.431219487563382, 21.51516901337726 ], [ 90.428123284514555, 21.515633081922147 ], [ 90.425032093002997, 21.5161294366067 ], [ 90.421946249688091, 21.516658023373306 ], [ 90.418866090646716, 21.517218784653974 ], [ 90.415791951336729, 21.517811659376605 ], [ 90.412724166560324, 21.51843658297166 ], [ 90.409663070427669, 21.519093487379177 ], [ 90.406608996320443, 21.519782301056182 ], [ 90.40356227685561, 21.520502948984493 ], [ 90.400523243849108, 21.521255352678882 ], [ 90.397492228279731, 21.522039430195623 ], [ 90.394469560253171, 21.522855096141416 ], [ 90.39145556896591, 21.523702261682693 ], [ 90.388450582669506, 21.524580834555287 ], [ 90.385454928634786, 21.525490719074476 ], [ 90.382468933116201, 21.526431816145418 ], [ 90.379492921316285, 21.527404023273935 ], [ 90.376527217350258, 21.528407234577671 ], [ 90.373572144210755, 21.529441340797629 ], [ 90.370628023732564, 21.53050622931007 ], [ 90.367695176557675, 21.531601784138786 ], [ 90.364773922100284, 21.532727885967713 ], [ 90.361864578512012, 21.533884412153938 ], [ 90.358967462647328, 21.535071236741057 ], [ 90.356082890028958, 21.536288230472891 ], [ 90.353211174813552, 21.537535260807559 ], [ 90.350352629757467, 21.538812191931914 ], [ 90.347507566182728, 21.540118884776344 ], [ 90.34627554835383, 21.540700376198572 ], [ 90.344651330612066, 21.540630583709742 ], [ 90.341528937275768, 21.540528976544291 ], [ 90.339522682306068, 21.540484598123896 ], [ 90.33921976680017, 21.540315220029619 ], [ 90.336486724842146, 21.538824031670938 ], [ 90.333738354795045, 21.537361286597569 ], [ 90.330974952663254, 21.535927142349777 ], [ 90.328196816070133, 21.534521753387462 ], [ 90.32540424422595, 21.533145271073533 ], [ 90.322597537895703, 21.531797843657596 ], [ 90.319776999366695, 21.530479616259999 ], [ 90.316942932415955, 21.529190730856186 ], [ 90.314095642277564, 21.527931326261424 ], [ 90.311235435609774, 21.526701538115844 ], [ 90.308362620461978, 21.525501498869829 ], [ 90.305477506241473, 21.524331337769755 ], [ 90.302580403680253, 21.523191180844062 ], [ 90.299671624801434, 21.522081150889694 ], [ 90.296751482885711, 21.521001367458865 ], [ 90.293820292437601, 21.519951946846177 ], [ 90.290878369151542, 21.518933002076118 ], [ 90.287926029877966, 21.517944642890853 ], [ 90.284963592589065, 21.516986975738444 ], [ 90.281991376344649, 21.516060103761351 ], [ 90.279009701257735, 21.515164126785347 ], [ 90.276018888460072, 21.514299141308754 ], [ 90.273019260067528, 21.51346524049206 ], [ 90.270011139145453, 21.51266251414787 ], [ 90.266994849673864, 21.51189104873125 ], [ 90.263970716512532, 21.511150927330409 ], [ 90.260939065366017, 21.510442229657745 ], [ 90.257900222748546, 21.509765032041262 ], [ 90.254854515948949, 21.509119407416357 ], [ 90.251802272995263, 21.508505425317956 ], [ 90.248743822619545, 21.507923151873037 ], [ 90.245679494222344, 21.507372649793485 ], [ 90.242609617837331, 21.50685397836936 ], [ 90.239534524095689, 21.506367193462506 ], [ 90.236454544190508, 21.505912347500523 ], [ 90.233370009841138, 21.505489489471142 ], [ 90.230281253257445, 21.505098664916922 ], [ 90.227188607104054, 21.504739915930376 ], [ 90.224092404464486, 21.504413281149404 ], [ 90.220992978805285, 21.504118795753158 ], [ 90.217890663940182, 21.503856491458244 ], [ 90.214785793993997, 21.503626396515305 ], [ 90.178090793994016, 21.501098396515303 ], [ 90.174973125703787, 21.500899917395806 ], [ 90.171853559659638, 21.500733913706178 ], [ 90.168732434135165, 21.500600403447216 ], [ 90.165610087573057, 21.500499401096246 ], [ 90.162486858548419, 21.500430917605577 ], [ 90.159363085732068, 21.500394960401287 ], [ 90.156239107853722, 21.500391533382437 ], [ 90.153115263665413, 21.500420636920641 ], [ 90.149991891904634, 21.500482267860018 ], [ 90.146869331257633, 21.500576419517561 ], [ 90.143747920322738, 21.50070308168382 ], [ 90.140627997573617, 21.500862240624048 ], [ 90.137509901322517, 21.501053879079667 ], [ 90.134393969683671, 21.501277976270153 ], [ 90.131280540536551, 21.501534507895272 ], [ 90.128169951489312, 21.501823446137742 ], [ 90.125062539842105, 21.502144759666219 ], [ 90.121958642550553, 21.502498413638719 ], [ 90.118858596189185, 21.502884369706383 ], [ 90.115762736914959, 21.503302586017632 ], [ 90.112671400430798, 21.503753017222724 ], [ 90.109584921949207, 21.504235614478652 ], [ 90.106503636155878, 21.504750325454445 ], [ 90.103427877173445, 21.505297094336854 ], [ 90.100357978525238, 21.505875861836387 ], [ 90.097294273099109, 21.506486565193754 ], [ 90.094237093111346, 21.507129138186656 ], [ 90.091186770070635, 21.507803511136984 ], [ 90.088143634742153, 21.50850961091836 ], [ 90.085108017111608, 21.509247360964071 ], [ 90.082080246349577, 21.510016681275378 ], [ 90.07906065077573, 21.510817488430185 ], [ 90.076049557823254, 21.511649695592077 ], [ 90.073047294003331, 21.51251321251975 ], [ 90.038853294003317, 21.522541212519748 ], [ 90.035790483163495, 21.523457186789535 ], [ 90.032737606841408, 21.524405746363559 ], [ 90.029695011701975, 21.525386783529513 ], [ 90.026663043242678, 21.526400186887145 ], [ 90.023642045754272, 21.527445841360915 ], [ 90.020632362281745, 21.528523628213051 ], [ 90.017634334585324, 21.529633425057035 ], [ 90.014648303101666, 21.530775105871495 ], [ 90.01167460690526, 21.531948541014529 ], [ 90.008713583669831, 21.533153597238421 ], [ 90.005765569630086, 21.534390137704758 ], [ 90.002830899543454, 21.535658021999986 ], [ 89.989524899543454, 21.541491021999988 ], [ 89.986641805609437, 21.542773011659872 ], [ 89.983772354363026, 21.54408525312579 ], [ 89.980916863220628, 21.545427601238639 ], [ 89.978075648054386, 21.546799907508941 ], [ 89.975249023157261, 21.548202020133278 ], [ 89.972437301208231, 21.549633784011068 ], [ 89.96964079323773, 21.551095040761734 ], [ 89.966859808593256, 21.552585628742222 ], [ 89.964094654905097, 21.554105383064879 ], [ 89.961345638052336, 21.555654135615697 ], [ 89.958613062129032, 21.557231715072902 ], [ 89.955897229410567, 21.558837946925919 ], [ 89.953198440320151, 21.560472653494664 ], [ 89.950516993395709, 21.562135653949198 ], [ 89.947853185256747, 21.563826764329743 ], [ 89.94520731057159, 21.565545797567015 ], [ 89.942579662024784, 21.567292563502932 ], [ 89.941535630805689, 21.568002543076009 ], [ 89.941019988314096, 21.567783009071722 ], [ 89.938128215177741, 21.566587315778534 ], [ 89.935224127555614, 21.565421850460947 ], [ 89.932308041413549, 21.564286739922032 ], [ 89.929380274022833, 21.563182107662247 ], [ 89.926441143925672, 21.562108073866 ], [ 89.923490970900545, 21.561064755388585 ], [ 89.922398016186975, 21.560684637078595 ], [ 89.920947304941052, 21.559080901594189 ], [ 89.918806425506077, 21.556763652207092 ], [ 89.916641296290564, 21.554469044406769 ], [ 89.914452156734001, 21.552197331951593 ], [ 89.912239248931115, 21.54994876606796 ], [ 89.910002817605147, 21.547723595422504 ], [ 89.907743110080801, 21.545522066094613 ], [ 89.905460376256855, 21.5433444215492 ], [ 89.903154868578554, 21.541190902609785 ], [ 89.900826842009664, 21.539061747431859 ], [ 89.898476554004304, 21.536957191476557 ], [ 89.896104264478467, 21.534877467484602 ], [ 89.893710235781256, 21.532822805450579 ], [ 89.891294732665898, 21.530793432597491 ], [ 89.88885802226045, 21.528789573351649 ], [ 89.886400374038274, 21.52681144931783 ], [ 89.883922059788219, 21.524859279254773 ], [ 89.881423353584552, 21.522933279051013 ], [ 89.878904531756689, 21.521033661700969 ], [ 89.876365872858585, 21.519160637281413 ], [ 89.873807657637997, 21.517314412928233 ], [ 89.871230169005358, 21.515495192813521 ], [ 89.868633692002547, 21.513703178123006 ], [ 89.866018513771351, 21.511938567033784 ], [ 89.863384923521693, 21.510201554692422 ], [ 89.860733212499667, 21.508492333193367 ], [ 89.858063673955343, 21.506811091557708 ], [ 89.855376603110287, 21.505158015712265 ], [ 89.852672297124968, 21.503533288469033 ], [ 89.849951055065858, 21.501937089504963 ], [ 89.847213177872391, 21.500369595342097 ], [ 89.84445896832365, 21.49883097932803 ], [ 89.825680968323638, 21.488469979328027 ], [ 89.822905358704247, 21.486957520725497 ], [ 89.820113967407949, 21.485474390786965 ], [ 89.817307104326943, 21.484020754165236 ], [ 89.814485081071027, 21.482596772238843 ], [ 89.811648210933086, 21.48120260309414 ], [ 89.808796808854225, 21.479838401507756 ], [ 89.805931191388865, 21.478504318929406 ], [ 89.803051676669583, 21.477200503465085 ], [ 89.800158584371758, 21.475927099860609 ], [ 89.797252235678144, 21.474684249485573 ], [ 89.79433295324317, 21.473472090317625 ], [ 89.791401061157117, 21.472290756927173 ], [ 89.78845688491019, 21.471140380462433 ], [ 89.785500751356309, 21.470021088634876 ], [ 89.782532988676877, 21.468933005705047 ], [ 89.779553926344335, 21.467876252468766 ], [ 89.776563895085559, 21.466850946243717 ], [ 89.775202261705573, 21.466400007725316 ], [ 89.773517363617032, 21.465233795530892 ], [ 89.770896618779588, 21.463460423360555 ], [ 89.768257314717928, 21.46171479269298 ], [ 89.765599745073757, 21.459997097742232 ], [ 89.76292420552096, 21.45830752961432 ], [ 89.760230993732691, 21.456646276285955 ], [ 89.757520409348302, 21.455013522583602 ], [ 89.754792753939938, 21.453409450162951 ], [ 89.752048330979036, 21.451834237488683 ], [ 89.749287445802565, 21.450288059814625 ], [ 89.746510405578988, 21.448771089164254 ], [ 89.743717519274156, 21.447283494311545 ], [ 89.740909097616935, 21.445825440762217 ], [ 89.738085453064585, 21.444397090735286 ], [ 89.735246899768029, 21.44299860314505 ], [ 89.732393753536883, 21.441630133583391 ], [ 89.729526331804365, 21.440291834302471 ], [ 89.726644953591915, 21.438983854197776 ], [ 89.723749939473748, 21.437706338791578 ], [ 89.720841611541161, 21.436459430216729 ], [ 89.717920293366731, 21.435243267200843 ], [ 89.714986309968282, 21.43405798505087 ], [ 89.712039987772712, 21.432903715638041 ], [ 89.709081654579748, 21.431780587383198 ], [ 89.706111639525375, 21.430688725242497 ], [ 89.703130273045318, 21.429628250693515 ], [ 89.700137886838192, 21.428599281721734 ], [ 89.697134813828669, 21.427601932807409 ], [ 89.69412138813037, 21.426636314912841 ], [ 89.680788388130367, 21.422441314912835 ], [ 89.6777913283061, 21.421515533009117 ], [ 89.674784752505133, 21.42062113842254 ], [ 89.67176898942769, 21.419758228934672 ], [ 89.668744368778448, 21.418926898884912 ], [ 89.66571122123041, 21.418127239160174 ], [ 89.662669878388854, 21.417359337184941 ], [ 89.659620672754968, 21.416623276911714 ], [ 89.656563937689612, 21.415919138811837 ], [ 89.653500007376778, 21.415246999866689 ], [ 89.650429216787117, 21.414606933559277 ], [ 89.647351901641258, 21.413999009866203 ], [ 89.6442683983732, 21.413423295250002 ], [ 89.641179044093406, 21.412879852651891 ], [ 89.63808417655207, 21.412368741484876 ], [ 89.634984134102098, 21.411890017627265 ], [ 89.631879255662156, 21.411443733416547 ], [ 89.628769880679656, 21.411029937643693 ], [ 89.625656349093546, 21.41064867554779 ], [ 89.622539001297227, 21.410299988811126 ], [ 89.619418178101341, 21.409983915554612 ], [ 89.616294220696446, 21.40970049033362 ], [ 89.613167470615778, 21.409449744134214 ], [ 89.610038269697881, 21.409231704369748 ], [ 89.60690696004923, 21.40904639487788 ], [ 89.60377388400687, 21.408893835917961 ], [ 89.60063938410093, 21.408774044168823 ], [ 89.597503803017219, 21.408687032726945 ], [ 89.594367483559765, 21.408632811105043 ], [ 89.5912307686133, 21.408611385231008 ], [ 89.573758768613303, 21.408583385231015 ], [ 89.570599900455278, 21.408594953933449 ], [ 89.56744132922654, 21.408639783250091 ], [ 89.564283405127782, 21.408717868210584 ], [ 89.561126478287918, 21.408829200157395 ], [ 89.557970898725316, 21.408973766746808 ], [ 89.554817016308988, 21.409151551950266 ], [ 89.551665180719723, 21.409362536056175 ], [ 89.548515741411435, 21.409606695672061 ], [ 89.545369047572308, 21.409884003727182 ], [ 89.542225448086157, 21.410194429475528 ], [ 89.539085291493677, 21.410537938499225 ], [ 89.535948925953875, 21.410914492712347 ], [ 89.532816699205441, 21.411324050365156 ], [ 89.529688958528141, 21.411766566048705 ], [ 89.526566050704375, 21.412241990699901 ], [ 89.523448321980737, 21.412750271606917 ], [ 89.520336118029562, 21.413291352415062 ], [ 89.517229783910665, 21.413865173133008 ], [ 89.514129664033007, 21.414471670139459 ], [ 89.51103610211662, 21.415110776190193 ], [ 89.507949441154381, 21.415782420425515 ], [ 89.504870023374068, 21.41648652837813 ], [ 89.501798190200375, 21.417223021981382 ], [ 89.498734282217072, 21.417991819577921 ], [ 89.49567863912921, 21.418792835928745 ], [ 89.492631599725541, 21.419625982222666 ], [ 89.489593501840844, 21.420491166086144 ], [ 89.486564682318544, 21.421388291593537 ], [ 89.483545476973362, 21.422317259277722 ], [ 89.480536220554043, 21.423277966141153 ], [ 89.477537246706277, 21.424270305667246 ], [ 89.476880519011061, 21.424495311662653 ], [ 89.474987688545554, 21.424041758340675 ], [ 89.471979519658845, 21.423353591865457 ], [ 89.468964431345753, 21.422696404211223 ], [ 89.4684350022779, 21.422586698554724 ], [ 89.467453358762498, 21.421879006550483 ], [ 89.46491057489807, 21.420085633362064 ], [ 89.462349327302448, 21.418318729876283 ], [ 89.459769891507165, 21.416578486171456 ], [ 89.457172545000418, 21.414865089457916 ], [ 89.454557567197114, 21.413178724057882 ], [ 89.451925239408979, 21.411519571385615 ], [ 89.44927584481411, 21.40988780992792 ], [ 89.446609668426646, 21.408283615224924 ], [ 89.443926997066072, 21.406707159851209 ], [ 89.44122811932634, 21.405158613397241 ], [ 89.438513325544818, 21.403638142451129 ], [ 89.435782907771113, 21.402145910580693 ], [ 89.433037159735576, 21.400682078315882 ], [ 89.430276376817773, 21.399246803131494 ], [ 89.427500856014674, 21.397840239430241 ], [ 89.424710895908689, 21.396462538526144 ], [ 89.421906796635582, 21.395113848628238 ], [ 89.419088859852167, 21.393794314824646 ], [ 89.416257388703855, 21.392504079066963 ], [ 89.413412687792032, 21.391243280154978 ], [ 89.410555063141345, 21.390012053721762 ], [ 89.407684822166672, 21.388810532219054 ], [ 89.404802273640172, 21.38763884490303 ], [ 89.403046527957827, 21.386935763564164 ], [ 89.402509757296144, 21.386648723688761 ], [ 89.399691836712336, 21.3851800007089 ], [ 89.396858517190239, 21.383741208126924 ], [ 89.394010116622766, 21.382332507372546 ], [ 89.391146954594859, 21.380954056499224 ], [ 89.388269352347692, 21.379606010166448 ], [ 89.385377632742589, 21.378288519622377 ], [ 89.382472120224847, 21.37700173268686 ], [ 89.379553140787252, 21.375745793734875 ], [ 89.376621021933573, 21.374520843680312 ], [ 89.37367609264183, 21.373327019960165 ], [ 89.370718683327283, 21.372164456519108 ], [ 89.355718683327282, 21.366359456519099 ], [ 89.352761042409313, 21.365232751265378 ], [ 89.349791679582225, 21.364137311203393 ], [ 89.346810925339511, 21.363073258256893 ], [ 89.343819111442599, 21.36204071085621 ], [ 89.34081657088386, 21.361039783925069 ], [ 89.337803637849532, 21.360070588867796 ], [ 89.334780647682578, 21.359133233556932 ], [ 89.331747936845289, 21.358227822321208 ], [ 89.328705842881917, 21.357354455933947 ], [ 89.325654704381051, 21.356513231601841 ], [ 89.322594860937954, 21.35570424295414 ], [ 89.319526653116753, 21.354927580032218 ], [ 89.316450422412544, 21.354183329279554 ], [ 89.313366511213374, 21.353471573532129 ], [ 89.310275262762133, 21.352792392009182 ], [ 89.307177021118378, 21.352145860304404 ], [ 89.304072131120009, 21.351532050377525 ], [ 89.300960938344858, 21.350951030546305 ], [ 89.297843789072331, 21.350402865478923 ], [ 89.29472103024473, 21.349887616186788 ], [ 89.291593009428752, 21.349405340017746 ], [ 89.288460074776765, 21.348956090649697 ], [ 89.285322574988001, 21.348539918084612 ], [ 89.282180859269857, 21.348156868642985 ], [ 89.279035277298931, 21.347806984958662 ], [ 89.275886179182152, 21.347490305974102 ], [ 89.272733915417803, 21.347206866936048 ], [ 89.269578836856482, 21.34695669939159 ], [ 89.266421294662123, 21.346739831184671 ], [ 89.263261640272816, 21.346556286452969 ], [ 89.260100225361782, 21.346406085625226 ], [ 89.256937401798154, 21.346289245418973 ], [ 89.253773521607897, 21.346205778838659 ], [ 89.250608936934526, 21.346155695174208 ], [ 89.247444, 21.346139 ], [ 89.229139, 21.346139 ], [ 89.226025377159388, 21.346155158180462 ], [ 89.222912089721987, 21.346203630981286 ], [ 89.219799473054849, 21.346284413180914 ], [ 89.216687862452787, 21.346397496077397 ], [ 89.213577593102244, 21.346542867489305 ], [ 89.21046900004518, 21.346720511757056 ], [ 89.209539603873495, 21.346783306942314 ], [ 89.209428705158174, 21.346725645119566 ], [ 89.206650249383458, 21.345317439212632 ], [ 89.203857321981232, 21.343938157916345 ], [ 89.201050224055777, 21.342587949930415 ], [ 89.198229258239081, 21.341266960820164 ], [ 89.195394728658229, 21.339975333000851 ], [ 89.192546940902588, 21.3387132057223 ], [ 89.189686201990938, 21.3374807150539 ], [ 89.186812820338247, 21.336277993869928 ], [ 89.183927105722546, 21.33510517183522 ], [ 89.181029369251448, 21.333962375391206 ], [ 89.178119923328651, 21.332849727742268 ], [ 89.175199081620235, 21.331767348842458 ], [ 89.172267159020862, 21.330715355382569 ], [ 89.169324471619817, 21.329693860777553 ], [ 89.166371336666927, 21.328702975154293 ], [ 89.163408072538374, 21.327742805339732 ], [ 89.160434998702357, 21.326813454849358 ], [ 89.157452435684661, 21.325915023876028 ], [ 89.154460705034083, 21.325047609279203 ], [ 89.151460129287798, 21.324211304574458 ], [ 89.148451031936546, 21.323406199923443 ], [ 89.145433737389808, 21.32263238212413 ], [ 89.142479662039051, 21.321907382041385 ], [ 89.14230788583636, 21.32183454040916 ], [ 89.139396498552983, 21.320635858794592 ], [ 89.136472691640634, 21.319467797723348 ], [ 89.133536787140827, 21.318330485851046 ], [ 89.130589108427586, 21.317224048446434 ], [ 89.127629980171761, 21.31614860737762 ], [ 89.124659728305375, 21.315104281098616 ], [ 89.121678679985578, 21.314091184636322 ], [ 89.118687163558747, 21.313109429577839 ], [ 89.115685508524237, 21.312159124058173 ], [ 89.112674045498139, 21.311240372748347 ], [ 89.109653106176822, 21.310353276843848 ], [ 89.106623023300429, 21.3094979340535 ], [ 89.103584130616184, 21.308674438588682 ], [ 89.100536762841728, 21.30788288115297 ], [ 89.097481255628125, 21.307123348932137 ], [ 89.094417945522991, 21.306395925584553 ], [ 89.091347169933357, 21.305700691231966 ], [ 89.088269267088577, 21.305037722450681 ], [ 89.085184576003002, 21.30440709226313 ], [ 89.084860921969423, 21.30434445613739 ], [ 89.083552285116895, 21.303327988515875 ] ], [ [ 91.026639, 22.092028 ], [ 91.049083, 22.097861 ], [ 91.081167, 22.127417 ], [ 91.082028, 22.132417 ], [ 91.11325, 22.162833 ], [ 91.133306, 22.1645 ], [ 91.160361, 22.195778 ], [ 91.164528, 22.207472 ], [ 91.162917, 22.224944 ], [ 91.172861, 22.238222 ], [ 91.170389, 22.251639 ], [ 91.173667, 22.267444 ], [ 91.170389, 22.294111 ], [ 91.164528, 22.30075 ], [ 91.167833, 22.306583 ], [ 91.167028, 22.317417 ], [ 91.157861, 22.339111 ], [ 91.144528, 22.354083 ], [ 91.129528, 22.384083 ], [ 91.1195, 22.395778 ], [ 91.113667, 22.417389 ], [ 91.118694, 22.434944 ], [ 91.103278, 22.464528 ], [ 91.072833, 22.465778 ], [ 91.071167, 22.444944 ], [ 91.073667, 22.432472 ], [ 91.058694, 22.384972 ], [ 91.058694, 22.26575 ], [ 91.04875, 22.217472 ], [ 91.05125, 22.210778 ], [ 91.047861, 22.186611 ], [ 91.049528, 22.181583 ], [ 91.045389, 22.180778 ], [ 91.034556, 22.136611 ], [ 91.01875, 22.103278 ], [ 91.018667, 22.098278 ], [ 91.026639, 22.092028 ] ], [ [ 91.406167, 22.475778 ], [ 91.4145, 22.45825 ], [ 91.451167, 22.41325 ], [ 91.4545, 22.401556 ], [ 91.45825, 22.397833 ], [ 91.465333, 22.398222 ], [ 91.463694, 22.389889 ], [ 91.460722, 22.391139 ], [ 91.460333, 22.38825 ], [ 91.47825, 22.367833 ], [ 91.501556, 22.356139 ], [ 91.512417, 22.355306 ], [ 91.532444, 22.361972 ], [ 91.556222, 22.374917 ], [ 91.565306, 22.404083 ], [ 91.563667, 22.42575 ], [ 91.557028, 22.449083 ], [ 91.527833, 22.496611 ], [ 91.504556, 22.54325 ], [ 91.462472, 22.598639 ], [ 91.446556, 22.577 ], [ 91.434944, 22.572 ], [ 91.428667, 22.56575 ], [ 91.409472, 22.53075 ], [ 91.401972, 22.507389 ], [ 91.402028, 22.497417 ], [ 91.406167, 22.475778 ] ], [ [ 88.042083, 21.65 ], [ 88.051667, 21.640361 ], [ 88.0725, 21.631222 ], [ 88.080028, 21.631222 ], [ 88.090778, 21.637889 ], [ 88.084639, 21.632528 ], [ 88.086667, 21.630389 ], [ 88.110028, 21.622889 ], [ 88.138306, 21.626194 ], [ 88.15375, 21.639972 ], [ 88.155, 21.649611 ], [ 88.158722, 21.6475 ], [ 88.155389, 21.677472 ], [ 88.1325, 21.67625 ], [ 88.127861, 21.679972 ], [ 88.147472, 21.677889 ], [ 88.155361, 21.681667 ], [ 88.155417, 21.695833 ], [ 88.172083, 21.735806 ], [ 88.172056, 21.771667 ], [ 88.167917, 21.796639 ], [ 88.169556, 21.803361 ], [ 88.17625, 21.81 ], [ 88.172861, 21.818306 ], [ 88.15625, 21.838306 ], [ 88.149528, 21.857528 ], [ 88.139167, 21.875389 ], [ 88.124583, 21.864972 ], [ 88.104528, 21.831667 ], [ 88.087917, 21.794944 ], [ 88.086222, 21.785833 ], [ 88.090417, 21.784167 ], [ 88.079556, 21.776667 ], [ 88.075444, 21.760806 ], [ 88.077028, 21.752528 ], [ 88.068333, 21.737889 ], [ 88.060389, 21.735833 ], [ 88.062889, 21.731667 ], [ 88.052083, 21.715 ], [ 88.053333, 21.71125 ], [ 88.059611, 21.709139 ], [ 88.055389, 21.707472 ], [ 88.05125, 21.689194 ], [ 88.043722, 21.68 ], [ 88.044528, 21.666694 ], [ 88.041667, 21.662056 ], [ 88.040806, 21.667917 ], [ 88.038694, 21.665 ], [ 88.038722, 21.658333 ], [ 88.042083, 21.65 ] ], [ [ 89.565778, 21.83775 ], [ 89.597417, 21.812778 ], [ 89.612028, 21.795694 ], [ 89.615306, 21.784 ], [ 89.608694, 21.764056 ], [ 89.610778, 21.760278 ], [ 89.639139, 21.750278 ], [ 89.636972, 21.754028 ], [ 89.639889, 21.757778 ], [ 89.653278, 21.761972 ], [ 89.662806, 21.754028 ], [ 89.651583, 21.760278 ], [ 89.646167, 21.753194 ], [ 89.657444, 21.747806 ], [ 89.664917, 21.747778 ], [ 89.68075, 21.751139 ], [ 89.699528, 21.7615 ], [ 89.703694, 21.777361 ], [ 89.699472, 21.788222 ], [ 89.68575, 21.798583 ], [ 89.674083, 21.802778 ], [ 89.658667, 21.824833 ], [ 89.627056, 21.857361 ], [ 89.625361, 21.870639 ], [ 89.628667, 21.883139 ], [ 89.646222, 21.904028 ], [ 89.646139, 21.908139 ], [ 89.619944, 21.942778 ], [ 89.589139, 21.941889 ], [ 89.579472, 21.934833 ], [ 89.576194, 21.923194 ], [ 89.567861, 21.913167 ], [ 89.557028, 21.8915 ], [ 89.554972, 21.854444 ], [ 89.553722, 21.853194 ], [ 89.565778, 21.83775 ] ], [ [ 91.074528, 22.651583 ], [ 91.077028, 22.639917 ], [ 91.082889, 22.631556 ], [ 91.085333, 22.606583 ], [ 91.106639, 22.575361 ], [ 91.11825, 22.5745 ], [ 91.144917, 22.580333 ], [ 91.155833, 22.587861 ], [ 91.163306, 22.587028 ], [ 91.167917, 22.599917 ], [ 91.174917, 22.605333 ], [ 91.177028, 22.603222 ], [ 91.168694, 22.589083 ], [ 91.171639, 22.587 ], [ 91.184972, 22.587833 ], [ 91.187083, 22.592444 ], [ 91.183694, 22.594944 ], [ 91.190361, 22.604917 ], [ 91.187444, 22.623639 ], [ 91.194528, 22.613222 ], [ 91.191194, 22.598222 ], [ 91.193306, 22.592861 ], [ 91.203306, 22.597 ], [ 91.208722, 22.605778 ], [ 91.208722, 22.624917 ], [ 91.191194, 22.654083 ], [ 91.162417, 22.682028 ], [ 91.149972, 22.6895 ], [ 91.136639, 22.687861 ], [ 91.129139, 22.692028 ], [ 91.111611, 22.695361 ], [ 91.099111, 22.692806 ], [ 91.085806, 22.6945 ], [ 91.059111, 22.683667 ], [ 91.0545, 22.677417 ], [ 91.054528, 22.671583 ], [ 91.074528, 22.651583 ] ], [ [ 90.529972, 22.007861 ], [ 90.529611, 22.001667 ], [ 90.533361, 22.000417 ], [ 90.54875, 22.014167 ], [ 90.561222, 22.041639 ], [ 90.566222, 22.045 ], [ 90.569583, 22.085 ], [ 90.582889, 22.117472 ], [ 90.58125, 22.128361 ], [ 90.569194, 22.142889 ], [ 90.545833, 22.128722 ], [ 90.545833, 22.132056 ], [ 90.530861, 22.133722 ], [ 90.530861, 22.122889 ], [ 90.527056, 22.131667 ], [ 90.522472, 22.13125 ], [ 90.505444, 22.114139 ], [ 90.504583, 22.108333 ], [ 90.512028, 22.105 ], [ 90.509111, 22.102889 ], [ 90.498361, 22.103694 ], [ 90.492917, 22.0975 ], [ 90.485389, 22.067444 ], [ 90.483722, 22.045806 ], [ 90.489139, 22.042056 ], [ 90.500028, 22.050417 ], [ 90.494556, 22.039139 ], [ 90.495806, 22.03125 ], [ 90.505444, 22.036611 ], [ 90.5225, 22.062917 ], [ 90.538722, 22.066667 ], [ 90.511278, 22.039972 ], [ 90.494611, 22.013361 ], [ 90.494611, 22.009111 ], [ 90.499167, 22.007056 ], [ 90.50625, 22.014167 ], [ 90.501194, 22.003306 ], [ 90.505806, 21.99625 ], [ 90.526639, 21.997889 ], [ 90.527889, 21.999167 ], [ 90.529972, 22.007861 ] ], [ [ 90.408694, 21.954944 ], [ 90.422056, 21.940833 ], [ 90.405806, 21.952889 ], [ 90.390389, 21.934944 ], [ 90.397917, 21.906639 ], [ 90.410806, 21.902889 ], [ 90.413333, 21.899528 ], [ 90.441611, 21.914528 ], [ 90.451639, 21.927944 ], [ 90.462139, 21.934167 ], [ 90.467111, 21.954139 ], [ 90.474583, 21.969111 ], [ 90.474139, 21.979583 ], [ 90.477917, 21.968306 ], [ 90.471278, 21.957472 ], [ 90.471667, 21.945389 ], [ 90.475778, 21.94625 ], [ 90.483694, 21.956639 ], [ 90.481222, 21.969167 ], [ 90.483778, 21.985028 ], [ 90.47875, 22.001639 ], [ 90.459167, 22.027083 ], [ 90.437444, 22.034556 ], [ 90.4325, 22.040417 ], [ 90.419139, 22.037861 ], [ 90.417028, 22.031639 ], [ 90.424556, 22.016639 ], [ 90.420389, 22.0 ], [ 90.419583, 21.999167 ], [ 90.408694, 21.954944 ] ], [ [ 89.036222, 21.891472 ], [ 89.057111, 21.8715 ], [ 89.063667, 21.852333 ], [ 89.060389, 21.828167 ], [ 89.048694, 21.795667 ], [ 89.047889, 21.783194 ], [ 89.054972, 21.776917 ], [ 89.059111, 21.777778 ], [ 89.061611, 21.77275 ], [ 89.077861, 21.760667 ], [ 89.090361, 21.740694 ], [ 89.1045, 21.732361 ], [ 89.102917, 21.727333 ], [ 89.109139, 21.718583 ], [ 89.118306, 21.715278 ], [ 89.137417, 21.717778 ], [ 89.147861, 21.727333 ], [ 89.15125, 21.734861 ], [ 89.147889, 21.754 ], [ 89.136194, 21.759833 ], [ 89.135, 21.769417 ], [ 89.103306, 21.781917 ], [ 89.085333, 21.795667 ], [ 89.079556, 21.8215 ], [ 89.087833, 21.853972 ], [ 89.064556, 21.8815 ], [ 89.06125, 21.892306 ], [ 89.062056, 21.916444 ], [ 89.056611, 21.92025 ], [ 89.045778, 21.920278 ], [ 89.039111, 21.917778 ], [ 89.035333, 21.9115 ], [ 89.035361, 21.900667 ], [ 89.036222, 21.891472 ] ], [ [ 88.703333, 21.665417 ], [ 88.712083, 21.663333 ], [ 88.70875, 21.659972 ], [ 88.724556, 21.640833 ], [ 88.722083, 21.628333 ], [ 88.717861, 21.624139 ], [ 88.717944, 21.619944 ], [ 88.71375, 21.618333 ], [ 88.710417, 21.606667 ], [ 88.709528, 21.588333 ], [ 88.713722, 21.574111 ], [ 88.725833, 21.567056 ], [ 88.743278, 21.563722 ], [ 88.750444, 21.568333 ], [ 88.750833, 21.585361 ], [ 88.752889, 21.5725 ], [ 88.758306, 21.565389 ], [ 88.768333, 21.567056 ], [ 88.784139, 21.57625 ], [ 88.794972, 21.578722 ], [ 88.80125, 21.585 ], [ 88.80125, 21.593333 ], [ 88.797556, 21.597889 ], [ 88.785361, 21.595861 ], [ 88.79375, 21.599944 ], [ 88.793722, 21.603333 ], [ 88.777111, 21.621639 ], [ 88.774583, 21.631639 ], [ 88.779611, 21.645 ], [ 88.774167, 21.654583 ], [ 88.769972, 21.655417 ], [ 88.757472, 21.64875 ], [ 88.749944, 21.650417 ], [ 88.713278, 21.677889 ], [ 88.704583, 21.689139 ], [ 88.699194, 21.715361 ], [ 88.689556, 21.684139 ], [ 88.689583, 21.680806 ], [ 88.703333, 21.665417 ] ], [ [ 88.562444, 21.632056 ], [ 88.575806, 21.629556 ], [ 88.595806, 21.614583 ], [ 88.606667, 21.612861 ], [ 88.608806, 21.614972 ], [ 88.609556, 21.62 ], [ 88.600444, 21.643333 ], [ 88.59625, 21.6475 ], [ 88.597083, 21.650806 ], [ 88.589611, 21.655833 ], [ 88.594972, 21.655417 ], [ 88.608722, 21.6675 ], [ 88.608778, 21.679944 ], [ 88.595417, 21.690806 ], [ 88.5925, 21.697083 ], [ 88.589611, 21.695 ], [ 88.590389, 21.7075 ], [ 88.580028, 21.712056 ], [ 88.574583, 21.721639 ], [ 88.568722, 21.723306 ], [ 88.575, 21.724556 ], [ 88.574194, 21.72875 ], [ 88.562472, 21.726222 ], [ 88.555, 21.732083 ], [ 88.544139, 21.732083 ], [ 88.536222, 21.725833 ], [ 88.529611, 21.713333 ], [ 88.524111, 21.713722 ], [ 88.520361, 21.707472 ], [ 88.532889, 21.673333 ], [ 88.530389, 21.657472 ], [ 88.532889, 21.65 ], [ 88.55, 21.634583 ], [ 88.555417, 21.634972 ], [ 88.555333, 21.6375 ], [ 88.562444, 21.632056 ] ], [ [ 91.836222, 21.725806 ], [ 91.843333, 21.722944 ], [ 91.845389, 21.726611 ], [ 91.841194, 21.727444 ], [ 91.847056, 21.731639 ], [ 91.852056, 21.744167 ], [ 91.847083, 21.742472 ], [ 91.847083, 21.759972 ], [ 91.852917, 21.770833 ], [ 91.862889, 21.780778 ], [ 91.870389, 21.800806 ], [ 91.873778, 21.8175 ], [ 91.873722, 21.831611 ], [ 91.871222, 21.835 ], [ 91.876639, 21.842944 ], [ 91.876194, 21.820806 ], [ 91.879194, 21.819556 ], [ 91.894556, 21.853333 ], [ 91.897889, 21.874972 ], [ 91.893694, 21.894167 ], [ 91.882944, 21.9175 ], [ 91.873361, 21.927917 ], [ 91.865778, 21.925417 ], [ 91.84125, 21.902472 ], [ 91.844556, 21.885 ], [ 91.840389, 21.873333 ], [ 91.839611, 21.858333 ], [ 91.845417, 21.845833 ], [ 91.84875, 21.819167 ], [ 91.84125, 21.7975 ], [ 91.842944, 21.778333 ], [ 91.832917, 21.763306 ], [ 91.832889, 21.751667 ], [ 91.836222, 21.725806 ] ], [ [ 89.538667, 21.799028 ], [ 89.542472, 21.795306 ], [ 89.548639, 21.797389 ], [ 89.545389, 21.792389 ], [ 89.550333, 21.774889 ], [ 89.553667, 21.772361 ], [ 89.553722, 21.757333 ], [ 89.556222, 21.755694 ], [ 89.551972, 21.753194 ], [ 89.553278, 21.747778 ], [ 89.544111, 21.754444 ], [ 89.538694, 21.747361 ], [ 89.547028, 21.726556 ], [ 89.557444, 21.71525 ], [ 89.573278, 21.708583 ], [ 89.59075, 21.708611 ], [ 89.604083, 21.712806 ], [ 89.608639, 21.719917 ], [ 89.593639, 21.735667 ], [ 89.5845, 21.756528 ], [ 89.588667, 21.764889 ], [ 89.599917, 21.770278 ], [ 89.603694, 21.775722 ], [ 89.602861, 21.798194 ], [ 89.564944, 21.83025 ], [ 89.559972, 21.83275 ], [ 89.554111, 21.831111 ], [ 89.556222, 21.834861 ], [ 89.544139, 21.849444 ], [ 89.537028, 21.846528 ], [ 89.527889, 21.824 ], [ 89.527861, 21.819833 ], [ 89.538667, 21.799028 ] ], [ [ 91.129139, 22.697 ], [ 91.137444, 22.700306 ], [ 91.145, 22.699472 ], [ 91.176639, 22.681167 ], [ 91.250333, 22.604111 ], [ 91.262417, 22.576194 ], [ 91.269972, 22.577833 ], [ 91.278667, 22.584917 ], [ 91.281194, 22.61075 ], [ 91.278722, 22.640722 ], [ 91.269528, 22.659083 ], [ 91.254083, 22.6745 ], [ 91.199944, 22.6895 ], [ 91.176583, 22.689528 ], [ 91.159944, 22.698694 ], [ 91.141639, 22.714472 ], [ 91.131667, 22.713667 ], [ 91.127056, 22.709944 ], [ 91.127056, 22.708278 ], [ 91.129139, 22.697 ] ], [ [ 90.363306, 21.992917 ], [ 90.352917, 21.981639 ], [ 90.351222, 21.965 ], [ 90.336222, 21.946639 ], [ 90.327083, 21.918278 ], [ 90.314556, 21.892444 ], [ 90.313722, 21.884972 ], [ 90.317056, 21.884167 ], [ 90.315, 21.882083 ], [ 90.310444, 21.883333 ], [ 90.310417, 21.874139 ], [ 90.315389, 21.864944 ], [ 90.307889, 21.867528 ], [ 90.309611, 21.85 ], [ 90.320806, 21.84125 ], [ 90.333333, 21.840417 ], [ 90.342083, 21.843306 ], [ 90.341278, 21.85 ], [ 90.349583, 21.8725 ], [ 90.345361, 21.890833 ], [ 90.346222, 21.900806 ], [ 90.354583, 21.914139 ], [ 90.36375, 21.940833 ], [ 90.39625, 21.990806 ], [ 90.396278, 21.995806 ], [ 90.3925, 21.998722 ], [ 90.384111, 22.002056 ], [ 90.377889, 22.0 ], [ 90.377444, 21.999583 ], [ 90.363306, 21.992917 ] ], [ [ 90.515833, 21.887056 ], [ 90.535028, 21.884556 ], [ 90.544194, 21.887889 ], [ 90.552056, 21.894944 ], [ 90.550389, 21.898306 ], [ 90.552889, 21.899944 ], [ 90.545417, 21.902472 ], [ 90.553333, 21.902889 ], [ 90.558722, 21.904167 ], [ 90.560861, 21.902944 ], [ 90.566222, 21.915 ], [ 90.558778, 21.929972 ], [ 90.56, 21.944556 ], [ 90.561194, 21.932472 ], [ 90.570361, 21.913278 ], [ 90.576639, 21.912056 ], [ 90.581278, 21.915806 ], [ 90.58625, 21.9325 ], [ 90.584528, 21.946639 ], [ 90.590417, 21.936611 ], [ 90.593333, 21.936278 ], [ 90.601278, 21.945833 ], [ 90.602917, 21.955833 ], [ 90.594583, 21.963278 ], [ 90.59375, 21.969111 ], [ 90.580806, 21.98625 ], [ 90.561639, 21.967111 ], [ 90.537472, 21.960389 ], [ 90.52125, 21.944139 ], [ 90.512917, 21.920806 ], [ 90.512889, 21.906694 ], [ 90.50875, 21.901639 ], [ 90.50875, 21.895 ], [ 90.515833, 21.887056 ] ], [ [ 88.600833, 21.845389 ], [ 88.607444, 21.844583 ], [ 88.611194, 21.833361 ], [ 88.622917, 21.827444 ], [ 88.622917, 21.821667 ], [ 88.614528, 21.813306 ], [ 88.620389, 21.804194 ], [ 88.622083, 21.793333 ], [ 88.634111, 21.785417 ], [ 88.645, 21.783694 ], [ 88.64875, 21.819167 ], [ 88.652111, 21.826639 ], [ 88.648722, 21.832472 ], [ 88.652889, 21.837472 ], [ 88.656194, 21.863306 ], [ 88.642917, 21.868306 ], [ 88.655361, 21.869972 ], [ 88.662861, 21.893278 ], [ 88.670417, 21.901639 ], [ 88.670389, 21.909167 ], [ 88.639139, 21.91625 ], [ 88.632083, 21.903361 ], [ 88.625389, 21.898306 ], [ 88.63125, 21.884139 ], [ 88.626667, 21.892917 ], [ 88.620861, 21.892111 ], [ 88.60625, 21.873333 ], [ 88.597056, 21.855 ], [ 88.597056, 21.849139 ], [ 88.600833, 21.845389 ] ], [ [ 88.520833, 21.717889 ], [ 88.530833, 21.718722 ], [ 88.53625, 21.728306 ], [ 88.543306, 21.73375 ], [ 88.555806, 21.73375 ], [ 88.5625, 21.727889 ], [ 88.574167, 21.730417 ], [ 88.576222, 21.7425 ], [ 88.563778, 21.759139 ], [ 88.56375, 21.769972 ], [ 88.575444, 21.781611 ], [ 88.572028, 21.790833 ], [ 88.559139, 21.802889 ], [ 88.548333, 21.807917 ], [ 88.543333, 21.807056 ], [ 88.5325, 21.799583 ], [ 88.515417, 21.779139 ], [ 88.507056, 21.760806 ], [ 88.517083, 21.7625 ], [ 88.507083, 21.757472 ], [ 88.507083, 21.751639 ], [ 88.520833, 21.717889 ] ], [ [ 88.637083, 21.995806 ], [ 88.634556, 21.985806 ], [ 88.630444, 21.961639 ], [ 88.632861, 21.951639 ], [ 88.636667, 21.948722 ], [ 88.644167, 21.948722 ], [ 88.659139, 21.952861 ], [ 88.6825, 21.942083 ], [ 88.692056, 21.949944 ], [ 88.691694, 21.952083 ], [ 88.683722, 21.9525 ], [ 88.694167, 21.953722 ], [ 88.697056, 21.957472 ], [ 88.696222, 21.963333 ], [ 88.690389, 21.969167 ], [ 88.697083, 21.969167 ], [ 88.714611, 21.998333 ], [ 88.705722, 22.000306 ], [ 88.694889, 22.008639 ], [ 88.683222, 22.011167 ], [ 88.674917, 22.016972 ], [ 88.656556, 22.014472 ], [ 88.643694, 22.0 ], [ 88.6425, 21.999611 ], [ 88.637083, 21.995806 ] ], [ [ 88.517528, 21.596278 ], [ 88.531667, 21.592917 ], [ 88.539528, 21.587472 ], [ 88.549111, 21.560417 ], [ 88.560861, 21.559556 ], [ 88.58625, 21.580833 ], [ 88.591222, 21.605 ], [ 88.562472, 21.628722 ], [ 88.541667, 21.635389 ], [ 88.527444, 21.652917 ], [ 88.522889, 21.643306 ], [ 88.522861, 21.630806 ], [ 88.526222, 21.623333 ], [ 88.52125, 21.620833 ], [ 88.51375, 21.603306 ], [ 88.513722, 21.601639 ], [ 88.517528, 21.596278 ] ], [ [ 88.837472, 21.551222 ], [ 88.862444, 21.534556 ], [ 88.890028, 21.53625 ], [ 88.900778, 21.541222 ], [ 88.908722, 21.551639 ], [ 88.907889, 21.559167 ], [ 88.895833, 21.57875 ], [ 88.874167, 21.592056 ], [ 88.849972, 21.59875 ], [ 88.839139, 21.605417 ], [ 88.83375, 21.599972 ], [ 88.83375, 21.562472 ], [ 88.831278, 21.5625 ], [ 88.83125, 21.560833 ], [ 88.837472, 21.551222 ] ], [ [ 89.222861, 21.7315 ], [ 89.222056, 21.721528 ], [ 89.227833, 21.712333 ], [ 89.224556, 21.702361 ], [ 89.233306, 21.703611 ], [ 89.236194, 21.695722 ], [ 89.244083, 21.691139 ], [ 89.265778, 21.697778 ], [ 89.266972, 21.699889 ], [ 89.261639, 21.701111 ], [ 89.261667, 21.703611 ], [ 89.271583, 21.699472 ], [ 89.281611, 21.701111 ], [ 89.285389, 21.714833 ], [ 89.292056, 21.724889 ], [ 89.288694, 21.729861 ], [ 89.291167, 21.735667 ], [ 89.288694, 21.746556 ], [ 89.275778, 21.755278 ], [ 89.267444, 21.756917 ], [ 89.256583, 21.753583 ], [ 89.246611, 21.754389 ], [ 89.239111, 21.75025 ], [ 89.229972, 21.751083 ], [ 89.221222, 21.744833 ], [ 89.222056, 21.7415 ], [ 89.218722, 21.738194 ], [ 89.218694, 21.735694 ], [ 89.222861, 21.7315 ] ], [ [ 89.206639, 21.650306 ], [ 89.214944, 21.647778 ], [ 89.220778, 21.649417 ], [ 89.229139, 21.646139 ], [ 89.247444, 21.646139 ], [ 89.262444, 21.651944 ], [ 89.267056, 21.656528 ], [ 89.26075, 21.666139 ], [ 89.264944, 21.66275 ], [ 89.280722, 21.661111 ], [ 89.293278, 21.666139 ], [ 89.2995, 21.672361 ], [ 89.2995, 21.676556 ], [ 89.291667, 21.691111 ], [ 89.261556, 21.694444 ], [ 89.24575, 21.687778 ], [ 89.22825, 21.698583 ], [ 89.221194, 21.695694 ], [ 89.215389, 21.679833 ], [ 89.202028, 21.660667 ], [ 89.202028, 21.657361 ], [ 89.206639, 21.650306 ] ], [ [ 88.317028, 21.669972 ], [ 88.31625, 21.656667 ], [ 88.307917, 21.630806 ], [ 88.307917, 21.610833 ], [ 88.311667, 21.605417 ], [ 88.318333, 21.603694 ], [ 88.325778, 21.612083 ], [ 88.335, 21.613722 ], [ 88.34625, 21.622528 ], [ 88.349528, 21.634139 ], [ 88.357889, 21.645833 ], [ 88.344583, 21.659139 ], [ 88.352861, 21.669972 ], [ 88.352056, 21.679139 ], [ 88.345389, 21.689139 ], [ 88.329167, 21.700444 ], [ 88.302861, 21.703278 ], [ 88.302889, 21.701694 ], [ 88.317028, 21.669972 ] ], [ [ 90.921639, 22.120361 ], [ 90.934167, 22.11875 ], [ 90.943722, 22.125806 ], [ 90.95875, 22.150833 ], [ 90.954556, 22.163333 ], [ 90.957111, 22.188306 ], [ 90.9475, 22.217028 ], [ 90.929556, 22.210778 ], [ 90.922917, 22.181611 ], [ 90.914556, 22.168333 ], [ 90.914556, 22.135 ], [ 90.914556, 22.130833 ], [ 90.921639, 22.120361 ] ], [ [ 91.855444, 21.664167 ], [ 91.865806, 21.657917 ], [ 91.874972, 21.645361 ], [ 91.884944, 21.643722 ], [ 91.887083, 21.645806 ], [ 91.87875, 21.682444 ], [ 91.885833, 21.694556 ], [ 91.901667, 21.702917 ], [ 91.910361, 21.713306 ], [ 91.906222, 21.733333 ], [ 91.914528, 21.749111 ], [ 91.911639, 21.756278 ], [ 91.896667, 21.762083 ], [ 91.885417, 21.754139 ], [ 91.877083, 21.731667 ], [ 91.875417, 21.708306 ], [ 91.86375, 21.694167 ], [ 91.856639, 21.675417 ], [ 91.861639, 21.697889 ], [ 91.852917, 21.682444 ], [ 91.852861, 21.672472 ], [ 91.855444, 21.664167 ] ], [ [ 88.187861, 21.649139 ], [ 88.202917, 21.604167 ], [ 88.21, 21.595417 ], [ 88.213361, 21.595389 ], [ 88.211222, 21.62 ], [ 88.232917, 21.6425 ], [ 88.225778, 21.669583 ], [ 88.208306, 21.670389 ], [ 88.197889, 21.676667 ], [ 88.197056, 21.690833 ], [ 88.216222, 21.699139 ], [ 88.21625, 21.704111 ], [ 88.205028, 21.72375 ], [ 88.187889, 21.71 ], [ 88.180417, 21.690778 ], [ 88.180417, 21.689167 ], [ 88.187861, 21.649139 ] ], [ [ 88.136194, 22.009083 ], [ 88.142861, 22.019083 ], [ 88.143306, 22.027861 ], [ 88.119083, 22.016222 ], [ 88.096583, 22.000361 ], [ 88.08375, 21.985833 ], [ 88.074556, 21.963361 ], [ 88.07625, 21.950833 ], [ 88.08, 21.946222 ], [ 88.0975, 21.947083 ], [ 88.127083, 21.979167 ], [ 88.132944, 21.9975 ], [ 88.13375, 21.998278 ], [ 88.136194, 22.009083 ] ], [ [ 90.944972, 22.222889 ], [ 90.949556, 22.224972 ], [ 90.952861, 22.243306 ], [ 90.969583, 22.264139 ], [ 90.985389, 22.302472 ], [ 90.982889, 22.318278 ], [ 90.987861, 22.327444 ], [ 90.987889, 22.334972 ], [ 90.980417, 22.35 ], [ 90.979611, 22.358306 ], [ 90.970028, 22.36875 ], [ 90.962917, 22.365806 ], [ 90.961222, 22.358306 ], [ 90.963778, 22.314139 ], [ 90.956278, 22.276667 ], [ 90.950389, 22.256639 ], [ 90.938778, 22.241639 ], [ 90.937889, 22.234972 ], [ 90.937917, 22.229111 ], [ 90.944972, 22.222889 ] ], [ [ 88.488306, 21.549556 ], [ 88.4975, 21.548722 ], [ 88.504111, 21.542889 ], [ 88.508306, 21.545417 ], [ 88.506694, 21.54125 ], [ 88.495806, 21.544556 ], [ 88.492889, 21.542472 ], [ 88.514972, 21.53125 ], [ 88.518306, 21.53375 ], [ 88.520833, 21.528722 ], [ 88.528333, 21.528722 ], [ 88.542028, 21.534167 ], [ 88.531222, 21.550833 ], [ 88.537083, 21.571667 ], [ 88.53625, 21.579111 ], [ 88.5075, 21.592056 ], [ 88.500833, 21.599583 ], [ 88.49375, 21.595806 ], [ 88.487056, 21.583306 ], [ 88.483722, 21.5625 ], [ 88.483806, 21.555806 ], [ 88.488306, 21.549556 ] ], [ [ 89.330361, 21.7915 ], [ 89.335778, 21.783611 ], [ 89.341611, 21.781111 ], [ 89.337861, 21.806528 ], [ 89.341167, 21.814028 ], [ 89.358722, 21.8315 ], [ 89.358694, 21.852333 ], [ 89.371194, 21.879833 ], [ 89.36825, 21.881083 ], [ 89.348306, 21.871111 ], [ 89.334111, 21.858639 ], [ 89.320806, 21.852806 ], [ 89.315333, 21.844861 ], [ 89.315389, 21.836528 ], [ 89.330361, 21.7915 ] ], [ [ 90.988278, 22.091222 ], [ 90.9825, 22.090389 ], [ 90.976222, 22.069972 ], [ 90.986194, 22.069167 ], [ 90.975, 22.065417 ], [ 90.969583, 22.056639 ], [ 90.97125, 22.052472 ], [ 90.967111, 22.05 ], [ 90.97375, 22.030833 ], [ 90.983333, 22.023722 ], [ 90.99, 22.02375 ], [ 91.002472, 22.030361 ], [ 91.0145, 22.040778 ], [ 91.009944, 22.044556 ], [ 91.01575, 22.043667 ], [ 91.022861, 22.049083 ], [ 91.020778, 22.053694 ], [ 91.013667, 22.055806 ], [ 91.012861, 22.062444 ], [ 91.0, 22.075417 ], [ 90.999139, 22.076194 ], [ 90.988278, 22.091222 ] ], [ [ 91.312444, 22.672833 ], [ 91.335778, 22.685361 ], [ 91.348639, 22.704056 ], [ 91.3445, 22.714917 ], [ 91.335778, 22.721139 ], [ 91.315806, 22.717833 ], [ 91.304139, 22.7195 ], [ 91.291639, 22.713667 ], [ 91.287028, 22.70825 ], [ 91.287056, 22.706583 ], [ 91.312444, 22.672833 ] ], [ [ 90.627889, 22.389139 ], [ 90.646639, 22.371194 ], [ 90.648722, 22.378333 ], [ 90.647083, 22.399167 ], [ 90.625417, 22.425806 ], [ 90.617028, 22.454972 ], [ 90.604944, 22.457889 ], [ 90.596278, 22.442444 ], [ 90.596222, 22.434944 ], [ 90.627889, 22.389139 ] ], [ [ 88.604972, 21.743778 ], [ 88.619972, 21.740417 ], [ 88.624556, 21.735833 ], [ 88.620806, 21.722056 ], [ 88.600417, 21.7125 ], [ 88.604972, 21.704583 ], [ 88.612528, 21.702056 ], [ 88.622944, 21.714167 ], [ 88.632944, 21.732472 ], [ 88.623694, 21.776667 ], [ 88.610806, 21.782083 ], [ 88.596667, 21.780389 ], [ 88.590417, 21.771667 ], [ 88.588722, 21.756667 ], [ 88.58875, 21.754139 ], [ 88.604972, 21.743778 ] ], [ [ 91.046639, 22.683694 ], [ 91.066639, 22.697861 ], [ 91.100806, 22.700333 ], [ 91.112861, 22.717417 ], [ 91.113667, 22.724917 ], [ 91.106639, 22.731194 ], [ 91.099972, 22.732861 ], [ 91.089139, 22.732833 ], [ 91.074944, 22.727833 ], [ 91.057, 22.710778 ], [ 91.04875, 22.694111 ], [ 91.041222, 22.686611 ], [ 91.041194, 22.684083 ], [ 91.046639, 22.683694 ] ], [ [ 90.965389, 22.22 ], [ 90.973722, 22.204972 ], [ 90.972889, 22.190806 ], [ 90.975806, 22.189583 ], [ 90.98625, 22.205806 ], [ 90.99375, 22.252472 ], [ 90.987861, 22.263278 ], [ 90.982472, 22.265389 ], [ 90.962083, 22.249139 ], [ 90.962056, 22.2425 ], [ 90.965389, 22.22 ] ], [ [ 91.165306, 22.448278 ], [ 91.171194, 22.418222 ], [ 91.179972, 22.411222 ], [ 91.191583, 22.407056 ], [ 91.201167, 22.418222 ], [ 91.203722, 22.426611 ], [ 91.202861, 22.434917 ], [ 91.192028, 22.454083 ], [ 91.174917, 22.463694 ], [ 91.161167, 22.45825 ], [ 91.161167, 22.454056 ], [ 91.165306, 22.448278 ] ], [ [ 88.591667, 21.794556 ], [ 88.617083, 21.794111 ], [ 88.616222, 21.803306 ], [ 88.609583, 21.809167 ], [ 88.609556, 21.814167 ], [ 88.620389, 21.825 ], [ 88.611694, 21.827889 ], [ 88.607083, 21.832472 ], [ 88.606222, 21.84 ], [ 88.594167, 21.848722 ], [ 88.582861, 21.832472 ], [ 88.579556, 21.815833 ], [ 88.579583, 21.8125 ], [ 88.591667, 21.794556 ] ], [ [ 91.178889, 22.482222 ], [ 91.184444, 22.484444 ], [ 91.186667, 22.488889 ], [ 91.185556, 22.508056 ], [ 91.176389, 22.520556 ], [ 91.168056, 22.526667 ], [ 91.1475, 22.524167 ], [ 91.143333, 22.520833 ], [ 91.144167, 22.510556 ], [ 91.158889, 22.496389 ], [ 91.163056, 22.493611 ], [ 91.178889, 22.482222 ] ], [ [ 88.459167, 21.79875 ], [ 88.487528, 21.796194 ], [ 88.500361, 21.809167 ], [ 88.501222, 21.813278 ], [ 88.498722, 21.821694 ], [ 88.486611, 21.833722 ], [ 88.477444, 21.832083 ], [ 88.469167, 21.82125 ], [ 88.450389, 21.811667 ], [ 88.450389, 21.809944 ], [ 88.459167, 21.79875 ] ], [ [ 90.58375, 22.128333 ], [ 90.585389, 22.118306 ], [ 90.589139, 22.115389 ], [ 90.601222, 22.128306 ], [ 90.601222, 22.143306 ], [ 90.609611, 22.170778 ], [ 90.6025, 22.172056 ], [ 90.594139, 22.168722 ], [ 90.570361, 22.1475 ], [ 90.570444, 22.144194 ], [ 90.58375, 22.128333 ] ], [ [ 88.587056, 21.743306 ], [ 88.581278, 21.724167 ], [ 88.583278, 21.719556 ], [ 88.595833, 21.715417 ], [ 88.62125, 21.726639 ], [ 88.620778, 21.735417 ], [ 88.587083, 21.7525 ], [ 88.585833, 21.772917 ], [ 88.571222, 21.766639 ], [ 88.57125, 21.764972 ], [ 88.587056, 21.743306 ] ], [ [ 89.542833, 21.874861 ], [ 89.563639, 21.925667 ], [ 89.560333, 21.935639 ], [ 89.541583, 21.956917 ], [ 89.537917, 21.953194 ], [ 89.537861, 21.939833 ], [ 89.542889, 21.9115 ], [ 89.537056, 21.874833 ], [ 89.537028, 21.869056 ], [ 89.542833, 21.874861 ] ], [ [ 90.690361, 21.935833 ], [ 90.69375, 21.954972 ], [ 90.706278, 21.969194 ], [ 90.701667, 21.974556 ], [ 90.691722, 21.976194 ], [ 90.670389, 21.973333 ], [ 90.673778, 21.944139 ], [ 90.66625, 21.926667 ], [ 90.66625, 21.925806 ], [ 90.690361, 21.935833 ] ], [ [ 88.172056, 21.559139 ], [ 88.178722, 21.549167 ], [ 88.186639, 21.542917 ], [ 88.202472, 21.543778 ], [ 88.206194, 21.548278 ], [ 88.1975, 21.552083 ], [ 88.194611, 21.556611 ], [ 88.192944, 21.575861 ], [ 88.170389, 21.59 ], [ 88.168694, 21.599139 ], [ 88.172472, 21.604556 ], [ 88.163722, 21.599167 ], [ 88.16375, 21.592472 ], [ 88.172056, 21.559139 ] ], [ [ 90.388806, 22.039972 ], [ 90.390389, 22.049167 ], [ 90.385778, 22.055389 ], [ 90.381694, 22.054583 ], [ 90.362889, 22.033306 ], [ 90.356222, 22.0175 ], [ 90.346278, 22.004139 ], [ 90.342083, 21.989139 ], [ 90.347889, 21.9925 ], [ 90.347889, 21.993306 ], [ 90.388806, 22.039972 ] ], [ [ 90.425028, 21.830417 ], [ 90.429972, 21.830417 ], [ 90.439139, 21.833722 ], [ 90.456639, 21.847056 ], [ 90.451639, 21.85875 ], [ 90.445444, 21.855833 ], [ 90.450389, 21.864167 ], [ 90.429167, 21.856222 ], [ 90.417917, 21.840778 ], [ 90.417917, 21.835806 ], [ 90.425028, 21.830417 ] ], [ [ 90.632444, 21.914528 ], [ 90.6425, 21.914556 ], [ 90.650361, 21.919944 ], [ 90.655389, 21.932528 ], [ 90.655389, 21.944167 ], [ 90.648333, 21.95375 ], [ 90.63625, 21.949167 ], [ 90.628778, 21.925833 ], [ 90.62875, 21.919972 ], [ 90.632444, 21.914528 ] ], [ [ 90.470361, 21.814139 ], [ 90.474139, 21.812083 ], [ 90.495778, 21.813722 ], [ 90.50125, 21.817472 ], [ 90.497944, 21.824139 ], [ 90.491222, 21.828333 ], [ 90.492889, 21.831639 ], [ 90.486667, 21.844556 ], [ 90.477444, 21.840389 ], [ 90.473306, 21.842111 ], [ 90.46625, 21.824167 ], [ 90.466278, 21.823306 ], [ 90.470361, 21.814139 ] ], [ [ 90.734139, 21.891194 ], [ 90.745806, 21.892056 ], [ 90.754583, 21.901611 ], [ 90.756194, 21.911611 ], [ 90.745861, 21.921222 ], [ 90.737528, 21.922889 ], [ 90.727917, 21.911639 ], [ 90.725444, 21.903278 ], [ 90.725361, 21.898306 ], [ 90.734139, 21.891194 ] ], [ [ 90.790833, 22.676944 ], [ 90.794444, 22.666944 ], [ 90.807222, 22.666667 ], [ 90.811389, 22.663611 ], [ 90.815556, 22.666944 ], [ 90.813333, 22.691389 ], [ 90.806389, 22.698889 ], [ 90.794444, 22.698889 ], [ 90.792222, 22.688056 ], [ 90.792222, 22.681944 ], [ 90.790833, 22.676944 ] ], [ [ 91.868333, 21.497028 ], [ 91.895389, 21.478278 ], [ 91.901667, 21.466222 ], [ 91.909944, 21.464556 ], [ 91.913722, 21.469111 ], [ 91.905833, 21.468722 ], [ 91.906667, 21.472056 ], [ 91.932889, 21.481639 ], [ 91.930028, 21.485389 ], [ 91.911639, 21.477083 ], [ 91.901639, 21.479528 ], [ 91.884111, 21.492889 ], [ 91.869972, 21.50875 ], [ 91.863333, 21.511222 ], [ 91.855, 21.525389 ], [ 91.850806, 21.522056 ], [ 91.849194, 21.526222 ], [ 91.847056, 21.523333 ], [ 91.847056, 21.521667 ], [ 91.868333, 21.497028 ] ], [ [ 88.122111, 21.906639 ], [ 88.132528, 21.897917 ], [ 88.139972, 21.900444 ], [ 88.150417, 21.915 ], [ 88.133333, 21.931222 ], [ 88.122472, 21.92625 ], [ 88.117889, 21.920778 ], [ 88.117944, 21.919167 ], [ 88.122111, 21.906639 ] ], [ [ 91.917917, 21.753333 ], [ 91.914528, 21.739139 ], [ 91.924944, 21.732083 ], [ 91.940417, 21.749111 ], [ 91.94125, 21.754972 ], [ 91.923306, 21.765417 ], [ 91.909556, 21.7625 ], [ 91.909556, 21.761639 ], [ 91.917917, 21.753333 ] ], [ [ 91.013889, 22.424167 ], [ 91.014722, 22.4175 ], [ 91.018889, 22.414444 ], [ 91.031389, 22.415278 ], [ 91.034722, 22.419167 ], [ 91.031389, 22.436111 ], [ 91.020833, 22.447222 ], [ 91.015833, 22.447222 ], [ 91.014444, 22.429722 ], [ 91.015556, 22.423056 ], [ 91.013889, 22.424167 ] ], [ [ 90.629139, 22.427861 ], [ 90.639194, 22.432083 ], [ 90.645361, 22.431667 ], [ 90.647056, 22.449111 ], [ 90.642444, 22.457944 ], [ 90.636667, 22.458694 ], [ 90.628333, 22.454583 ], [ 90.623778, 22.4475 ], [ 90.623694, 22.44 ], [ 90.629139, 22.427861 ] ], [ [ 90.413278, 21.874583 ], [ 90.428278, 21.880389 ], [ 90.445417, 21.899167 ], [ 90.445444, 21.904972 ], [ 90.435, 21.903778 ], [ 90.421667, 21.897083 ], [ 90.410361, 21.883333 ], [ 90.410389, 21.881667 ], [ 90.413278, 21.874583 ] ], [ [ 90.9875, 22.451944 ], [ 90.993056, 22.454167 ], [ 90.993333, 22.472222 ], [ 90.986389, 22.479444 ], [ 90.980833, 22.480833 ], [ 90.973611, 22.473889 ], [ 90.9725, 22.4625 ], [ 90.975278, 22.458056 ], [ 90.978889, 22.454444 ], [ 90.9875, 22.451944 ] ], [ [ 90.55625, 22.006667 ], [ 90.530028, 21.99375 ], [ 90.5075, 21.987889 ], [ 90.500389, 21.98 ], [ 90.497889, 21.965 ], [ 90.503306, 21.964556 ], [ 90.517528, 21.980417 ], [ 90.546639, 21.999556 ], [ 90.547528, 21.999556 ], [ 90.55625, 22.006667 ] ], [ [ 91.226167, 22.610722 ], [ 91.225361, 22.592417 ], [ 91.239972, 22.586167 ], [ 91.246222, 22.593222 ], [ 91.247, 22.599083 ], [ 91.225778, 22.622806 ], [ 91.222889, 22.621583 ], [ 91.222833, 22.619917 ], [ 91.226167, 22.610722 ] ], [ [ 90.62, 22.204583 ], [ 90.629583, 22.212472 ], [ 90.640417, 22.228333 ], [ 90.640806, 22.237056 ], [ 90.620389, 22.2425 ], [ 90.62125, 22.232472 ], [ 90.62625, 22.228306 ], [ 90.621194, 22.220833 ], [ 90.618722, 22.206639 ], [ 90.617889, 22.205833 ], [ 90.62, 22.204583 ] ], [ [ 90.421194, 22.015833 ], [ 90.417056, 22.025806 ], [ 90.412472, 22.031222 ], [ 90.409167, 22.031222 ], [ 90.402889, 22.027472 ], [ 90.402861, 22.019139 ], [ 90.407083, 22.001667 ], [ 90.410778, 21.998722 ], [ 90.414194, 22.002083 ], [ 90.414972, 21.99875 ], [ 90.416667, 21.998778 ], [ 90.421194, 22.015833 ] ], [ [ 91.891639, 21.665389 ], [ 91.899972, 21.660389 ], [ 91.906639, 21.66125 ], [ 91.911222, 21.666667 ], [ 91.907972, 21.685806 ], [ 91.898333, 21.682917 ], [ 91.893333, 21.686222 ], [ 91.892889, 21.679167 ], [ 91.88875, 21.674139 ], [ 91.888722, 21.670806 ], [ 91.891639, 21.665389 ] ], [ [ 89.332472, 21.691917 ], [ 89.33825, 21.691083 ], [ 89.345806, 21.693611 ], [ 89.352056, 21.7015 ], [ 89.345333, 21.707389 ], [ 89.341194, 21.717361 ], [ 89.335778, 21.719444 ], [ 89.327861, 21.700694 ], [ 89.327861, 21.696528 ], [ 89.332472, 21.691917 ] ], [ [ 90.504194, 21.862056 ], [ 90.5125, 21.862889 ], [ 90.532889, 21.876667 ], [ 90.5275, 21.880417 ], [ 90.514139, 21.882056 ], [ 90.506667, 21.878722 ], [ 90.499583, 21.868306 ], [ 90.499583, 21.866639 ], [ 90.504194, 21.862056 ] ], [ [ 91.894139, 21.578722 ], [ 91.901694, 21.587083 ], [ 91.912472, 21.58125 ], [ 91.918694, 21.584972 ], [ 91.905361, 21.594167 ], [ 91.909167, 21.604583 ], [ 91.895833, 21.599556 ], [ 91.889583, 21.589139 ], [ 91.889556, 21.584944 ], [ 91.894139, 21.578722 ] ], [ [ 89.653278, 21.858611 ], [ 89.658222, 21.857722 ], [ 89.662028, 21.860722 ], [ 89.661139, 21.872361 ], [ 89.654083, 21.879417 ], [ 89.644083, 21.882722 ], [ 89.640389, 21.879 ], [ 89.640361, 21.876528 ], [ 89.653278, 21.858611 ] ], [ [ 90.828333, 21.948722 ], [ 90.839167, 21.942083 ], [ 90.846222, 21.947528 ], [ 90.842111, 21.955833 ], [ 90.843694, 21.964972 ], [ 90.841639, 21.967056 ], [ 90.835806, 21.96625 ], [ 90.824583, 21.956639 ], [ 90.824611, 21.954972 ], [ 90.828333, 21.948722 ] ], [ [ 88.1, 21.867028 ], [ 88.110361, 21.886639 ], [ 88.110389, 21.899139 ], [ 88.106639, 21.903778 ], [ 88.103722, 21.903333 ], [ 88.096194, 21.891667 ], [ 88.09625, 21.888333 ], [ 88.1, 21.867028 ] ], [ [ 90.694194, 22.01125 ], [ 90.697056, 22.017472 ], [ 90.694167, 22.01875 ], [ 90.678306, 22.012056 ], [ 90.666667, 22.01125 ], [ 90.662944, 21.999194 ], [ 90.672472, 21.999556 ], [ 90.673278, 21.999556 ], [ 90.694194, 22.01125 ] ], [ [ 88.634972, 21.643722 ], [ 88.642056, 21.650833 ], [ 88.642444, 21.675444 ], [ 88.634556, 21.671611 ], [ 88.627889, 21.652472 ], [ 88.627917, 21.65 ], [ 88.634972, 21.643722 ] ], [ [ 91.010556, 22.492778 ], [ 91.014722, 22.49 ], [ 91.020556, 22.491944 ], [ 91.025278, 22.500833 ], [ 91.024444, 22.506389 ], [ 91.021389, 22.510833 ], [ 91.015556, 22.511389 ], [ 91.008333, 22.504167 ], [ 91.009722, 22.498333 ], [ 91.010556, 22.492778 ] ], [ [ 88.513306, 21.91125 ], [ 88.518278, 21.911194 ], [ 88.522056, 21.914944 ], [ 88.522861, 21.933306 ], [ 88.518333, 21.940389 ], [ 88.510417, 21.915806 ], [ 88.510417, 21.915 ], [ 88.513306, 21.91125 ] ], [ [ 92.007944, 21.614861 ], [ 92.007083, 21.604 ], [ 92.014139, 21.602806 ], [ 92.017056, 21.606528 ], [ 92.014528, 21.624889 ], [ 92.004972, 21.631944 ], [ 92.00125, 21.630667 ], [ 92.001194, 21.629861 ], [ 92.007944, 21.614861 ] ], [ [ 88.74375, 21.988278 ], [ 88.744194, 21.979556 ], [ 88.752472, 21.982861 ], [ 88.761194, 21.993333 ], [ 88.759889, 22.0045 ], [ 88.756167, 22.0 ], [ 88.756222, 21.999167 ], [ 88.74375, 21.988278 ] ], [ [ 88.194972, 21.722056 ], [ 88.205417, 21.729139 ], [ 88.209139, 21.757056 ], [ 88.197917, 21.733333 ], [ 88.190389, 21.724167 ], [ 88.190389, 21.723361 ], [ 88.194972, 21.722056 ] ], [ [ 88.204583, 21.761611 ], [ 88.199167, 21.780417 ], [ 88.193722, 21.775806 ], [ 88.192083, 21.763333 ], [ 88.192083, 21.757472 ], [ 88.204583, 21.761611 ] ], [ [ 88.488306, 21.889583 ], [ 88.497111, 21.904972 ], [ 88.495, 21.907917 ], [ 88.49, 21.907111 ], [ 88.479556, 21.899167 ], [ 88.479556, 21.894972 ], [ 88.488306, 21.889583 ] ], [ [ 89.861611, 22.233806 ], [ 89.865333, 22.235056 ], [ 89.860778, 22.257139 ], [ 89.857, 22.255889 ], [ 89.855389, 22.248361 ], [ 89.855389, 22.238389 ], [ 89.861611, 22.233806 ] ], [ [ 88.180417, 21.779972 ], [ 88.184139, 21.778694 ], [ 88.188778, 21.7875 ], [ 88.1825, 21.80125 ], [ 88.177889, 21.793306 ], [ 88.177889, 21.786667 ], [ 88.180417, 21.779972 ] ], [ [ 88.206639, 21.47125 ], [ 88.214972, 21.469583 ], [ 88.220028, 21.47125 ], [ 88.229528, 21.481639 ], [ 88.213306, 21.477111 ], [ 88.204556, 21.478306 ], [ 88.204556, 21.475833 ], [ 88.206639, 21.47125 ] ], [ [ 90.482917, 22.029972 ], [ 90.487528, 22.027917 ], [ 90.489583, 22.031694 ], [ 90.482056, 22.04 ], [ 90.480417, 22.046667 ], [ 90.481639, 22.061194 ], [ 90.477056, 22.055 ], [ 90.477083, 22.045833 ], [ 90.482917, 22.029972 ] ], [ [ 91.8975, 21.685389 ], [ 91.91, 21.687889 ], [ 91.91125, 21.694139 ], [ 91.905833, 21.697083 ], [ 91.892861, 21.690806 ], [ 91.892889, 21.689139 ], [ 91.8975, 21.685389 ] ], [ [ 89.138333, 21.608639 ], [ 89.144111, 21.606167 ], [ 89.156222, 21.60825 ], [ 89.148306, 21.620278 ], [ 89.147056, 21.614889 ], [ 89.149944, 21.609472 ], [ 89.1345, 21.616556 ], [ 89.134556, 21.614889 ], [ 89.138333, 21.608639 ] ], [ [ 90.3925, 21.961222 ], [ 90.3975, 21.962917 ], [ 90.402917, 21.974972 ], [ 90.395833, 21.973722 ], [ 90.389528, 21.964167 ], [ 90.389556, 21.963306 ], [ 90.3925, 21.961222 ] ], [ [ 90.401639, 21.977889 ], [ 90.404611, 21.988306 ], [ 90.400806, 21.989583 ], [ 90.391278, 21.978306 ], [ 90.391222, 21.976639 ], [ 90.401639, 21.977889 ] ], [ [ 90.363306, 21.833722 ], [ 90.374583, 21.839194 ], [ 90.371611, 21.842056 ], [ 90.370028, 21.838778 ], [ 90.364167, 21.837083 ], [ 90.362917, 21.847472 ], [ 90.357056, 21.845833 ], [ 90.357083, 21.844111 ], [ 90.363306, 21.833722 ] ], [ [ 89.550333, 21.948194 ], [ 89.557472, 21.944417 ], [ 89.552833, 21.957306 ], [ 89.545306, 21.962361 ], [ 89.545389, 21.957389 ], [ 89.550333, 21.948194 ] ], [ [ 90.59375, 22.108306 ], [ 90.601222, 22.116667 ], [ 90.602472, 22.122861 ], [ 90.589944, 22.114556 ], [ 90.58875, 22.108333 ], [ 90.588694, 22.107472 ], [ 90.59375, 22.108306 ] ], [ [ 90.564611, 22.028333 ], [ 90.563333, 22.033722 ], [ 90.559583, 22.031639 ], [ 90.557056, 22.024167 ], [ 90.557111, 22.014972 ], [ 90.564611, 22.028333 ] ], [ [ 88.334972, 21.710361 ], [ 88.342028, 21.718278 ], [ 88.335778, 21.719556 ], [ 88.329611, 21.714139 ], [ 88.329583, 21.713333 ], [ 88.334972, 21.710361 ] ], [ [ 91.871667, 21.715389 ], [ 91.865389, 21.711611 ], [ 91.862917, 21.705 ], [ 91.862889, 21.699139 ], [ 91.871667, 21.715389 ] ], [ [ 91.887556, 21.587056 ], [ 91.892889, 21.599139 ], [ 91.883722, 21.594139 ], [ 91.883694, 21.588306 ], [ 91.887556, 21.587056 ] ], [ [ 91.989139, 21.651278 ], [ 91.995389, 21.658306 ], [ 91.983694, 21.656639 ], [ 91.983694, 21.655833 ], [ 91.989139, 21.651278 ] ], [ [ 90.337056, 21.822472 ], [ 90.335806, 21.827028 ], [ 90.329583, 21.825 ], [ 90.329583, 21.821667 ], [ 90.337056, 21.822472 ] ], [ [ 91.997111, 21.6025 ], [ 91.997444, 21.611222 ], [ 91.992889, 21.604139 ], [ 91.992917, 21.601611 ], [ 91.997111, 21.6025 ] ], [ [ 88.49, 21.728722 ], [ 88.494556, 21.733333 ], [ 88.487083, 21.734944 ], [ 88.487028, 21.731611 ], [ 88.49, 21.728722 ] ], [ [ 88.539194, 21.855389 ], [ 88.54125, 21.859139 ], [ 88.537472, 21.860389 ], [ 88.532972, 21.856639 ], [ 88.532917, 21.854972 ], [ 88.539194, 21.855389 ] ], [ [ 90.550806, 21.982083 ], [ 90.555417, 21.985806 ], [ 90.551694, 21.98875 ], [ 90.547861, 21.985028 ], [ 90.547889, 21.983306 ], [ 90.550806, 21.982083 ] ], [ [ 91.854972, 21.537917 ], [ 91.861278, 21.541667 ], [ 91.859944, 21.543722 ], [ 91.85125, 21.542472 ], [ 91.85125, 21.541667 ], [ 91.854972, 21.537917 ] ], [ [ 90.336222, 21.976667 ], [ 90.334972, 21.985417 ], [ 90.332083, 21.980778 ], [ 90.332056, 21.979167 ], [ 90.336222, 21.976667 ] ], [ [ 91.929194, 21.500361 ], [ 91.931222, 21.505833 ], [ 91.92375, 21.501639 ], [ 91.92375, 21.500833 ], [ 91.929194, 21.500361 ] ], [ [ 91.913333, 21.480417 ], [ 91.915417, 21.484167 ], [ 91.9125, 21.485389 ], [ 91.909583, 21.4825 ], [ 91.909556, 21.48 ], [ 91.913333, 21.480417 ] ], [ [ 90.425, 22.180417 ], [ 90.428722, 22.183333 ], [ 90.422528, 22.18375 ], [ 90.420389, 22.181667 ], [ 90.425, 22.180417 ] ], [ [ 88.607889, 21.5675 ], [ 88.600417, 21.573306 ], [ 88.600444, 21.569167 ], [ 88.607889, 21.5675 ] ], [ [ 88.082056, 21.988306 ], [ 88.084583, 21.995 ], [ 88.079556, 21.990861 ], [ 88.079556, 21.988333 ], [ 88.082056, 21.988306 ] ], [ [ 91.995417, 21.648333 ], [ 91.994972, 21.65125 ], [ 91.991222, 21.650833 ], [ 91.99125, 21.648361 ], [ 91.995417, 21.648333 ] ], [ [ 88.041278, 21.671639 ], [ 88.04125, 21.6775 ], [ 88.038722, 21.676639 ], [ 88.03875, 21.673306 ], [ 88.041278, 21.671639 ] ], [ [ 87.879583, 21.73 ], [ 87.872889, 21.730833 ], [ 87.872889, 21.729972 ], [ 87.879583, 21.73 ] ], [ [ 92.007917, 21.662361 ], [ 92.002083, 21.661528 ], [ 92.002083, 21.660722 ], [ 92.007917, 21.662361 ] ], [ [ 88.335361, 21.721611 ], [ 88.329528, 21.719139 ], [ 88.329583, 21.718333 ], [ 88.335361, 21.721611 ] ], [ [ 89.226194, 21.7115 ], [ 89.224944, 21.714444 ], [ 89.222861, 21.710694 ], [ 89.222833, 21.709833 ], [ 89.226194, 21.7115 ] ], [ [ 88.047028, 21.696667 ], [ 88.043722, 21.698361 ], [ 88.043694, 21.694111 ], [ 88.047028, 21.696667 ] ], [ [ 88.535778, 21.54625 ], [ 88.532889, 21.551611 ], [ 88.532889, 21.550806 ], [ 88.535778, 21.54625 ] ], [ [ 88.046222, 21.705 ], [ 88.043722, 21.706667 ], [ 88.04375, 21.701611 ], [ 88.046222, 21.705 ] ], [ [ 88.620389, 21.699111 ], [ 88.619111, 21.702056 ], [ 88.617083, 21.700806 ], [ 88.617083, 21.7 ], [ 88.620389, 21.699111 ] ], [ [ 91.979556, 21.474972 ], [ 91.975444, 21.474139 ], [ 91.975444, 21.473278 ], [ 91.979556, 21.474972 ] ], [ [ 88.114611, 21.894139 ], [ 88.112083, 21.895 ], [ 88.112056, 21.892472 ], [ 88.114611, 21.894139 ] ], [ [ 88.042083, 21.684139 ], [ 88.038722, 21.685833 ], [ 88.038722, 21.684972 ], [ 88.042083, 21.684139 ] ], [ [ 88.52875, 21.715806 ], [ 88.525417, 21.715833 ], [ 88.525417, 21.714972 ], [ 88.52875, 21.715806 ] ], [ [ 88.239583, 21.575 ], [ 88.237083, 21.575806 ], [ 88.237056, 21.574167 ], [ 88.239583, 21.575 ] ], [ [ 90.696222, 22.021639 ], [ 90.693722, 22.020806 ], [ 90.69375, 22.019944 ], [ 90.696222, 22.021639 ] ] ], [ [ [ 92.374574973666114, 20.76835704445822 ], [ 92.372234239426717, 20.7665764686054 ], [ 92.369611, 20.766667 ], [ 92.369790100284391, 20.764754702881653 ], [ 92.369554447114041, 20.764579308672367 ], [ 92.367014789662605, 20.762730077957404 ], [ 92.364455906717367, 20.760907543381492 ], [ 92.36187807888868, 20.759111904806087 ], [ 92.35928158886442, 20.757343359143199 ], [ 92.356666721378971, 20.755602100333782 ], [ 92.354033763182031, 20.753888319326492 ], [ 92.351383003007115, 20.752202204056729 ], [ 92.348714731539971, 20.750543939426031 ], [ 92.346029241386617, 20.748913707281801 ], [ 92.343326827041324, 20.747311686397367 ], [ 92.340607784854271, 20.745738052452374 ], [ 92.337872412999076, 20.744192978013512 ], [ 92.335121011440094, 20.742676632515604 ], [ 92.332353881899493, 20.74118918224303 ], [ 92.33189381705418, 20.740948053107619 ], [ 92.330833, 20.741278 ], [ 92.327889, 20.746639 ], [ 92.328306, 20.748722 ], [ 92.336667, 20.747028 ], [ 92.340389, 20.749972 ], [ 92.334556, 20.769167 ], [ 92.335389, 20.788333 ], [ 92.330806, 20.792917 ], [ 92.327028, 20.7925 ], [ 92.317944, 20.847472 ], [ 92.301222, 20.875806 ], [ 92.302917, 20.885806 ], [ 92.277056, 20.908306 ], [ 92.267917, 20.925806 ], [ 92.264583, 20.949139 ], [ 92.259583, 20.959111 ], [ 92.26125, 20.981667 ], [ 92.257944, 20.989167 ], [ 92.257861, 21.014972 ], [ 92.252028, 21.027444 ], [ 92.252833, 21.044972 ], [ 92.262861, 21.060778 ], [ 92.264972, 21.062056 ], [ 92.267833, 21.054083 ], [ 92.274083, 21.047861 ], [ 92.287056, 21.045806 ], [ 92.278278, 21.040361 ], [ 92.271639, 21.047 ], [ 92.266611, 21.047833 ], [ 92.267028, 21.029944 ], [ 92.292917, 21.02825 ], [ 92.268694, 21.02575 ], [ 92.274972, 20.998722 ], [ 92.281667, 20.999611 ], [ 92.293278, 21.007889 ], [ 92.297, 21.006583 ], [ 92.285833, 20.999556 ], [ 92.272889, 20.995833 ], [ 92.279972, 20.970389 ], [ 92.289167, 20.970417 ], [ 92.299583, 20.984194 ], [ 92.289583, 20.994972 ], [ 92.294139, 20.998722 ], [ 92.302083, 20.998306 ], [ 92.292917, 20.995 ], [ 92.305, 20.987889 ], [ 92.313333, 20.992917 ], [ 92.323306, 20.992083 ], [ 92.32625, 21.0 ], [ 92.334972, 21.005361 ], [ 92.339972, 20.997889 ], [ 92.352083, 20.990806 ], [ 92.348694, 20.987472 ], [ 92.35125, 20.963333 ], [ 92.362917, 20.948333 ], [ 92.364583, 20.940778 ], [ 92.358306, 20.93875 ], [ 92.355, 20.943722 ], [ 92.350833, 20.944556 ], [ 92.345361, 20.9375 ], [ 92.344583, 20.926639 ], [ 92.354139, 20.918694 ], [ 92.36375, 20.921667 ], [ 92.354167, 20.917111 ], [ 92.344944, 20.922056 ], [ 92.334972, 20.912889 ], [ 92.319972, 20.907028 ], [ 92.315389, 20.895833 ], [ 92.322056, 20.875833 ], [ 92.334194, 20.855389 ], [ 92.340861, 20.854556 ], [ 92.343333, 20.857056 ], [ 92.343333, 20.853722 ], [ 92.348361, 20.85375 ], [ 92.355, 20.867083 ], [ 92.360028, 20.869556 ], [ 92.365, 20.867056 ], [ 92.355806, 20.865417 ], [ 92.353722, 20.855833 ], [ 92.348306, 20.850417 ], [ 92.3375, 20.852028 ], [ 92.336222, 20.8475 ], [ 92.355417, 20.806667 ], [ 92.360361, 20.784139 ], [ 92.365417, 20.785 ], [ 92.36375, 20.7725 ], [ 92.368306, 20.769528 ], [ 92.375108760082853, 20.768771986596125 ], [ 92.374574973666114, 20.76835704445822 ] ], [ [ 92.324139, 20.990361 ], [ 92.313333, 20.99125 ], [ 92.30625, 20.986667 ], [ 92.315389, 20.977472 ], [ 92.313333, 20.974611 ], [ 92.309611, 20.9775 ], [ 92.308778, 20.967528 ], [ 92.319556, 20.962472 ], [ 92.317083, 20.950806 ], [ 92.306222, 20.934972 ], [ 92.307889, 20.920833 ], [ 92.317472, 20.909556 ], [ 92.329167, 20.912056 ], [ 92.342111, 20.922444 ], [ 92.342111, 20.9325 ], [ 92.349972, 20.947083 ], [ 92.360806, 20.941222 ], [ 92.362917, 20.9425 ], [ 92.354556, 20.956694 ], [ 92.347889, 20.96 ], [ 92.350417, 20.962472 ], [ 92.349556, 20.969111 ], [ 92.347056, 20.969972 ], [ 92.34875, 20.974167 ], [ 92.345389, 20.975806 ], [ 92.347083, 20.991667 ], [ 92.33325, 21.002889 ], [ 92.328694, 21.0 ], [ 92.327917, 20.999167 ], [ 92.324139, 20.990361 ] ], [ [ 92.283306, 20.943722 ], [ 92.303306, 20.93125 ], [ 92.307056, 20.942444 ], [ 92.315417, 20.954139 ], [ 92.31625, 20.960833 ], [ 92.303722, 20.965833 ], [ 92.30875, 20.971667 ], [ 92.305028, 20.984556 ], [ 92.292889, 20.974972 ], [ 92.289944, 20.967111 ], [ 92.28, 20.968722 ], [ 92.277861, 20.965861 ], [ 92.277861, 20.953333 ], [ 92.283306, 20.943722 ] ], [ [ 92.282472, 20.907917 ], [ 92.282917, 20.921639 ], [ 92.276639, 20.928722 ], [ 92.272917, 20.9275 ], [ 92.272889, 20.9225 ], [ 92.282472, 20.907917 ] ], [ [ 92.264111, 21.016194 ], [ 92.267028, 21.017417 ], [ 92.263278, 21.042833 ], [ 92.261222, 21.042417 ], [ 92.261167, 21.029111 ], [ 92.261194, 21.020778 ], [ 92.264111, 21.016194 ] ] ] ] } }
]
}
